order_line_id,order_id,product_id,quantity,unit_price,discount_rate,source_row
L000001,O00001,P010,1,211.00,0.2,2
L000002,O00002,P016,1,231.00,0.10,3
L000003,O00003,P024,3,81.00,0.05,4
L000004,O00003,P012,3,134.00,0.05,5
L000005,O00003,P009,2,93.00,0.05,6
L000006,O00004,P022,2,134.00,0.20,7
L000007,O00004,P002,1,284.00,0.05,8
L000008,O00004,P018,1,269.00,0.00,9
L000009,O00005,P006,2,196.00,0.20,10
L000010,O00005,P008,2,188.00,0.10,11
L000011,O00005,P019,5,78.00,0.20,12
L000012,O00005,P007,3,35.00,0.05,13
L000013,O00006,P013,2,271.00,0.00,14
L000014,O00006,P012,1,134.00,0.20,15
L000015,O00006,P018,2,269.00,0.00,16
L000016,O00007,P020,3,189.00,0.10,17
L000017,O00007,P006,2,196.00,0.00,18
L000018,O00008,P005,2,65.00,0.00,19
L000019,O00008,P002,1,284.00,0.10,20
L000020,O00009,P009,4,93.00,0.00,21
L000021,O00009,P007,3,35.00,0.05,22
L000022,O00010,P003,4,199.00,0.00,23
L000023,O00011,P010,2,211.00,0.05,24
L000024,O00011,P020,1,189.00,0.10,25
L000025,O00011,P014,5,294.00,0.00,26
L000026,O00011,P021,3,249.00,0.05,27
L000027,O00012,P020,2,189.00,0.20,28
L000028,O00012,P019,3,78.00,0.20,29
L000029,O00012,P001,4,122.00,0.05,30
L000030,O00012,P023,4,68.00,0.00,31
L000031,O00013,P022,2,134.00,0.20,32
L000032,O00014,P011,4,80.00,0.05,33
L000033,O00015,P008,1,188.00,0.10,34
L000034,O00015,P018,4,269.00,0.20,35
L000035,O00015,P021,2,249.00,0.00,36
L000036,O00015,P014,5,294.00,0.05,37
L000037,O00016,P006,4,196.00,0.10,38
L000038,O00016,P016,3,231.00,0.05,39
L000039,O00016,P021,2,249.00,0.05,40
L000040,O00017,P012,3,134.00,0.20,41
L000041,O00017,P024,2,81.00,0.05,42
L000042,O00017,P002,5,284.00,0.05,43
L000043,O00018,P005,5,65.00,0.00,44
L000044,O00018,P012,3,134.00,0.00,45
L000045,O00018,P020,3,189.00,0.05,46
L000046,O00019,P015,3,254.00,0.05,47
L000047,O00020,P010,2,211.00,0.00,48
L000048,O00020,P016,2,231.00,0.10,49
L000049,O00020,P009,4,93.00,0.00,50
L000050,O00021,P022,1,134.00,0.10,51
L000051,O00021,P008,3,188.00,0.20,52
L000052,O00022,P009,5,93.00,0.10,53
L000053,O00022,P011,3,80.00,0.10,54
L000054,O00022,P012,4,134.00,0.00,55
L000055,O00023,P023,3,68.00,0.05,56
L000056,O00023,P011,2,80.00,0.10,57
L000057,O00024,P001,4,122.00,0.00,58
L000058,O00024,P006,3,196.00,0.20,59
L000059,O00025,P015,4,254.00,0.05,60
L000060,O00026,P011,1,80.00,0.20,61
L000061,O00026,P008,1,188.00,0.00,62
L000062,O00027,P017,1,300.00,0.05,63
L000063,O00027,P001,5,122.00,0,64
L000064,O00028,P010,3,211.00,0.00,65
L000065,O00028,P003,1,199.00,0.00,66
L000066,O00028,P024,3,81.00,0.05,67
L000067,O00029,P016,2,231.00,0.05,68
L000068,O00029,P019,4,78.00,0.00,69
L000069,O00030,P017,1,300.00,0.00,70
L000070,O00030,P005,5,65.00,0.20,71
L000071,O00030,P023,2,68.00,0.20,72
L000072,O00030,P008,5,188.00,0.00,73
L000073,O00031,P008,4,188.00,0.20,74
L000074,O00032,P022,2,134.00,0.10,75
L000075,O00032,P017,3,300.00,0.05,76
L000076,O00032,P009,2,93.00,0.20,77
L000077,O00033,P019,4,78.00,0.20,78
L000078,O00033,P021,1,249.00,0.05,79
L000079,O00033,P017,1,300.00,0.05,80
L000080,O00033,P007,1,35.00,0.05,81
L000081,O00034,P024,5,81.00,0.20,82
L000082,O00035,P003,2,199.00,0.05,83
L000083,O00036,P019,1,78.00,0.00,84
L000084,O00036,P004,5,123.00,0.20,85
L000085,O00036,P023,4,68.00,0.10,86
L000086,O00036,P015,3,254.00,0.20,87
L000087,O00037,P004,3,123.00,0.05,88
L000088,O00037,P016,3,231.00,0.00,89
L000089,O00037,P008,3,188.00,0.00,90
L000090,O00037,P011,3,80.00,0.10,91
L000091,O00038,P007,1,35.00,0.05,92
L000092,O00039,P006,3,196.00,0.05,93
L000093,O00040,P007,5,35.00,0.00,94
L000094,O00040,P009,1,93.00,0.05,95
L000095,O00040,P014,3,294.00,0.10,96
L000096,O00041,P010,1,211.00,0.10,97
L000097,O00041,P008,3,188.00,0.10,98
L000098,O00041,P015,1,254.00,0.20,99
L000099,O00042,P021,2,249.00,0.05,100
L000100,O00042,P003,5,199.00,0.20,101
L000101,O00043,P019,2,78.00,0.05,102
L000102,O00044,P014,5,294.00,0.00,103
L000103,O00044,P001,3,122.00,0.10,104
L000104,O00044,P002,1,284.00,0.05,105
L000105,O00045,P017,2,300.00,0.05,106
L000106,O00045,P014,1,294.00,0.00,107
L000107,O00045,P018,2,269.00,0.05,108
L000108,O00046,P016,4,231.00,0.05,109
L000109,O00047,P006,4,196.00,0.05,110
L000110,O00047,P018,5,269.00,0.05,111
L000111,O00047,P005,1,65.00,0.10,112
L000112,O00047,P004,2,123.00,0.00,113
L000113,O00048,P006,1,196.00,0.10,114
L000114,O00048,P010,5,211.00,0.10,115
L000115,O00049,P006,4,196.00,0.00,116
L000116,O00049,P022,4,134.00,0.05,117
L000117,O00050,P018,1,269.00,0.00,118
L000118,O00050,P001,5,122.00,0.20,119
L000119,O00051,P016,5,231.00,0.05,120
L000120,O00051,P009,5,93.00,0.20,121
L000121,O00051,P008,4,188.00,0.10,122
L000122,O00052,P014,3,294.00,0.10,123
L000123,O00053,P015,1,254.00,0.20,124
L000124,O00053,P017,4,300.00,0.20,125
L000125,O00053,P024,5,81.00,0,126
L000126,O00054,P007,1,35.00,0.00,127
L000127,O00054,P001,3,122.00,0.20,128
L000128,O00055,P002,4,284.00,0.20,129
L000129,O00056,P002,4,284.00,0.20,130
L000130,O00056,P021,1,249.00,0.05,131
L000131,O00056,P003,2,199.00,0.10,132
L000132,O00057,P004,1,123.00,0.05,133
L000133,O00057,P001,3,122.00,0.20,134
L000134,O00057,P023,3,68.00,0.20,135
L000135,O00058,P005,3,65.00,0.05,136
L000136,O00058,P003,2,199.00,0.05,137
L000137,O00058,P001,5,122.00,0.10,138
L000138,O00059,P014,1,294.00,0.00,139
L000139,O00059,P016,1,231.00,0.05,140
L000140,O00059,P016,2,231.00,0.05,141
L000141,O00059,P022,2,134.00,0.00,142
L000142,O00060,P003,4,199.00,0.20,143
L000143,O00060,P015,5,254.00,0.10,144
L000144,O00061,P008,4,188.00,0.05,145
L000145,O00062,P006,3,196.00,0.10,146
L000146,O00063,P007,2,35.00,0.20,147
L000147,O00063,P001,5,122.00,0.10,148
L000148,O00064,P018,4,269.00,0.05,149
L000149,O00064,P010,4,211.00,0.10,150
L000150,O00065,P010,1,211.00,0.20,151
L000151,O00065,P013,2,271.00,0.20,152
L000152,O00065,P010,4,211.00,0.20,153
L000153,O00066,P017,1,300.00,0.10,154
L000154,O00066,P009,5,93.00,0.05,155
L000155,O00066,P016,5,231.00,0.05,156
L000156,O00067,P017,5,300.00,0,157
L000157,O00067,P019,4,78.00,0.00,158
L000158,O00067,P011,5,80.00,0.20,159
L000159,O00067,P024,1,81.00,0.20,160
L000160,O00068,P004,3,123.00,0.05,161
L000161,O00068,P023,3,68.00,0.00,162
L000162,O00068,P012,5,134.00,0.10,163
L000163,O00069,P009,5,93.00,0.10,164
L000164,O00069,P012,3,134.00,0.10,165
L000165,O00070,P024,1,81.00,0.10,166
L000166,O00070,P010,2,211.00,0.10,167
L000167,O00070,P002,5,284.00,0.20,168
L000168,O00071,P004,5,123.00,0.00,169
L000169,O00072,P013,5,271.00,0.20,170
L000170,O00072,P009,1,93.00,0.10,171
L000171,O00073,P008,4,188.00,0.00,172
L000172,O00073,P003,3,199.00,0.05,173
L000173,O00074,P019,2,78.00,0.10,174
L000174,O00074,P008,2,188.00,0.10,175
L000175,O00074,P020,3,189.00,0.10,176
L000176,O00075,P001,2,122.00,0.20,177
L000177,O00075,P009,4,93.00,0.05,178
L000178,O00075,P017,1,300.00,0.10,179
L000179,O00076,P024,4,81.00,0.20,180
L000180,O00076,P012,4,134.00,0.10,181
L000181,O00076,P007,2,35.00,0.20,182
L000182,O00077,P018,3,269.00,0.10,183
L000183,O00077,P008,2,188.00,0.05,184
L000184,O00077,P020,4,189.00,0.00,185
L000185,O00077,P015,1,254.00,0.10,186
L000186,O00078,P023,4,68.00,0.00,187
L000187,O00078,P012,1,134.00,0,188
L000188,O00078,P004,1,123.00,0.05,189
L000189,O00078,P007,3,35.00,0.20,190
L000190,O00079,P017,3,300.00,0.05,191
L000191,O00079,P021,5,249.00,0.20,192
L000192,O00079,P022,4,134.00,0.05,193
L000193,O00080,P004,1,123.00,0.10,194
L000194,O00080,P018,3,269.00,0.05,195
L000195,O00081,P016,2,231.00,0.20,196
L000196,O00081,P004,2,123.00,0.10,197
L000197,O00081,P005,5,65.00,0.10,198
L000198,O00081,P001,1,122.00,0.10,199
L000199,O00082,P012,2,134.00,0.10,200
L000200,O00082,P001,5,122.00,0.10,201
L000201,O00082,P005,4,65.00,0.20,202
L000202,O00082,P010,3,211.00,0.20,203
L000203,O00083,P010,3,211.00,0.10,204
L000204,O00083,P013,4,271.00,0.20,205
L000205,O00084,P004,5,123.00,0.05,206
L000206,O00084,P007,5,35.00,0.10,207
L000207,O00084,P022,5,134.00,0.20,208
L000208,O00084,P024,3,81.00,0.10,209
L000209,O00085,P016,5,231.00,0.05,210
L000210,O00086,P021,3,249.00,0.05,211
L000211,O00086,P024,1,81.00,0.05,212
L000212,O00087,P001,2,122.00,0.20,213
L000213,O00088,P022,4,134.00,0.00,214
L000214,O00089,P021,2,249.00,0.20,215
L000215,O00090,P018,3,269.00,0.00,216
L000216,O00090,P013,1,271.00,0.05,217
L000217,O00090,P004,1,123.00,0.05,218
L000218,O00091,P002,4,284.00,0,219
L000219,O00091,P018,4,269.00,0.05,220
L000220,O00091,P022,5,134.00,0.20,221
L000221,O00091,P021,1,249.00,0.00,222
L000222,O00092,P006,3,196.00,0.00,223
L000223,O00092,P015,1,254.00,0.20,224
L000224,O00093,P009,1,93.00,0.10,225
L000225,O00093,P004,3,123.00,0.10,226
L000226,O00094,P011,3,80.00,0.20,227
L000227,O00094,P010,1,211.00,0.05,228
L000228,O00094,P019,1,78.00,0.00,229
L000229,O00095,P008,2,188.00,0.05,230
L000230,O00096,P013,4,271.00,0.05,231
L000231,O00096,P004,2,123.00,0.10,232
L000232,O00097,P007,4,35.00,0.05,233
L000233,O00097,P020,3,189.00,0.05,234
L000234,O00097,P020,4,189.00,0.05,235
L000235,O00098,P014,5,294.00,0.05,236
L000236,O00098,P024,3,81.00,0.00,237
L000237,O00098,P020,4,189.00,0.00,238
L000238,O00098,P019,2,78.00,0.05,239
L000239,O00099,P021,1,249.00,0.00,240
L000240,O00099,P018,5,269.00,0.05,241
L000241,O00099,P019,1,78.00,0.05,242
L000242,O00099,P019,4,78.00,0.05,243
L000243,O00100,P019,3,78.00,0.00,244
L000244,O00100,P015,4,254.00,0.10,245
L000245,O00100,P014,2,294.00,0.20,246
L000246,O00101,P013,3,271.00,0.20,247
L000247,O00102,P019,5,78.00,0.00,248
L000248,O00103,P008,3,188.00,0.05,249
L000249,O00103,P013,5,271.00,0.1,250
L000250,O00104,P011,4,80.00,0.10,251
L000251,O00104,P011,5,80.00,0.20,252
L000252,O00104,P016,4,231.00,0.10,253
L000253,O00105,P021,2,249.00,0.20,254
L000254,O00106,P010,5,211.00,0.10,255
L000255,O00106,P021,2,249.00,0.20,256
L000256,O00107,P023,1,68.00,0.10,257
L000257,O00108,P013,5,271.00,0.00,258
L000258,O00108,P021,1,249.00,0.00,259
L000259,O00109,P014,4,294.00,0.00,260
L000260,O00109,P023,5,68.00,0.20,261
L000261,O00109,P011,2,80.00,0.10,262
L000262,O00110,P019,4,78.00,0.10,263
L000263,O00110,P014,5,294.00,0.10,264
L000264,O00111,P018,4,269.00,0.05,265
L000265,O00112,P024,4,81.00,0.10,266
L000266,O00112,P015,2,254.00,0.10,267
L000267,O00113,P017,2,300.00,0.05,268
L000268,O00113,P017,3,300.00,0.20,269
L000269,O00114,P024,2,81.00,0.00,270
L000270,O00115,P006,2,196.00,0.10,271
L000271,O00115,P012,1,134.00,0.00,272
L000272,O00116,P016,4,231.00,0.10,273
L000273,O00116,P012,5,134.00,0.20,274
L000274,O00117,P001,2,122.00,0.20,275
L000275,O00117,P002,3,284.00,0.20,276
L000276,O00117,P021,4,249.00,0.00,277
L000277,O00118,P010,5,211.00,0.10,278
L000278,O00119,P009,1,93.00,0.10,279
L000279,O00119,P008,5,188.00,0.10,280
L000280,O00119,P016,5,231.00,0.2,281
L000281,O00120,P003,2,199.00,0.20,282
L000282,O00120,P008,4,188.00,0.05,283
L000283,O00121,P012,5,134.00,0.00,284
L000284,O00121,P018,2,269.00,0.20,285
L000285,O00122,P021,5,249.00,0.00,286
L000286,O00122,P023,5,68.00,0.20,287
L000287,O00122,P023,3,68.00,0.20,288
L000288,O00122,P006,5,196.00,0.20,289
L000289,O00123,P003,3,199.00,0.10,290
L000290,O00123,P013,2,271.00,0.05,291
L000291,O00123,P022,3,134.00,0.10,292
L000292,O00123,P019,5,78.00,0.10,293
L000293,O00124,P005,4,65.00,0.10,294
L000294,O00124,P019,4,78.00,0.05,295
L000295,O00124,P002,5,284.00,0.10,296
L000296,O00125,P006,1,196.00,0.10,297
L000297,O00125,P018,5,269.00,0.10,298
L000298,O00126,P014,3,294.00,0.10,299
L000299,O00126,P012,4,134.00,0.20,300
L000300,O00126,P001,5,122.00,0.10,301
L000301,O00127,P016,4,231.00,0.20,302
L000302,O00127,P013,3,271.00,0.00,303
L000303,O00127,P013,5,271.00,0.00,304
L000304,O00128,P016,2,231.00,0.20,305
L000305,O00129,P003,5,199.00,0.00,306
L000306,O00129,P023,2,68.00,0.00,307
L000307,O00129,P016,5,231.00,0.10,308
L000308,O00130,P022,4,134.00,0.00,309
L000309,O00130,P006,4,196.00,0.05,310
L000310,O00130,P002,2,284.00,0.00,311
L000311,O00130,P015,4,254.00,0.2,312
L000312,O00131,P020,3,189.00,0.05,313
L000313,O00131,P012,3,134.00,0.10,314
L000314,O00131,P012,1,134.00,0.10,315
L000315,O00132,P017,2,300.00,0.05,316
L000316,O00132,P016,2,231.00,0.20,317
L000317,O00132,P021,4,249.00,0.10,318
L000318,O00132,P021,5,249.00,0.05,319
L000319,O00133,P003,2,199.00,0.05,320
L000320,O00133,P024,2,81.00,0.20,321
L000321,O00133,P018,4,269.00,0.20,322
L000322,O00133,P022,3,134.00,0.00,323
L000323,O00134,P022,1,134.00,0.10,324
L000324,O00135,P020,5,189.00,0.05,325
L000325,O00135,P010,4,211.00,0.20,326
L000326,O00136,P010,2,211.00,0.20,327
L000327,O00136,P018,3,269.00,0.05,328
L000328,O00136,P021,1,249.00,0.10,329
L000329,O00137,P012,5,134.00,0.05,330
L000330,O00137,P013,3,271.00,0.00,331
L000331,O00137,P009,1,93.00,0.05,332
L000332,O00137,P004,1,123.00,0.20,333
L000333,O00138,P014,3,294.00,0.05,334
L000334,O00138,P003,1,199.00,0.10,335
L000335,O00138,P007,3,35.00,0.10,336
L000336,O00138,P014,1,294.00,0.00,337
L000337,O00139,P006,5,196.00,0.20,338
L000338,O00139,P012,4,134.00,0.00,339
L000339,O00139,P016,4,231.00,0.20,340
L000340,O00139,P009,5,93.00,0.20,341
L000341,O00140,P003,5,199.00,0.20,342
L000342,O00141,P012,1,134.00,0.2,343
L000343,O00142,P005,2,65.00,0.20,344
L000344,O00142,P011,3,80.00,0.05,345
L000345,O00142,P003,5,199.00,0.10,346
L000346,O00142,P022,1,134.00,0.05,347
L000347,O00143,P018,3,269.00,0.05,348
L000348,O00143,P010,4,211.00,0.00,349
L000349,O00144,P022,5,134.00,0.05,350
L000350,O00144,P016,4,231.00,0.00,351
L000351,O00144,P010,3,211.00,0.00,352
L000352,O00145,P009,1,93.00,0.05,353
L000353,O00145,P012,1,134.00,0.05,354
L000354,O00145,P016,3,231.00,0.20,355
L000355,O00145,P006,2,196.00,0.20,356
L000356,O00146,P010,1,211.00,0.20,357
L000357,O00146,P002,1,284.00,0.20,358
L000358,O00146,P002,1,284.00,0.00,359
L000359,O00147,P019,2,78.00,0.05,360
L000360,O00147,P002,4,284.00,0.20,361
L000361,O00147,P014,1,294.00,0.10,362
L000362,O00148,P013,5,271.00,0.20,363
L000363,O00148,P002,5,284.00,0.00,364
L000364,O00148,P012,5,134.00,0.20,365
L000365,O00149,P014,2,294.00,0.00,366
L000366,O00149,P001,2,122.00,0.00,367
L000367,O00149,P015,5,254.00,0.00,368
L000368,O00149,P006,1,196.00,0.00,369
L000369,O00150,P021,1,249.00,0.00,370
L000370,O00150,P015,1,254.00,0.20,371
L000371,O00150,P014,4,294.00,0.00,372
L000372,O00151,P016,2,231.00,0.00,373
L000373,O00152,P020,3,189.00,0.1,374
L000374,O00153,P007,3,35.00,0.10,375
L000375,O00153,P014,4,294.00,0.05,376
L000376,O00153,P015,3,254.00,0.05,377
L000377,O00154,P001,2,122.00,0.00,378
L000378,O00155,P001,3,122.00,0.05,379
L000379,O00156,P002,1,284.00,0.00,380
L000380,O00157,P002,4,284.00,0.20,381
L000381,O00157,P013,1,271.00,0.20,382
L000382,O00157,P003,1,199.00,0.10,383
L000383,O00158,P001,4,122.00,0.20,384
L000384,O00158,P007,5,35.00,0.05,385
L000385,O00159,P017,4,300.00,0.05,386
L000386,O00160,P007,4,35.00,0.20,387
L000387,O00161,P009,3,93.00,0.10,388
L000388,O00161,P003,5,199.00,0.00,389
L000389,O00161,P016,5,231.00,0.00,390
L000390,O00162,P022,5,134.00,0.05,391
L000391,O00162,P012,2,134.00,0.10,392
L000392,O00163,P018,3,269.00,0.20,393
L000393,O00163,P012,2,134.00,0.20,394
L000394,O00163,P015,4,254.00,0.20,395
L000395,O00164,P017,3,300.00,0.00,396
L000396,O00165,P013,5,271.00,0.10,397
L000397,O00165,P010,3,211.00,0.20,398
L000398,O00165,P023,4,68.00,0.00,399
L000399,O00166,P016,1,231.00,0.20,400
L000400,O00166,P007,1,35.00,0.10,401
L000401,O00167,P021,3,249.00,0.10,402
L000402,O00167,P010,2,211.00,0.00,403
L000403,O00167,P008,4,188.00,0.00,404
L000404,O00167,P003,4,199.00,0,405
L000405,O00168,P024,2,81.00,0.20,406
L000406,O00169,P016,5,231.00,0.00,407
L000407,O00170,P012,3,134.00,0.05,408
L000408,O00171,P005,3,65.00,0.10,409
L000409,O00171,P018,2,269.00,0.00,410
L000410,O00172,P022,5,134.00,0.20,411
L000411,O00173,P014,1,294.00,0.20,412
L000412,O00174,P017,5,300.00,0.05,413
L000413,O00174,P019,5,78.00,0.05,414
L000414,O00175,P022,3,134.00,0.10,415
L000415,O00175,P007,1,35.00,0.05,416
L000416,O00176,P021,2,249.00,0.00,417
L000417,O00177,P017,2,300.00,0.05,418
L000418,O00177,P006,4,196.00,0.10,419
L000419,O00177,P003,1,199.00,0.20,420
L000420,O00178,P003,4,199.00,0.20,421
L000421,O00178,P019,3,78.00,0.10,422
L000422,O00178,P004,1,123.00,0.05,423
L000423,O00178,P015,5,254.00,0.00,424
L000424,O00179,P008,5,188.00,0.00,425
L000425,O00179,P019,3,78.00,0.00,426
L000426,O00179,P022,5,134.00,0.05,427
L000427,O00180,P003,4,199.00,0.20,428
L000428,O00180,P019,1,78.00,0.00,429
L000429,O00181,P021,4,249.00,0.20,430
L000430,O00181,P022,3,134.00,0.05,431
L000431,O00181,P014,1,294.00,0.00,432
L000432,O00181,P016,3,231.00,0.20,433
L000433,O00182,P021,3,249.00,0.10,434
L000434,O00182,P017,2,300.00,0.05,435
L000435,O00182,P010,2,211.00,0.05,436
L000436,O00182,P017,1,300.00,0.00,437
L000437,O00183,P004,1,123.00,0.05,438
L000438,O00183,P014,2,294.00,0.10,439
L000439,O00183,P007,3,35.00,0.10,440
L000440,O00183,P021,1,249.00,0.00,441
L000441,O00184,P021,1,249.00,0.10,442
L000442,O00184,P010,2,211.00,0.10,443
L000443,O00185,P016,3,231.00,0.10,444
L000444,O00185,P014,5,294.00,0.20,445
L000445,O00185,P006,3,196.00,0.10,446
L000446,O00185,P015,4,254.00,0.05,447
L000447,O00186,P006,5,196.00,0.00,448
L000448,O00186,P011,4,80.00,0.20,449
L000449,O00186,P024,4,81.00,0.05,450
L000450,O00187,P023,3,68.00,0.10,451
L000451,O00187,P005,3,65.00,0.05,452
L000452,O00187,P024,1,81.00,0.10,453
L000453,O00188,P013,3,271.00,0.10,454
L000454,O00188,P014,4,294.00,0.05,455
L000455,O00189,P023,2,68.00,0.05,456
L000456,O00189,P006,3,196.00,0.00,457
L000457,O00189,P023,5,68.00,0.00,458
L000458,O00190,P020,1,189.00,0.10,459
L000459,O00190,P001,1,122.00,0.10,460
L000460,O00191,P013,5,271.00,0.10,461
L000461,O00191,P023,2,68.00,0.10,462
L000462,O00191,P016,5,231.00,0.05,463
L000463,O00192,P010,2,211.00,0.05,464
L000464,O00193,P001,5,122.00,0.10,465
L000465,O00194,P009,5,93.00,0.20,466
L000466,O00194,P016,3,231.00,0,467
L000467,O00195,P015,1,254.00,0.00,468
L000468,O00195,P024,3,81.00,0.05,469
L000469,O00195,P015,3,254.00,0.20,470
L000470,O00196,P009,1,93.00,0.10,471
L000471,O00196,P003,2,199.00,0.00,472
L000472,O00196,P024,1,81.00,0.05,473
L000473,O00197,P004,4,123.00,0.05,474
L000474,O00197,P010,2,211.00,0.05,475
L000475,O00197,P006,2,196.00,0.00,476
L000476,O00198,P002,2,284.00,0.00,477
L000477,O00199,P002,4,284.00,0.05,478
L000478,O00199,P002,3,284.00,0.20,479
L000479,O00199,P021,4,249.00,0.05,480
L000480,O00200,P013,4,271.00,0.00,481
L000481,O00200,P012,5,134.00,0.05,482
L000482,O00201,P012,5,134.00,0.10,483
L000483,O00201,P024,4,81.00,0.10,484
L000484,O00201,P011,2,80.00,0.20,485
L000485,O00201,P018,5,269.00,0.00,486
L000486,O00202,P024,3,81.00,0.10,487
L000487,O00203,P011,4,80.00,0.10,488
L000488,O00203,P001,4,122.00,0.20,489
L000489,O00204,P021,4,249.00,0.00,490
L000490,O00205,P002,2,284.00,0.20,491
L000491,O00205,P011,4,80.00,0.20,492
L000492,O00205,P010,2,211.00,0.10,493
L000493,O00205,P012,3,134.00,0.10,494
L000494,O00206,P014,2,294.00,0.10,495
L000495,O00206,P013,2,271.00,0.05,496
L000496,O00207,P018,5,269.00,0.05,497
L000497,O00207,P007,4,35.00,0,498
L000498,O00207,P019,1,78.00,0.00,499
L000499,O00207,P002,5,284.00,0.00,500
L000500,O00208,P013,3,271.00,0.05,501
L000501,O00209,P007,5,35.00,0.20,502
L000502,O00209,P020,3,189.00,0.00,503
L000503,O00209,P017,1,300.00,0.10,504
L000504,O00209,P004,1,123.00,0.10,505
L000505,O00210,P020,4,189.00,0.10,506
L000506,O00211,P019,2,78.00,0.05,507
L000507,O00211,P002,1,284.00,0.20,508
L000508,O00211,P017,2,300.00,0.00,509
L000509,O00212,P015,1,254.00,0.00,510
L000510,O00212,P019,2,78.00,0.00,511
L000511,O00213,P006,2,196.00,0.10,512
L000512,O00213,P023,5,68.00,0.10,513
L000513,O00213,P013,2,271.00,0.10,514
L000514,O00214,P010,4,211.00,0.00,515
L000515,O00214,P023,5,68.00,0.20,516
L000516,O00215,P012,2,134.00,0.20,517
L000517,O00215,P011,4,80.00,0.10,518
L000518,O00216,P004,3,123.00,0.05,519
L000519,O00216,P023,2,68.00,0.10,520
L000520,O00216,P007,4,35.00,0.10,521
L000521,O00217,P006,1,196.00,0.20,522
L000522,O00217,P022,1,134.00,0.00,523
L000523,O00218,P008,1,188.00,0.10,524
L000524,O00218,P002,5,284.00,0.05,525
L000525,O00218,P003,5,199.00,0.20,526
L000526,O00219,P004,4,123.00,0.00,527
L000527,O00219,P002,5,284.00,0.10,528
L000528,O00220,P018,2,269.00,0.05,529
L000529,O00220,P016,2,231.00,0.10,530
L000530,O00221,P008,4,188.00,0.00,531
L000531,O00221,P022,3,134.00,0.20,532
L000532,O00221,P002,1,284.00,0.05,533
L000533,O00222,P001,5,122.00,0.20,534
L000534,O00222,P015,3,254.00,0.10,535
L000535,O00222,P018,1,269.00,0.00,536
L000536,O00222,P020,3,189.00,0.20,537
L000537,O00223,P024,5,81.00,0.00,538
L000538,O00224,P011,3,80.00,0.10,539
L000539,O00224,P007,3,35.00,0.05,540
L000540,O00224,P012,2,134.00,0.00,541
L000541,O00225,P010,3,211.00,0.10,542
L000542,O00225,P017,5,300.00,0.05,543
L000543,O00225,P005,4,65.00,0.10,544
L000544,O00225,P014,4,294.00,0.10,545
L000545,O00226,P005,3,65.00,0.20,546
L000546,O00226,P020,5,189.00,0.05,547
L000547,O00227,P007,4,35.00,0.10,548
L000548,O00228,P002,2,284.00,0.10,549
L000549,O00228,P012,2,134.00,0.20,550
L000550,O00228,P018,4,269.00,0.05,551
L000551,O00228,P019,4,78.00,0.20,552
L000552,O00229,P003,3,199.00,0.00,553
L000553,O00230,P012,3,134.00,0.20,554
L000554,O00230,P014,4,294.00,0.00,555
L000555,O00231,P001,1,122.00,0.05,556
L000556,O00231,P019,3,78.00,0.00,557
L000557,O00231,P008,1,188.00,0.05,558
L000558,O00231,P013,4,271.00,0.00,559
L000559,O00232,P006,2,196.00,0.2,560
L000560,O00232,P015,2,254.00,0.00,561
L000561,O00232,P018,2,269.00,0.00,562
L000562,O00233,P015,3,254.00,0.20,563
L000563,O00233,P019,4,78.00,0.20,564
L000564,O00234,P006,3,196.00,0.10,565
L000565,O00234,P002,3,284.00,0.20,566
L000566,O00234,P009,4,93.00,0.05,567
L000567,O00234,P004,5,123.00,0.20,568
L000568,O00235,P011,2,80.00,0.20,569
L000569,O00236,P002,5,284.00,0.00,570
L000570,O00237,P004,3,123.00,0.20,571
L000571,O00237,P009,2,93.00,0.00,572
L000572,O00237,P010,1,211.00,0.10,573
L000573,O00237,P019,3,78.00,0.10,574
L000574,O00238,P021,1,249.00,0.20,575
L000575,O00238,P006,2,196.00,0.05,576
L000576,O00238,P010,2,211.00,0.00,577
L000577,O00238,P010,4,211.00,0.05,578
L000578,O00239,P016,3,231.00,0.20,579
L000579,O00240,P007,3,35.00,0.20,580
L000580,O00241,P008,4,188.00,0.00,581
L000581,O00241,P011,1,80.00,0.20,582
L000582,O00241,P018,1,269.00,0.00,583
L000583,O00241,P007,1,35.00,0.10,584
L000584,O00242,P001,4,122.00,0.05,585
L000585,O00242,P005,2,65.00,0.20,586
L000586,O00243,P007,2,35.00,0.05,587
L000587,O00243,P007,2,35.00,0.20,588
L000588,O00244,P009,1,93.00,0.05,589
L000589,O00244,P001,5,122.00,0.05,590
L000590,O00244,P015,5,254.00,0.1,591
L000591,O00244,P001,4,122.00,0.20,592
L000592,O00245,P004,3,123.00,0.20,593
L000593,O00246,P019,3,78.00,0.05,594
L000594,O00246,P005,1,65.00,0.05,595
L000595,O00246,P019,3,78.00,0.05,596
L000596,O00246,P003,1,199.00,0.20,597
L000597,O00247,P001,5,122.00,0.05,598
L000598,O00248,P017,1,300.00,0.10,599
L000599,O00248,P005,2,65.00,0.20,600
L000600,O00248,P018,3,269.00,0.00,601
L000601,O00249,P024,2,81.00,0.10,602
L000602,O00249,P012,2,134.00,0.05,603
L000603,O00249,P021,3,249.00,0.00,604
L000604,O00249,P012,1,134.00,0.10,605
L000605,O00250,P002,5,284.00,0.10,606
L000606,O00251,P009,5,93.00,0.20,607
L000607,O00251,P023,2,68.00,0.05,608
L000608,O00251,P008,5,188.00,0.20,609
L000609,O00251,P019,3,78.00,0.05,610
L000610,O00252,P024,4,81.00,0.05,611
L000611,O00253,P001,2,122.00,0.20,612
L000612,O00253,P022,3,134.00,0.00,613
L000613,O00253,P013,2,271.00,0.00,614
L000614,O00253,P024,4,81.00,0.10,615
L000615,O00254,P004,2,123.00,0.00,616
L000616,O00255,P010,2,211.00,0.05,617
L000617,O00255,P012,5,134.00,0.05,618
L000618,O00255,P021,2,249.00,0.00,619
L000619,O00256,P006,2,196.00,0.20,620
L000620,O00256,P004,5,123.00,0.10,621
L000621,O00256,P006,2,196.00,0.2,622
L000622,O00257,P024,2,81.00,0.05,623
L000623,O00258,P008,3,188.00,0.05,624
L000624,O00259,P018,1,269.00,0.05,625
L000625,O00259,P016,2,231.00,0.10,626
L000626,O00259,P024,1,81.00,0.00,627
L000627,O00259,P008,4,188.00,0.20,628
L000628,O00260,P011,1,80.00,0.00,629
L000629,O00261,P021,5,249.00,0.10,630
L000630,O00261,P024,1,81.00,0.00,631
L000631,O00262,P024,4,81.00,0.20,632
L000632,O00262,P010,5,211.00,0.20,633
L000633,O00262,P017,4,300.00,0.00,634
L000634,O00262,P018,3,269.00,0.10,635
L000635,O00263,P012,1,134.00,0.05,636
L000636,O00263,P013,5,271.00,0.00,637
L000637,O00264,P019,5,78.00,0.20,638
L000638,O00265,P003,1,199.00,0.20,639
L000639,O00265,P008,3,188.00,0.20,640
L000640,O00265,P006,3,196.00,0.05,641
L000641,O00266,P024,3,81.00,0.05,642
L000642,O00267,P005,5,65.00,0.10,643
L000643,O00267,P007,1,35.00,0.00,644
L000644,O00267,P017,1,300.00,0.10,645
L000645,O00267,P012,5,134.00,0.10,646
L000646,O00268,P014,3,294.00,0.10,647
L000647,O00268,P012,2,134.00,0.20,648
L000648,O00269,P010,1,211.00,0.20,649
L000649,O00269,P006,4,196.00,0.00,650
L000650,O00269,P002,1,284.00,0.10,651
L000651,O00269,P006,2,196.00,0.05,652
L000652,O00270,P001,3,122.00,0.2,653
L000653,O00270,P016,5,231.00,0.00,654
L000654,O00271,P005,4,65.00,0.20,655
L000655,O00271,P004,5,123.00,0.00,656
L000656,O00272,P008,2,188.00,0.05,657
L000657,O00272,P011,2,80.00,0.20,658
L000658,O00273,P008,4,188.00,0.10,659
L000659,O00273,P017,5,300.00,0.05,660
L000660,O00273,P009,4,93.00,0.20,661
L000661,O00273,P014,4,294.00,0.05,662
L000662,O00274,P020,5,189.00,0.20,663
L000663,O00274,P010,4,211.00,0.20,664
L000664,O00274,P003,3,199.00,0.00,665
L000665,O00274,P004,4,123.00,0.20,666
L000666,O00275,P020,1,189.00,0.05,667
L000667,O00275,P015,1,254.00,0.20,668
L000668,O00275,P002,4,284.00,0.00,669
L000669,O00275,P001,3,122.00,0.20,670
L000670,O00276,P002,4,284.00,0.10,671
L000671,O00277,P023,4,68.00,0.10,672
L000672,O00277,P021,5,249.00,0.05,673
L000673,O00278,P001,3,122.00,0.10,674
L000674,O00279,P005,1,65.00,0.00,675
L000675,O00279,P004,1,123.00,0.00,676
L000676,O00279,P006,4,196.00,0.00,677
L000677,O00280,P006,3,196.00,0.20,678
L000678,O00281,P018,4,269.00,0.00,679
L000679,O00281,P001,4,122.00,0.05,680
L000680,O00282,P022,1,134.00,0.10,681
L000681,O00282,P019,2,78.00,0.20,682
L000682,O00283,P020,4,189.00,0.10,683
L000683,O00283,P010,5,211.00,0.1,684
L000684,O00284,P008,5,188.00,0.20,685
L000685,O00284,P003,3,199.00,0.10,686
L000686,O00285,P018,3,269.00,0.05,687
L000687,O00285,P016,4,231.00,0.20,688
L000688,O00285,P002,2,284.00,0.00,689
L000689,O00285,P021,2,249.00,0.10,690
L000690,O00286,P014,2,294.00,0.10,691
L000691,O00287,P010,5,211.00,0.05,692
L000692,O00287,P021,4,249.00,0.20,693
L000693,O00287,P017,4,300.00,0.20,694
L000694,O00287,P021,5,249.00,0.10,695
L000695,O00288,P003,1,199.00,0.00,696
L000696,O00288,P001,2,122.00,0.20,697
L000697,O00288,P013,5,271.00,0.20,698
L000698,O00289,P019,1,78.00,0.05,699
L000699,O00290,P020,5,189.00,0.20,700
L000700,O00290,P022,2,134.00,0.20,701
L000701,O00290,P010,2,211.00,0.20,702
L000702,O00291,P009,5,93.00,0.20,703
L000703,O00291,P022,5,134.00,0.00,704
L000704,O00291,P012,4,134.00,0.05,705
L000705,O00292,P002,1,284.00,0.10,706
L000706,O00293,P001,3,122.00,0.05,707
L000707,O00293,P022,4,134.00,0.00,708
L000708,O00294,P021,1,249.00,0.00,709
L000709,O00294,P009,2,93.00,0.20,710
L000710,O00294,P002,3,284.00,0.20,711
L000711,O00295,P021,3,249.00,0.05,712
L000712,O00295,P022,2,134.00,0.05,713
L000713,O00295,P007,2,35.00,0.05,714
L000714,O00295,P021,1,249.00,0.05,715
L000715,O00296,P023,3,68.00,0.20,716
L000716,O00296,P011,3,80.00,0.00,717
L000717,O00297,P017,3,300.00,0.00,718
L000718,O00298,P023,5,68.00,0.00,719
L000719,O00298,P014,5,294.00,0.00,720
L000720,O00298,P019,1,78.00,0.00,721
L000721,O00298,P022,2,134.00,0.10,722
L000722,O00299,P001,1,122.00,0.00,723
L000723,O00300,P018,3,269.00,0.05,724
L000724,O00300,P003,1,199.00,0.10,725
L000725,O00300,P010,3,211.00,0.20,726
L000726,O00301,P003,1,199.00,0.00,727
L000727,O00302,P009,4,93.00,0.20,728
L000728,O00303,P023,4,68.00,0.05,729
L000729,O00303,P017,5,300.00,0.10,730
L000730,O00303,P004,3,123.00,0.05,731
L000731,O00303,P011,3,80.00,0.00,732
L000732,O00304,P008,4,188.00,0.00,733
L000733,O00304,P005,3,65.00,0.10,734
L000734,O00304,P004,3,123.00,0.00,735
L000735,O00305,P011,3,80.00,0.00,736
L000736,O00305,P010,5,211.00,0.05,737
L000737,O00306,P004,4,123.00,0.20,738
L000738,O00306,P014,4,294.00,0.00,739
L000739,O00307,P020,3,189.00,0.05,740
L000740,O00307,P015,3,254.00,0.05,741
L000741,O00307,P004,2,123.00,0.20,742
L000742,O00308,P010,2,211.00,0.10,743
L000743,O00308,P011,1,80.00,0.00,744
L000744,O00308,P023,1,68.00,0.10,745
L000745,O00308,P006,3,196.00,0.2,746
L000746,O00309,P004,1,123.00,0.00,747
L000747,O00309,P010,3,211.00,0.05,748
L000748,O00309,P016,1,231.00,0.00,749
L000749,O00309,P012,2,134.00,0.00,750
L000750,O00310,P011,3,80.00,0.20,751
L000751,O00311,P016,3,231.00,0.05,752
L000752,O00311,P005,3,65.00,0.05,753
L000753,O00311,P007,3,35.00,0.10,754
L000754,O00311,P002,2,284.00,0.05,755
L000755,O00312,P024,4,81.00,0.10,756
L000756,O00312,P022,3,134.00,0.05,757
L000757,O00312,P001,1,122.00,0.10,758
L000758,O00313,P009,1,93.00,0.00,759
L000759,O00314,P010,4,211.00,0.10,760
L000760,O00314,P011,1,80.00,0.20,761
L000761,O00314,P005,5,65.00,0.10,762
L000762,O00314,P006,4,196.00,0.00,763
L000763,O00315,P009,5,93.00,0.05,764
L000764,O00316,P003,2,199.00,0.00,765
L000765,O00316,P024,1,81.00,0.10,766
L000766,O00316,P004,3,123.00,0.10,767
L000767,O00316,P022,2,134.00,0.20,768
L000768,O00317,P012,4,134.00,0.20,769
L000769,O00317,P024,1,81.00,0.20,770
L000770,O00317,P001,2,122.00,0.20,771
L000771,O00318,P024,3,81.00,0.20,772
L000772,O00318,P001,3,122.00,0.20,773
L000773,O00318,P011,2,80.00,0.20,774
L000774,O00318,P004,2,123.00,0.10,775
L000775,O00319,P001,3,122.00,0.00,776
L000776,O00320,P009,4,93.00,0.05,777
L000777,O00320,P021,3,249.00,0.00,778
L000778,O00320,P005,4,65.00,0.05,779
L000779,O00321,P005,3,65.00,0.20,780
L000780,O00321,P004,4,123.00,0.10,781
L000781,O00321,P009,5,93.00,0.20,782
L000782,O00321,P022,5,134.00,0.05,783
L000783,O00322,P012,2,134.00,0.10,784
L000784,O00323,P008,5,188.00,0.20,785
L000785,O00324,P005,1,65.00,0.20,786
L000786,O00324,P006,5,196.00,0.05,787
L000787,O00324,P012,3,134.00,0.10,788
L000788,O00324,P014,3,294.00,0.05,789
L000789,O00325,P018,2,269.00,0.20,790
L000790,O00325,P013,2,271.00,0.20,791
L000791,O00325,P014,4,294.00,0.00,792
L000792,O00326,P010,3,211.00,0.00,793
L000793,O00326,P006,3,196.00,0.05,794
L000794,O00326,P012,3,134.00,0.20,795
L000795,O00326,P021,1,249.00,0.05,796
L000796,O00327,P007,5,35.00,0.20,797
L000797,O00328,P024,3,81.00,0.20,798
L000798,O00329,P003,2,199.00,0.10,799
L000799,O00329,P015,2,254.00,0.00,800
L000800,O00329,P007,3,35.00,0.10,801
L000801,O00330,P002,2,284.00,0.10,802
L000802,O00330,P009,3,93.00,0.00,803
L000803,O00330,P021,4,249.00,0.05,804
L000804,O00330,P014,4,294.00,0.05,805
L000805,O00331,P005,4,65.00,0.05,806
L000806,O00331,P013,1,271.00,0.20,807
L000807,O00332,P009,4,93.00,0,808
L000808,O00332,P014,3,294.00,0.20,809
L000809,O00332,P001,3,122.00,0.20,810
L000810,O00332,P021,4,249.00,0.20,811
L000811,O00333,P001,2,122.00,0.20,812
L000812,O00333,P004,3,123.00,0.20,813
L000813,O00334,P024,5,81.00,0.20,814
L000814,O00334,P024,1,81.00,0.20,815
L000815,O00334,P017,2,300.00,0.05,816
L000816,O00334,P009,2,93.00,0.10,817
L000817,O00335,P003,4,199.00,0.00,818
L000818,O00336,P016,2,231.00,0.00,819
L000819,O00336,P019,4,78.00,0.10,820
L000820,O00336,P009,4,93.00,0.00,821
L000821,O00337,P004,5,123.00,0.10,822
L000822,O00338,P017,2,300.00,0.10,823
L000823,O00338,P001,4,122.00,0.00,824
L000824,O00338,P018,1,269.00,0.05,825
L000825,O00338,P017,4,300.00,0.20,826
L000826,O00339,P006,2,196.00,0.10,827
L000827,O00340,P018,5,269.00,0.00,828
L000828,O00341,P012,5,134.00,0.00,829
L000829,O00341,P004,4,123.00,0.10,830
L000830,O00341,P021,2,249.00,0.00,831
L000831,O00341,P008,4,188.00,0.10,832
L000832,O00342,P018,5,269.00,0.00,833
L000833,O00342,P005,5,65.00,0.10,834
L000834,O00342,P022,1,134.00,0.00,835
L000835,O00342,P020,2,189.00,0.05,836
L000836,O00343,P015,1,254.00,0.05,837
L000837,O00343,P015,5,254.00,0.20,838
L000838,O00343,P012,1,134.00,0.1,839
L000839,O00343,P015,5,254.00,0.10,840
L000840,O00344,P002,1,284.00,0.05,841
L000841,O00345,P016,2,231.00,0.10,842
L000842,O00345,P009,1,93.00,0.00,843
L000843,O00345,P010,2,211.00,0.00,844
L000844,O00346,P023,4,68.00,0.05,845
L000845,O00346,P004,5,123.00,0.05,846
L000846,O00346,P023,5,68.00,0.20,847
L000847,O00346,P003,5,199.00,0.05,848
L000848,O00347,P009,1,93.00,0.10,849
L000849,O00347,P008,2,188.00,0.10,850
L000850,O00348,P016,5,231.00,0.00,851
L000851,O00349,P019,1,78.00,0.20,852
L000852,O00350,P002,5,284.00,0.20,853
L000853,O00350,P016,2,231.00,0.10,854
L000854,O00351,P021,4,249.00,0.20,855
L000855,O00351,P021,2,249.00,0.05,856
L000856,O00351,P014,1,294.00,0.10,857
L000857,O00352,P001,2,122.00,0.10,858
L000858,O00352,P004,2,123.00,0.20,859
L000859,O00352,P011,4,80.00,0.20,860
L000860,O00352,P015,5,254.00,0.05,861
L000861,O00353,P001,3,122.00,0.10,862
L000862,O00353,P023,5,68.00,0.10,863
L000863,O00354,P020,4,189.00,0.00,864
L000864,O00354,P017,2,300.00,0.00,865
L000865,O00355,P002,3,284.00,0.05,866
L000866,O00355,P011,4,80.00,0.20,867
L000867,O00355,P018,1,269.00,0.20,868
L000868,O00356,P011,1,80.00,0.00,869
L000869,O00356,P019,3,78.00,0.05,870
L000870,O00356,P013,4,271.00,0.05,871
L000871,O00357,P013,1,271.00,0.05,872
L000872,O00357,P018,3,269.00,0.10,873
L000873,O00357,P003,4,199.00,0.00,874
L000874,O00357,P015,5,254.00,0.20,875
L000875,O00358,P014,5,294.00,0.20,876
L000876,O00358,P016,2,231.00,0.05,877
L000877,O00358,P021,2,249.00,0.20,878
L000878,O00358,P003,5,199.00,0.05,879
L000879,O00359,P003,4,199.00,0.20,880
L000880,O00359,P010,1,211.00,0.20,881
L000881,O00359,P019,4,78.00,0.05,882
L000882,O00359,P015,3,254.00,0.00,883
L000883,O00360,P014,4,294.00,0.10,884
L000884,O00360,P014,4,294.00,0.10,885
L000885,O00361,P022,2,134.00,0.20,886
L000886,O00361,P012,3,134.00,0.10,887
L000887,O00361,P024,2,81.00,0.05,888
L000888,O00361,P011,2,80.00,0.10,889
L000889,O00362,P010,4,211.00,0.00,890
L000890,O00363,P023,5,68.00,0.20,891
L000891,O00363,P003,3,199.00,0.20,892
L000892,O00364,P002,4,284.00,0.20,893
L000893,O00364,P015,1,254.00,0.20,894
L000894,O00365,P024,3,81.00,0.00,895
L000895,O00365,P007,2,35.00,0.20,896
L000896,O00365,P006,4,196.00,0.20,897
L000897,O00365,P023,4,68.00,0.05,898
L000898,O00366,P013,1,271.00,0.20,899
L000899,O00366,P008,2,188.00,0.10,900
L000900,O00366,P008,3,188.00,0.1,901
L000901,O00366,P009,2,93.00,0.10,902
L000902,O00367,P018,5,269.00,0.10,903
L000903,O00368,P014,2,294.00,0.05,904
L000904,O00369,P003,5,199.00,0.20,905
L000905,O00370,P006,4,196.00,0.00,906
L000906,O00370,P024,2,81.00,0.05,907
L000907,O00371,P017,1,300.00,0.10,908
L000908,O00371,P011,3,80.00,0.00,909
L000909,O00371,P009,5,93.00,0.05,910
L000910,O00372,P022,2,134.00,0.00,911
L000911,O00372,P020,2,189.00,0.10,912
L000912,O00372,P012,5,134.00,0.00,913
L000913,O00372,P002,5,284.00,0.20,914
L000914,O00373,P019,1,78.00,0.00,915
L000915,O00373,P018,1,269.00,0.00,916
L000916,O00374,P022,5,134.00,0.05,917
L000917,O00375,P008,1,188.00,0.20,918
L000918,O00376,P005,3,65.00,0.05,919
L000919,O00376,P011,5,80.00,0.20,920
L000920,O00376,P002,2,284.00,0.20,921
L000921,O00376,P017,2,300.00,0.10,922
L000922,O00377,P019,4,78.00,0.05,923
L000923,O00378,P006,2,196.00,0.05,924
L000924,O00378,P001,5,122.00,0.05,925
L000925,O00379,P024,1,81.00,0.20,926
L000926,O00379,P021,2,249.00,0.00,927
L000927,O00380,P021,4,249.00,0.20,928
L000928,O00380,P021,5,249.00,0.10,929
L000929,O00380,P002,2,284.00,0.10,930
L000930,O00381,P001,5,122.00,0.20,931
L000931,O00381,P017,1,300.00,0.05,932
L000932,O00382,P010,3,211.00,0.10,933
L000933,O00382,P007,2,35.00,0.00,934
L000934,O00382,P017,4,300.00,0.10,935
L000935,O00383,P017,2,300.00,0.10,936
L000936,O00383,P020,2,189.00,0.00,937
L000937,O00383,P003,1,199.00,0.10,938
L000938,O00383,P005,1,65.00,0.00,939
L000939,O00384,P023,4,68.00,0.05,940
L000940,O00384,P008,5,188.00,0.00,941
L000941,O00384,P004,3,123.00,0.20,942
L000942,O00385,P019,5,78.00,0.20,943
L000943,O00385,P008,4,188.00,0.00,944
L000944,O00385,P010,1,211.00,0.10,945
L000945,O00386,P013,2,271.00,0.05,946
L000946,O00386,P023,3,68.00,0.00,947
L000947,O00386,P018,1,269.00,0.20,948
L000948,O00386,P020,5,189.00,0.05,949
L000949,O00387,P013,1,271.00,0.20,950
L000950,O00387,P007,4,35.00,0.10,951
L000951,O00388,P005,3,65.00,0.00,952
L000952,O00388,P009,4,93.00,0.05,953
L000953,O00388,P019,5,78.00,0.20,954
L000954,O00389,P004,4,123.00,0.10,955
L000955,O00389,P009,4,93.00,0.05,956
L000956,O00389,P014,5,294.00,0.20,957
L000957,O00390,P006,4,196.00,0.20,958
L000958,O00391,P020,4,189.00,0.00,959
L000959,O00391,P014,5,294.00,0.05,960
L000960,O00391,P017,2,300.00,0.05,961
L000961,O00391,P015,3,254.00,0.20,962
L000962,O00392,P004,3,123.00,0.1,963
L000963,O00393,P015,5,254.00,0.10,964
L000964,O00394,P011,5,80.00,0.00,965
L000965,O00394,P006,1,196.00,0.10,966
L000966,O00394,P011,1,80.00,0.05,967
L000967,O00394,P010,4,211.00,0.10,968
L000968,O00395,P019,5,78.00,0.20,969
L000969,O00395,P002,3,284.00,0.20,970
L000970,O00395,P023,1,68.00,0.00,971
L000971,O00395,P008,5,188.00,0.10,972
L000972,O00396,P001,4,122.00,0.00,973
L000973,O00396,P018,5,269.00,0.05,974
L000974,O00396,P013,2,271.00,0.05,975
L000975,O00396,P014,4,294.00,0.05,976
L000976,O00397,P016,3,231.00,0.10,977
L000977,O00397,P008,4,188.00,0.10,978
L000978,O00398,P022,3,134.00,0.20,979
L000979,O00399,P003,5,199.00,0.10,980
L000980,O00399,P018,4,269.00,0.20,981
L000981,O00399,P006,5,196.00,0.00,982
L000982,O00399,P022,2,134.00,0.05,983
L000983,O00400,P019,5,78.00,0.05,984
L000984,O00400,P008,1,188.00,0.10,985
L000985,O00401,P008,3,188.00,0.10,986
L000986,O00401,P017,1,300.00,0.20,987
L000987,O00401,P022,1,134.00,0.00,988
L000988,O00402,P016,1,231.00,0.10,989
L000989,O00403,P014,1,294.00,0.05,990
L000990,O00404,P009,5,93.00,0.05,991
L000991,O00404,P014,1,294.00,0.10,992
L000992,O00405,P023,2,68.00,0.20,993
L000993,O00405,P004,5,123.00,0.05,994
L000994,O00405,P018,3,269.00,0.00,995
L000995,O00406,P006,3,196.00,0.20,996
L000996,O00406,P001,1,122.00,0.00,997
L000997,O00407,P020,1,189.00,0.05,998
L000998,O00407,P017,5,300.00,0.05,999
L000999,O00407,P022,3,134.00,0.10,1000
L001000,O00408,P024,4,81.00,0.10,1001
L001001,O00409,P015,4,254.00,0.10,1002
L001002,O00409,P004,4,123.00,0.10,1003
L001003,O00410,P016,4,231.00,0.10,1004
L001004,O00410,P020,4,189.00,0.20,1005
L001005,O00410,P006,2,196.00,0.20,1006
L001006,O00410,P001,4,122.00,0.00,1007
L001007,O00411,P018,5,269.00,0.20,1008
L001008,O00411,P024,4,81.00,0.05,1009
L001009,O00411,P024,2,81.00,0.00,1010
L001010,O00412,P022,2,134.00,0.20,1011
L001011,O00412,P002,5,284.00,0.00,1012
L001012,O00413,P022,4,134.00,0.00,1013
L001013,O00413,P003,4,199.00,0.10,1014
L001014,O00413,P012,1,134.00,0.20,1015
L001015,O00413,P020,3,189.00,0.20,1016
L001016,O00414,P017,1,300.00,0.20,1017
L001017,O00414,P003,3,199.00,0.20,1018
L001018,O00414,P013,1,271.00,0.20,1019
L001019,O00414,P009,3,93.00,0.10,1020
L001020,O00415,P004,5,123.00,0.10,1021
L001021,O00416,P021,1,249.00,0.05,1022
L001022,O00416,P024,4,81.00,0.00,1023
L001023,O00417,P004,5,123.00,0.10,1024
L001024,O00418,P005,5,65.00,0.2,1025
L001025,O00418,P019,5,78.00,0.00,1026
L001026,O00419,P019,5,78.00,0.05,1027
L001027,O00419,P014,1,294.00,0.05,1028
L001028,O00419,P019,1,78.00,0.10,1029
L001029,O00420,P007,2,35.00,0.20,1030
L001030,O00420,P008,1,188.00,0.20,1031
L001031,O00420,P011,2,80.00,0.00,1032
L001032,O00420,P003,1,199.00,0.20,1033
L001033,O00421,P007,4,35.00,0.10,1034
L001034,O00421,P003,3,199.00,0.20,1035
L001035,O00421,P022,4,134.00,0.00,1036
L001036,O00422,P017,5,300.00,0.10,1037
L001037,O00422,P016,1,231.00,0.20,1038
L001038,O00423,P008,4,188.00,0.05,1039
L001039,O00423,P023,5,68.00,0.00,1040
L001040,O00424,P015,2,254.00,0.10,1041
L001041,O00425,P023,3,68.00,0.00,1042
L001042,O00425,P007,1,35.00,0.20,1043
L001043,O00426,P020,4,189.00,0.10,1044
L001044,O00426,P008,2,188.00,0.10,1045
L001045,O00426,P020,3,189.00,0.00,1046
L001046,O00427,P013,4,271.00,0.10,1047
L001047,O00427,P005,4,65.00,0.10,1048
L001048,O00427,P018,5,269.00,0.05,1049
L001049,O00428,P018,2,269.00,0.20,1050
L001050,O00428,P010,2,211.00,0.00,1051
L001051,O00428,P005,1,65.00,0.05,1052
L001052,O00428,P007,1,35.00,0.00,1053
L001053,O00429,P010,4,211.00,0.10,1054
L001054,O00429,P002,4,284.00,0.00,1055
L001055,O00430,P024,1,81.00,0.2,1056
L001056,O00430,P020,2,189.00,0.05,1057
L001057,O00431,P012,3,134.00,0.10,1058
L001058,O00431,P023,3,68.00,0.00,1059
L001059,O00432,P019,3,78.00,0.10,1060
L001060,O00432,P016,5,231.00,0.05,1061
L001061,O00432,P016,2,231.00,0.10,1062
L001062,O00433,P013,4,271.00,0.20,1063
L001063,O00433,P008,5,188.00,0.10,1064
L001064,O00433,P014,3,294.00,0.20,1065
L001065,O00433,P002,1,284.00,0.05,1066
L001066,O00434,P014,2,294.00,0.10,1067
L001067,O00435,P013,3,271.00,0.10,1068
L001068,O00435,P024,4,81.00,0.20,1069
L001069,O00435,P012,2,134.00,0.05,1070
L001070,O00435,P009,5,93.00,0.10,1071
L001071,O00436,P019,4,78.00,0.20,1072
L001072,O00436,P014,4,294.00,0.10,1073
L001073,O00436,P017,1,300.00,0.10,1074
L001074,O00436,P010,3,211.00,0.10,1075
L001075,O00437,P008,4,188.00,0.05,1076
L001076,O00437,P023,4,68.00,0.00,1077
L001077,O00437,P009,4,93.00,0.05,1078
L001078,O00438,P007,1,35.00,0.05,1079
L001079,O00438,P001,4,122.00,0.05,1080
L001080,O00439,P024,1,81.00,0.00,1081
L001081,O00439,P002,5,284.00,0.00,1082
L001082,O00440,P009,4,93.00,0.20,1083
L001083,O00440,P021,3,249.00,0.20,1084
L001084,O00440,P012,4,134.00,0.20,1085
L001085,O00441,P011,3,80.00,0.05,1086
L001086,O00441,P009,1,93.00,0,1087
L001087,O00442,P011,3,80.00,0.00,1088
L001088,O00442,P019,1,78.00,0.00,1089
L001089,O00442,P018,1,269.00,0.10,1090
L001090,O00442,P021,4,249.00,0.05,1091
L001091,O00443,P014,5,294.00,0.05,1092
L001092,O00443,P001,3,122.00,0.00,1093
L001093,O00444,P008,4,188.00,0.20,1094
L001094,O00444,P016,1,231.00,0.20,1095
L001095,O00444,P014,3,294.00,0.10,1096
L001096,O00444,P001,1,122.00,0.20,1097
L001097,O00445,P022,5,134.00,0.20,1098
L001098,O00445,P020,1,189.00,0.00,1099
L001099,O00445,P004,1,123.00,0.10,1100
L001100,O00445,P011,4,80.00,0.00,1101
L001101,O00446,P002,2,284.00,0.05,1102
L001102,O00446,P007,1,35.00,0.05,1103
L001103,O00446,P006,2,196.00,0.20,1104
L001104,O00446,P010,3,211.00,0.10,1105
L001105,O00447,P015,1,254.00,0.10,1106
L001106,O00447,P015,4,254.00,0.20,1107
L001107,O00447,P024,1,81.00,0.20,1108
L001108,O00447,P024,5,81.00,0.20,1109
L001109,O00448,P009,3,93.00,0.10,1110
L001110,O00448,P003,5,199.00,0.20,1111
L001111,O00449,P005,2,65.00,0.20,1112
L001112,O00449,P008,3,188.00,0.05,1113
L001113,O00450,P011,2,80.00,0.00,1114
L001114,O00450,P003,3,199.00,0.10,1115
L001115,O00450,P018,3,269.00,0.00,1116
L001116,O00450,P021,3,249.00,0.00,1117
L001117,O00451,P012,3,134.00,0.2,1118
L001118,O00451,P020,3,189.00,0.10,1119
L001119,O00451,P011,1,80.00,0.00,1120
L001120,O00452,P018,4,269.00,0.05,1121
L001121,O00453,P019,5,78.00,0.10,1122
L001122,O00454,P022,1,134.00,0.10,1123
L001123,O00455,P012,2,134.00,0.05,1124
L001124,O00455,P013,5,271.00,0.20,1125
L001125,O00455,P021,4,249.00,0.10,1126
L001126,O00455,P017,5,300.00,0.20,1127
L001127,O00456,P003,5,199.00,0.20,1128
L001128,O00456,P017,1,300.00,0.05,1129
L001129,O00456,P018,1,269.00,0.20,1130
L001130,O00456,P007,5,35.00,0.05,1131
L001131,O00457,P003,3,199.00,0.20,1132
L001132,O00457,P005,1,65.00,0.05,1133
L001133,O00457,P002,4,284.00,0.05,1134
L001134,O00458,P012,2,134.00,0.10,1135
L001135,O00458,P016,3,231.00,0.10,1136
L001136,O00458,P006,1,196.00,0.20,1137
L001137,O00459,P024,1,81.00,0.00,1138
L001138,O00459,P011,4,80.00,0.05,1139
L001139,O00459,P014,1,294.00,0.20,1140
L001140,O00460,P003,5,199.00,0.10,1141
L001141,O00460,P023,4,68.00,0.20,1142
L001142,O00460,P021,2,249.00,0.20,1143
L001143,O00460,P005,4,65.00,0.05,1144
L001144,O00461,P011,5,80.00,0.10,1145
L001145,O00461,P024,3,81.00,0.10,1146
L001146,O00462,P022,5,134.00,0.10,1147
L001147,O00463,P015,2,254.00,0.20,1148
L001148,O00463,P010,1,211.00,0.2,1149
L001149,O00464,P007,2,35.00,0.10,1150
L001150,O00465,P019,1,78.00,0.05,1151
L001151,O00465,P017,3,300.00,0.20,1152
L001152,O00465,P016,5,231.00,0.10,1153
L001153,O00466,P003,4,199.00,0.20,1154
L001154,O00466,P018,1,269.00,0.20,1155
L001155,O00466,P024,2,81.00,0.10,1156
L001156,O00467,P016,4,231.00,0.10,1157
L001157,O00467,P013,2,271.00,0.20,1158
L001158,O00467,P016,1,231.00,0.20,1159
L001159,O00467,P020,4,189.00,0.05,1160
L001160,O00468,P003,4,199.00,0.20,1161
L001161,O00468,P010,5,211.00,0.10,1162
L001162,O00469,P012,5,134.00,0.20,1163
L001163,O00469,P024,2,81.00,0.10,1164
L001164,O00469,P019,3,78.00,0.10,1165
L001165,O00470,P012,5,134.00,0.10,1166
L001166,O00470,P007,1,35.00,0.05,1167
L001167,O00471,P006,2,196.00,0.10,1168
L001168,O00471,P023,5,68.00,0.10,1169
L001169,O00471,P015,5,254.00,0.20,1170
L001170,O00472,P001,5,122.00,0.00,1171
L001171,O00472,P021,5,249.00,0.05,1172
L001172,O00472,P001,2,122.00,0.05,1173
L001173,O00472,P022,2,134.00,0.05,1174
L001174,O00473,P002,5,284.00,0.20,1175
L001175,O00473,P001,4,122.00,0.00,1176
L001176,O00474,P016,2,231.00,0.00,1177
L001177,O00474,P013,4,271.00,0.10,1178
L001178,O00475,P013,1,271.00,0.00,1179
L001179,O00476,P016,5,231.00,0.1,1180
L001180,O00476,P017,3,300.00,0.20,1181
L001181,O00476,P003,2,199.00,0.05,1182
L001182,O00477,P003,2,199.00,0.00,1183
L001183,O00478,P007,3,35.00,0.10,1184
L001184,O00479,P002,2,284.00,0.05,1185
L001185,O00480,P008,4,188.00,0.00,1186
L001186,O00480,P017,5,300.00,0.10,1187
L001187,O00480,P023,3,68.00,0.00,1188
L001188,O00481,P010,1,211.00,0.00,1189
L001189,O00482,P024,1,81.00,0.10,1190
L001190,O00482,P012,4,134.00,0.20,1191
L001191,O00482,P013,3,271.00,0.00,1192
L001192,O00483,P005,5,65.00,0.10,1193
L001193,O00483,P011,5,80.00,0.00,1194
L001194,O00484,P009,4,93.00,0.05,1195
L001195,O00484,P023,4,68.00,0.00,1196
L001196,O00485,P017,4,300.00,0.20,1197
L001197,O00485,P022,5,134.00,0.10,1198
L001198,O00486,P002,3,284.00,0.05,1199
L001199,O00487,P014,4,294.00,0.05,1200
L001200,O00487,P013,5,271.00,0.20,1201
L001201,O00488,P008,1,188.00,0.00,1202
L001202,O00488,P014,2,294.00,0.20,1203
L001203,O00488,P014,2,294.00,0.20,1204
L001204,O00488,P002,3,284.00,0.20,1205
L001205,O00489,P008,4,188.00,0.00,1206
L001206,O00489,P018,1,269.00,0.10,1207
L001207,O00489,P013,2,271.00,0.20,1208
L001208,O00489,P022,1,134.00,0.00,1209
L001209,O00490,P005,4,65.00,0.10,1210
L001210,O00490,P009,2,93.00,0.1,1211
L001211,O00490,P013,4,271.00,0.05,1212
L001212,O00490,P009,3,93.00,0.00,1213
L001213,O00491,P018,1,269.00,0.20,1214
L001214,O00491,P009,3,93.00,0.10,1215
L001215,O00492,P008,1,188.00,0.00,1216
L001216,O00492,P020,4,189.00,0.10,1217
L001217,O00492,P013,3,271.00,0.20,1218
L001218,O00492,P022,5,134.00,0.00,1219
L001219,O00493,P001,4,122.00,0.20,1220
L001220,O00494,P020,3,189.00,0.05,1221
L001221,O00494,P017,5,300.00,0.10,1222
L001222,O00494,P008,3,188.00,0.00,1223
L001223,O00495,P007,1,35.00,0.20,1224
L001224,O00496,P019,3,78.00,0.10,1225
L001225,O00496,P014,3,294.00,0.05,1226
L001226,O00496,P021,2,249.00,0.10,1227
L001227,O00497,P015,2,254.00,0.10,1228
L001228,O00497,P009,3,93.00,0.05,1229
L001229,O00497,P008,5,188.00,0.05,1230
L001230,O00497,P015,3,254.00,0.10,1231
L001231,O00498,P002,4,284.00,0.10,1232
L001232,O00499,P022,4,134.00,0.20,1233
L001233,O00499,P016,4,231.00,0.20,1234
L001234,O00500,P007,4,35.00,0.00,1235
L001235,O00500,P006,4,196.00,0.20,1236
L001236,O00501,P024,3,81.00,0.10,1237
L001237,O00501,P018,1,269.00,0.20,1238
L001238,O00501,P007,5,35.00,0.05,1239
L001239,O00501,P008,5,188.00,0.20,1240
L001240,O00502,P017,4,300.00,0.05,1241
L001241,O00502,P003,3,199.00,0.2,1242
L001242,O00502,P009,2,93.00,0.05,1243
L001243,O00503,P016,4,231.00,0.20,1244
L001244,O00504,P009,5,93.00,0.10,1245
L001245,O00504,P016,1,231.00,0.05,1246
L001246,O00504,P010,2,211.00,0.20,1247
L001247,O00504,P010,5,211.00,0.20,1248
L001248,O00505,P002,4,284.00,0.05,1249
L001249,O00506,P002,1,284.00,0.00,1250
L001250,O00507,P004,1,123.00,0.10,1251
L001251,O00507,P004,1,123.00,0.10,1252
L001252,O00507,P022,4,134.00,0.05,1253
L001253,O00507,P001,5,122.00,0.10,1254
L001254,O00508,P022,5,134.00,0.10,1255
L001255,O00508,P016,2,231.00,0.05,1256
L001256,O00509,P012,2,134.00,0.10,1257
L001257,O00510,P006,4,196.00,0.05,1258
L001258,O00510,P008,2,188.00,0.10,1259
L001259,O00511,P012,1,134.00,0.05,1260
L001260,O00511,P020,5,189.00,0.00,1261
L001261,O00511,P019,3,78.00,0.20,1262
L001262,O00511,P020,1,189.00,0.05,1263
L001263,O00512,P004,4,123.00,0.05,1264
L001264,O00512,P023,1,68.00,0.00,1265
L001265,O00513,P003,3,199.00,0.05,1266
L001266,O00513,P002,5,284.00,0.10,1267
L001267,O00513,P018,3,269.00,0.05,1268
L001268,O00513,P021,3,249.00,0.05,1269
L001269,O00514,P021,1,249.00,0.10,1270
L001270,O00514,P021,2,249.00,0.10,1271
L001271,O00515,P019,3,78.00,0.10,1272
L001272,O00515,P014,3,294.00,0.2,1273
L001273,O00515,P010,5,211.00,0.05,1274
L001274,O00515,P020,4,189.00,0.00,1275
L001275,O00516,P024,4,81.00,0.20,1276
L001276,O00516,P011,4,80.00,0.10,1277
L001277,O00517,P022,3,134.00,0.05,1278
L001278,O00518,P015,3,254.00,0.00,1279
L001279,O00519,P001,3,122.00,0.20,1280
L001280,O00519,P013,2,271.00,0.20,1281
L001281,O00520,P024,1,81.00,0.00,1282
L001282,O00520,P020,2,189.00,0.20,1283
L001283,O00520,P014,1,294.00,0.20,1284
L001284,O00520,P014,4,294.00,0.05,1285
L001285,O00521,P022,5,134.00,0.10,1286
L001286,O00521,P005,1,65.00,0.20,1287
L001287,O00521,P013,2,271.00,0.00,1288
L001288,O00522,P022,1,134.00,0.05,1289
L001289,O00522,P013,1,271.00,0.00,1290
L001290,O00523,P014,1,294.00,0.00,1291
L001291,O00523,P007,3,35.00,0.05,1292
L001292,O00524,P004,2,123.00,0.05,1293
L001293,O00525,P024,1,81.00,0.10,1294
L001294,O00525,P003,3,199.00,0.10,1295
L001295,O00525,P012,5,134.00,0.10,1296
L001296,O00526,P013,5,271.00,0.00,1297
L001297,O00526,P005,3,65.00,0.20,1298
L001298,O00526,P020,1,189.00,0.00,1299
L001299,O00527,P001,4,122.00,0.10,1300
L001300,O00527,P013,3,271.00,0.10,1301
L001301,O00528,P019,4,78.00,0.00,1302
L001302,O00529,P011,2,80.00,0.00,1303
L001303,O00529,P019,3,78.00,0.1,1304
L001304,O00529,P022,1,134.00,0.00,1305
L001305,O00529,P020,3,189.00,0.05,1306
L001306,O00530,P017,4,300.00,0.00,1307
L001307,O00530,P022,1,134.00,0.05,1308
L001308,O00531,P024,4,81.00,0.00,1309
L001309,O00531,P001,3,122.00,0.10,1310
L001310,O00531,P004,1,123.00,0.05,1311
L001311,O00532,P015,4,254.00,0.20,1312
L001312,O00532,P002,5,284.00,0.20,1313
L001313,O00532,P024,2,81.00,0.00,1314
L001314,O00532,P003,4,199.00,0.10,1315
L001315,O00533,P007,3,35.00,0.10,1316
L001316,O00533,P001,5,122.00,0.10,1317
L001317,O00534,P002,1,284.00,0.10,1318
L001318,O00534,P002,2,284.00,0.00,1319
L001319,O00534,P015,4,254.00,0.10,1320
L001320,O00535,P023,4,68.00,0.05,1321
L001321,O00535,P003,4,199.00,0.10,1322
L001322,O00535,P023,1,68.00,0.10,1323
L001323,O00536,P013,2,271.00,0.20,1324
L001324,O00537,P018,3,269.00,0.10,1325
L001325,O00538,P016,1,231.00,0.05,1326
L001326,O00539,P022,1,134.00,0.00,1327
L001327,O00540,P003,4,199.00,0.05,1328
L001328,O00541,P011,5,80.00,0.20,1329
L001329,O00541,P016,1,231.00,0.00,1330
L001330,O00541,P019,5,78.00,0.00,1331
L001331,O00542,P008,1,188.00,0.00,1332
L001332,O00542,P004,5,123.00,0.20,1333
L001333,O00543,P009,3,93.00,0.05,1334
L001334,O00543,P010,4,211.00,0.1,1335
L001335,O00543,P019,2,78.00,0.10,1336
L001336,O00544,P004,2,123.00,0.10,1337
L001337,O00544,P014,5,294.00,0.20,1338
L001338,O00544,P016,4,231.00,0.00,1339
L001339,O00544,P001,1,122.00,0.00,1340
L001340,O00545,P008,3,188.00,0.00,1341
L001341,O00546,P012,4,134.00,0.00,1342
L001342,O00546,P019,4,78.00,0.05,1343
L001343,O00546,P022,1,134.00,0.05,1344
L001344,O00547,P020,4,189.00,0.20,1345
L001345,O00547,P001,1,122.00,0.05,1346
L001346,O00548,P019,3,78.00,0.05,1347
L001347,O00549,P016,4,231.00,0.05,1348
L001348,O00549,P017,3,300.00,0.20,1349
L001349,O00550,P013,3,271.00,0.10,1350
L001350,O00550,P020,1,189.00,0.10,1351
L001351,O00550,P003,1,199.00,0.20,1352
L001352,O00550,P023,2,68.00,0.05,1353
L001353,O00551,P007,4,35.00,0.05,1354
L001354,O00551,P014,2,294.00,0.20,1355
L001355,O00551,P020,1,189.00,0.05,1356
L001356,O00551,P020,1,189.00,0.10,1357
L001357,O00552,P014,3,294.00,0.20,1358
L001358,O00552,P015,1,254.00,0.00,1359
L001359,O00552,P016,1,231.00,0.10,1360
L001360,O00552,P011,5,80.00,0.00,1361
L001361,O00553,P012,2,134.00,0.20,1362
L001362,O00553,P011,1,80.00,0.10,1363
L001363,O00553,P005,4,65.00,0.05,1364
L001364,O00554,P013,1,271.00,0.00,1365
L001365,O00554,P008,2,188.00,0.05,1366
L001366,O00554,P005,5,65.00,0.20,1367
L001367,O00555,P017,5,300.00,0.00,1368
L001368,O00555,P012,3,134.00,0.05,1369
L001369,O00555,P002,4,284.00,0.10,1370
L001370,O00555,P004,1,123.00,0.05,1371
L001371,O00556,P004,3,123.00,0.00,1372
L001372,O00556,P015,1,254.00,0.00,1373
L001373,O00557,P015,4,254.00,0.10,1374
L001374,O00558,P002,1,284.00,0.10,1375
L001375,O00559,P022,3,134.00,0.00,1376
L001376,O00559,P003,5,199.00,0.05,1377
L001377,O00559,P002,5,284.00,0.00,1378
L001378,O00560,P002,3,284.00,0.20,1379
L001379,O00560,P003,2,199.00,0.20,1380
L001380,O00561,P005,4,65.00,0.05,1381
L001381,O00561,P021,2,249.00,0.00,1382
L001382,O00562,P020,3,189.00,0.10,1383
L001383,O00562,P010,5,211.00,0.05,1384
L001384,O00563,P016,5,231.00,0.10,1385
L001385,O00563,P022,4,134.00,0.20,1386
L001386,O00563,P011,5,80.00,0.10,1387
L001387,O00563,P003,4,199.00,0.20,1388
L001388,O00564,P004,1,123.00,0.20,1389
L001389,O00565,P007,3,35.00,0.20,1390
L001390,O00565,P003,1,199.00,0.10,1391
L001391,O00565,P020,3,189.00,0.00,1392
L001392,O00565,P022,1,134.00,0.05,1393
L001393,O00566,P018,4,269.00,0.20,1394
L001394,O00566,P015,1,254.00,0.00,1395
L001395,O00567,P007,2,35.00,0.20,1396
L001396,O00568,P002,4,284.00,0.05,1397
L001397,O00568,P023,5,68.00,0.10,1398
L001398,O00569,P011,4,80.00,0.05,1399
L001399,O00569,P009,1,93.00,0.20,1400
L001400,O00569,P011,1,80.00,0.00,1401
L001401,O00569,P004,1,123.00,0.05,1402
L001402,O00570,P004,4,123.00,0.10,1403
L001403,O00570,P020,5,189.00,0.10,1404
L001404,O00570,P004,2,123.00,0.20,1405
L001405,O00571,P012,1,134.00,0.05,1406
L001406,O00571,P017,1,300.00,0.10,1407
L001407,O00572,P024,2,81.00,0.05,1408
L001408,O00572,P006,1,196.00,0.00,1409
L001409,O00572,P013,2,271.00,0.00,1410
L001410,O00573,P004,2,123.00,0.20,1411
L001411,O00573,P020,4,189.00,0.00,1412
L001412,O00573,P007,2,35.00,0.20,1413
L001413,O00574,P024,4,81.00,0.00,1414
L001414,O00574,P024,2,81.00,0.20,1415
L001415,O00575,P007,5,35.00,0.20,1416
L001416,O00576,P005,3,65.00,0.10,1417
L001417,O00576,P013,1,271.00,0.00,1418
L001418,O00577,P011,1,80.00,0.10,1419
L001419,O00577,P002,3,284.00,0.10,1420
L001420,O00578,P020,5,189.00,0.10,1421
L001421,O00578,P019,2,78.00,0.10,1422
L001422,O00578,P019,4,78.00,0.20,1423
L001423,O00579,P024,4,81.00,0.00,1424
L001424,O00579,P014,1,294.00,0.00,1425
L001425,O00579,P004,3,123.00,0.20,1426
L001426,O00579,P015,4,254.00,0.05,1427
L001427,O00580,P007,3,35.00,0.1,1428
L001428,O00580,P009,5,93.00,0.00,1429
L001429,O00581,P002,1,284.00,0.20,1430
L001430,O00581,P004,5,123.00,0.00,1431
L001431,O00582,P003,5,199.00,0.20,1432
L001432,O00582,P018,5,269.00,0.00,1433
L001433,O00582,P003,3,199.00,0.10,1434
L001434,O00582,P023,3,68.00,0.10,1435
L001435,O00583,P022,1,134.00,0.05,1436
L001436,O00584,P024,3,81.00,0.00,1437
L001437,O00584,P005,1,65.00,0.00,1438
L001438,O00585,P009,5,93.00,0.10,1439
L001439,O00586,P004,5,123.00,0.10,1440
L001440,O00586,P011,2,80.00,0.20,1441
L001441,O00586,P013,5,271.00,0.20,1442
L001442,O00587,P013,4,271.00,0.00,1443
L001443,O00587,P012,4,134.00,0.10,1444
L001444,O00587,P021,1,249.00,0.10,1445
L001445,O00588,P019,4,78.00,0.20,1446
L001446,O00589,P017,2,300.00,0.20,1447
L001447,O00590,P013,2,271.00,0.00,1448
L001448,O00590,P004,4,123.00,0.05,1449
L001449,O00590,P005,4,65.00,0.00,1450
L001450,O00590,P008,4,188.00,0.00,1451
L001451,O00591,P008,3,188.00,0.05,1452
L001452,O00591,P001,4,122.00,0.00,1453
L001453,O00592,P007,5,35.00,0.05,1454
L001454,O00593,P015,1,254.00,0.10,1455
L001455,O00593,P013,5,271.00,0.05,1456
L001456,O00594,P023,4,68.00,0.20,1457
L001457,O00595,P001,2,122.00,0.05,1458
L001458,O00595,P001,2,122.00,0.05,1459
L001459,O00595,P004,5,123.00,0.10,1460
L001460,O00595,P011,1,80.00,0.05,1461
L001461,O00596,P016,3,231.00,0.05,1462
L001462,O00596,P018,4,269.00,0.20,1463
L001463,O00597,P017,3,300.00,0.20,1464
L001464,O00597,P006,5,196.00,0.05,1465
L001465,O00597,P019,2,78.00,0.10,1466
L001466,O00597,P013,1,271.00,0.05,1467
L001467,O00598,P009,4,93.00,0.00,1468
L001468,O00598,P017,2,300.00,0.20,1469
L001469,O00598,P010,2,211.00,0.20,1470
L001470,O00598,P003,4,199.00,0.05,1471
L001471,O00599,P010,5,211.00,0.05,1472
L001472,O00599,P007,5,35.00,0.10,1473
L001473,O00599,P015,4,254.00,0.00,1474
L001474,O00600,P023,4,68.00,0.05,1475
L001475,O00600,P011,5,80.00,0.20,1476
L001476,O00600,P016,3,231.00,0.00,1477
L001477,O00600,P010,3,211.00,0.20,1478
L001478,O00601,P006,1,196.00,0.00,1479
L001479,O00601,P017,3,300.00,0.05,1480
L001480,O00601,P024,1,81.00,0.05,1481
L001481,O00601,P008,3,188.00,0.00,1482
L001482,O00602,P006,2,196.00,0.20,1483
L001483,O00602,P002,4,284.00,0.20,1484
L001484,O00602,P017,5,300.00,0.00,1485
L001485,O00603,P009,4,93.00,0.05,1486
L001486,O00603,P004,5,123.00,0.10,1487
L001487,O00603,P008,3,188.00,0.20,1488
L001488,O00604,P003,5,199.00,0.10,1489
L001489,O00604,P015,2,254.00,0.1,1490
L001490,O00604,P003,5,199.00,0.20,1491
L001491,O00605,P022,4,134.00,0.20,1492
L001492,O00606,P015,5,254.00,0.10,1493
L001493,O00606,P022,1,134.00,0.00,1494
L001494,O00606,P020,4,189.00,0.20,1495
L001495,O00606,P005,4,65.00,0.05,1496
L001496,O00607,P018,5,269.00,0.05,1497
L001497,O00607,P015,5,254.00,0.10,1498
L001498,O00608,P010,4,211.00,0.20,1499
L001499,O00608,P013,4,271.00,0.20,1500
L001500,O00608,P002,5,284.00,0.20,1501
L001501,O00609,P013,4,271.00,0.10,1502
L001502,O00609,P006,2,196.00,0.00,1503
L001503,O00610,P017,3,300.00,0.05,1504
L001504,O00610,P014,3,294.00,0.20,1505
L001505,O00610,P012,1,134.00,0.10,1506
L001506,O00610,P017,4,300.00,0.05,1507
L001507,O00611,P015,1,254.00,0.20,1508
L001508,O00612,P002,4,284.00,0.05,1509
L001509,O00612,P008,5,188.00,0.20,1510
L001510,O00612,P009,5,93.00,0.10,1511
L001511,O00612,P001,4,122.00,0.00,1512
L001512,O00613,P008,4,188.00,0.20,1513
L001513,O00613,P007,5,35.00,0.10,1514
L001514,O00614,P003,1,199.00,0.10,1515
L001515,O00615,P008,1,188.00,0.00,1516
L001516,O00615,P001,3,122.00,0.00,1517
L001517,O00615,P016,5,231.00,0.05,1518
L001518,O00616,P005,5,65.00,0.00,1519
L001519,O00616,P014,5,294.00,0.10,1520
L001520,O00616,P015,4,254.00,0.2,1521
L001521,O00617,P006,3,196.00,0.00,1522
L001522,O00618,P001,4,122.00,0.00,1523
L001523,O00619,P024,2,81.00,0.20,1524
L001524,O00619,P016,3,231.00,0.00,1525
L001525,O00619,P006,2,196.00,0.00,1526
L001526,O00620,P006,4,196.00,0.10,1527
L001527,O00621,P009,3,93.00,0.10,1528
L001528,O00621,P001,2,122.00,0.20,1529
L001529,O00621,P020,1,189.00,0.00,1530
L001530,O00622,P020,3,189.00,0.00,1531
L001531,O00622,P020,1,189.00,0.10,1532
L001532,O00622,P014,2,294.00,0.00,1533
L001533,O00623,P001,1,122.00,0.20,1534
L001534,O00624,P008,3,188.00,0.20,1535
L001535,O00624,P003,3,199.00,0.20,1536
L001536,O00624,P003,2,199.00,0.10,1537
L001537,O00624,P004,4,123.00,0.05,1538
L001538,O00625,P013,3,271.00,0.05,1539
L001539,O00625,P009,5,93.00,0.10,1540
L001540,O00625,P007,1,35.00,0.10,1541
L001541,O00625,P005,5,65.00,0.20,1542
L001542,O00626,P022,3,134.00,0.05,1543
L001543,O00626,P003,4,199.00,0.05,1544
L001544,O00626,P003,5,199.00,0.00,1545
L001545,O00626,P014,1,294.00,0.00,1546
L001546,O00627,P005,4,65.00,0.05,1547
L001547,O00627,P014,4,294.00,0.10,1548
L001548,O00628,P003,4,199.00,0.05,1549
L001549,O00628,P023,5,68.00,0.20,1550
L001550,O00628,P014,5,294.00,0.00,1551
L001551,O00628,P013,3,271.00,0.1,1552
L001552,O00629,P015,1,254.00,0.00,1553
L001553,O00629,P018,4,269.00,0.00,1554
L001554,O00629,P012,5,134.00,0.10,1555
L001555,O00630,P001,2,122.00,0.05,1556
L001556,O00630,P019,3,78.00,0.05,1557
L001557,O00630,P001,2,122.00,0.00,1558
L001558,O00630,P017,3,300.00,0.05,1559
L001559,O00631,P014,2,294.00,0.05,1560
L001560,O00631,P012,2,134.00,0.00,1561
L001561,O00631,P011,1,80.00,0.10,1562
L001562,O00631,P014,1,294.00,0.10,1563
L001563,O00632,P018,2,269.00,0.10,1564
L001564,O00632,P011,2,80.00,0.00,1565
L001565,O00632,P012,2,134.00,0.20,1566
L001566,O00632,P019,3,78.00,0.05,1567
L001567,O00633,P011,4,80.00,0.05,1568
L001568,O00633,P024,1,81.00,0.20,1569
L001569,O00633,P014,3,294.00,0.05,1570
L001570,O00634,P006,1,196.00,0.20,1571
L001571,O00635,P015,2,254.00,0.05,1572
L001572,O00635,P013,2,271.00,0.10,1573
L001573,O00635,P009,5,93.00,0.00,1574
L001574,O00635,P009,4,93.00,0.05,1575
L001575,O00636,P017,1,300.00,0.05,1576
L001576,O00637,P002,3,284.00,0.20,1577
L001577,O00637,P023,4,68.00,0.00,1578
L001578,O00637,P005,5,65.00,0.00,1579
L001579,O00637,P016,4,231.00,0.05,1580
L001580,O00638,P017,5,300.00,0.00,1581
L001581,O00638,P024,4,81.00,0.20,1582
L001582,O00638,P019,3,78.00,0.05,1583
L001583,O00639,P014,4,294.00,0.10,1584
L001584,O00640,P021,1,249.00,0.05,1585
L001585,O00640,P012,1,134.00,0.00,1586
L001586,O00641,P012,4,134.00,0.00,1587
L001587,O00641,P019,1,78.00,0.00,1588
L001588,O00641,P023,2,68.00,0.20,1589
L001589,O00641,P019,1,78.00,0.10,1590
L001590,O00642,P005,5,65.00,0.10,1591
L001591,O00642,P003,5,199.00,0.00,1592
L001592,O00642,P023,2,68.00,0.05,1593
L001593,O00642,P010,5,211.00,0.20,1594
L001594,O00643,P004,4,123.00,0.00,1595
L001595,O00643,P003,5,199.00,0.20,1596
L001596,O00643,P019,4,78.00,0.10,1597
L001597,O00644,P005,5,65.00,0.00,1598
L001598,O00644,P020,4,189.00,0.20,1599
L001599,O00644,P015,2,254.00,0.10,1600
L001600,O00645,P006,2,196.00,0.20,1601
L001601,O00645,P002,4,284.00,0.10,1602
L001602,O00645,P015,5,254.00,0.05,1603
L001603,O00646,P007,5,35.00,0.05,1604
L001604,O00647,P007,4,35.00,0.05,1605
L001605,O00647,P015,5,254.00,0.20,1606
L001606,O00647,P005,3,65.00,0.05,1607
L001607,O00648,P004,1,123.00,0.10,1608
L001608,O00648,P012,5,134.00,0.20,1609
L001609,O00649,P004,3,123.00,0.20,1610
L001610,O00649,P014,4,294.00,0.20,1611
L001611,O00649,P002,2,284.00,0.05,1612
L001612,O00650,P002,2,284.00,0.05,1613
L001613,O00650,P012,3,134.00,0.2,1614
L001614,O00651,P003,5,199.00,0.00,1615
L001615,O00652,P010,3,211.00,0.05,1616
L001616,O00653,P017,2,300.00,0.10,1617
L001617,O00653,P010,3,211.00,0.00,1618
L001618,O00654,P023,5,68.00,0.05,1619
L001619,O00654,P016,5,231.00,0.10,1620
L001620,O00654,P020,3,189.00,0.20,1621
L001621,O00655,P020,3,189.00,0.05,1622
L001622,O00655,P001,2,122.00,0.00,1623
L001623,O00656,P012,4,134.00,0.05,1624
L001624,O00657,P004,2,123.00,0.05,1625
L001625,O00658,P009,1,93.00,0.10,1626
L001626,O00658,P002,4,284.00,0.10,1627
L001627,O00658,P002,5,284.00,0.20,1628
L001628,O00658,P011,5,80.00,0.00,1629
L001629,O00659,P006,4,196.00,0.00,1630
L001630,O00659,P015,3,254.00,0.00,1631
L001631,O00660,P004,1,123.00,0.10,1632
L001632,O00661,P017,4,300.00,0.10,1633
L001633,O00661,P015,4,254.00,0.00,1634
L001634,O00661,P008,2,188.00,0.00,1635
L001635,O00662,P006,4,196.00,0.20,1636
L001636,O00662,P011,4,80.00,0.00,1637
L001637,O00663,P004,3,123.00,0.20,1638
L001638,O00663,P008,1,188.00,0.20,1639
L001639,O00663,P019,5,78.00,0.00,1640
L001640,O00664,P003,4,199.00,0.10,1641
L001641,O00665,P003,4,199.00,0.05,1642
L001642,O00665,P013,2,271.00,0.20,1643
L001643,O00665,P015,3,254.00,0.00,1644
L001644,O00666,P002,1,284.00,0.2,1645
L001645,O00666,P015,2,254.00,0.10,1646
L001646,O00667,P021,3,249.00,0.10,1647
L001647,O00667,P001,4,122.00,0.05,1648
L001648,O00667,P010,5,211.00,0.05,1649
L001649,O00667,P007,5,35.00,0.20,1650
L001650,O00668,P015,2,254.00,0.10,1651
L001651,O00669,P018,5,269.00,0.05,1652
L001652,O00669,P014,4,294.00,0.05,1653
L001653,O00670,P010,5,211.00,0.20,1654
L001654,O00670,P017,3,300.00,0.05,1655
L001655,O00671,P016,4,231.00,0.20,1656
L001656,O00671,P015,5,254.00,0.10,1657
L001657,O00671,P022,5,134.00,0.00,1658
L001658,O00671,P017,3,300.00,0.05,1659
L001659,O00672,P023,5,68.00,0.20,1660
L001660,O00672,P015,4,254.00,0.20,1661
L001661,O00672,P006,4,196.00,0.05,1662
L001662,O00673,P005,3,65.00,0.05,1663
L001663,O00673,P018,2,269.00,0.00,1664
L001664,O00674,P023,5,68.00,0.10,1665
L001665,O00675,P022,3,134.00,0.00,1666
L001666,O00675,P004,1,123.00,0.10,1667
L001667,O00676,P019,1,78.00,0.00,1668
L001668,O00676,P018,3,269.00,0.00,1669
L001669,O00676,P017,3,300.00,0.10,1670
L001670,O00677,P020,4,189.00,0.00,1671
L001671,O00677,P006,2,196.00,0.00,1672
L001672,O00678,P017,4,300.00,0.00,1673
L001673,O00678,P006,5,196.00,0.10,1674
L001674,O00679,P002,3,284.00,0.20,1675
L001675,O00679,P005,4,65.00,0.1,1676
L001676,O00680,P011,4,80.00,0.00,1677
L001677,O00681,P021,4,249.00,0.20,1678
L001678,O00681,P006,4,196.00,0.20,1679
L001679,O00681,P005,1,65.00,0.20,1680
L001680,O00681,P017,5,300.00,0.05,1681
L001681,O00682,P013,2,271.00,0.00,1682
L001682,O00682,P004,3,123.00,0.20,1683
L001683,O00682,P010,2,211.00,0.00,1684
L001684,O00683,P002,2,284.00,0.20,1685
L001685,O00684,P005,4,65.00,0.00,1686
L001686,O00684,P005,5,65.00,0.05,1687
L001687,O00684,P019,4,78.00,0.10,1688
L001688,O00684,P021,5,249.00,0.20,1689
L001689,O00685,P009,2,93.00,0.20,1690
L001690,O00685,P022,3,134.00,0.00,1691
L001691,O00686,P007,4,35.00,0.20,1692
L001692,O00686,P016,3,231.00,0.00,1693
L001693,O00686,P013,2,271.00,0.10,1694
L001694,O00687,P008,1,188.00,0.00,1695
L001695,O00687,P002,2,284.00,0.05,1696
L001696,O00687,P007,2,35.00,0.05,1697
L001697,O00687,P012,2,134.00,0.20,1698
L001698,O00688,P012,3,134.00,0.20,1699
L001699,O00688,P014,3,294.00,0.00,1700
L001700,O00688,P021,1,249.00,0.00,1701
L001701,O00689,P014,3,294.00,0.05,1702
L001702,O00690,P016,4,231.00,0.05,1703
L001703,O00690,P010,5,211.00,0.20,1704
L001704,O00690,P001,4,122.00,0.20,1705
L001705,O00691,P004,1,123.00,0.00,1706
L001706,O00691,P006,2,196.00,0,1707
L001707,O00691,P017,1,300.00,0.20,1708
L001708,O00692,P016,4,231.00,0.05,1709
L001709,O00692,P003,5,199.00,0.10,1710
L001710,O00693,P015,3,254.00,0.05,1711
L001711,O00693,P001,4,122.00,0.20,1712
L001712,O00694,P002,1,284.00,0.00,1713
L001713,O00694,P012,5,134.00,0.10,1714
L001714,O00695,P019,2,78.00,0.10,1715
L001715,O00696,P005,2,65.00,0.10,1716
L001716,O00697,P003,1,199.00,0.00,1717
L001717,O00697,P024,3,81.00,0.05,1718
L001718,O00697,P011,5,80.00,0.20,1719
L001719,O00698,P021,4,249.00,0.10,1720
L001720,O00698,P010,5,211.00,0.05,1721
L001721,O00698,P013,1,271.00,0.20,1722
L001722,O00698,P013,4,271.00,0.00,1723
L001723,O00699,P016,5,231.00,0.00,1724
L001724,O00699,P001,5,122.00,0.10,1725
L001725,O00700,P002,1,284.00,0.20,1726
L001726,O00701,P001,5,122.00,0.00,1727
L001727,O00701,P002,2,284.00,0.20,1728
L001728,O00702,P001,5,122.00,0.20,1729
L001729,O00702,P006,1,196.00,0.20,1730
L001730,O00703,P004,2,123.00,0.10,1731
L001731,O00703,P003,1,199.00,0.05,1732
L001732,O00704,P008,4,188.00,0.10,1733
L001733,O00704,P014,2,294.00,0.20,1734
L001734,O00705,P011,2,80.00,0.10,1735
L001735,O00705,P022,5,134.00,0.00,1736
L001736,O00706,P008,3,188.00,0.20,1737
L001737,O00706,P002,4,284.00,0.1,1738
L001738,O00707,P001,3,122.00,0.00,1739
L001739,O00707,P013,4,271.00,0.10,1740
L001740,O00707,P005,2,65.00,0.00,1741
L001741,O00708,P004,4,123.00,0.00,1742
L001742,O00709,P019,2,78.00,0.20,1743
L001743,O00709,P015,5,254.00,0.20,1744
L001744,O00709,P005,3,65.00,0.20,1745
L001745,O00710,P019,2,78.00,0.00,1746
L001746,O00710,P017,4,300.00,0.00,1747
L001747,O00710,P010,5,211.00,0.05,1748
L001748,O00711,P006,3,196.00,0.10,1749
L001749,O00712,P008,3,188.00,0.10,1750
L001750,O00712,P004,2,123.00,0.00,1751
L001751,O00712,P014,3,294.00,0.05,1752
L001752,O00712,P003,3,199.00,0.10,1753
L001753,O00713,P019,3,78.00,0.20,1754
L001754,O00714,P014,1,294.00,0.20,1755
L001755,O00714,P019,2,78.00,0.00,1756
L001756,O00714,P010,3,211.00,0.20,1757
L001757,O00714,P010,3,211.00,0.20,1758
L001758,O00715,P008,3,188.00,0.20,1759
L001759,O00715,P019,1,78.00,0.10,1760
L001760,O00716,P016,5,231.00,0.20,1761
L001761,O00716,P024,4,81.00,0.20,1762
L001762,O00717,P008,3,188.00,0.10,1763
L001763,O00717,P017,1,300.00,0.00,1764
L001764,O00717,P003,1,199.00,0.20,1765
L001765,O00718,P007,5,35.00,0.05,1766
L001766,O00718,P024,5,81.00,0.05,1767
L001767,O00718,P007,1,35.00,0.05,1768
L001768,O00719,P017,1,300.00,0.2,1769
L001769,O00719,P024,4,81.00,0.00,1770
L001770,O00719,P024,5,81.00,0.00,1771
L001771,O00719,P006,5,196.00,0.20,1772
L001772,O00720,P023,5,68.00,0.20,1773
L001773,O00720,P014,3,294.00,0.10,1774
L001774,O00721,P018,1,269.00,0.05,1775
L001775,O00721,P005,4,65.00,0.20,1776
L001776,O00721,P005,1,65.00,0.00,1777
L001777,O00722,P007,4,35.00,0.10,1778
L001778,O00722,P012,4,134.00,0.10,1779
L001779,O00723,P012,2,134.00,0.05,1780
L001780,O00723,P023,3,68.00,0.00,1781
L001781,O00724,P021,1,249.00,0.05,1782
L001782,O00724,P014,4,294.00,0.10,1783
L001783,O00724,P024,4,81.00,0.05,1784
L001784,O00724,P014,2,294.00,0.00,1785
L001785,O00725,P008,1,188.00,0.10,1786
L001786,O00726,P024,1,81.00,0.05,1787
L001787,O00726,P014,1,294.00,0.10,1788
L001788,O00727,P011,1,80.00,0.10,1789
L001789,O00728,P006,2,196.00,0.05,1790
L001790,O00728,P023,5,68.00,0.05,1791
L001791,O00728,P014,5,294.00,0.10,1792
L001792,O00729,P019,3,78.00,0.05,1793
L001793,O00730,P010,5,211.00,0.00,1794
L001794,O00730,P020,4,189.00,0.10,1795
L001795,O00730,P008,2,188.00,0.20,1796
L001796,O00730,P021,4,249.00,0.20,1797
L001797,O00731,P008,1,188.00,0.20,1798
L001798,O00731,P009,1,93.00,0.00,1799
L001799,O00732,P003,5,199.00,0.2,1800
L001800,O00732,P006,3,196.00,0.10,1801
L001801,O00732,P008,1,188.00,0.20,1802
L001802,O00733,P004,5,123.00,0.00,1803
L001803,O00733,P005,3,65.00,0.00,1804
L001804,O00733,P023,2,68.00,0.05,1805
L001805,O00733,P014,4,294.00,0.00,1806
L001806,O00734,P016,1,231.00,0.10,1807
L001807,O00734,P009,1,93.00,0.10,1808
L001808,O00734,P013,4,271.00,0.10,1809
L001809,O00734,P017,3,300.00,0.10,1810
L001810,O00735,P007,4,35.00,0.05,1811
L001811,O00735,P018,5,269.00,0.10,1812
L001812,O00735,P008,2,188.00,0.10,1813
L001813,O00736,P021,3,249.00,0.20,1814
L001814,O00736,P006,4,196.00,0.10,1815
L001815,O00736,P007,1,35.00,0.00,1816
L001816,O00737,P022,4,134.00,0.05,1817
L001817,O00737,P008,3,188.00,0.00,1818
L001818,O00737,P019,1,78.00,0.05,1819
L001819,O00737,P007,2,35.00,0.05,1820
L001820,O00738,P001,5,122.00,0.20,1821
L001821,O00739,P010,2,211.00,0.10,1822
L001822,O00740,P013,2,271.00,0.20,1823
L001823,O00740,P013,3,271.00,0.00,1824
L001824,O00741,P002,2,284.00,0.10,1825
L001825,O00741,P004,1,123.00,0.05,1826
L001826,O00741,P018,2,269.00,0.20,1827
L001827,O00742,P015,2,254.00,0.20,1828
L001828,O00743,P024,1,81.00,0.20,1829
L001829,O00743,P019,2,78.00,0.20,1830
L001830,O00743,P014,1,294.00,0,1831
L001831,O00744,P011,3,80.00,0.00,1832
L001832,O00744,P003,2,199.00,0.20,1833
L001833,O00744,P002,1,284.00,0.20,1834
L001834,O00745,P019,5,78.00,0.10,1835
L001835,O00746,P004,2,123.00,0.10,1836
L001836,O00746,P021,5,249.00,0.00,1837
L001837,O00747,P002,2,284.00,0.05,1838
L001838,O00747,P010,5,211.00,0.00,1839
L001839,O00747,P017,3,300.00,0.00,1840
L001840,O00748,P011,3,80.00,0.05,1841
L001841,O00749,P007,4,35.00,0.20,1842
L001842,O00749,P024,5,81.00,0.20,1843
L001843,O00750,P018,3,269.00,0.00,1844
L001844,O00751,P014,1,294.00,0.05,1845
L001845,O00751,P019,5,78.00,0.00,1846
L001846,O00751,P021,3,249.00,0.05,1847
L001847,O00751,P024,3,81.00,0.20,1848
L001848,O00752,P007,3,35.00,0.00,1849
L001849,O00752,P002,1,284.00,0.05,1850
L001850,O00752,P020,1,189.00,0.05,1851
L001851,O00753,P007,4,35.00,0.10,1852
L001852,O00753,P016,4,231.00,0.05,1853
L001853,O00753,P020,4,189.00,0.20,1854
L001854,O00753,P021,1,249.00,0.00,1855
L001855,O00754,P004,5,123.00,0.10,1856
L001856,O00754,P014,5,294.00,0.00,1857
L001857,O00754,P003,2,199.00,0.00,1858
L001858,O00754,P006,1,196.00,0.05,1859
L001859,O00755,P006,2,196.00,0.05,1860
L001860,O00755,P017,3,300.00,0.05,1861
L001861,O00755,P011,5,80.00,0.2,1862
L001862,O00755,P021,3,249.00,0.10,1863
L001863,O00756,P018,4,269.00,0.10,1864
L001864,O00756,P001,4,122.00,0.00,1865
L001865,O00756,P019,4,78.00,0.10,1866
L001866,O00756,P007,1,35.00,0.10,1867
L001867,O00757,P001,5,122.00,0.20,1868
L001868,O00757,P020,2,189.00,0.05,1869
L001869,O00757,P013,4,271.00,0.10,1870
L001870,O00757,P024,5,81.00,0.00,1871
L001871,O00758,P004,5,123.00,0.05,1872
L001872,O00759,P004,3,123.00,0.05,1873
L001873,O00760,P017,5,300.00,0.20,1874
L001874,O00760,P023,5,68.00,0.10,1875
L001875,O00761,P009,4,93.00,0.10,1876
L001876,O00762,P014,5,294.00,0.20,1877
L001877,O00763,P008,4,188.00,0.00,1878
L001878,O00763,P017,5,300.00,0.00,1879
L001879,O00764,P011,1,80.00,0.00,1880
L001880,O00765,P015,1,254.00,0.00,1881
L001881,O00766,P008,3,188.00,0.20,1882
L001882,O00766,P005,4,65.00,0.05,1883
L001883,O00767,P007,3,35.00,0.00,1884
L001884,O00767,P016,1,231.00,0.20,1885
L001885,O00768,P024,2,81.00,0.20,1886
L001886,O00769,P006,2,196.00,0.10,1887
L001887,O00769,P018,5,269.00,0.10,1888
L001888,O00770,P010,1,211.00,0.05,1889
L001889,O00771,P009,5,93.00,0.20,1890
L001890,O00771,P023,3,68.00,0.05,1891
L001891,O00771,P014,2,294.00,0.05,1892
L001892,O00772,P001,2,122.00,0.1,1893
L001893,O00772,P003,4,199.00,0.20,1894
L001894,O00772,P014,1,294.00,0.05,1895
L001895,O00772,P015,3,254.00,0.20,1896
L001896,O00773,P023,3,68.00,0.20,1897
L001897,O00774,P011,5,80.00,0.05,1898
L001898,O00774,P024,4,81.00,0.00,1899
L001899,O00774,P008,4,188.00,0.05,1900
L001900,O00775,P008,5,188.00,0.10,1901
L001901,O00775,P006,2,196.00,0.00,1902
L001902,O00775,P017,5,300.00,0.05,1903
L001903,O00775,P021,4,249.00,0.00,1904
L001904,O00776,P003,3,199.00,0.10,1905
L001905,O00777,P001,1,122.00,0.10,1906
L001906,O00777,P001,2,122.00,0.00,1907
L001907,O00777,P022,1,134.00,0.10,1908
L001908,O00778,P004,2,123.00,0.00,1909
L001909,O00778,P016,3,231.00,0.20,1910
L001910,O00778,P014,2,294.00,0.10,1911
L001911,O00778,P012,3,134.00,0.10,1912
L001912,O00779,P008,2,188.00,0.05,1913
L001913,O00779,P011,1,80.00,0.05,1914
L001914,O00779,P019,1,78.00,0.20,1915
L001915,O00780,P015,3,254.00,0.10,1916
L001916,O00781,P013,2,271.00,0.05,1917
L001917,O00782,P018,2,269.00,0.00,1918
L001918,O00782,P001,2,122.00,0.10,1919
L001919,O00782,P014,2,294.00,0.20,1920
L001920,O00782,P021,5,249.00,0.05,1921
L001921,O00783,P022,5,134.00,0.20,1922
L001922,O00783,P004,3,123.00,0.00,1923
L001923,O00784,P005,1,65.00,0.05,1924
L001924,O00784,P017,3,300.00,0.05,1925
L001925,O00784,P010,1,211.00,0.05,1926
L001926,O00785,P017,2,300.00,0.20,1927
L001927,O00785,P020,2,189.00,0.10,1928
L001928,O00785,P007,5,35.00,0.20,1929
L001929,O00785,P019,1,78.00,0.00,1930
L001930,O00786,P003,4,199.00,0.05,1931
L001931,O00786,P020,5,189.00,0.10,1932
L001932,O00786,P010,1,211.00,0.20,1933
L001933,O00787,P008,3,188.00,0.20,1934
L001934,O00788,P020,4,189.00,0.05,1935
L001935,O00789,P002,2,284.00,0.20,1936
L001936,O00789,P016,2,231.00,0.10,1937
L001937,O00790,P004,1,123.00,0.00,1938
L001938,O00790,P024,3,81.00,0.00,1939
L001939,O00791,P007,3,35.00,0.00,1940
L001940,O00791,P021,2,249.00,0.00,1941
L001941,O00791,P007,1,35.00,0.10,1942
L001942,O00791,P004,3,123.00,0.10,1943
L001943,O00792,P017,2,300.00,0.00,1944
L001944,O00792,P007,4,35.00,0.20,1945
L001945,O00792,P008,5,188.00,0.20,1946
L001946,O00792,P022,1,134.00,0.05,1947
L001947,O00793,P023,4,68.00,0.10,1948
L001948,O00793,P015,3,254.00,0.20,1949
L001949,O00793,P022,3,134.00,0.10,1950
L001950,O00793,P019,2,78.00,0.05,1951
L001951,O00794,P011,1,80.00,0.20,1952
L001952,O00795,P014,3,294.00,0.05,1953
L001953,O00795,P013,1,271.00,0.20,1954
L001954,O00795,P004,1,123.00,0.2,1955
L001955,O00796,P019,4,78.00,0.10,1956
L001956,O00797,P006,5,196.00,0.20,1957
L001957,O00798,P014,4,294.00,0.20,1958
L001958,O00798,P017,2,300.00,0.05,1959
L001959,O00798,P024,4,81.00,0.05,1960
L001960,O00799,P006,5,196.00,0.05,1961
L001961,O00800,P009,4,93.00,0.10,1962
L001962,O00800,P001,3,122.00,0.20,1963
L001963,O00800,P005,1,65.00,0.10,1964
L001964,O00801,P017,2,300.00,0.10,1965
L001965,O00801,P014,3,294.00,0.20,1966
L001966,O00801,P007,2,35.00,0.10,1967
L001967,O00801,P003,5,199.00,0.10,1968
L001968,O00802,P010,3,211.00,0.20,1969
L001969,O00802,P018,5,269.00,0.10,1970
L001970,O00802,P009,5,93.00,0.10,1971
L001971,O00802,P021,3,249.00,0.05,1972
L001972,O00803,P002,4,284.00,0.20,1973
L001973,O00803,P015,1,254.00,0.20,1974
L001974,O00803,P002,5,284.00,0.20,1975
L001975,O00803,P005,3,65.00,0.05,1976
L001976,O00804,P002,3,284.00,0.10,1977
L001977,O00804,P003,5,199.00,0.00,1978
L001978,O00805,P022,3,134.00,0.00,1979
L001979,O00806,P017,3,300.00,0.05,1980
L001980,O00807,P007,3,35.00,0.20,1981
L001981,O00808,P009,5,93.00,0.05,1982
L001982,O00808,P003,3,199.00,0.10,1983
L001983,O00808,P020,2,189.00,0.00,1984
L001984,O00809,P014,5,294.00,0.20,1985
L001985,O00810,P019,2,78.00,0.2,1986
L001986,O00810,P015,2,254.00,0.10,1987
L001987,O00811,P001,5,122.00,0.00,1988
L001988,O00811,P011,4,80.00,0.10,1989
L001989,O00811,P013,4,271.00,0.10,1990
L001990,O00812,P024,1,81.00,0.20,1991
L001991,O00812,P002,5,284.00,0.00,1992
L001992,O00813,P007,1,35.00,0.05,1993
L001993,O00813,P017,1,300.00,0.00,1994
L001994,O00814,P023,3,68.00,0.00,1995
L001995,O00815,P005,4,65.00,0.00,1996
L001996,O00815,P012,5,134.00,0.05,1997
L001997,O00816,P004,3,123.00,0.00,1998
L001998,O00816,P022,1,134.00,0.05,1999
L001999,O00816,P011,1,80.00,0.10,2000
L002000,O00817,P022,1,134.00,0.00,2001
L002001,O00817,P012,4,134.00,0.20,2002
L002002,O00818,P021,3,249.00,0.10,2003
L002003,O00818,P005,3,65.00,0.10,2004
L002004,O00818,P019,3,78.00,0.10,2005
L002005,O00819,P013,2,271.00,0.20,2006
L002006,O00819,P009,5,93.00,0.05,2007
L002007,O00820,P009,1,93.00,0.10,2008
L002008,O00820,P017,5,300.00,0.00,2009
L002009,O00820,P002,5,284.00,0.05,2010
L002010,O00820,P002,1,284.00,0.05,2011
L002011,O00821,P020,4,189.00,0.00,2012
L002012,O00821,P001,4,122.00,0.20,2013
L002013,O00822,P017,2,300.00,0.00,2014
L002014,O00822,P005,4,65.00,0.05,2015
L002015,O00823,P011,2,80.00,0.00,2016
L002016,O00824,P023,2,68.00,0.1,2017
L002017,O00825,P020,5,189.00,0.20,2018
L002018,O00826,P015,1,254.00,0.05,2019
L002019,O00826,P012,2,134.00,0.10,2020
L002020,O00826,P021,3,249.00,0.05,2021
L002021,O00826,P009,1,93.00,0.10,2022
L002022,O00827,P011,5,80.00,0.00,2023
L002023,O00827,P005,2,65.00,0.10,2024
L002024,O00828,P012,3,134.00,0.20,2025
L002025,O00828,P019,2,78.00,0.00,2026
L002026,O00828,P020,4,189.00,0.05,2027
L002027,O00829,P024,3,81.00,0.20,2028
L002028,O00829,P020,5,189.00,0.05,2029
L002029,O00829,P006,1,196.00,0.20,2030
L002030,O00829,P001,5,122.00,0.10,2031
L002031,O00830,P023,2,68.00,0.05,2032
L002032,O00830,P023,1,68.00,0.00,2033
L002033,O00830,P024,5,81.00,0.20,2034
L002034,O00831,P015,5,254.00,0.05,2035
L002035,O00831,P015,2,254.00,0.05,2036
L002036,O00831,P015,2,254.00,0.20,2037
L002037,O00832,P023,5,68.00,0.05,2038
L002038,O00832,P023,5,68.00,0.10,2039
L002039,O00832,P018,3,269.00,0.20,2040
L002040,O00832,P018,3,269.00,0.05,2041
L002041,O00833,P004,2,123.00,0.05,2042
L002042,O00833,P021,4,249.00,0.00,2043
L002043,O00833,P019,4,78.00,0.10,2044
L002044,O00834,P021,1,249.00,0.05,2045
L002045,O00834,P005,4,65.00,0.10,2046
L002046,O00834,P013,4,271.00,0.20,2047
L002047,O00835,P005,2,65.00,0.1,2048
L002048,O00836,P006,2,196.00,0.00,2049
L002049,O00836,P021,5,249.00,0.05,2050
L002050,O00836,P014,5,294.00,0.20,2051
L002051,O00836,P005,3,65.00,0.10,2052
L002052,O00837,P006,2,196.00,0.10,2053
L002053,O00837,P011,5,80.00,0.00,2054
L002054,O00837,P008,2,188.00,0.00,2055
L002055,O00838,P014,5,294.00,0.05,2056
L002056,O00838,P020,4,189.00,0.10,2057
L002057,O00839,P008,5,188.00,0.10,2058
L002058,O00839,P013,2,271.00,0.00,2059
L002059,O00840,P004,3,123.00,0.00,2060
L002060,O00841,P008,1,188.00,0.00,2061
L002061,O00842,P015,2,254.00,0.10,2062
L002062,O00842,P006,4,196.00,0.05,2063
L002063,O00842,P022,3,134.00,0.05,2064
L002064,O00842,P003,1,199.00,0.05,2065
L002065,O00843,P009,2,93.00,0.10,2066
L002066,O00843,P023,5,68.00,0.05,2067
L002067,O00843,P016,4,231.00,0.00,2068
L002068,O00843,P012,4,134.00,0.00,2069
L002069,O00844,P013,5,271.00,0.00,2070
L002070,O00844,P009,5,93.00,0.00,2071
L002071,O00844,P008,3,188.00,0.00,2072
L002072,O00845,P015,3,254.00,0.20,2073
L002073,O00845,P006,4,196.00,0.20,2074
L002074,O00846,P006,1,196.00,0.10,2075
L002075,O00846,P019,1,78.00,0.00,2076
L002076,O00846,P021,1,249.00,0.10,2077
L002077,O00847,P008,3,188.00,0.05,2078
L002078,O00847,P008,1,188.00,0,2079
L002079,O00848,P004,2,123.00,0.05,2080
L002080,O00849,P016,1,231.00,0.05,2081
L002081,O00849,P002,2,284.00,0.10,2082
L002082,O00850,P024,4,81.00,0.05,2083
L002083,O00850,P014,5,294.00,0.05,2084
L002084,O00851,P008,5,188.00,0.10,2085
L002085,O00851,P004,5,123.00,0.20,2086
L002086,O00852,P013,4,271.00,0.05,2087
L002087,O00852,P011,5,80.00,0.20,2088
L002088,O00853,P001,3,122.00,0.00,2089
L002089,O00854,P008,3,188.00,0.00,2090
L002090,O00854,P024,3,81.00,0.00,2091
L002091,O00855,P020,2,189.00,0.00,2092
L002092,O00855,P008,4,188.00,0.00,2093
L002093,O00855,P005,3,65.00,0.05,2094
L002094,O00855,P024,4,81.00,0.05,2095
L002095,O00856,P014,3,294.00,0.10,2096
L002096,O00856,P018,5,269.00,0.20,2097
L002097,O00856,P020,4,189.00,0.05,2098
L002098,O00857,P014,5,294.00,0.05,2099
L002099,O00857,P019,3,78.00,0.00,2100
L002100,O00857,P022,2,134.00,0.10,2101
L002101,O00858,P008,3,188.00,0.10,2102
L002102,O00858,P007,3,35.00,0.05,2103
L002103,O00858,P004,4,123.00,0.10,2104
L002104,O00858,P003,4,199.00,0.10,2105
L002105,O00859,P001,1,122.00,0.20,2106
L002106,O00859,P017,4,300.00,0.20,2107
L002107,O00859,P023,5,68.00,0.00,2108
L002108,O00860,P016,3,231.00,0.20,2109
L002109,O00861,P012,2,134.00,0,2110
L002110,O00861,P020,1,189.00,0.10,2111
L002111,O00861,P004,3,123.00,0.05,2112
L002112,O00861,P019,2,78.00,0.10,2113
L002113,O00862,P014,2,294.00,0.20,2114
L002114,O00863,P011,1,80.00,0.20,2115
L002115,O00863,P014,1,294.00,0.10,2116
L002116,O00864,P008,1,188.00,0.05,2117
L002117,O00864,P002,3,284.00,0.00,2118
L002118,O00865,P008,4,188.00,0.05,2119
L002119,O00866,P018,2,269.00,0.10,2120
L002120,O00867,P015,5,254.00,0.05,2121
L002121,O00867,P012,4,134.00,0.00,2122
L002122,O00867,P004,1,123.00,0.00,2123
L002123,O00868,P011,5,80.00,0.20,2124
L002124,O00868,P024,1,81.00,0.10,2125
L002125,O00869,P020,1,189.00,0.00,2126
L002126,O00869,P016,2,231.00,0.00,2127
L002127,O00869,P017,3,300.00,0.10,2128
L002128,O00869,P024,1,81.00,0.00,2129
L002129,O00870,P014,3,294.00,0.05,2130
L002130,O00870,P015,3,254.00,0.20,2131
L002131,O00871,P022,2,134.00,0.20,2132
L002132,O00872,P009,1,93.00,0.10,2133
L002133,O00872,P022,4,134.00,0.00,2134
L002134,O00872,P005,2,65.00,0.10,2135
L002135,O00872,P001,5,122.00,0.10,2136
L002136,O00873,P008,3,188.00,0.00,2137
L002137,O00873,P014,4,294.00,0.00,2138
L002138,O00873,P017,5,300.00,0.10,2139
L002139,O00874,P013,3,271.00,0.20,2140
L002140,O00874,P024,2,81.00,0.05,2141
L002141,O00875,P004,5,123.00,0.20,2142
L002142,O00875,P012,5,134.00,0.10,2143
L002143,O00875,P001,5,122.00,0.10,2144
L002144,O00876,P006,1,196.00,0.00,2145
L002145,O00876,P010,4,211.00,0.00,2146
L002146,O00876,P018,4,269.00,0.05,2147
L002147,O00876,P017,3,300.00,0.00,2148
L002148,O00877,P016,3,231.00,0.20,2149
L002149,O00878,P009,5,93.00,0.20,2150
L002150,O00878,P006,1,196.00,0.20,2151
L002151,O00878,P005,1,65.00,0.05,2152
L002152,O00879,P011,2,80.00,0.05,2153
L002153,O00880,P001,1,122.00,0.20,2154
L002154,O00881,P019,4,78.00,0.10,2155
L002155,O00882,P023,1,68.00,0.20,2156
L002156,O00882,P021,2,249.00,0.05,2157
L002157,O00883,P022,1,134.00,0.20,2158
L002158,O00884,P014,5,294.00,0.00,2159
L002159,O00884,P003,3,199.00,0.00,2160
L002160,O00885,P014,1,294.00,0.05,2161
L002161,O00886,P009,4,93.00,0.20,2162
L002162,O00886,P020,5,189.00,0.05,2163
L002163,O00886,P020,2,189.00,0.20,2164
L002164,O00887,P017,2,300.00,0.05,2165
L002165,O00887,P014,3,294.00,0.10,2166
L002166,O00887,P018,1,269.00,0.05,2167
L002167,O00888,P007,1,35.00,0.05,2168
L002168,O00888,P015,4,254.00,0.05,2169
L002169,O00888,P008,2,188.00,0.00,2170
L002170,O00888,P015,4,254.00,0.10,2171
L002171,O00889,P004,4,123.00,0,2172
L002172,O00890,P010,1,211.00,0.05,2173
L002173,O00890,P010,2,211.00,0.00,2174
L002174,O00890,P020,5,189.00,0.05,2175
L002175,O00891,P024,5,81.00,0.00,2176
L002176,O00892,P006,5,196.00,0.10,2177
L002177,O00892,P010,4,211.00,0.20,2178
L002178,O00892,P021,3,249.00,0.00,2179
L002179,O00893,P003,2,199.00,0.00,2180
L002180,O00894,P009,4,93.00,0.05,2181
L002181,O00894,P003,5,199.00,0.05,2182
L002182,O00894,P020,2,189.00,0.00,2183
L002183,O00895,P016,2,231.00,0.10,2184
L002184,O00896,P006,2,196.00,0.05,2185
L002185,O00896,P013,2,271.00,0.00,2186
L002186,O00897,P013,3,271.00,0.00,2187
L002187,O00897,P017,5,300.00,0.00,2188
L002188,O00897,P005,3,65.00,0.00,2189
L002189,O00898,P013,3,271.00,0.20,2190
L002190,O00898,P007,1,35.00,0.10,2191
L002191,O00898,P012,5,134.00,0.20,2192
L002192,O00899,P021,1,249.00,0.10,2193
L002193,O00900,P023,4,68.00,0.00,2194
L002194,O00901,P024,4,81.00,0.00,2195
L002195,O00901,P012,4,134.00,0.05,2196
L002196,O00901,P020,4,189.00,0.05,2197
L002197,O00901,P014,4,294.00,0.00,2198
L002198,O00902,P017,2,300.00,0.05,2199
L002199,O00902,P016,2,231.00,0.00,2200
L002200,O00902,P019,5,78.00,0.10,2201
L002201,O00903,P014,2,294.00,0.05,2202
L002202,O00904,P020,2,189.00,0,2203
L002203,O00905,P014,5,294.00,0.05,2204
L002204,O00905,P019,2,78.00,0.20,2205
L002205,O00906,P004,1,123.00,0.20,2206
L002206,O00907,P001,2,122.00,0.10,2207
L002207,O00907,P009,4,93.00,0.20,2208
L002208,O00907,P007,4,35.00,0.20,2209
L002209,O00908,P011,3,80.00,0.10,2210
L002210,O00908,P002,1,284.00,0.20,2211
L002211,O00908,P011,5,80.00,0.00,2212
L002212,O00908,P003,1,199.00,0.10,2213
L002213,O00909,P005,5,65.00,0.10,2214
L002214,O00910,P011,1,80.00,0.05,2215
L002215,O00910,P012,2,134.00,0.00,2216
L002216,O00911,P007,5,35.00,0.05,2217
L002217,O00911,P020,4,189.00,0.10,2218
L002218,O00911,P024,5,81.00,0.05,2219
L002219,O00911,P011,3,80.00,0.00,2220
L002220,O00912,P010,3,211.00,0.10,2221
L002221,O00912,P003,5,199.00,0.05,2222
L002222,O00913,P019,5,78.00,0.10,2223
L002223,O00914,P007,4,35.00,0.00,2224
L002224,O00914,P004,1,123.00,0.10,2225
L002225,O00914,P024,2,81.00,0.10,2226
L002226,O00914,P002,3,284.00,0.20,2227
L002227,O00915,P004,5,123.00,0.05,2228
L002228,O00915,P010,4,211.00,0.10,2229
L002229,O00915,P018,5,269.00,0.05,2230
L002230,O00916,P006,5,196.00,0.05,2231
L002231,O00917,P004,4,123.00,0.00,2232
L002232,O00917,P012,3,134.00,0.10,2233
L002233,O00918,P007,3,35.00,0.05,2234
L002234,O00918,P016,5,231.00,0.00,2235
L002235,O00919,P019,5,78.00,0.00,2236
L002236,O00919,P020,5,189.00,0.00,2237
L002237,O00920,P012,4,134.00,0.00,2238
L002238,O00920,P004,4,123.00,0.00,2239
L002239,O00920,P021,2,249.00,0.10,2240
L002240,O00921,P009,3,93.00,0.00,2241
L002241,O00921,P018,4,269.00,0.00,2242
L002242,O00922,P017,4,300.00,0.10,2243
L002243,O00922,P020,3,189.00,0.00,2244
L002244,O00922,P008,1,188.00,0.00,2245
L002245,O00923,P018,2,269.00,0.05,2246
L002246,O00924,P002,4,284.00,0.20,2247
L002247,O00925,P004,3,123.00,0.05,2248
L002248,O00925,P022,1,134.00,0.20,2249
L002249,O00925,P001,4,122.00,0.00,2250
L002250,O00925,P005,5,65.00,0.05,2251
L002251,O00926,P022,5,134.00,0.20,2252
L002252,O00926,P012,2,134.00,0.20,2253
L002253,O00927,P021,4,249.00,0.05,2254
L002254,O00927,P017,1,300.00,0.05,2255
L002255,O00927,P006,1,196.00,0.20,2256
L002256,O00928,P009,3,93.00,0.00,2257
L002257,O00928,P004,3,123.00,0.00,2258
L002258,O00928,P023,5,68.00,0.20,2259
L002259,O00929,P023,3,68.00,0.05,2260
L002260,O00930,P020,2,189.00,0.00,2261
L002261,O00930,P009,3,93.00,0.05,2262
L002262,O00931,P009,3,93.00,0.10,2263
L002263,O00932,P017,1,300.00,0.00,2264
L002264,O00933,P024,3,81.00,0,2265
L002265,O00933,P023,4,68.00,0.00,2266
L002266,O00934,P013,1,271.00,0.00,2267
L002267,O00934,P015,5,254.00,0.20,2268
L002268,O00934,P001,2,122.00,0.05,2269
L002269,O00935,P007,3,35.00,0.10,2270
L002270,O00935,P005,2,65.00,0.10,2271
L002271,O00935,P015,3,254.00,0.20,2272
L002272,O00935,P012,2,134.00,0.20,2273
L002273,O00936,P019,4,78.00,0.20,2274
L002274,O00936,P017,5,300.00,0.05,2275
L002275,O00937,P020,3,189.00,0.20,2276
L002276,O00937,P006,5,196.00,0.10,2277
L002277,O00937,P023,1,68.00,0.10,2278
L002278,O00937,P010,3,211.00,0.05,2279
L002279,O00938,P003,3,199.00,0.05,2280
L002280,O00938,P010,4,211.00,0.05,2281
L002281,O00938,P021,2,249.00,0.10,2282
L002282,O00938,P010,3,211.00,0.00,2283
L002283,O00939,P013,4,271.00,0.05,2284
L002284,O00939,P013,3,271.00,0.00,2285
L002285,O00940,P002,1,284.00,0.10,2286
L002286,O00940,P009,3,93.00,0.20,2287
L002287,O00941,P006,3,196.00,0.00,2288
L002288,O00941,P004,1,123.00,0.05,2289
L002289,O00942,P005,1,65.00,0.00,2290
L002290,O00942,P022,3,134.00,0.05,2291
L002291,O00942,P007,5,35.00,0.20,2292
L002292,O00942,P008,1,188.00,0.00,2293
L002293,O00943,P023,1,68.00,0.00,2294
L002294,O00943,P017,2,300.00,0.20,2295
L002295,O00944,P007,1,35.00,0.1,2296
L002296,O00944,P004,3,123.00,0.10,2297
L002297,O00945,P010,4,211.00,0.05,2298
L002298,O00945,P015,2,254.00,0.10,2299
L002299,O00946,P024,3,81.00,0.00,2300
L002300,O00947,P020,3,189.00,0.20,2301
L002301,O00947,P021,1,249.00,0.20,2302
L002302,O00948,P004,3,123.00,0.00,2303
L002303,O00949,P006,4,196.00,0.20,2304
L002304,O00949,P013,5,271.00,0.05,2305
L002305,O00949,P021,3,249.00,0.20,2306
L002306,O00950,P020,3,189.00,0.10,2307
L002307,O00950,P004,5,123.00,0.00,2308
L002308,O00950,P003,1,199.00,0.05,2309
L002309,O00950,P003,3,199.00,0.00,2310
L002310,O00951,P003,4,199.00,0.05,2311
L002311,O00951,P002,3,284.00,0.00,2312
L002312,O00952,P021,3,249.00,0.05,2313
L002313,O00952,P017,4,300.00,0.05,2314
L002314,O00952,P016,4,231.00,0.10,2315
L002315,O00953,P013,3,271.00,0.05,2316
L002316,O00953,P002,1,284.00,0.05,2317
L002317,O00953,P004,2,123.00,0.00,2318
L002318,O00954,P005,1,65.00,0.20,2319
L002319,O00954,P007,5,35.00,0.00,2320
L002320,O00954,P017,2,300.00,0.00,2321
L002321,O00954,P009,3,93.00,0.00,2322
L002322,O00955,P020,1,189.00,0.20,2323
L002323,O00955,P021,3,249.00,0.00,2324
L002324,O00955,P020,2,189.00,0.05,2325
L002325,O00956,P016,1,231.00,0.05,2326
L002326,O00956,P019,1,78.00,0.05,2327
L002327,O00956,P022,1,134.00,0.20,2328
L002328,O00956,P020,3,189.00,0.05,2329
L002329,O00957,P013,4,271.00,0.00,2330
L002330,O00957,P008,5,188.00,0.00,2331
L002331,O00957,P022,5,134.00,0.20,2332
L002332,O00957,P018,1,269.00,0.10,2333
L002333,O00958,P011,5,80.00,0.20,2334
L002334,O00959,P024,4,81.00,0.10,2335
L002335,O00959,P011,4,80.00,0.20,2336
L002336,O00959,P006,1,196.00,0.05,2337
L002337,O00960,P003,1,199.00,0.20,2338
L002338,O00960,P006,5,196.00,0.00,2339
L002339,O00960,P021,5,249.00,0.10,2340
L002340,O00960,P005,4,65.00,0.10,2341
L002341,O00961,P017,4,300.00,0.00,2342
L002342,O00961,P024,4,81.00,0.00,2343
L002343,O00961,P016,5,231.00,0.05,2344
L002344,O00961,P007,3,35.00,0.00,2345
L002345,O00962,P001,5,122.00,0.20,2346
L002346,O00962,P002,3,284.00,0.20,2347
L002347,O00962,P013,4,271.00,0.20,2348
L002348,O00963,P021,4,249.00,0.00,2349
L002349,O00963,P015,1,254.00,0.20,2350
L002350,O00963,P019,3,78.00,0.10,2351
L002351,O00963,P017,2,300.00,0.05,2352
L002352,O00964,P019,5,78.00,0.10,2353
L002353,O00965,P004,5,123.00,0.20,2354
L002354,O00965,P017,1,300.00,0.00,2355
L002355,O00966,P001,3,122.00,0.10,2356
L002356,O00967,P022,1,134.00,0.20,2357
L002357,O00967,P006,3,196.00,0.05,2358
L002358,O00967,P018,5,269.00,0.10,2359
L002359,O00967,P001,1,122.00,0.10,2360
L002360,O00968,P022,1,134.00,0.00,2361
L002361,O00968,P021,5,249.00,0.05,2362
L002362,O00969,P011,5,80.00,0.20,2363
L002363,O00969,P024,1,81.00,0.00,2364
L002364,O00970,P002,3,284.00,0.05,2365
L002365,O00970,P018,2,269.00,0.05,2366
L002366,O00970,P012,5,134.00,0.00,2367
L002367,O00971,P005,2,65.00,0.05,2368
L002368,O00971,P017,2,300.00,0.10,2369
L002369,O00971,P021,4,249.00,0.05,2370
L002370,O00972,P021,2,249.00,0.10,2371
L002371,O00972,P009,1,93.00,0.05,2372
L002372,O00972,P021,4,249.00,0.20,2373
L002373,O00972,P015,3,254.00,0.10,2374
L002374,O00973,P001,4,122.00,0.05,2375
L002375,O00973,P009,2,93.00,0.10,2376
L002376,O00973,P014,3,294.00,0.20,2377
L002377,O00973,P007,5,35.00,0.00,2378
L002378,O00974,P001,4,122.00,0.00,2379
L002379,O00974,P010,2,211.00,0.20,2380
L002380,O00974,P021,5,249.00,0.10,2381
L002381,O00975,P015,2,254.00,0.05,2382
L002382,O00975,P019,1,78.00,0.05,2383
L002383,O00975,P006,3,196.00,0.00,2384
L002384,O00975,P021,4,249.00,0.20,2385
L002385,O00976,P020,3,189.00,0.20,2386
L002386,O00977,P014,3,294.00,0.10,2387
L002387,O00977,P020,5,189.00,0.20,2388
L002388,O00977,P024,2,81.00,0.1,2389
L002389,O00978,P018,1,269.00,0.05,2390
L002390,O00979,P024,4,81.00,0.20,2391
L002391,O00979,P016,4,231.00,0.10,2392
L002392,O00979,P010,3,211.00,0.00,2393
L002393,O00980,P007,2,35.00,0.10,2394
L002394,O00980,P010,1,211.00,0.20,2395
L002395,O00980,P007,3,35.00,0.00,2396
L002396,O00981,P020,4,189.00,0.20,2397
L002397,O00981,P021,2,249.00,0.10,2398
L002398,O00982,P019,2,78.00,0.05,2399
L002399,O00982,P019,3,78.00,0.20,2400
L002400,O00983,P020,1,189.00,0.05,2401
L002401,O00983,P017,2,300.00,0.00,2402
L002402,O00983,P017,4,300.00,0.10,2403
L002403,O00983,P005,1,65.00,0.10,2404
L002404,O00984,P002,4,284.00,0.05,2405
L002405,O00984,P017,3,300.00,0.05,2406
L002406,O00984,P012,5,134.00,0.05,2407
L002407,O00985,P013,5,271.00,0.00,2408
L002408,O00985,P010,4,211.00,0.20,2409
L002409,O00986,P002,4,284.00,0.10,2410
L002410,O00987,P016,3,231.00,0.05,2411
L002411,O00988,P022,1,134.00,0.00,2412
L002412,O00988,P022,2,134.00,0.10,2413
L002413,O00989,P003,5,199.00,0.05,2414
L002414,O00989,P023,3,68.00,0.00,2415
L002415,O00989,P017,2,300.00,0.00,2416
L002416,O00989,P023,5,68.00,0.10,2417
L002417,O00990,P013,5,271.00,0.10,2418
L002418,O00990,P014,5,294.00,0.10,2419
L002419,O00990,P007,4,35.00,0,2420
L002420,O00991,P010,3,211.00,0.00,2421
L002421,O00991,P012,4,134.00,0.20,2422
L002422,O00992,P011,2,80.00,0.20,2423
L002423,O00992,P013,1,271.00,0.00,2424
L002424,O00992,P002,1,284.00,0.05,2425
L002425,O00993,P001,2,122.00,0.20,2426
L002426,O00993,P007,1,35.00,0.10,2427
L002427,O00994,P020,3,189.00,0.00,2428
L002428,O00995,P006,2,196.00,0.10,2429
L002429,O00995,P014,2,294.00,0.05,2430
L002430,O00996,P007,1,35.00,0.00,2431
L002431,O00997,P016,2,231.00,0.20,2432
L002432,O00998,P010,2,211.00,0.20,2433
L002433,O00999,P011,3,80.00,0.00,2434
L002434,O01000,P023,3,68.00,0.05,2435
L002435,O01000,P009,3,93.00,0.10,2436
L002436,O01001,P023,1,68.00,0.20,2437
L002437,O01001,P005,1,65.00,0.10,2438
L002438,O01001,P016,3,231.00,0.10,2439
L002439,O01002,P019,5,78.00,0.20,2440
L002440,O01002,P005,4,65.00,0.05,2441
L002441,O01002,P010,2,211.00,0.05,2442
L002442,O01003,P021,5,249.00,0.10,2443
L002443,O01004,P023,2,68.00,0.05,2444
L002444,O01004,P006,2,196.00,0.05,2445
L002445,O01004,P005,4,65.00,0.10,2446
L002446,O01005,P008,5,188.00,0.00,2447
L002447,O01006,P017,2,300.00,0.00,2448
L002448,O01006,P016,3,231.00,0.20,2449
L002449,O01007,P020,3,189.00,0.10,2450
L002450,O01007,P007,1,35.00,0,2451
L002451,O01008,P011,4,80.00,0.05,2452
L002452,O01009,P008,1,188.00,0.00,2453
L002453,O01009,P013,2,271.00,0.10,2454
L002454,O01009,P009,5,93.00,0.00,2455
L002455,O01009,P003,5,199.00,0.00,2456
L002456,O01010,P005,3,65.00,0.00,2457
L002457,O01010,P017,3,300.00,0.05,2458
L002458,O01010,P022,5,134.00,0.20,2459
L002459,O01011,P024,4,81.00,0.10,2460
L002460,O01011,P015,1,254.00,0.10,2461
L002461,O01012,P011,4,80.00,0.00,2462
L002462,O01013,P008,5,188.00,0.20,2463
L002463,O01013,P016,2,231.00,0.05,2464
L002464,O01014,P020,5,189.00,0.00,2465
L002465,O01014,P002,3,284.00,0.00,2466
L002466,O01015,P016,2,231.00,0.10,2467
L002467,O01015,P006,2,196.00,0.05,2468
L002468,O01015,P012,2,134.00,0.00,2469
L002469,O01016,P017,5,300.00,0.10,2470
L002470,O01016,P014,1,294.00,0.05,2471
L002471,O01016,P023,1,68.00,0.20,2472
L002472,O01016,P010,4,211.00,0.10,2473
L002473,O01017,P014,5,294.00,0.20,2474
L002474,O01017,P004,2,123.00,0.10,2475
L002475,O01017,P019,2,78.00,0.10,2476
L002476,O01018,P020,5,189.00,0.05,2477
L002477,O01018,P021,4,249.00,0.20,2478
L002478,O01019,P022,5,134.00,0.00,2479
L002479,O01019,P016,4,231.00,0.00,2480
L002480,O01020,P012,3,134.00,0.00,2481
L002481,O01020,P020,4,189.00,0,2482
L002482,O01020,P022,1,134.00,0.20,2483
L002483,O01020,P015,4,254.00,0.20,2484
L002484,O01021,P014,2,294.00,0.05,2485
L002485,O01021,P010,4,211.00,0.20,2486
L002486,O01021,P006,4,196.00,0.20,2487
L002487,O01022,P019,3,78.00,0.20,2488
L002488,O01022,P004,5,123.00,0.10,2489
L002489,O01022,P005,5,65.00,0.00,2490
L002490,O01023,P010,2,211.00,0.00,2491
L002491,O01024,P023,5,68.00,0.20,2492
L002492,O01024,P023,2,68.00,0.20,2493
L002493,O01024,P023,1,68.00,0.05,2494
L002494,O01025,P018,2,269.00,0.00,2495
L002495,O01026,P003,3,199.00,0.20,2496
L002496,O01026,P002,2,284.00,0.20,2497
L002497,O01026,P013,3,271.00,0.10,2498
L002498,O01026,P002,5,284.00,0.00,2499
L002499,O01027,P015,5,254.00,0.05,2500
L002500,O01027,P004,3,123.00,0.20,2501
L002501,O01027,P003,4,199.00,0.00,2502
L002502,O01027,P011,3,80.00,0.20,2503
L002503,O01028,P005,1,65.00,0.20,2504
L002504,O01028,P013,3,271.00,0.00,2505
L002505,O01029,P018,4,269.00,0.20,2506
L002506,O01030,P017,3,300.00,0.05,2507
L002507,O01030,P005,5,65.00,0.00,2508
L002508,O01030,P024,1,81.00,0.20,2509
L002509,O01030,P010,4,211.00,0.20,2510
L002510,O01031,P012,1,134.00,0.20,2511
L002511,O01031,P024,4,81.00,0.10,2512
L002512,O01031,P008,2,188.00,0.1,2513
L002513,O01032,P015,1,254.00,0.10,2514
L002514,O01032,P015,5,254.00,0.10,2515
L002515,O01032,P003,4,199.00,0.10,2516
L002516,O01033,P023,5,68.00,0.10,2517
L002517,O01033,P024,3,81.00,0.20,2518
L002518,O01034,P013,2,271.00,0.05,2519
L002519,O01035,P017,4,300.00,0.20,2520
L002520,O01036,P022,5,134.00,0.10,2521
L002521,O01036,P011,5,80.00,0.10,2522
L002522,O01036,P001,5,122.00,0.05,2523
L002523,O01036,P001,4,122.00,0.05,2524
L002524,O01037,P019,4,78.00,0.10,2525
L002525,O01037,P006,4,196.00,0.20,2526
L002526,O01037,P011,4,80.00,0.20,2527
L002527,O01038,P002,5,284.00,0.20,2528
L002528,O01039,P016,3,231.00,0.00,2529
L002529,O01039,P007,1,35.00,0.05,2530
L002530,O01039,P005,5,65.00,0.10,2531
L002531,O01039,P001,5,122.00,0.00,2532
L002532,O01040,P006,4,196.00,0.05,2533
L002533,O01041,P015,1,254.00,0.00,2534
L002534,O01042,P024,1,81.00,0.20,2535
L002535,O01042,P005,3,65.00,0.00,2536
L002536,O01042,P004,1,123.00,0.05,2537
L002537,O01043,P021,3,249.00,0.00,2538
L002538,O01043,P014,2,294.00,0.20,2539
L002539,O01044,P019,2,78.00,0.20,2540
L002540,O01044,P001,5,122.00,0.20,2541
L002541,O01045,P009,3,93.00,0.10,2542
L002542,O01045,P003,1,199.00,0.05,2543
L002543,O01046,P001,2,122.00,0.05,2544
L002544,O01046,P022,1,134.00,0.00,2545
L002545,O01046,P018,5,269.00,0.20,2546
L002546,O01047,P008,2,188.00,0.00,2547
L002547,O01047,P007,2,35.00,0.00,2548
L002548,O01048,P005,1,65.00,0.10,2549
L002549,O01048,P013,5,271.00,0.20,2550
L002550,O01048,P022,5,134.00,0.20,2551
L002551,O01049,P020,2,189.00,0.20,2552
L002552,O01050,P010,3,211.00,0.10,2553
L002553,O01050,P004,1,123.00,0.05,2554
L002554,O01050,P006,1,196.00,0.10,2555
L002555,O01051,P009,1,93.00,0.20,2556
L002556,O01051,P007,4,35.00,0.05,2557
L002557,O01051,P021,4,249.00,0.00,2558
L002558,O01052,P013,4,271.00,0.05,2559
L002559,O01052,P006,4,196.00,0.00,2560
L002560,O01052,P008,3,188.00,0.05,2561
L002561,O01052,P004,2,123.00,0.10,2562
L002562,O01053,P021,5,249.00,0.05,2563
L002563,O01053,P017,1,300.00,0.20,2564
L002564,O01054,P015,2,254.00,0.20,2565
L002565,O01054,P015,3,254.00,0.20,2566
L002566,O01054,P019,5,78.00,0.20,2567
L002567,O01055,P013,5,271.00,0.05,2568
L002568,O01055,P019,5,78.00,0.10,2569
L002569,O01055,P020,1,189.00,0.05,2570
L002570,O01055,P024,3,81.00,0.10,2571
L002571,O01056,P012,4,134.00,0.00,2572
L002572,O01056,P008,5,188.00,0.00,2573
L002573,O01056,P012,1,134.00,0.05,2574
L002574,O01056,P001,3,122.00,0.1,2575
L002575,O01057,P008,5,188.00,0.00,2576
L002576,O01057,P018,1,269.00,0.00,2577
L002577,O01058,P013,3,271.00,0.10,2578
L002578,O01058,P002,5,284.00,0.00,2579
L002579,O01058,P005,3,65.00,0.00,2580
L002580,O01059,P018,1,269.00,0.05,2581
L002581,O01060,P013,4,271.00,0.20,2582
L002582,O01061,P013,5,271.00,0.10,2583
L002583,O01061,P004,5,123.00,0.20,2584
L002584,O01061,P014,3,294.00,0.20,2585
L002585,O01062,P013,4,271.00,0.05,2586
L002586,O01062,P024,1,81.00,0.20,2587
L002587,O01062,P005,5,65.00,0.05,2588
L002588,O01063,P013,1,271.00,0.10,2589
L002589,O01063,P007,1,35.00,0.20,2590
L002590,O01063,P012,1,134.00,0.00,2591
L002591,O01063,P010,4,211.00,0.10,2592
L002592,O01064,P010,1,211.00,0.00,2593
L002593,O01064,P022,1,134.00,0.00,2594
L002594,O01064,P002,2,284.00,0.00,2595
L002595,O01065,P012,3,134.00,0.05,2596
L002596,O01065,P005,2,65.00,0.05,2597
L002597,O01065,P013,3,271.00,0.20,2598
L002598,O01065,P017,4,300.00,0.05,2599
L002599,O01066,P008,4,188.00,0.20,2600
L002600,O01066,P013,1,271.00,0.05,2601
L002601,O01067,P023,4,68.00,0.00,2602
L002602,O01067,P017,4,300.00,0.10,2603
L002603,O01067,P011,3,80.00,0.10,2604
L002604,O01067,P018,3,269.00,0.20,2605
L002605,O01068,P011,4,80.00,0.1,2606
L002606,O01069,P024,3,81.00,0.10,2607
L002607,O01069,P010,2,211.00,0.05,2608
L002608,O01069,P016,4,231.00,0.05,2609
L002609,O01069,P019,3,78.00,0.00,2610
L002610,O01070,P022,3,134.00,0.20,2611
L002611,O01070,P019,4,78.00,0.00,2612
L002612,O01070,P001,5,122.00,0.05,2613
L002613,O01071,P021,4,249.00,0.00,2614
L002614,O01072,P001,1,122.00,0.20,2615
L002615,O01072,P014,4,294.00,0.05,2616
L002616,O01073,P011,5,80.00,0.10,2617
L002617,O01073,P009,5,93.00,0.00,2618
L002618,O01073,P008,2,188.00,0.00,2619
L002619,O01074,P022,4,134.00,0.20,2620
L002620,O01074,P024,2,81.00,0.20,2621
L002621,O01075,P014,3,294.00,0.20,2622
L002622,O01075,P015,2,254.00,0.00,2623
L002623,O01075,P015,2,254.00,0.10,2624
L002624,O01075,P024,1,81.00,0.10,2625
L002625,O01076,P006,4,196.00,0.05,2626
L002626,O01077,P016,4,231.00,0.10,2627
L002627,O01077,P004,5,123.00,0.05,2628
L002628,O01078,P004,2,123.00,0.20,2629
L002629,O01078,P021,5,249.00,0.10,2630
L002630,O01078,P001,3,122.00,0.05,2631
L002631,O01078,P003,5,199.00,0.05,2632
L002632,O01079,P009,3,93.00,0.20,2633
L002633,O01079,P024,1,81.00,0.10,2634
L002634,O01080,P014,3,294.00,0.20,2635
L002635,O01080,P005,1,65.00,0.10,2636
L002636,O01081,P005,2,65.00,0.1,2637
L002637,O01081,P024,1,81.00,0.10,2638
L002638,O01081,P017,2,300.00,0.20,2639
L002639,O01082,P001,1,122.00,0.20,2640
L002640,O01082,P004,1,123.00,0.05,2641
L002641,O01082,P002,1,284.00,0.20,2642
L002642,O01083,P023,4,68.00,0.05,2643
L002643,O01083,P003,1,199.00,0.20,2644
L002644,O01084,P008,3,188.00,0.05,2645
L002645,O01085,P006,2,196.00,0.00,2646
L002646,O01085,P014,3,294.00,0.10,2647
L002647,O01085,P003,2,199.00,0.20,2648
L002648,O01085,P021,5,249.00,0.20,2649
L002649,O01086,P022,5,134.00,0.05,2650
L002650,O01086,P011,2,80.00,0.20,2651
L002651,O01086,P024,2,81.00,0.10,2652
L002652,O01087,P015,2,254.00,0.05,2653
L002653,O01087,P013,5,271.00,0.10,2654
L002654,O01087,P007,2,35.00,0.20,2655
L002655,O01088,P023,1,68.00,0.10,2656
L002656,O01088,P013,5,271.00,0.20,2657
L002657,O01088,P013,4,271.00,0.05,2658
L002658,O01088,P008,1,188.00,0.20,2659
L002659,O01089,P020,5,189.00,0.05,2660
L002660,O01090,P015,4,254.00,0.10,2661
L002661,O01090,P005,1,65.00,0.20,2662
L002662,O01091,P004,3,123.00,0.20,2663
L002663,O01092,P023,4,68.00,0.10,2664
L002664,O01092,P018,3,269.00,0.20,2665
L002665,O01092,P018,4,269.00,0.00,2666
L002666,O01092,P024,2,81.00,0.00,2667
L002667,O01093,P001,3,122.00,0.2,2668
L002668,O01093,P008,4,188.00,0.20,2669
L002669,O01093,P003,3,199.00,0.05,2670
L002670,O01094,P010,3,211.00,0.20,2671
L002671,O01094,P014,2,294.00,0.05,2672
L002672,O01094,P004,1,123.00,0.10,2673
L002673,O01094,P014,5,294.00,0.10,2674
L002674,O01095,P002,4,284.00,0.20,2675
L002675,O01095,P023,2,68.00,0.10,2676
L002676,O01095,P011,1,80.00,0.05,2677
L002677,O01096,P001,3,122.00,0.00,2678
L002678,O01096,P018,3,269.00,0.05,2679
L002679,O01096,P002,3,284.00,0.20,2680
L002680,O01097,P017,1,300.00,0.10,2681
L002681,O01097,P022,4,134.00,0.05,2682
L002682,O01097,P007,5,35.00,0.05,2683
L002683,O01098,P021,1,249.00,0.10,2684
L002684,O01098,P001,5,122.00,0.10,2685
L002685,O01098,P003,2,199.00,0.20,2686
L002686,O01098,P013,1,271.00,0.10,2687
L002687,O01099,P016,4,231.00,0.05,2688
L002688,O01100,P001,1,122.00,0.20,2689
L002689,O01101,P003,1,199.00,0.10,2690
L002690,O01101,P021,1,249.00,0.10,2691
L002691,O01101,P018,3,269.00,0.00,2692
L002692,O01102,P009,3,93.00,0.20,2693
L002693,O01102,P008,1,188.00,0.10,2694
L002694,O01102,P021,3,249.00,0.05,2695
L002695,O01103,P004,1,123.00,0.10,2696
L002696,O01104,P008,3,188.00,0.05,2697
L002697,O01104,P024,4,81.00,0.10,2698
L002698,O01104,P001,1,122.00,0.2,2699
L002699,O01104,P007,3,35.00,0.20,2700
L002700,O01105,P015,5,254.00,0.00,2701
L002701,O01106,P012,1,134.00,0.10,2702
L002702,O01106,P004,5,123.00,0.00,2703
L002703,O01106,P007,5,35.00,0.05,2704
L002704,O01106,P004,1,123.00,0.05,2705
L002705,O01107,P009,3,93.00,0.20,2706
L002706,O01107,P024,2,81.00,0.00,2707
L002707,O01107,P009,3,93.00,0.00,2708
L002708,O01107,P002,5,284.00,0.00,2709
L002709,O01108,P015,5,254.00,0.20,2710
L002710,O01109,P023,2,68.00,0.20,2711
L002711,O01109,P017,5,300.00,0.00,2712
L002712,O01109,P006,4,196.00,0.10,2713
L002713,O01109,P018,5,269.00,0.00,2714
L002714,O01110,P005,3,65.00,0.20,2715
L002715,O01111,P004,5,123.00,0.20,2716
L002716,O01111,P014,4,294.00,0.05,2717
L002717,O01111,P022,3,134.00,0.05,2718
L002718,O01112,P010,5,211.00,0.05,2719
L002719,O01113,P023,1,68.00,0.10,2720
L002720,O01113,P015,3,254.00,0.20,2721
L002721,O01113,P020,3,189.00,0.00,2722
L002722,O01114,P013,5,271.00,0.05,2723
L002723,O01114,P022,5,134.00,0.10,2724
L002724,O01114,P006,1,196.00,0.05,2725
L002725,O01114,P005,3,65.00,0.00,2726
L002726,O01115,P020,1,189.00,0.20,2727
L002727,O01115,P004,4,123.00,0.20,2728
L002728,O01116,P019,5,78.00,0.10,2729
L002729,O01117,P020,1,189.00,0.2,2730
L002730,O01117,P020,1,189.00,0.10,2731
L002731,O01117,P022,5,134.00,0.20,2732
L002732,O01118,P003,3,199.00,0.10,2733
L002733,O01118,P012,5,134.00,0.00,2734
L002734,O01119,P017,2,300.00,0.05,2735
L002735,O01119,P013,3,271.00,0.05,2736
L002736,O01119,P012,5,134.00,0.20,2737
L002737,O01120,P013,5,271.00,0.20,2738
L002738,O01120,P013,4,271.00,0.20,2739
L002739,O01121,P016,4,231.00,0.05,2740
L002740,O01121,P019,1,78.00,0.05,2741
L002741,O01121,P020,3,189.00,0.10,2742
L002742,O01122,P014,4,294.00,0.05,2743
L002743,O01122,P022,5,134.00,0.00,2744
L002744,O01122,P023,2,68.00,0.05,2745
L002745,O01123,P015,4,254.00,0.05,2746
L002746,O01123,P011,1,80.00,0.05,2747
L002747,O01124,P021,3,249.00,0.20,2748
L002748,O01124,P017,4,300.00,0.00,2749
L002749,O01124,P015,1,254.00,0.10,2750
L002750,O01125,P005,2,65.00,0.20,2751
L002751,O01125,P007,4,35.00,0.05,2752
L002752,O01126,P024,4,81.00,0.20,2753
L002753,O01127,P003,5,199.00,0.10,2754
L002754,O01127,P002,1,284.00,0.05,2755
L002755,O01127,P001,4,122.00,0.20,2756
L002756,O01127,P008,3,188.00,0.20,2757
L002757,O01128,P016,5,231.00,0.10,2758
L002758,O01129,P013,5,271.00,0.00,2759
L002759,O01129,P016,5,231.00,0.00,2760
L002760,O01129,P007,2,35.00,0.05,2761
L002761,O01129,P011,3,80.00,0.00,2762
L002762,O01130,P021,4,249.00,0.10,2763
L002763,O01131,P013,4,271.00,0.20,2764
L002764,O01131,P019,1,78.00,0.00,2765
L002765,O01131,P024,5,81.00,0.00,2766
L002766,O01132,P021,2,249.00,0.05,2767
L002767,O01133,P022,1,134.00,0.20,2768
L002768,O01133,P024,3,81.00,0.05,2769
L002769,O01134,P017,3,300.00,0.20,2770
L002770,O01134,P005,4,65.00,0.05,2771
L002771,O01134,P023,3,68.00,0.20,2772
L002772,O01134,P013,5,271.00,0.05,2773
L002773,O01135,P020,2,189.00,0.20,2774
L002774,O01135,P007,1,35.00,0.10,2775
L002775,O01135,P015,5,254.00,0.05,2776
L002776,O01136,P017,4,300.00,0.05,2777
L002777,O01136,P021,2,249.00,0.10,2778
L002778,O01136,P002,4,284.00,0.05,2779
L002779,O01136,P009,1,93.00,0.05,2780
L002780,O01137,P002,3,284.00,0.20,2781
L002781,O01137,P001,5,122.00,0.00,2782
L002782,O01137,P012,3,134.00,0.20,2783
L002783,O01138,P023,4,68.00,0.05,2784
L002784,O01138,P016,5,231.00,0.10,2785
L002785,O01138,P021,4,249.00,0.20,2786
L002786,O01138,P006,3,196.00,0.05,2787
L002787,O01139,P011,3,80.00,0.05,2788
L002788,O01140,P010,2,211.00,0.00,2789
L002789,O01140,P011,4,80.00,0.20,2790
L002790,O01140,P004,3,123.00,0.20,2791
L002791,O01141,P002,3,284.00,0.2,2792
L002792,O01141,P006,2,196.00,0.10,2793
L002793,O01142,P004,3,123.00,0.05,2794
L002794,O01142,P017,4,300.00,0.20,2795
L002795,O01142,P021,3,249.00,0.20,2796
L002796,O01142,P018,2,269.00,0.20,2797
L002797,O01143,P021,4,249.00,0.00,2798
L002798,O01143,P014,2,294.00,0.10,2799
L002799,O01143,P001,4,122.00,0.05,2800
L002800,O01143,P010,5,211.00,0.10,2801
L002801,O01144,P024,5,81.00,0.10,2802
L002802,O01144,P014,3,294.00,0.00,2803
L002803,O01145,P008,1,188.00,0.20,2804
L002804,O01145,P004,4,123.00,0.00,2805
L002805,O01145,P003,5,199.00,0.10,2806
L002806,O01145,P005,1,65.00,0.10,2807
L002807,O01146,P015,2,254.00,0.00,2808
L002808,O01146,P022,2,134.00,0.10,2809
L002809,O01146,P007,3,35.00,0.05,2810
L002810,O01147,P005,2,65.00,0.20,2811
L002811,O01147,P001,5,122.00,0.20,2812
L002812,O01148,P010,1,211.00,0.20,2813
L002813,O01149,P024,4,81.00,0.20,2814
L002814,O01149,P006,1,196.00,0.10,2815
L002815,O01149,P001,4,122.00,0.05,2816
L002816,O01149,P011,1,80.00,0.05,2817
L002817,O01150,P011,1,80.00,0.00,2818
L002818,O01150,P016,2,231.00,0.05,2819
L002819,O01151,P018,2,269.00,0.00,2820
L002820,O01151,P024,1,81.00,0.00,2821
L002821,O01151,P014,2,294.00,0.05,2822
L002822,O01151,P018,4,269.00,0.2,2823
L002823,O01152,P013,1,271.00,0.00,2824
L002824,O01152,P003,4,199.00,0.00,2825
L002825,O01153,P011,5,80.00,0.10,2826
L002826,O01153,P009,5,93.00,0.20,2827
L002827,O01154,P007,5,35.00,0.10,2828
L002828,O01154,P017,5,300.00,0.00,2829
L002829,O01155,P022,3,134.00,0.00,2830
L002830,O01155,P016,3,231.00,0.00,2831
L002831,O01155,P002,4,284.00,0.05,2832
L002832,O01156,P011,3,80.00,0.10,2833
L002833,O01156,P016,3,231.00,0.05,2834
L002834,O01157,P022,5,134.00,0.20,2835
L002835,O01157,P010,1,211.00,0.10,2836
L002836,O01158,P014,1,294.00,0.20,2837
L002837,O01159,P006,4,196.00,0.00,2838
L002838,O01159,P023,4,68.00,0.20,2839
L002839,O01159,P015,2,254.00,0.10,2840
L002840,O01159,P008,2,188.00,0.00,2841
L002841,O01160,P004,1,123.00,0.10,2842
L002842,O01160,P007,5,35.00,0.05,2843
L002843,O01160,P018,1,269.00,0.10,2844
L002844,O01160,P022,2,134.00,0.20,2845
L002845,O01161,P005,4,65.00,0.20,2846
L002846,O01161,P010,2,211.00,0.10,2847
L002847,O01161,P024,5,81.00,0.00,2848
L002848,O01162,P004,1,123.00,0.00,2849
L002849,O01162,P024,5,81.00,0.10,2850
L002850,O01162,P018,3,269.00,0.20,2851
L002851,O01163,P003,5,199.00,0.10,2852
L002852,O01163,P003,3,199.00,0.00,2853
L002853,O01164,P023,3,68.00,0.2,2854
L002854,O01164,P016,4,231.00,0.00,2855
L002855,O01165,P013,3,271.00,0.05,2856
L002856,O01165,P020,3,189.00,0.10,2857
L002857,O01165,P021,2,249.00,0.20,2858
L002858,O01165,P002,4,284.00,0.00,2859
L002859,O01166,P013,1,271.00,0.10,2860
L002860,O01167,P009,5,93.00,0.00,2861
L002861,O01167,P008,3,188.00,0.00,2862
L002862,O01168,P010,2,211.00,0.05,2863
L002863,O01168,P012,4,134.00,0.10,2864
L002864,O01169,P021,2,249.00,0.00,2865
L002865,O01169,P018,3,269.00,0.10,2866
L002866,O01169,P006,2,196.00,0.20,2867
L002867,O01169,P019,3,78.00,0.05,2868
L002868,O01170,P013,1,271.00,0.10,2869
L002869,O01170,P013,4,271.00,0.00,2870
L002870,O01171,P015,4,254.00,0.10,2871
L002871,O01171,P021,5,249.00,0.00,2872
L002872,O01171,P007,3,35.00,0.10,2873
L002873,O01171,P009,2,93.00,0.00,2874
L002874,O01172,P017,3,300.00,0.20,2875
L002875,O01172,P006,2,196.00,0.20,2876
L002876,O01172,P020,4,189.00,0.20,2877
L002877,O01173,P002,5,284.00,0.20,2878
L002878,O01173,P014,3,294.00,0.20,2879
L002879,O01174,P014,2,294.00,0.10,2880
L002880,O01175,P001,3,122.00,0.00,2881
L002881,O01175,P021,4,249.00,0.00,2882
L002882,O01176,P004,3,123.00,0.00,2883
L002883,O01176,P010,4,211.00,0.20,2884
L002884,O01176,P001,2,122.00,0,2885
L002885,O01177,P021,1,249.00,0.20,2886
L002886,O01177,P013,4,271.00,0.05,2887
L002887,O01178,P022,1,134.00,0.20,2888
L002888,O01178,P002,1,284.00,0.00,2889
L002889,O01178,P024,1,81.00,0.10,2890
L002890,O01179,P018,3,269.00,0.00,2891
L002891,O01179,P022,1,134.00,0.05,2892
L002892,O01179,P003,3,199.00,0.20,2893
L002893,O01179,P003,1,199.00,0.10,2894
L002894,O01180,P001,4,122.00,0.05,2895
L002895,O01181,P006,5,196.00,0.05,2896
L002896,O01181,P017,3,300.00,0.00,2897
L002897,O01182,P011,5,80.00,0.10,2898
L002898,O01182,P020,2,189.00,0.10,2899
L002899,O01183,P019,4,78.00,0.10,2900
L002900,O01183,P009,5,93.00,0.20,2901
L002901,O01183,P021,1,249.00,0.05,2902
L002902,O01183,P004,4,123.00,0.00,2903
L002903,O01184,P015,4,254.00,0.00,2904
L002904,O01184,P011,5,80.00,0.05,2905
L002905,O01184,P011,4,80.00,0.00,2906
L002906,O01184,P011,3,80.00,0.20,2907
L002907,O01185,P011,5,80.00,0.00,2908
L002908,O01185,P001,1,122.00,0.00,2909
L002909,O01185,P015,3,254.00,0.10,2910
L002910,O01186,P020,2,189.00,0.05,2911
L002911,O01186,P013,4,271.00,0.10,2912
L002912,O01186,P021,3,249.00,0.00,2913
L002913,O01186,P009,5,93.00,0.10,2914
L002914,O01187,P017,5,300.00,0.05,2915
L002915,O01188,P015,4,254.00,0,2916
L002916,O01188,P006,5,196.00,0.20,2917
L002917,O01188,P016,2,231.00,0.20,2918
L002918,O01189,P015,5,254.00,0.10,2919
L002919,O01190,P006,2,196.00,0.05,2920
L002920,O01191,P002,5,284.00,0.05,2921
L002921,O01191,P016,1,231.00,0.05,2922
L002922,O01191,P001,1,122.00,0.20,2923
L002923,O01192,P022,4,134.00,0.05,2924
L002924,O01192,P004,4,123.00,0.20,2925
L002925,O01193,P021,2,249.00,0.10,2926
L002926,O01194,P009,2,93.00,0.05,2927
L002927,O01195,P020,2,189.00,0.20,2928
L002928,O01195,P017,2,300.00,0.10,2929
L002929,O01196,P014,4,294.00,0.05,2930
L002930,O01196,P022,1,134.00,0.05,2931
L002931,O01197,P013,3,271.00,0.10,2932
L002932,O01197,P007,2,35.00,0.10,2933
L002933,O01198,P020,2,189.00,0.00,2934
L002934,O01198,P022,4,134.00,0.10,2935
L002935,O01198,P017,3,300.00,0.20,2936
L002936,O01199,P002,1,284.00,0.10,2937
L002937,O01200,P003,4,199.00,0.10,2938
L002938,O01200,P022,2,134.00,0.20,2939
L002939,O01201,P017,1,300.00,0.00,2940
L002940,O01201,P014,3,294.00,0.20,2941
L002941,O01201,P016,3,231.00,0.00,2942
L002942,O01202,P004,5,123.00,0.05,2943
L002943,O01202,P003,2,199.00,0.20,2944
L002944,O01203,P014,2,294.00,0.05,2945
L002945,O01203,P014,5,294.00,0.00,2946
L002946,O01204,P018,1,269.00,0.2,2947
L002947,O01205,P002,3,284.00,0.05,2948
L002948,O01205,P021,3,249.00,0.10,2949
L002949,O01205,P010,4,211.00,0.10,2950
L002950,O01206,P024,4,81.00,0.10,2951
L002951,O01206,P010,1,211.00,0.05,2952
L002952,O01207,P014,2,294.00,0.20,2953
L002953,O01208,P002,1,284.00,0.00,2954
L002954,O01208,P023,5,68.00,0.20,2955
L002955,O01208,P016,5,231.00,0.05,2956
L002956,O01208,P015,2,254.00,0.20,2957
L002957,O01209,P010,2,211.00,0.10,2958
L002958,O01210,P024,4,81.00,0.00,2959
L002959,O01210,P019,1,78.00,0.20,2960
L002960,O01210,P024,2,81.00,0.10,2961
L002961,O01211,P007,4,35.00,0.05,2962
L002962,O01211,P006,1,196.00,0.00,2963
L002963,O01211,P020,5,189.00,0.00,2964
L002964,O01211,P016,1,231.00,0.05,2965
L002965,O01212,P005,1,65.00,0.20,2966
L002966,O01212,P010,1,211.00,0.10,2967
L002967,O01212,P020,4,189.00,0.20,2968
L002968,O01213,P004,3,123.00,0.10,2969
L002969,O01214,P012,4,134.00,0.05,2970
L002970,O01214,P001,2,122.00,0.10,2971
L002971,O01214,P019,4,78.00,0.05,2972
L002972,O01215,P022,4,134.00,0.20,2973
L002973,O01215,P012,1,134.00,0.05,2974
L002974,O01215,P005,1,65.00,0.05,2975
L002975,O01216,P006,5,196.00,0.05,2976
L002976,O01216,P024,2,81.00,0.10,2977
L002977,O01216,P015,1,254.00,0.2,2978
L002978,O01217,P021,4,249.00,0.00,2979
L002979,O01217,P019,2,78.00,0.00,2980
L002980,O01217,P022,4,134.00,0.00,2981
L002981,O01217,P023,3,68.00,0.05,2982
L002982,O01218,P013,4,271.00,0.00,2983
L002983,O01218,P024,5,81.00,0.00,2984
L002984,O01218,P018,5,269.00,0.05,2985
L002985,O01219,P018,1,269.00,0.00,2986
L002986,O01220,P018,4,269.00,0.20,2987
L002987,O01220,P023,3,68.00,0.20,2988
L002988,O01220,P019,4,78.00,0.05,2989
L002989,O01220,P002,3,284.00,0.00,2990
L002990,O01221,P008,4,188.00,0.10,2991
L002991,O01221,P016,2,231.00,0.00,2992
L002992,O01222,P011,1,80.00,0.10,2993
L002993,O01222,P015,4,254.00,0.10,2994
L002994,O01223,P002,4,284.00,0.05,2995
L002995,O01223,P006,3,196.00,0.10,2996
L002996,O01224,P014,4,294.00,0.05,2997
L002997,O01224,P020,5,189.00,0.10,2998
L002998,O01224,P013,3,271.00,0.00,2999
L002999,O01224,P009,1,93.00,0.10,3000
L003000,O01225,P014,2,294.00,0.00,3001
L003001,O01225,P003,3,199.00,0.10,3002
L003002,O01225,P002,1,284.00,0.00,3003
L003003,O01226,P003,1,199.00,0.00,3004
L003004,O01226,P014,2,294.00,0.20,3005
L003005,O01226,P018,1,269.00,0.10,3006
L003006,O01226,P022,5,134.00,0.00,3007
L003007,O01227,P023,4,68.00,0.00,3008
L003008,O01227,P018,1,269.00,0.05,3009
L003009,O01227,P005,2,65.00,0.05,3010
L003010,O01227,P001,2,122.00,0.00,3011
L003011,O01228,P006,4,196.00,0.10,3012
L003012,O01228,P020,2,189.00,0.10,3013
L003013,O01228,P022,4,134.00,0.20,3014
L003014,O01229,P017,2,300.00,0.00,3015
L003015,O01229,P002,4,284.00,0.05,3016
L003016,O01229,P022,2,134.00,0.05,3017
L003017,O01229,P015,4,254.00,0.10,3018
L003018,O01230,P004,5,123.00,0.05,3019
L003019,O01230,P017,2,300.00,0.10,3020
L003020,O01231,P003,4,199.00,0.10,3021
L003021,O01231,P015,5,254.00,0.00,3022
L003022,O01231,P004,4,123.00,0.10,3023
L003023,O01231,P008,3,188.00,0.20,3024
L003024,O01232,P013,1,271.00,0.05,3025
L003025,O01233,P015,2,254.00,0.20,3026
L003026,O01233,P014,1,294.00,0.20,3027
L003027,O01233,P016,4,231.00,0.00,3028
L003028,O01234,P015,2,254.00,0.05,3029
L003029,O01234,P014,3,294.00,0.00,3030
L003030,O01234,P018,2,269.00,0.20,3031
L003031,O01234,P001,1,122.00,0.05,3032
L003032,O01235,P020,5,189.00,0.20,3033
L003033,O01235,P015,4,254.00,0.10,3034
L003034,O01236,P004,2,123.00,0.05,3035
L003035,O01236,P021,2,249.00,0.05,3036
L003036,O01236,P012,1,134.00,0.20,3037
L003037,O01236,P016,2,231.00,0.05,3038
L003038,O01237,P007,2,35.00,0.00,3039
L003039,O01237,P008,3,188.00,0,3040
L003040,O01238,P023,5,68.00,0.20,3041
L003041,O01238,P017,3,300.00,0.00,3042
L003042,O01239,P006,4,196.00,0.10,3043
L003043,O01239,P023,1,68.00,0.05,3044
L003044,O01239,P002,1,284.00,0.10,3045
L003045,O01239,P018,4,269.00,0.05,3046
L003046,O01240,P008,5,188.00,0.10,3047
L003047,O01240,P024,4,81.00,0.20,3048
L003048,O01240,P001,4,122.00,0.10,3049
L003049,O01241,P004,5,123.00,0.00,3050
L003050,O01242,P022,2,134.00,0.20,3051
L003051,O01242,P016,2,231.00,0.10,3052
L003052,O01242,P017,4,300.00,0.10,3053
L003053,O01243,P021,3,249.00,0.05,3054
L003054,O01243,P014,1,294.00,0.05,3055
L003055,O01243,P008,2,188.00,0.05,3056
L003056,O01243,P016,2,231.00,0.10,3057
L003057,O01244,P015,3,254.00,0.00,3058
L003058,O01244,P019,4,78.00,0.10,3059
L003059,O01245,P013,3,271.00,0.05,3060
L003060,O01245,P023,5,68.00,0.05,3061
L003061,O01245,P003,3,199.00,0.00,3062
L003062,O01246,P009,1,93.00,0.10,3063
L003063,O01247,P016,1,231.00,0.10,3064
L003064,O01248,P014,5,294.00,0.10,3065
L003065,O01248,P018,2,269.00,0.00,3066
L003066,O01248,P007,1,35.00,0.00,3067
L003067,O01249,P011,4,80.00,0.05,3068
L003068,O01249,P008,3,188.00,0.05,3069
L003069,O01249,P003,2,199.00,0.05,3070
L003070,O01250,P012,4,134.00,0.2,3071
L003071,O01250,P020,4,189.00,0.10,3072
L003072,O01250,P010,3,211.00,0.00,3073
L003073,O01251,P014,1,294.00,0.05,3074
L003074,O01252,P005,1,65.00,0.05,3075
L003075,O01252,P019,1,78.00,0.05,3076
L003076,O01253,P013,2,271.00,0.00,3077
L003077,O01254,P010,1,211.00,0.20,3078
L003078,O01254,P019,2,78.00,0.20,3079
L003079,O01254,P001,5,122.00,0.05,3080
L003080,O01254,P021,1,249.00,0.00,3081
L003081,O01255,P001,1,122.00,0.10,3082
L003082,O01255,P011,5,80.00,0.05,3083
L003083,O01255,P012,4,134.00,0.05,3084
L003084,O01256,P016,4,231.00,0.05,3085
L003085,O01256,P017,2,300.00,0.10,3086
L003086,O01256,P005,2,65.00,0.20,3087
L003087,O01256,P018,5,269.00,0.10,3088
L003088,O01257,P023,3,68.00,0.00,3089
L003089,O01257,P006,4,196.00,0.20,3090
L003090,O01257,P008,1,188.00,0.20,3091
L003091,O01257,P013,5,271.00,0.05,3092
L003092,O01258,P009,3,93.00,0.00,3093
L003093,O01258,P011,3,80.00,0.05,3094
L003094,O01258,P010,4,211.00,0.05,3095
L003095,O01259,P013,1,271.00,0.10,3096
L003096,O01259,P021,1,249.00,0.20,3097
L003097,O01259,P021,1,249.00,0.05,3098
L003098,O01260,P013,4,271.00,0.10,3099
L003099,O01261,P018,1,269.00,0.00,3100
L003100,O01261,P009,4,93.00,0.00,3101
L003101,O01262,P013,3,271.00,0.2,3102
L003102,O01262,P023,3,68.00,0.05,3103
L003103,O01263,P014,5,294.00,0.05,3104
L003104,O01263,P012,2,134.00,0.00,3105
L003105,O01263,P016,1,231.00,0.05,3106
L003106,O01263,P013,3,271.00,0.20,3107
L003107,O01264,P002,3,284.00,0.05,3108
L003108,O01264,P017,1,300.00,0.20,3109
L003109,O01264,P010,1,211.00,0.10,3110
L003110,O01265,P005,1,65.00,0.00,3111
L003111,O01265,P005,5,65.00,0.05,3112
L003112,O01266,P012,5,134.00,0.20,3113
L003113,O01266,P017,2,300.00,0.10,3114
L003114,O01267,P012,1,134.00,0.10,3115
L003115,O01267,P022,4,134.00,0.05,3116
L003116,O01267,P020,1,189.00,0.20,3117
L003117,O01268,P012,1,134.00,0.00,3118
L003118,O01268,P024,1,81.00,0.05,3119
L003119,O01268,P016,5,231.00,0.00,3120
L003120,O01269,P020,2,189.00,0.10,3121
L003121,O01269,P022,1,134.00,0.20,3122
L003122,O01270,P023,3,68.00,0.20,3123
L003123,O01270,P011,3,80.00,0.10,3124
L003124,O01270,P003,2,199.00,0.05,3125
L003125,O01270,P012,5,134.00,0.10,3126
L003126,O01271,P024,4,81.00,0.00,3127
L003127,O01272,P010,2,211.00,0.20,3128
L003128,O01272,P006,5,196.00,0.20,3129
L003129,O01272,P011,4,80.00,0.00,3130
L003130,O01273,P003,3,199.00,0.10,3131
L003131,O01274,P016,3,231.00,0.10,3132
L003132,O01274,P021,4,249.00,0,3133
L003133,O01275,P023,5,68.00,0.05,3134
L003134,O01275,P011,2,80.00,0.00,3135
L003135,O01276,P007,5,35.00,0.10,3136
L003136,O01276,P007,4,35.00,0.20,3137
L003137,O01276,P004,1,123.00,0.10,3138
L003138,O01276,P007,5,35.00,0.10,3139
L003139,O01277,P002,5,284.00,0.05,3140
L003140,O01278,P013,1,271.00,0.10,3141
L003141,O01279,P021,4,249.00,0.00,3142
L003142,O01279,P024,5,81.00,0.05,3143
L003143,O01280,P011,1,80.00,0.05,3144
L003144,O01280,P023,3,68.00,0.10,3145
L003145,O01281,P008,1,188.00,0.00,3146
L003146,O01281,P018,2,269.00,0.00,3147
L003147,O01282,P009,5,93.00,0.00,3148
L003148,O01283,P012,5,134.00,0.10,3149
L003149,O01284,P022,3,134.00,0.20,3150
L003150,O01284,P018,2,269.00,0.05,3151
L003151,O01284,P009,5,93.00,0.05,3152
L003152,O01285,P001,2,122.00,0.10,3153
L003153,O01285,P005,1,65.00,0.20,3154
L003154,O01285,P007,4,35.00,0.10,3155
L003155,O01286,P001,2,122.00,0.10,3156
L003156,O01287,P013,2,271.00,0.20,3157
L003157,O01288,P021,2,249.00,0.05,3158
L003158,O01289,P008,5,188.00,0.10,3159
L003159,O01289,P022,4,134.00,0.00,3160
L003160,O01289,P020,5,189.00,0.20,3161
L003161,O01289,P023,2,68.00,0.05,3162
L003162,O01290,P004,3,123.00,0.20,3163
L003163,O01290,P012,4,134.00,0.1,3164
L003164,O01290,P003,2,199.00,0.20,3165
L003165,O01291,P022,2,134.00,0.00,3166
L003166,O01291,P003,5,199.00,0.00,3167
L003167,O01292,P008,5,188.00,0.10,3168
L003168,O01293,P022,4,134.00,0.20,3169
L003169,O01293,P020,3,189.00,0.05,3170
L003170,O01293,P011,4,80.00,0.20,3171
L003171,O01293,P015,2,254.00,0.05,3172
L003172,O01294,P007,1,35.00,0.05,3173
L003173,O01295,P018,4,269.00,0.05,3174
L003174,O01296,P005,1,65.00,0.05,3175
L003175,O01296,P008,2,188.00,0.10,3176
L003176,O01296,P006,1,196.00,0.05,3177
L003177,O01296,P010,4,211.00,0.00,3178
L003178,O01297,P022,5,134.00,0.00,3179
L003179,O01298,P023,2,68.00,0.20,3180
L003180,O01298,P012,1,134.00,0.20,3181
L003181,O01298,P008,2,188.00,0.10,3182
L003182,O01298,P018,4,269.00,0.10,3183
L003183,O01299,P007,5,35.00,0.10,3184
L003184,O01299,P022,1,134.00,0.00,3185
L003185,O01300,P007,2,35.00,0.00,3186
L003186,O01301,P024,2,81.00,0.00,3187
L003187,O01302,P006,3,196.00,0.00,3188
L003188,O01303,P010,1,211.00,0.00,3189
L003189,O01303,P005,5,65.00,0.10,3190
L003190,O01303,P008,5,188.00,0.20,3191
L003191,O01303,P017,2,300.00,0.05,3192
L003192,O01304,P013,5,271.00,0.10,3193
L003193,O01304,P006,2,196.00,0.00,3194
L003194,O01304,P003,2,199.00,0.1,3195
L003195,O01304,P023,5,68.00,0.00,3196
L003196,O01305,P023,1,68.00,0.00,3197
L003197,O01306,P007,2,35.00,0.05,3198
L003198,O01307,P021,4,249.00,0.20,3199
L003199,O01308,P023,1,68.00,0.20,3200
L003200,O01308,P009,4,93.00,0.20,3201
L003201,O01308,P017,1,300.00,0.10,3202
L003202,O01308,P022,5,134.00,0.20,3203
L003203,O01309,P020,2,189.00,0.10,3204
L003204,O01309,P018,1,269.00,0.20,3205
L003205,O01309,P020,5,189.00,0.10,3206
L003206,O01310,P014,2,294.00,0.00,3207
L003207,O01310,P023,1,68.00,0.20,3208
L003208,O01310,P013,4,271.00,0.10,3209
L003209,O01310,P015,1,254.00,0.05,3210
L003210,O01311,P005,2,65.00,0.20,3211
L003211,O01311,P003,3,199.00,0.05,3212
L003212,O01311,P015,2,254.00,0.20,3213
L003213,O01312,P002,1,284.00,0.10,3214
L003214,O01313,P016,1,231.00,0.20,3215
L003215,O01314,P022,5,134.00,0.10,3216
L003216,O01314,P021,3,249.00,0.10,3217
L003217,O01314,P019,5,78.00,0.00,3218
L003218,O01314,P012,4,134.00,0.20,3219
L003219,O01315,P023,1,68.00,0.10,3220
L003220,O01315,P011,4,80.00,0.05,3221
L003221,O01315,P018,5,269.00,0.00,3222
L003222,O01315,P021,4,249.00,0.05,3223
L003223,O01316,P022,4,134.00,0.10,3224
L003224,O01316,P002,3,284.00,0.05,3225
L003225,O01316,P010,5,211.00,0.1,3226
L003226,O01316,P010,5,211.00,0.20,3227
L003227,O01317,P002,1,284.00,0.00,3228
L003228,O01318,P001,5,122.00,0.20,3229
L003229,O01318,P019,2,78.00,0.00,3230
L003230,O01319,P019,4,78.00,0.10,3231
L003231,O01319,P018,1,269.00,0.05,3232
L003232,O01319,P022,3,134.00,0.05,3233
L003233,O01319,P013,4,271.00,0.10,3234
L003234,O01320,P023,2,68.00,0.05,3235
L003235,O01320,P019,5,78.00,0.10,3236
L003236,O01320,P014,1,294.00,0.00,3237
L003237,O01321,P014,3,294.00,0.05,3238
L003238,O01321,P011,5,80.00,0.05,3239
L003239,O01321,P021,4,249.00,0.00,3240
L003240,O01322,P008,5,188.00,0.05,3241
L003241,O01322,P010,4,211.00,0.10,3242
L003242,O01322,P023,4,68.00,0.10,3243
L003243,O01323,P020,3,189.00,0.10,3244
L003244,O01324,P006,4,196.00,0.20,3245
L003245,O01325,P003,5,199.00,0.10,3246
L003246,O01325,P015,1,254.00,0.10,3247
L003247,O01326,P008,3,188.00,0.10,3248
L003248,O01326,P016,4,231.00,0.20,3249
L003249,O01327,P022,1,134.00,0.20,3250
L003250,O01327,P005,4,65.00,0.00,3251
L003251,O01327,P021,2,249.00,0.05,3252
L003252,O01327,P017,2,300.00,0.10,3253
L003253,O01328,P019,5,78.00,0.05,3254
L003254,O01328,P010,2,211.00,0.20,3255
L003255,O01328,P001,2,122.00,0.20,3256
L003256,O01329,P014,1,294.00,0,3257
L003257,O01329,P010,4,211.00,0.20,3258
L003258,O01330,P012,4,134.00,0.00,3259
L003259,O01330,P001,5,122.00,0.00,3260
L003260,O01330,P018,2,269.00,0.10,3261
L003261,O01331,P013,5,271.00,0.20,3262
L003262,O01332,P022,5,134.00,0.05,3263
L003263,O01333,P013,5,271.00,0.20,3264
L003264,O01333,P020,3,189.00,0.00,3265
L003265,O01334,P004,3,123.00,0.10,3266
L003266,O01335,P021,1,249.00,0.10,3267
L003267,O01336,P011,3,80.00,0.05,3268
L003268,O01337,P017,2,300.00,0.00,3269
L003269,O01338,P020,5,189.00,0.05,3270
L003270,O01338,P018,4,269.00,0.05,3271
L003271,O01339,P003,2,199.00,0.05,3272
L003272,O01339,P006,4,196.00,0.05,3273
L003273,O01340,P007,2,35.00,0.20,3274
L003274,O01340,P010,4,211.00,0.00,3275
L003275,O01340,P010,3,211.00,0.10,3276
L003276,O01340,P014,3,294.00,0.05,3277
L003277,O01341,P010,5,211.00,0.05,3278
L003278,O01342,P015,2,254.00,0.00,3279
L003279,O01342,P014,2,294.00,0.05,3280
L003280,O01343,P020,2,189.00,0.10,3281
L003281,O01343,P002,3,284.00,0.10,3282
L003282,O01343,P021,4,249.00,0.05,3283
L003283,O01343,P021,3,249.00,0.05,3284
L003284,O01344,P016,5,231.00,0.10,3285
L003285,O01344,P012,4,134.00,0.00,3286
L003286,O01344,P005,1,65.00,0.20,3287
L003287,O01344,P003,3,199.00,0,3288
L003288,O01345,P023,5,68.00,0.00,3289
L003289,O01345,P012,2,134.00,0.10,3290
L003290,O01345,P010,3,211.00,0.05,3291
L003291,O01346,P011,5,80.00,0.20,3292
L003292,O01346,P001,3,122.00,0.00,3293
L003293,O01346,P021,3,249.00,0.05,3294
L003294,O01346,P003,5,199.00,0.05,3295
L003295,O01347,P009,3,93.00,0.10,3296
L003296,O01347,P007,3,35.00,0.05,3297
L003297,O01347,P005,1,65.00,0.10,3298
L003298,O01348,P016,1,231.00,0.20,3299
L003299,O01348,P021,2,249.00,0.20,3300
L003300,O01348,P011,3,80.00,0.10,3301
L003301,O01348,P024,5,81.00,0.05,3302
L003302,O01349,P020,5,189.00,0.10,3303
L003303,O01349,P016,4,231.00,0.10,3304
L003304,O01349,P018,3,269.00,0.10,3305
L003305,O01349,P007,4,35.00,0.05,3306
L003306,O01350,P007,5,35.00,0.10,3307
L003307,O01351,P006,3,196.00,0.20,3308
L003308,O01351,P021,1,249.00,0.00,3309
L003309,O01351,P022,3,134.00,0.00,3310
L003310,O01352,P009,1,93.00,0.10,3311
L003311,O01352,P001,1,122.00,0.10,3312
L003312,O01352,P013,5,271.00,0.20,3313
L003313,O01352,P021,4,249.00,0.05,3314
L003314,O01353,P001,5,122.00,0.00,3315
L003315,O01354,P001,5,122.00,0.10,3316
L003316,O01354,P021,5,249.00,0.20,3317
L003317,O01354,P018,4,269.00,0.05,3318
L003318,O01354,P016,4,231.00,0,3319
L003319,O01355,P018,2,269.00,0.20,3320
L003320,O01356,P009,5,93.00,0.20,3321
L003321,O01356,P003,1,199.00,0.20,3322
L003322,O01356,P009,3,93.00,0.05,3323
L003323,O01357,P013,1,271.00,0.10,3324
L003324,O01357,P014,5,294.00,0.00,3325
L003325,O01358,P024,4,81.00,0.20,3326
L003326,O01358,P024,5,81.00,0.20,3327
L003327,O01358,P012,4,134.00,0.10,3328
L003328,O01359,P014,1,294.00,0.05,3329
L003329,O01359,P008,1,188.00,0.05,3330
L003330,O01359,P017,5,300.00,0.10,3331
L003331,O01359,P020,2,189.00,0.05,3332
L003332,O01360,P008,2,188.00,0.00,3333
L003333,O01361,P024,2,81.00,0.05,3334
L003334,O01361,P015,1,254.00,0.05,3335
L003335,O01361,P005,2,65.00,0.05,3336
L003336,O01362,P013,2,271.00,0.20,3337
L003337,O01363,P008,4,188.00,0.00,3338
L003338,O01363,P014,1,294.00,0.00,3339
L003339,O01363,P021,3,249.00,0.05,3340
L003340,O01364,P007,2,35.00,0.05,3341
L003341,O01364,P024,4,81.00,0.05,3342
L003342,O01365,P009,2,93.00,0.00,3343
L003343,O01365,P018,5,269.00,0.10,3344
L003344,O01365,P024,3,81.00,0.00,3345
L003345,O01365,P008,1,188.00,0.05,3346
L003346,O01366,P021,5,249.00,0.10,3347
L003347,O01366,P007,3,35.00,0.05,3348
L003348,O01366,P004,2,123.00,0.10,3349
L003349,O01366,P004,4,123.00,0,3350
L003350,O01367,P013,5,271.00,0.05,3351
L003351,O01368,P021,4,249.00,0.20,3352
L003352,O01368,P001,3,122.00,0.00,3353
L003353,O01368,P007,4,35.00,0.00,3354
L003354,O01368,P023,3,68.00,0.05,3355
L003355,O01369,P024,3,81.00,0.05,3356
L003356,O01370,P019,3,78.00,0.00,3357
L003357,O01371,P017,2,300.00,0.05,3358
L003358,O01371,P005,4,65.00,0.20,3359
L003359,O01371,P021,4,249.00,0.20,3360
L003360,O01372,P005,2,65.00,0.00,3361
L003361,O01372,P008,5,188.00,0.00,3362
L003362,O01372,P005,5,65.00,0.00,3363
L003363,O01373,P007,4,35.00,0.10,3364
L003364,O01373,P013,3,271.00,0.10,3365
L003365,O01373,P005,5,65.00,0.00,3366
L003366,O01374,P021,4,249.00,0.00,3367
L003367,O01374,P009,3,93.00,0.05,3368
L003368,O01374,P022,2,134.00,0.05,3369
L003369,O01375,P022,1,134.00,0.00,3370
L003370,O01375,P012,3,134.00,0.10,3371
L003371,O01375,P024,5,81.00,0.00,3372
L003372,O01376,P010,2,211.00,0.20,3373
L003373,O01376,P016,5,231.00,0.10,3374
L003374,O01376,P005,2,65.00,0.20,3375
L003375,O01377,P008,4,188.00,0.00,3376
L003376,O01377,P018,1,269.00,0.10,3377
L003377,O01377,P015,1,254.00,0.20,3378
L003378,O01378,P014,2,294.00,0.05,3379
L003379,O01378,P011,1,80.00,0.20,3380
L003380,O01378,P006,1,196.00,0.2,3381
L003381,O01378,P020,1,189.00,0.05,3382
L003382,O01379,P009,2,93.00,0.00,3383
L003383,O01379,P018,1,269.00,0.20,3384
L003384,O01379,P011,4,80.00,0.20,3385
L003385,O01379,P001,2,122.00,0.05,3386
L003386,O01380,P014,1,294.00,0.10,3387
L003387,O01380,P016,1,231.00,0.00,3388
L003388,O01381,P007,3,35.00,0.10,3389
L003389,O01382,P005,2,65.00,0.20,3390
L003390,O01382,P003,5,199.00,0.00,3391
L003391,O01382,P005,5,65.00,0.00,3392
L003392,O01382,P016,2,231.00,0.10,3393
L003393,O01383,P009,1,93.00,0.00,3394
L003394,O01383,P016,1,231.00,0.20,3395
L003395,O01383,P015,3,254.00,0.10,3396
L003396,O01384,P020,5,189.00,0.20,3397
L003397,O01384,P020,1,189.00,0.20,3398
L003398,O01384,P022,5,134.00,0.05,3399
L003399,O01384,P022,3,134.00,0.05,3400
L003400,O01385,P009,2,93.00,0.05,3401
L003401,O01385,P021,1,249.00,0.00,3402
L003402,O01385,P007,3,35.00,0.05,3403
L003403,O01386,P024,2,81.00,0.05,3404
L003404,O01386,P023,4,68.00,0.05,3405
L003405,O01386,P010,3,211.00,0.20,3406
L003406,O01386,P016,2,231.00,0.00,3407
L003407,O01387,P004,2,123.00,0.05,3408
L003408,O01387,P009,1,93.00,0.20,3409
L003409,O01387,P018,1,269.00,0.05,3410
L003410,O01387,P023,2,68.00,0.05,3411
L003411,O01388,P013,4,271.00,0.1,3412
L003412,O01389,P022,1,134.00,0.10,3413
L003413,O01390,P014,5,294.00,0.20,3414
L003414,O01391,P006,1,196.00,0.05,3415
L003415,O01392,P009,2,93.00,0.10,3416
L003416,O01392,P003,3,199.00,0.20,3417
L003417,O01392,P017,5,300.00,0.05,3418
L003418,O01393,P011,3,80.00,0.00,3419
L003419,O01393,P002,2,284.00,0.20,3420
L003420,O01394,P021,4,249.00,0.20,3421
L003421,O01394,P018,1,269.00,0.20,3422
L003422,O01394,P012,4,134.00,0.05,3423
L003423,O01395,P013,5,271.00,0.10,3424
L003424,O01395,P012,3,134.00,0.10,3425
L003425,O01395,P006,3,196.00,0.05,3426
L003426,O01395,P011,3,80.00,0.10,3427
L003427,O01396,P020,3,189.00,0.00,3428
L003428,O01397,P016,2,231.00,0.05,3429
L003429,O01397,P007,2,35.00,0.05,3430
L003430,O01397,P013,4,271.00,0.00,3431
L003431,O01397,P013,4,271.00,0.20,3432
L003432,O01398,P002,3,284.00,0.00,3433
L003433,O01398,P015,3,254.00,0.20,3434
L003434,O01399,P005,2,65.00,0.20,3435
L003435,O01400,P014,5,294.00,0.05,3436
L003436,O01400,P013,4,271.00,0.20,3437
L003437,O01401,P024,4,81.00,0.05,3438
L003438,O01401,P007,1,35.00,0.00,3439
L003439,O01401,P017,3,300.00,0.00,3440
L003440,O01401,P012,3,134.00,0.20,3441
L003441,O01402,P004,3,123.00,0.05,3442
L003442,O01403,P011,1,80.00,0.1,3443
L003443,O01404,P011,3,80.00,0.20,3444
L003444,O01405,P016,2,231.00,0.20,3445
L003445,O01406,P017,1,300.00,0.05,3446
L003446,O01406,P004,3,123.00,0.05,3447
L003447,O01406,P007,3,35.00,0.10,3448
L003448,O01407,P006,1,196.00,0.10,3449
L003449,O01407,P015,1,254.00,0.20,3450
L003450,O01408,P001,1,122.00,0.00,3451
L003451,O01408,P017,5,300.00,0.20,3452
L003452,O01408,P024,4,81.00,0.20,3453
L003453,O01409,P017,4,300.00,0.10,3454
L003454,O01410,P018,4,269.00,0.05,3455
L003455,O01410,P013,2,271.00,0.05,3456
L003456,O01411,P005,2,65.00,0.20,3457
L003457,O01411,P016,1,231.00,0.10,3458
L003458,O01411,P020,4,189.00,0.00,3459
L003459,O01411,P023,5,68.00,0.05,3460
L003460,O01412,P007,4,35.00,0.00,3461
L003461,O01412,P015,3,254.00,0.05,3462
L003462,O01412,P008,2,188.00,0.20,3463
L003463,O01412,P001,2,122.00,0.10,3464
L003464,O01413,P007,4,35.00,0.10,3465
L003465,O01413,P002,2,284.00,0.20,3466
L003466,O01414,P013,3,271.00,0.20,3467
L003467,O01415,P020,4,189.00,0.00,3468
L003468,O01415,P020,3,189.00,0.00,3469
L003469,O01416,P005,5,65.00,0.20,3470
L003470,O01416,P012,3,134.00,0.10,3471
L003471,O01417,P018,5,269.00,0.05,3472
L003472,O01418,P018,3,269.00,0.00,3473
L003473,O01419,P012,4,134.00,0.05,3474
L003474,O01420,P014,5,294.00,0.10,3475
L003475,O01420,P001,4,122.00,0.05,3476
L003476,O01420,P010,4,211.00,0.00,3477
L003477,O01420,P012,4,134.00,0.10,3478
L003478,O01421,P012,3,134.00,0.00,3479
L003479,O01422,P004,1,123.00,0.00,3480
L003480,O01422,P024,3,81.00,0.20,3481
L003481,O01423,P015,2,254.00,0.20,3482
L003482,O01423,P007,4,35.00,0.05,3483
L003483,O01424,P019,4,78.00,0.00,3484
L003484,O01425,P003,2,199.00,0.10,3485
L003485,O01426,P013,5,271.00,0.05,3486
L003486,O01426,P018,1,269.00,0.05,3487
L003487,O01426,P014,4,294.00,0.10,3488
L003488,O01426,P014,2,294.00,0.10,3489
L003489,O01427,P007,1,35.00,0.10,3490
L003490,O01427,P012,2,134.00,0.00,3491
L003491,O01428,P021,2,249.00,0.20,3492
L003492,O01428,P017,2,300.00,0.05,3493
L003493,O01428,P006,2,196.00,0.00,3494
L003494,O01428,P014,4,294.00,0.20,3495
L003495,O01429,P020,2,189.00,0.05,3496
L003496,O01429,P020,2,189.00,0.10,3497
L003497,O01430,P001,3,122.00,0.05,3498
L003498,O01430,P013,1,271.00,0.05,3499
L003499,O01431,P003,5,199.00,0.00,3500
L003500,O01431,P015,3,254.00,0.10,3501
L003501,O01431,P015,1,254.00,0.10,3502
L003502,O01431,P013,4,271.00,0.05,3503
L003503,O01432,P011,3,80.00,0.20,3504
L003504,O01432,P017,4,300.00,0.2,3505
L003505,O01433,P021,1,249.00,0.20,3506
L003506,O01434,P002,1,284.00,0.00,3507
L003507,O01435,P005,5,65.00,0.00,3508
L003508,O01435,P022,4,134.00,0.05,3509
L003509,O01435,P021,1,249.00,0.05,3510
L003510,O01435,P019,5,78.00,0.00,3511
L003511,O01436,P005,2,65.00,0.10,3512
L003512,O01436,P016,1,231.00,0.10,3513
L003513,O01437,P013,4,271.00,0.05,3514
L003514,O01437,P018,3,269.00,0.20,3515
L003515,O01437,P002,4,284.00,0.20,3516
L003516,O01438,P020,3,189.00,0.05,3517
L003517,O01438,P018,3,269.00,0.10,3518
L003518,O01438,P022,4,134.00,0.05,3519
L003519,O01439,P022,5,134.00,0.00,3520
L003520,O01439,P021,3,249.00,0.20,3521
L003521,O01439,P021,1,249.00,0.05,3522
L003522,O01440,P020,5,189.00,0.00,3523
L003523,O01440,P006,5,196.00,0.05,3524
L003524,O01440,P001,5,122.00,0.05,3525
L003525,O01441,P024,2,81.00,0.05,3526
L003526,O01441,P011,3,80.00,0.10,3527
L003527,O01441,P021,3,249.00,0.00,3528
L003528,O01441,P017,1,300.00,0.10,3529
L003529,O01442,P003,5,199.00,0.20,3530
L003530,O01442,P021,2,249.00,0.20,3531
L003531,O01442,P010,3,211.00,0.05,3532
L003532,O01442,P021,4,249.00,0.20,3533
L003533,O01443,P010,3,211.00,0.10,3534
L003534,O01443,P022,1,134.00,0.00,3535
L003535,O01444,P013,5,271.00,0.05,3536
L003536,O01444,P012,1,134.00,0.10,3537
L003537,O01444,P020,2,189.00,0.20,3538
L003538,O01445,P008,1,188.00,0.05,3539
L003539,O01445,P016,1,231.00,0.10,3540
L003540,O01445,P017,5,300.00,0.05,3541
L003541,O01446,P001,2,122.00,0.10,3542
L003542,O01447,P004,4,123.00,0.05,3543
L003543,O01448,P023,2,68.00,0.20,3544
L003544,O01448,P019,3,78.00,0.00,3545
L003545,O01449,P008,4,188.00,0.10,3546
L003546,O01449,P018,5,269.00,0.20,3547
L003547,O01450,P004,5,123.00,0.10,3548
L003548,O01450,P007,1,35.00,0.10,3549
L003549,O01450,P003,4,199.00,0.20,3550
L003550,O01450,P016,4,231.00,0.05,3551
L003551,O01451,P018,5,269.00,0.05,3552
L003552,O01452,P024,3,81.00,0.00,3553
L003553,O01452,P002,3,284.00,0.10,3554
L003554,O01452,P004,4,123.00,0.20,3555
L003555,O01452,P011,5,80.00,0.05,3556
L003556,O01453,P001,3,122.00,0.00,3557
L003557,O01453,P009,4,93.00,0.00,3558
L003558,O01453,P013,3,271.00,0.05,3559
L003559,O01454,P019,3,78.00,0.20,3560
L003560,O01455,P013,1,271.00,0.00,3561
L003561,O01455,P002,2,284.00,0.10,3562
L003562,O01455,P015,4,254.00,0.05,3563
L003563,O01456,P009,4,93.00,0.05,3564
L003564,O01456,P013,5,271.00,0.20,3565
L003565,O01456,P021,1,249.00,0.00,3566
L003566,O01457,P017,3,300.00,0.05,3567
L003567,O01457,P016,4,231.00,0.00,3568
L003568,O01458,P021,1,249.00,0.20,3569
L003569,O01458,P001,5,122.00,0.10,3570
L003570,O01458,P016,2,231.00,0.05,3571
L003571,O01458,P024,5,81.00,0.20,3572
L003572,O01459,P023,5,68.00,0.05,3573
L003573,O01460,P016,3,231.00,0.05,3574
L003574,O01460,P011,1,80.00,0.10,3575
L003575,O01460,P006,1,196.00,0.00,3576
L003576,O01461,P019,3,78.00,0.20,3577
L003577,O01461,P002,5,284.00,0.10,3578
L003578,O01461,P003,3,199.00,0.10,3579
L003579,O01461,P012,4,134.00,0.00,3580
L003580,O01462,P003,3,199.00,0.00,3581
L003581,O01462,P008,3,188.00,0.05,3582
L003582,O01462,P009,1,93.00,0.20,3583
L003583,O01463,P014,1,294.00,0.10,3584
L003584,O01463,P014,2,294.00,0.10,3585
L003585,O01463,P023,5,68.00,0.10,3586
L003586,O01463,P014,5,294.00,0.05,3587
L003587,O01464,P014,2,294.00,0.10,3588
L003588,O01465,P008,5,188.00,0.00,3589
L003589,O01466,P017,4,300.00,0.00,3590
L003590,O01466,P022,5,134.00,0.10,3591
L003591,O01466,P004,1,123.00,0.10,3592
L003592,O01466,P014,5,294.00,0.00,3593
L003593,O01467,P005,5,65.00,0.05,3594
L003594,O01468,P008,5,188.00,0.00,3595
L003595,O01469,P019,4,78.00,0.10,3596
L003596,O01469,P005,2,65.00,0.00,3597
L003597,O01469,P019,2,78.00,0.2,3598
L003598,O01470,P020,3,189.00,0.10,3599
L003599,O01470,P004,4,123.00,0.10,3600
L003600,O01471,P022,5,134.00,0.00,3601
L003601,O01471,P024,4,81.00,0.20,3602
L003602,O01471,P022,1,134.00,0.10,3603
L003603,O01472,P006,1,196.00,0.00,3604
L003604,O01472,P003,2,199.00,0.05,3605
L003605,O01473,P021,2,249.00,0.10,3606
L003606,O01473,P003,1,199.00,0.20,3607
L003607,O01473,P011,4,80.00,0.10,3608
L003608,O01473,P003,1,199.00,0.00,3609
L003609,O01474,P004,4,123.00,0.10,3610
L003610,O01474,P004,1,123.00,0.10,3611
L003611,O01474,P024,5,81.00,0.20,3612
L003612,O01474,P017,1,300.00,0.00,3613
L003613,O01475,P023,4,68.00,0.20,3614
L003614,O01475,P007,3,35.00,0.00,3615
L003615,O01476,P007,3,35.00,0.10,3616
L003616,O01476,P021,2,249.00,0.20,3617
L003617,O01476,P004,5,123.00,0.05,3618
L003618,O01476,P003,2,199.00,0.00,3619
L003619,O01477,P017,3,300.00,0.20,3620
L003620,O01478,P022,2,134.00,0.10,3621
L003621,O01478,P022,5,134.00,0.20,3622
L003622,O01479,P008,1,188.00,0.00,3623
L003623,O01479,P015,4,254.00,0.00,3624
L003624,O01479,P014,4,294.00,0.20,3625
L003625,O01480,P018,1,269.00,0.05,3626
L003626,O01480,P019,1,78.00,0.10,3627
L003627,O01480,P022,4,134.00,0.00,3628
L003628,O01481,P016,4,231.00,0.2,3629
L003629,O01481,P013,4,271.00,0.10,3630
L003630,O01481,P012,3,134.00,0.05,3631
L003631,O01481,P005,5,65.00,0.00,3632
L003632,O01482,P018,5,269.00,0.20,3633
L003633,O01482,P020,4,189.00,0.00,3634
L003634,O01482,P017,4,300.00,0.05,3635
L003635,O01482,P001,1,122.00,0.20,3636
L003636,O01483,P018,3,269.00,0.20,3637
L003637,O01484,P002,5,284.00,0.00,3638
L003638,O01485,P018,2,269.00,0.00,3639
L003639,O01486,P024,5,81.00,0.00,3640
L003640,O01487,P012,2,134.00,0.00,3641
L003641,O01488,P024,5,81.00,0.10,3642
L003642,O01488,P016,1,231.00,0.20,3643
L003643,O01488,P016,2,231.00,0.20,3644
L003644,O01488,P003,3,199.00,0.20,3645
L003645,O01489,P004,5,123.00,0.20,3646
L003646,O01489,P021,4,249.00,0.10,3647
L003647,O01489,P018,1,269.00,0.05,3648
L003648,O01489,P019,3,78.00,0.10,3649
L003649,O01490,P019,5,78.00,0.00,3650
L003650,O01491,P023,5,68.00,0.10,3651
L003651,O01491,P014,2,294.00,0.05,3652
L003652,O01492,P018,3,269.00,0.20,3653
L003653,O01492,P010,5,211.00,0.10,3654
L003654,O01493,P002,1,284.00,0.00,3655
L003655,O01493,P019,4,78.00,0.10,3656
L003656,O01493,P010,5,211.00,0.05,3657
L003657,O01493,P023,4,68.00,0.00,3658
L003658,O01494,P020,2,189.00,0.05,3659
L003659,O01495,P018,3,269.00,0.2,3660
L003660,O01495,P001,2,122.00,0.10,3661
L003661,O01495,P001,5,122.00,0.05,3662
L003662,O01495,P016,1,231.00,0.05,3663
L003663,O01496,P003,3,199.00,0.00,3664
L003664,O01496,P013,5,271.00,0.10,3665
L003665,O01496,P014,2,294.00,0.20,3666
L003666,O01497,P020,4,189.00,0.05,3667
L003667,O01497,P017,4,300.00,0.05,3668
L003668,O01497,P016,1,231.00,0.20,3669
L003669,O01497,P017,3,300.00,0.20,3670
L003670,O01498,P008,2,188.00,0.05,3671
L003671,O01498,P021,2,249.00,0.05,3672
L003672,O01499,P001,1,122.00,0.05,3673
L003673,O01499,P022,3,134.00,0.10,3674
L003674,O01499,P012,3,134.00,0.05,3675
L003675,O01500,P009,1,93.00,0.10,3676
L003676,O01500,P011,3,80.00,0.10,3677
L003677,O01500,P004,1,123.00,0.00,3678
L003678,O01501,P014,3,294.00,0.10,3679
L003679,O01501,P020,4,189.00,0.10,3680
L003680,O01502,P015,3,254.00,0.05,3681
L003681,O01502,P024,2,81.00,0.05,3682
L003682,O01502,P020,5,189.00,0.00,3683
L003683,O01502,P007,5,35.00,0.20,3684
L003684,O01503,P005,3,65.00,0.00,3685
L003685,O01503,P019,5,78.00,0.20,3686
L003686,O01504,P007,5,35.00,0.10,3687
L003687,O01505,P011,1,80.00,0.10,3688
L003688,O01505,P005,5,65.00,0.00,3689
L003689,O01505,P013,1,271.00,0.10,3690
L003690,O01505,P005,5,65.00,0,3691
L003691,O01506,P008,1,188.00,0.10,3692
L003692,O01507,P001,5,122.00,0.10,3693
L003693,O01507,P016,1,231.00,0.10,3694
L003694,O01507,P016,2,231.00,0.05,3695
L003695,O01507,P008,4,188.00,0.10,3696
L003696,O01508,P005,2,65.00,0.20,3697
L003697,O01509,P020,5,189.00,0.20,3698
L003698,O01509,P009,2,93.00,0.10,3699
L003699,O01509,P018,4,269.00,0.20,3700
L003700,O01510,P008,3,188.00,0.20,3701
L003701,O01510,P008,4,188.00,0.05,3702
L003702,O01510,P005,3,65.00,0.00,3703
L003703,O01510,P005,5,65.00,0.05,3704
L003704,O01511,P005,4,65.00,0.10,3705
L003705,O01512,P014,2,294.00,0.10,3706
L003706,O01512,P023,4,68.00,0.10,3707
L003707,O01513,P012,2,134.00,0.20,3708
L003708,O01513,P010,1,211.00,0.05,3709
L003709,O01513,P020,1,189.00,0.20,3710
L003710,O01513,P005,4,65.00,0.00,3711
L003711,O01514,P007,4,35.00,0.20,3712
L003712,O01514,P020,2,189.00,0.00,3713
L003713,O01515,P006,5,196.00,0.10,3714
L003714,O01515,P009,2,93.00,0.20,3715
L003715,O01515,P020,4,189.00,0.05,3716
L003716,O01515,P007,2,35.00,0.20,3717
L003717,O01516,P011,2,80.00,0.10,3718
L003718,O01516,P002,4,284.00,0.10,3719
L003719,O01517,P020,2,189.00,0.10,3720
L003720,O01518,P022,5,134.00,0.05,3721
L003721,O01518,P024,1,81.00,0.05,3722
L003722,O01518,P006,1,196.00,0.10,3723
L003723,O01518,P007,5,35.00,0.10,3724
L003724,O01519,P009,5,93.00,0.05,3725
L003725,O01520,P012,4,134.00,0.00,3726
L003726,O01520,P001,3,122.00,0.10,3727
L003727,O01521,P021,2,249.00,0.05,3728
L003728,O01521,P018,5,269.00,0.00,3729
L003729,O01521,P010,4,211.00,0.05,3730
L003730,O01522,P023,1,68.00,0.00,3731
L003731,O01523,P002,1,284.00,0.05,3732
L003732,O01523,P011,1,80.00,0.20,3733
L003733,O01523,P010,3,211.00,0.20,3734
L003734,O01524,P020,3,189.00,0.05,3735
L003735,O01524,P006,3,196.00,0.10,3736
L003736,O01524,P005,5,65.00,0.00,3737
L003737,O01524,P008,4,188.00,0.20,3738
L003738,O01525,P023,4,68.00,0.10,3739
L003739,O01526,P016,2,231.00,0.10,3740
L003740,O01527,P016,1,231.00,0.10,3741
L003741,O01528,P016,4,231.00,0.05,3742
L003742,O01528,P023,5,68.00,0.05,3743
L003743,O01529,P017,3,300.00,0.20,3744
L003744,O01529,P018,1,269.00,0.00,3745
L003745,O01529,P012,3,134.00,0.00,3746
L003746,O01529,P004,1,123.00,0.10,3747
L003747,O01530,P006,4,196.00,0.00,3748
L003748,O01530,P001,5,122.00,0.10,3749
L003749,O01530,P015,5,254.00,0.00,3750
L003750,O01531,P003,4,199.00,0.05,3751
L003751,O01531,P004,2,123.00,0.05,3752
L003752,O01531,P009,3,93.00,0.1,3753
L003753,O01532,P022,5,134.00,0.00,3754
L003754,O01532,P013,2,271.00,0.20,3755
L003755,O01533,P010,3,211.00,0.00,3756
L003756,O01533,P013,1,271.00,0.00,3757
L003757,O01534,P012,4,134.00,0.10,3758
L003758,O01534,P015,3,254.00,0.10,3759
L003759,O01535,P004,5,123.00,0.10,3760
L003760,O01535,P015,5,254.00,0.10,3761
L003761,O01535,P019,4,78.00,0.10,3762
L003762,O01535,P014,5,294.00,0.10,3763
L003763,O01536,P010,3,211.00,0.05,3764
L003764,O01536,P020,5,189.00,0.05,3765
L003765,O01536,P007,5,35.00,0.10,3766
L003766,O01536,P014,5,294.00,0.00,3767
L003767,O01537,P021,5,249.00,0.00,3768
L003768,O01537,P010,2,211.00,0.05,3769
L003769,O01537,P023,2,68.00,0.05,3770
L003770,O01537,P024,1,81.00,0.05,3771
L003771,O01538,P016,4,231.00,0.05,3772
L003772,O01538,P015,2,254.00,0.10,3773
L003773,O01538,P011,2,80.00,0.20,3774
L003774,O01538,P009,5,93.00,0.10,3775
L003775,O01539,P018,4,269.00,0.10,3776
L003776,O01539,P021,2,249.00,0.20,3777
L003777,O01539,P022,1,134.00,0.00,3778
L003778,O01540,P007,3,35.00,0.05,3779
L003779,O01540,P021,4,249.00,0.05,3780
L003780,O01540,P020,2,189.00,0.10,3781
L003781,O01541,P013,5,271.00,0.10,3782
L003782,O01541,P022,2,134.00,0.00,3783
L003783,O01541,P017,1,300.00,0,3784
L003784,O01542,P002,3,284.00,0.05,3785
L003785,O01542,P002,5,284.00,0.10,3786
L003786,O01542,P024,5,81.00,0.10,3787
L003787,O01542,P019,2,78.00,0.00,3788
L003788,O01543,P019,5,78.00,0.10,3789
L003789,O01543,P014,2,294.00,0.05,3790
L003790,O01544,P017,2,300.00,0.00,3791
L003791,O01545,P021,2,249.00,0.20,3792
L003792,O01545,P018,4,269.00,0.20,3793
L003793,O01546,P016,4,231.00,0.10,3794
L003794,O01546,P020,2,189.00,0.05,3795
L003795,O01546,P014,4,294.00,0.20,3796
L003796,O01546,P018,3,269.00,0.10,3797
L003797,O01547,P020,4,189.00,0.00,3798
L003798,O01547,P016,5,231.00,0.05,3799
L003799,O01547,P003,5,199.00,0.00,3800
L003800,O01548,P009,1,93.00,0.10,3801
L003801,O01548,P008,2,188.00,0.20,3802
L003802,O01549,P004,2,123.00,0.05,3803
L003803,O01550,P009,2,93.00,0.00,3804
L003804,O01550,P013,4,271.00,0.05,3805
L003805,O01550,P015,4,254.00,0.10,3806
L003806,O01550,P014,5,294.00,0.05,3807
L003807,O01551,P009,5,93.00,0.00,3808
L003808,O01551,P018,4,269.00,0.10,3809
L003809,O01551,P005,1,65.00,0.05,3810
L003810,O01551,P007,1,35.00,0.10,3811
L003811,O01552,P020,5,189.00,0.05,3812
L003812,O01552,P006,3,196.00,0.00,3813
L003813,O01553,P007,5,35.00,0.05,3814
L003814,O01553,P023,4,68.00,0.2,3815
L003815,O01554,P012,1,134.00,0.10,3816
L003816,O01555,P006,1,196.00,0.05,3817
L003817,O01555,P005,4,65.00,0.20,3818
L003818,O01555,P015,4,254.00,0.00,3819
L003819,O01556,P001,1,122.00,0.00,3820
L003820,O01557,P009,1,93.00,0.20,3821
L003821,O01557,P012,1,134.00,0.00,3822
L003822,O01557,P009,3,93.00,0.05,3823
L003823,O01558,P023,2,68.00,0.20,3824
L003824,O01558,P013,3,271.00,0.20,3825
L003825,O01558,P012,1,134.00,0.00,3826
L003826,O01558,P002,2,284.00,0.10,3827
L003827,O01559,P015,1,254.00,0.20,3828
L003828,O01560,P017,3,300.00,0.05,3829
L003829,O01560,P018,3,269.00,0.20,3830
L003830,O01560,P021,3,249.00,0.20,3831
L003831,O01561,P013,4,271.00,0.20,3832
L003832,O01561,P002,3,284.00,0.10,3833
L003833,O01562,P015,5,254.00,0.10,3834
L003834,O01563,P017,4,300.00,0.00,3835
L003835,O01563,P020,5,189.00,0.10,3836
L003836,O01564,P003,1,199.00,0.00,3837
L003837,O01564,P021,4,249.00,0.10,3838
L003838,O01564,P020,5,189.00,0.10,3839
L003839,O01564,P014,2,294.00,0.10,3840
L003840,O01565,P006,5,196.00,0.05,3841
L003841,O01565,P008,2,188.00,0.00,3842
L003842,O01566,P008,1,188.00,0.20,3843
L003843,O01566,P019,5,78.00,0.20,3844
L003844,O01566,P019,1,78.00,0.05,3845
L003845,O01566,P010,3,211.00,0.1,3846
L003846,O01567,P020,3,189.00,0.10,3847
L003847,O01567,P001,2,122.00,0.20,3848
L003848,O01567,P020,2,189.00,0.20,3849
L003849,O01567,P002,1,284.00,0.10,3850
L003850,O01568,P023,5,68.00,0.20,3851
L003851,O01568,P011,5,80.00,0.10,3852
L003852,O01568,P009,4,93.00,0.10,3853
L003853,O01569,P014,2,294.00,0.05,3854
L003854,O01569,P019,2,78.00,0.05,3855
L003855,O01569,P021,2,249.00,0.05,3856
L003856,O01569,P020,5,189.00,0.20,3857
L003857,O01570,P014,3,294.00,0.10,3858
L003858,O01570,P003,3,199.00,0.05,3859
L003859,O01570,P016,3,231.00,0.05,3860
L003860,O01570,P012,3,134.00,0.20,3861
L003861,O01571,P004,2,123.00,0.00,3862
L003862,O01571,P019,5,78.00,0.20,3863
L003863,O01571,P001,1,122.00,0.00,3864
L003864,O01572,P002,5,284.00,0.10,3865
L003865,O01572,P001,1,122.00,0.05,3866
L003866,O01572,P004,4,123.00,0.10,3867
L003867,O01573,P006,4,196.00,0.10,3868
L003868,O01573,P019,5,78.00,0.05,3869
L003869,O01573,P011,1,80.00,0.05,3870
L003870,O01574,P012,3,134.00,0.05,3871
L003871,O01574,P005,4,65.00,0.20,3872
L003872,O01574,P008,2,188.00,0.20,3873
L003873,O01574,P020,4,189.00,0.20,3874
L003874,O01575,P019,4,78.00,0.05,3875
L003875,O01575,P002,5,284.00,0.05,3876
L003876,O01575,P020,3,189.00,0.05,3877
L003877,O01576,P023,4,68.00,0.10,3878
L003878,O01576,P002,5,284.00,0.20,3879
L003879,O01577,P010,1,211.00,0.00,3880
L003880,O01577,P014,3,294.00,0.05,3881
L003881,O01577,P004,4,123.00,0.05,3882
L003882,O01578,P017,5,300.00,0.10,3883
L003883,O01578,P005,1,65.00,0.00,3884
L003884,O01578,P016,3,231.00,0.05,3885
L003885,O01578,P020,3,189.00,0.05,3886
L003886,O01579,P015,1,254.00,0.10,3887
L003887,O01580,P009,2,93.00,0.05,3888
L003888,O01581,P001,1,122.00,0.20,3889
L003889,O01581,P005,5,65.00,0.10,3890
L003890,O01581,P013,4,271.00,0.00,3891
L003891,O01582,P015,2,254.00,0.20,3892
L003892,O01582,P018,3,269.00,0.10,3893
L003893,O01582,P015,5,254.00,0.05,3894
L003894,O01583,P009,4,93.00,0.00,3895
L003895,O01583,P007,4,35.00,0.10,3896
L003896,O01583,P024,4,81.00,0.05,3897
L003897,O01583,P010,2,211.00,0.05,3898
L003898,O01584,P013,2,271.00,0.05,3899
L003899,O01584,P009,4,93.00,0.00,3900
L003900,O01585,P021,1,249.00,0.00,3901
L003901,O01586,P023,3,68.00,0.00,3902
L003902,O01586,P014,4,294.00,0.20,3903
L003903,O01586,P014,1,294.00,0.05,3904
L003904,O01586,P022,5,134.00,0.00,3905
L003905,O01587,P018,5,269.00,0.20,3906
L003906,O01587,P007,2,35.00,0.00,3907
L003907,O01588,P014,4,294.00,0.05,3908
L003908,O01588,P013,5,271.00,0.20,3909
L003909,O01588,P015,3,254.00,0.20,3910
L003910,O01589,P018,3,269.00,0.05,3911
L003911,O01589,P021,4,249.00,0.00,3912
L003912,O01590,P017,1,300.00,0.05,3913
L003913,O01590,P021,2,249.00,0.20,3914
L003914,O01590,P017,2,300.00,0.05,3915
L003915,O01590,P011,1,80.00,0.10,3916
L003916,O01591,P013,4,271.00,0.20,3917
L003917,O01591,P023,1,68.00,0.10,3918
L003918,O01591,P012,2,134.00,0.05,3919
L003919,O01592,P001,3,122.00,0.05,3920
L003920,O01593,P024,3,81.00,0.20,3921
L003921,O01593,P024,3,81.00,0.00,3922
L003922,O01593,P002,1,284.00,0.00,3923
L003923,O01593,P010,2,211.00,0.05,3924
L003924,O01594,P022,4,134.00,0.00,3925
L003925,O01594,P022,4,134.00,0.05,3926
L003926,O01595,P016,5,231.00,0.05,3927
L003927,O01595,P009,2,93.00,0.00,3928
L003928,O01595,P013,4,271.00,0.05,3929
L003929,O01596,P014,1,294.00,0.20,3930
L003930,O01596,P018,2,269.00,0.05,3931
L003931,O01596,P024,4,81.00,0.05,3932
L003932,O01596,P005,5,65.00,0.00,3933
L003933,O01597,P002,1,284.00,0.05,3934
L003934,O01597,P021,4,249.00,0.05,3935
L003935,O01597,P024,4,81.00,0.10,3936
L003936,O01598,P012,3,134.00,0.10,3937
L003937,O01599,P001,3,122.00,0.05,3938
L003938,O01599,P004,2,123.00,0.1,3939
L003939,O01599,P015,2,254.00,0.05,3940
L003940,O01600,P004,5,123.00,0.20,3941
L003941,O01600,P009,5,93.00,0.05,3942
L003942,O01600,P007,1,35.00,0.10,3943
L003943,O01601,P015,3,254.00,0.20,3944
L003944,O01602,P015,5,254.00,0.05,3945
L003945,O01602,P009,5,93.00,0.00,3946
L003946,O01603,P020,1,189.00,0.05,3947
L003947,O01603,P016,4,231.00,0.10,3948
L003948,O01604,P007,2,35.00,0.05,3949
L003949,O01605,P009,2,93.00,0.00,3950
L003950,O01605,P012,2,134.00,0.20,3951
L003951,O01606,P013,1,271.00,0.00,3952
L003952,O01606,P015,5,254.00,0.00,3953
L003953,O01606,P014,4,294.00,0.20,3954
L003954,O01607,P022,2,134.00,0.10,3955
L003955,O01608,P013,5,271.00,0.00,3956
L003956,O01609,P002,3,284.00,0.00,3957
L003957,O01609,P001,3,122.00,0.00,3958
L003958,O01610,P002,5,284.00,0.20,3959
L003959,O01610,P024,2,81.00,0.05,3960
L003960,O01610,P013,5,271.00,0.20,3961
L003961,O01610,P004,2,123.00,0.10,3962
L003962,O01611,P005,2,65.00,0.10,3963
L003963,O01611,P017,1,300.00,0.10,3964
L003964,O01612,P007,4,35.00,0.10,3965
L003965,O01613,P018,5,269.00,0.10,3966
L003966,O01613,P013,4,271.00,0.00,3967
L003967,O01614,P013,1,271.00,0.00,3968
L003968,O01614,P015,4,254.00,0.20,3969
L003969,O01615,P022,3,134.00,0,3970
L003970,O01615,P006,5,196.00,0.20,3971
L003971,O01615,P015,5,254.00,0.10,3972
L003972,O01615,P010,5,211.00,0.05,3973
L003973,O01616,P003,5,199.00,0.05,3974
L003974,O01617,P014,5,294.00,0.05,3975
L003975,O01617,P006,4,196.00,0.20,3976
L003976,O01617,P020,4,189.00,0.00,3977
L003977,O01617,P008,3,188.00,0.00,3978
L003978,O01618,P005,5,65.00,0.05,3979
L003979,O01618,P011,2,80.00,0.05,3980
L003980,O01618,P004,3,123.00,0.10,3981
L003981,O01619,P011,5,80.00,0.20,3982
L003982,O01619,P010,4,211.00,0.00,3983
L003983,O01619,P007,1,35.00,0.05,3984
L003984,O01620,P002,3,284.00,0.10,3985
L003985,O01620,P004,4,123.00,0.00,3986
L003986,O01621,P022,1,134.00,0.10,3987
L003987,O01621,P023,3,68.00,0.05,3988
L003988,O01621,P010,5,211.00,0.20,3989
L003989,O01622,P020,2,189.00,0.20,3990
L003990,O01622,P009,3,93.00,0.05,3991
L003991,O01623,P008,1,188.00,0.10,3992
L003992,O01623,P009,4,93.00,0.10,3993
L003993,O01623,P001,3,122.00,0.05,3994
L003994,O01623,P015,1,254.00,0.05,3995
L003995,O01624,P019,2,78.00,0.00,3996
L003996,O01625,P023,4,68.00,0.10,3997
L003997,O01625,P001,3,122.00,0.10,3998
L003998,O01625,P024,1,81.00,0.20,3999
L003999,O01626,P015,3,254.00,0.20,4000
L004000,O01627,P023,3,68.00,0.05,4001
L004001,O01627,P016,4,231.00,0.00,4002
L004002,O01628,P004,4,123.00,0.05,4003
L004003,O01629,P005,1,65.00,0.00,4004
L004004,O01629,P007,2,35.00,0.10,4005
L004005,O01630,P003,2,199.00,0.20,4006
L004006,O01630,P011,4,80.00,0.10,4007
L004007,O01630,P013,5,271.00,0.20,4008
L004008,O01630,P009,2,93.00,0.00,4009
L004009,O01631,P006,1,196.00,0.10,4010
L004010,O01631,P023,2,68.00,0.05,4011
L004011,O01631,P024,3,81.00,0.10,4012
L004012,O01632,P019,3,78.00,0.05,4013
L004013,O01632,P018,5,269.00,0.05,4014
L004014,O01633,P015,4,254.00,0.10,4015
L004015,O01633,P017,1,300.00,0.10,4016
L004016,O01633,P022,4,134.00,0.20,4017
L004017,O01633,P014,5,294.00,0.00,4018
L004018,O01634,P003,2,199.00,0.05,4019
L004019,O01635,P022,5,134.00,0.20,4020
L004020,O01635,P004,5,123.00,0.05,4021
L004021,O01635,P020,2,189.00,0.20,4022
L004022,O01635,P023,2,68.00,0.00,4023
L004023,O01636,P016,3,231.00,0.10,4024
L004024,O01637,P013,4,271.00,0.20,4025
L004025,O01637,P018,4,269.00,0.00,4026
L004026,O01638,P021,3,249.00,0.00,4027
L004027,O01638,P005,4,65.00,0.00,4028
L004028,O01638,P011,1,80.00,0.20,4029
L004029,O01639,P018,2,269.00,0.10,4030
L004030,O01640,P019,3,78.00,0.20,4031
L004031,O01640,P013,5,271.00,0.2,4032
L004032,O01640,P018,2,269.00,0.05,4033
L004033,O01640,P009,5,93.00,0.05,4034
L004034,O01641,P016,2,231.00,0.20,4035
L004035,O01641,P012,3,134.00,0.20,4036
L004036,O01641,P003,2,199.00,0.00,4037
L004037,O01641,P007,1,35.00,0.20,4038
L004038,O01642,P016,4,231.00,0.05,4039
L004039,O01642,P011,4,80.00,0.00,4040
L004040,O01642,P023,1,68.00,0.05,4041
L004041,O01642,P009,1,93.00,0.20,4042
L004042,O01643,P020,3,189.00,0.20,4043
L004043,O01644,P007,1,35.00,0.20,4044
L004044,O01644,P021,4,249.00,0.10,4045
L004045,O01644,P001,2,122.00,0.10,4046
L004046,O01644,P013,3,271.00,0.05,4047
L004047,O01645,P013,2,271.00,0.00,4048
L004048,O01645,P021,4,249.00,0.05,4049
L004049,O01645,P023,3,68.00,0.05,4050
L004050,O01645,P021,1,249.00,0.20,4051
L004051,O01646,P009,5,93.00,0.10,4052
L004052,O01646,P016,5,231.00,0.05,4053
L004053,O01647,P013,3,271.00,0.20,4054
L004054,O01647,P006,4,196.00,0.05,4055
L004055,O01647,P010,3,211.00,0.05,4056
L004056,O01647,P024,5,81.00,0.05,4057
L004057,O01648,P012,5,134.00,0.20,4058
L004058,O01648,P016,3,231.00,0.20,4059
L004059,O01648,P016,1,231.00,0.05,4060
L004060,O01649,P015,5,254.00,0.05,4061
L004061,O01649,P003,5,199.00,0.20,4062
L004062,O01649,P001,3,122.00,0.2,4063
L004063,O01649,P011,1,80.00,0.05,4064
L004064,O01650,P023,2,68.00,0.10,4065
L004065,O01651,P012,2,134.00,0.00,4066
L004066,O01651,P004,3,123.00,0.00,4067
L004067,O01651,P019,1,78.00,0.00,4068
L004068,O01652,P010,3,211.00,0.05,4069
L004069,O01652,P020,3,189.00,0.20,4070
L004070,O01652,P017,5,300.00,0.20,4071
L004071,O01652,P018,1,269.00,0.00,4072
L004072,O01653,P014,5,294.00,0.05,4073
L004073,O01653,P001,5,122.00,0.00,4074
L004074,O01653,P022,3,134.00,0.10,4075
L004075,O01654,P023,2,68.00,0.00,4076
L004076,O01654,P012,5,134.00,0.10,4077
L004077,O01654,P004,5,123.00,0.00,4078
L004078,O01655,P022,5,134.00,0.00,4079
L004079,O01655,P016,3,231.00,0.20,4080
L004080,O01655,P015,2,254.00,0.10,4081
L004081,O01655,P021,4,249.00,0.10,4082
L004082,O01656,P010,4,211.00,0.00,4083
L004083,O01657,P021,4,249.00,0.00,4084
L004084,O01657,P006,4,196.00,0.05,4085
L004085,O01657,P020,2,189.00,0.20,4086
L004086,O01657,P018,2,269.00,0.05,4087
L004087,O01658,P012,2,134.00,0.20,4088
L004088,O01658,P008,4,188.00,0.10,4089
L004089,O01659,P001,5,122.00,0.05,4090
L004090,O01659,P011,2,80.00,0.00,4091
L004091,O01660,P017,1,300.00,0.20,4092
L004092,O01660,P024,5,81.00,0.20,4093
L004093,O01661,P017,1,300.00,0.2,4094
L004094,O01661,P023,3,68.00,0.10,4095
L004095,O01662,P021,1,249.00,0.00,4096
L004096,O01662,P012,4,134.00,0.05,4097
L004097,O01663,P009,5,93.00,0.05,4098
L004098,O01664,P017,2,300.00,0.10,4099
L004099,O01664,P007,3,35.00,0.00,4100
L004100,O01664,P016,2,231.00,0.00,4101
L004101,O01664,P016,1,231.00,0.00,4102
L004102,O01665,P002,2,284.00,0.10,4103
L004103,O01665,P022,5,134.00,0.00,4104
L004104,O01666,P011,3,80.00,0.20,4105
L004105,O01667,P006,3,196.00,0.20,4106
L004106,O01667,P016,1,231.00,0.00,4107
L004107,O01667,P020,3,189.00,0.10,4108
L004108,O01667,P008,5,188.00,0.05,4109
L004109,O01668,P017,5,300.00,0.05,4110
L004110,O01668,P011,3,80.00,0.00,4111
L004111,O01668,P006,1,196.00,0.20,4112
L004112,O01669,P014,4,294.00,0.10,4113
L004113,O01670,P009,4,93.00,0.00,4114
L004114,O01671,P011,3,80.00,0.05,4115
L004115,O01671,P017,3,300.00,0.05,4116
L004116,O01671,P011,5,80.00,0.05,4117
L004117,O01671,P002,4,284.00,0.20,4118
L004118,O01672,P009,1,93.00,0.00,4119
L004119,O01673,P015,3,254.00,0.10,4120
L004120,O01673,P013,3,271.00,0.20,4121
L004121,O01673,P019,2,78.00,0.10,4122
L004122,O01673,P002,5,284.00,0.05,4123
L004123,O01674,P002,1,284.00,0.10,4124
L004124,O01674,P019,3,78.00,0,4125
L004125,O01675,P021,1,249.00,0.10,4126
L004126,O01676,P015,4,254.00,0.00,4127
L004127,O01676,P003,2,199.00,0.10,4128
L004128,O01677,P024,4,81.00,0.20,4129
L004129,O01677,P019,3,78.00,0.20,4130
L004130,O01678,P010,5,211.00,0.05,4131
L004131,O01678,P009,1,93.00,0.10,4132
L004132,O01679,P024,2,81.00,0.05,4133
L004133,O01679,P018,3,269.00,0.05,4134
L004134,O01679,P024,2,81.00,0.20,4135
L004135,O01679,P007,3,35.00,0.00,4136
L004136,O01680,P023,2,68.00,0.05,4137
L004137,O01680,P023,2,68.00,0.05,4138
L004138,O01680,P007,2,35.00,0.20,4139
L004139,O01681,P024,4,81.00,0.00,4140
L004140,O01682,P017,2,300.00,0.10,4141
L004141,O01682,P012,3,134.00,0.10,4142
L004142,O01682,P015,1,254.00,0.20,4143
L004143,O01683,P008,5,188.00,0.05,4144
L004144,O01683,P013,5,271.00,0.05,4145
L004145,O01683,P013,5,271.00,0.00,4146
L004146,O01684,P002,1,284.00,0.10,4147
L004147,O01684,P006,5,196.00,0.05,4148
L004148,O01684,P005,4,65.00,0.05,4149
L004149,O01685,P010,5,211.00,0.00,4150
L004150,O01685,P018,2,269.00,0.05,4151
L004151,O01686,P018,3,269.00,0.00,4152
L004152,O01686,P024,3,81.00,0.20,4153
L004153,O01686,P004,1,123.00,0.00,4154
L004154,O01687,P011,1,80.00,0.10,4155
L004155,O01688,P015,3,254.00,0.1,4156
L004156,O01689,P023,2,68.00,0.00,4157
L004157,O01689,P014,2,294.00,0.20,4158
L004158,O01690,P003,4,199.00,0.20,4159
L004159,O01690,P022,2,134.00,0.20,4160
L004160,O01690,P024,5,81.00,0.05,4161
L004161,O01690,P012,2,134.00,0.05,4162
L004162,O01691,P003,1,199.00,0.20,4163
L004163,O01691,P020,2,189.00,0.05,4164
L004164,O01691,P011,5,80.00,0.00,4165
L004165,O01692,P006,3,196.00,0.00,4166
L004166,O01692,P008,2,188.00,0.05,4167
L004167,O01692,P020,3,189.00,0.20,4168
L004168,O01692,P009,5,93.00,0.00,4169
L004169,O01693,P009,4,93.00,0.20,4170
L004170,O01693,P015,4,254.00,0.10,4171
L004171,O01693,P017,5,300.00,0.00,4172
L004172,O01694,P002,2,284.00,0.10,4173
L004173,O01695,P014,2,294.00,0.05,4174
L004174,O01695,P003,1,199.00,0.20,4175
L004175,O01696,P024,1,81.00,0.20,4176
L004176,O01696,P022,4,134.00,0.20,4177
L004177,O01697,P009,5,93.00,0.00,4178
L004178,O01697,P001,1,122.00,0.10,4179
L004179,O01697,P024,3,81.00,0.20,4180
L004180,O01698,P009,3,93.00,0.20,4181
L004181,O01698,P017,4,300.00,0.00,4182
L004182,O01698,P022,2,134.00,0.00,4183
L004183,O01698,P005,2,65.00,0.10,4184
L004184,O01699,P015,4,254.00,0.20,4185
L004185,O01699,P002,1,284.00,0.00,4186
L004186,O01700,P006,3,196.00,0.2,4187
L004187,O01700,P010,5,211.00,0.20,4188
L004188,O01700,P008,1,188.00,0.20,4189
L004189,O01700,P014,5,294.00,0.05,4190
L004190,O01701,P010,5,211.00,0.10,4191
L004191,O01702,P016,1,231.00,0.00,4192
L004192,O01702,P007,5,35.00,0.20,4193
L004193,O01703,P007,3,35.00,0.20,4194
L004194,O01703,P001,4,122.00,0.00,4195
L004195,O01704,P016,3,231.00,0.05,4196
L004196,O01704,P011,3,80.00,0.10,4197
L004197,O01705,P016,4,231.00,0.05,4198
L004198,O01706,P007,1,35.00,0.05,4199
L004199,O01706,P012,2,134.00,0.10,4200
L004200,O01706,P017,3,300.00,0.20,4201
L004201,O01706,P015,2,254.00,0.20,4202
L004202,O01707,P004,2,123.00,0.00,4203
L004203,O01707,P004,5,123.00,0.20,4204
L004204,O01707,P014,4,294.00,0.20,4205
L004205,O01708,P019,3,78.00,0.20,4206
L004206,O01708,P006,1,196.00,0.20,4207
L004207,O01708,P020,4,189.00,0.10,4208
L004208,O01709,P004,5,123.00,0.20,4209
L004209,O01709,P020,5,189.00,0.20,4210
L004210,O01709,P017,3,300.00,0.10,4211
L004211,O01710,P018,2,269.00,0.10,4212
L004212,O01710,P016,2,231.00,0.00,4213
L004213,O01710,P010,4,211.00,0.00,4214
L004214,O01711,P004,2,123.00,0.05,4215
L004215,O01711,P018,1,269.00,0.20,4216
L004216,O01712,P014,2,294.00,0.20,4217
L004217,O01713,P024,3,81.00,0.05,4218
L004218,O01714,P008,5,188.00,0.05,4219
L004219,O01714,P004,5,123.00,0.00,4220
L004220,O01714,P016,3,231.00,0.00,4221
L004221,O01715,P021,3,249.00,0.10,4222
L004222,O01716,P008,2,188.00,0.10,4223
L004223,O01716,P019,3,78.00,0.20,4224
L004224,O01717,P016,2,231.00,0.20,4225
L004225,O01717,P010,1,211.00,0.05,4226
L004226,O01717,P014,3,294.00,0.05,4227
L004227,O01717,P010,5,211.00,0.10,4228
L004228,O01718,P019,3,78.00,0.20,4229
L004229,O01719,P023,3,68.00,0.05,4230
L004230,O01720,P003,4,199.00,0.05,4231
L004231,O01721,P010,4,211.00,0.20,4232
L004232,O01722,P007,1,35.00,0.10,4233
L004233,O01722,P019,3,78.00,0.10,4234
L004234,O01722,P013,2,271.00,0.10,4235
L004235,O01722,P010,3,211.00,0.10,4236
L004236,O01723,P004,4,123.00,0.20,4237
L004237,O01723,P021,2,249.00,0.05,4238
L004238,O01723,P009,2,93.00,0.20,4239
L004239,O01723,P013,1,271.00,0.20,4240
L004240,O01724,P013,4,271.00,0.20,4241
L004241,O01724,P001,5,122.00,0.20,4242
L004242,O01724,P018,5,269.00,0.10,4243
L004243,O01725,P022,5,134.00,0.00,4244
L004244,O01726,P010,1,211.00,0.05,4245
L004245,O01727,P008,2,188.00,0.20,4246
L004246,O01728,P021,3,249.00,0.05,4247
L004247,O01728,P015,1,254.00,0.10,4248
L004248,O01728,P005,1,65.00,0.2,4249
L004249,O01728,P015,1,254.00,0.00,4250
L004250,O01729,P024,3,81.00,0.10,4251
L004251,O01729,P001,5,122.00,0.20,4252
L004252,O01730,P008,5,188.00,0.05,4253
L004253,O01730,P001,1,122.00,0.00,4254
L004254,O01730,P002,2,284.00,0.00,4255
L004255,O01730,P018,4,269.00,0.20,4256
L004256,O01731,P015,5,254.00,0.00,4257
L004257,O01731,P018,5,269.00,0.20,4258
L004258,O01731,P013,3,271.00,0.05,4259
L004259,O01731,P005,1,65.00,0.10,4260
L004260,O01732,P003,2,199.00,0.00,4261
L004261,O01732,P021,4,249.00,0.20,4262
L004262,O01733,P019,5,78.00,0.20,4263
L004263,O01733,P013,1,271.00,0.10,4264
L004264,O01734,P020,2,189.00,0.00,4265
L004265,O01734,P013,3,271.00,0.00,4266
L004266,O01734,P016,2,231.00,0.10,4267
L004267,O01734,P009,5,93.00,0.00,4268
L004268,O01735,P022,1,134.00,0.10,4269
L004269,O01735,P020,4,189.00,0.00,4270
L004270,O01736,P024,1,81.00,0.05,4271
L004271,O01736,P010,5,211.00,0.10,4272
L004272,O01736,P013,3,271.00,0.00,4273
L004273,O01736,P023,3,68.00,0.05,4274
L004274,O01737,P006,4,196.00,0.20,4275
L004275,O01737,P023,3,68.00,0.10,4276
L004276,O01738,P019,1,78.00,0.05,4277
L004277,O01738,P012,3,134.00,0.00,4278
L004278,O01738,P017,3,300.00,0.20,4279
L004279,O01739,P003,1,199.00,0.05,4280
L004280,O01739,P021,5,249.00,0.05,4281
L004281,O01739,P022,5,134.00,0.00,4282
L004282,O01739,P004,4,123.00,0.20,4283
L004283,O01740,P021,1,249.00,0.00,4284
L004284,O01740,P018,2,269.00,0.05,4285
L004285,O01741,P009,2,93.00,0.05,4286
L004286,O01741,P010,1,211.00,0.10,4287
L004287,O01742,P016,1,231.00,0.00,4288
L004288,O01742,P007,3,35.00,0.20,4289
L004289,O01742,P007,1,35.00,0.20,4290
L004290,O01742,P021,3,249.00,0.20,4291
L004291,O01743,P015,3,254.00,0.20,4292
L004292,O01743,P021,4,249.00,0.05,4293
L004293,O01743,P005,3,65.00,0.00,4294
L004294,O01744,P015,3,254.00,0.10,4295
L004295,O01745,P022,1,134.00,0.05,4296
L004296,O01746,P009,3,93.00,0.20,4297
L004297,O01746,P023,2,68.00,0.00,4298
L004298,O01747,P012,5,134.00,0.05,4299
L004299,O01747,P008,5,188.00,0.00,4300
L004300,O01747,P010,3,211.00,0.10,4301
L004301,O01748,P024,4,81.00,0.05,4302
L004302,O01749,P017,5,300.00,0.05,4303
L004303,O01749,P005,2,65.00,0.00,4304
L004304,O01749,P022,4,134.00,0.05,4305
L004305,O01750,P024,4,81.00,0.10,4306
L004306,O01750,P009,4,93.00,0.20,4307
L004307,O01750,P016,1,231.00,0.05,4308
L004308,O01751,P019,3,78.00,0.10,4309
L004309,O01751,P012,3,134.00,0.20,4310
L004310,O01751,P008,2,188.00,0.1,4311
L004311,O01752,P020,5,189.00,0.05,4312
L004312,O01752,P018,1,269.00,0.00,4313
L004313,O01752,P024,3,81.00,0.10,4314
L004314,O01753,P010,4,211.00,0.00,4315
L004315,O01753,P003,1,199.00,0.00,4316
L004316,O01754,P024,5,81.00,0.05,4317
L004317,O01754,P023,1,68.00,0.00,4318
L004318,O01755,P015,5,254.00,0.00,4319
L004319,O01755,P001,2,122.00,0.20,4320
L004320,O01756,P012,2,134.00,0.20,4321
L004321,O01756,P014,4,294.00,0.00,4322
L004322,O01756,P024,5,81.00,0.00,4323
L004323,O01757,P010,4,211.00,0.00,4324
L004324,O01758,P009,3,93.00,0.05,4325
L004325,O01758,P019,1,78.00,0.10,4326
L004326,O01758,P020,2,189.00,0.20,4327
L004327,O01759,P014,5,294.00,0.10,4328
L004328,O01759,P009,3,93.00,0.10,4329
L004329,O01759,P002,2,284.00,0.10,4330
L004330,O01759,P007,4,35.00,0.00,4331
L004331,O01760,P006,1,196.00,0.05,4332
L004332,O01760,P009,2,93.00,0.00,4333
L004333,O01761,P011,2,80.00,0.20,4334
L004334,O01761,P010,3,211.00,0.20,4335
L004335,O01762,P012,2,134.00,0.10,4336
L004336,O01763,P021,4,249.00,0.00,4337
L004337,O01763,P014,4,294.00,0.05,4338
L004338,O01763,P016,4,231.00,0.10,4339
L004339,O01764,P015,2,254.00,0.05,4340
L004340,O01764,P021,4,249.00,0.00,4341
L004341,O01764,P006,1,196.00,0.1,4342
L004342,O01764,P007,1,35.00,0.05,4343
L004343,O01765,P024,4,81.00,0.05,4344
L004344,O01765,P006,5,196.00,0.20,4345
L004345,O01765,P022,3,134.00,0.00,4346
L004346,O01766,P014,4,294.00,0.10,4347
L004347,O01766,P022,5,134.00,0.20,4348
L004348,O01766,P011,1,80.00,0.20,4349
L004349,O01766,P008,5,188.00,0.05,4350
L004350,O01767,P011,2,80.00,0.05,4351
L004351,O01767,P003,1,199.00,0.20,4352
L004352,O01767,P003,5,199.00,0.00,4353
L004353,O01767,P018,4,269.00,0.00,4354
L004354,O01768,P001,1,122.00,0.00,4355
L004355,O01768,P006,4,196.00,0.05,4356
L004356,O01768,P024,5,81.00,0.05,4357
L004357,O01769,P020,2,189.00,0.10,4358
L004358,O01769,P009,3,93.00,0.20,4359
L004359,O01769,P017,1,300.00,0.05,4360
L004360,O01770,P009,3,93.00,0.20,4361
L004361,O01770,P004,5,123.00,0.10,4362
L004362,O01770,P018,2,269.00,0.10,4363
L004363,O01770,P004,4,123.00,0.20,4364
L004364,O01771,P015,5,254.00,0.20,4365
L004365,O01772,P007,2,35.00,0.00,4366
L004366,O01772,P015,5,254.00,0.20,4367
L004367,O01772,P021,4,249.00,0.20,4368
L004368,O01772,P019,2,78.00,0.00,4369
L004369,O01773,P007,2,35.00,0.10,4370
L004370,O01773,P023,5,68.00,0.10,4371
L004371,O01773,P010,5,211.00,0.05,4372
L004372,O01774,P010,2,211.00,0.05,4373
L004373,O01774,P003,2,199.00,0.10,4374
L004374,O01774,P007,3,35.00,0.05,4375
L004375,O01775,P010,4,211.00,0.05,4376
L004376,O01775,P009,4,93.00,0.20,4377
L004377,O01775,P016,3,231.00,0.00,4378
L004378,O01775,P020,1,189.00,0.05,4379
L004379,O01776,P003,5,199.00,0.10,4380
L004380,O01776,P001,1,122.00,0.00,4381
L004381,O01776,P002,3,284.00,0.10,4382
L004382,O01776,P003,5,199.00,0.20,4383
L004383,O01777,P023,1,68.00,0.00,4384
L004384,O01778,P002,5,284.00,0.05,4385
L004385,O01778,P002,5,284.00,0.00,4386
L004386,O01778,P009,2,93.00,0.00,4387
L004387,O01779,P022,1,134.00,0.10,4388
L004388,O01779,P008,1,188.00,0.00,4389
L004389,O01779,P021,1,249.00,0.00,4390
L004390,O01779,P006,1,196.00,0.10,4391
L004391,O01780,P004,5,123.00,0.00,4392
L004392,O01780,P004,2,123.00,0.05,4393
L004393,O01780,P006,3,196.00,0.10,4394
L004394,O01781,P008,2,188.00,0.10,4395
L004395,O01781,P017,3,300.00,0.00,4396
L004396,O01781,P012,5,134.00,0.20,4397
L004397,O01782,P009,3,93.00,0.05,4398
L004398,O01782,P024,2,81.00,0.10,4399
L004399,O01782,P017,3,300.00,0.10,4400
L004400,O01782,P017,2,300.00,0.20,4401
L004401,O01783,P002,2,284.00,0.05,4402
L004402,O01784,P009,5,93.00,0.20,4403
L004403,O01785,P016,1,231.00,0.2,4404
L004404,O01786,P012,3,134.00,0.20,4405
L004405,O01787,P016,4,231.00,0.05,4406
L004406,O01787,P005,5,65.00,0.20,4407
L004407,O01787,P001,2,122.00,0.05,4408
L004408,O01788,P012,5,134.00,0.05,4409
L004409,O01788,P016,2,231.00,0.20,4410
L004410,O01789,P011,1,80.00,0.05,4411
L004411,O01789,P003,1,199.00,0.10,4412
L004412,O01789,P005,4,65.00,0.00,4413
L004413,O01790,P021,5,249.00,0.05,4414
L004414,O01790,P019,1,78.00,0.05,4415
L004415,O01790,P022,2,134.00,0.05,4416
L004416,O01791,P015,2,254.00,0.10,4417
L004417,O01791,P024,2,81.00,0.10,4418
L004418,O01791,P015,3,254.00,0.05,4419
L004419,O01791,P021,3,249.00,0.10,4420
L004420,O01792,P020,2,189.00,0.10,4421
L004421,O01792,P009,5,93.00,0.10,4422
L004422,O01792,P003,5,199.00,0.20,4423
L004423,O01793,P018,4,269.00,0.05,4424
L004424,O01793,P013,1,271.00,0.05,4425
L004425,O01793,P003,4,199.00,0.00,4426
L004426,O01794,P005,4,65.00,0.00,4427
L004427,O01794,P003,3,199.00,0.10,4428
L004428,O01795,P012,1,134.00,0.10,4429
L004429,O01795,P023,4,68.00,0.00,4430
L004430,O01795,P010,3,211.00,0.00,4431
L004431,O01796,P015,4,254.00,0.00,4432
L004432,O01796,P011,5,80.00,0.20,4433
L004433,O01796,P013,4,271.00,0.20,4434
L004434,O01796,P012,3,134.00,0.2,4435
L004435,O01797,P016,5,231.00,0.20,4436
L004436,O01797,P008,2,188.00,0.10,4437
L004437,O01797,P005,4,65.00,0.05,4438
L004438,O01797,P002,4,284.00,0.00,4439
L004439,O01798,P012,3,134.00,0.00,4440
L004440,O01798,P016,3,231.00,0.10,4441
L004441,O01799,P007,2,35.00,0.05,4442
L004442,O01799,P015,2,254.00,0.05,4443
L004443,O01799,P008,1,188.00,0.20,4444
L004444,O01800,P006,1,196.00,0.05,4445
L004445,O01800,P014,4,294.00,0.05,4446
L004446,O01800,P018,4,269.00,0.10,4447
