order_line_id,order_id,customer_id,customer_name,region,segment,email,order_date,order_month,channel,status,include_in_sales_kpi,product_id,product_name,category,list_price,quantity,unit_price,discount_rate,return_events,latest_return_date,gross_sales,discounts,sales_before_returns,refunds,net_sales,sold_units,returned_units,line_source_row,order_source_row,customer_source_row,product_source_row
L000001,O00001,C0188,Customer 0188,South,Business,,2025-03-25,2025-03,Store,Completed,True,P010,Chair 010,Furniture,211.00,1,211.00,0.2,0,,211.00,42.200,168.800,0.000,168.800,1,0,2,2,189,11
L000002,O00002,C0231,Customer 0231,West,Business,customer231@example.com,2025-08-29,2025-08,Store,Completed,True,P016,Desk 016,Furniture,231.00,1,231.00,0.10,0,,231.00,23.1000,207.9000,0.0000,207.9000,1,0,3,3,232,17
L000003,O00003,C0023,Customer 0023,South,Consumer,customer23@example.com,2025-08-08,2025-08,Store,Completed,True,P024,Desk 024,Furniture,81.00,3,81.00,0.05,0,,243.00,12.1500,230.8500,0.0000,230.8500,3,0,4,4,24,25
L000004,O00003,C0023,Customer 0023,South,Consumer,customer23@example.com,2025-08-08,2025-08,Store,Completed,True,P012,Desk 012,Furniture,134.00,3,134.00,0.05,0,,402.00,20.1000,381.9000,0.0000,381.9000,3,0,5,4,24,13
L000005,O00003,C0023,Customer 0023,South,Consumer,customer23@example.com,2025-08-08,2025-08,Store,Completed,True,P009,Lamp 009,Lighting,93.00,2,93.00,0.05,0,,186.00,9.3000,176.7000,0.0000,176.7000,2,0,6,4,24,10
L000006,O00004,C0237,Customer 0237,South,Consumer,customer237@example.com,2025-11-13,2025-11,Store,Completed,True,P022,Chair 022,Furniture,134.00,2,134.00,0.20,0,,268.00,53.6000,214.4000,0.0000,214.4000,2,0,7,5,238,23
L000007,O00004,C0237,Customer 0237,South,Consumer,customer237@example.com,2025-11-13,2025-11,Store,Completed,True,P002,Chair 002,Furniture,284.00,1,284.00,0.05,0,,284.00,14.2000,269.8000,0.0000,269.8000,1,0,8,5,238,3
L000008,O00004,C0237,Customer 0237,South,Consumer,customer237@example.com,2025-11-13,2025-11,Store,Completed,True,P018,Chair 018,Furniture,269.00,1,269.00,0.00,0,,269.00,0.0000,269.0000,0.0000,269.0000,1,0,9,5,238,19
L000009,O00005,C0270,Customer 0270,East,Business,customer270@example.com,2025-10-16,2025-10,Store,Completed,True,P006,Chair 006,Furniture,196.00,2,196.00,0.20,0,,392.00,78.4000,313.6000,0.0000,313.6000,2,0,10,6,271,7
L000010,O00005,C0270,Customer 0270,East,Business,customer270@example.com,2025-10-16,2025-10,Store,Completed,True,P008,Desk 008,Furniture,188.00,2,188.00,0.10,0,,376.00,37.6000,338.4000,0.0000,338.4000,2,0,11,6,271,9
L000011,O00005,C0270,Customer 0270,East,Business,customer270@example.com,2025-10-16,2025-10,Store,Completed,True,P019,Shelf 019,Storage,78.00,5,78.00,0.20,0,,390.00,78.0000,312.0000,0.0000,312.0000,5,0,12,6,271,20
L000012,O00005,C0270,Customer 0270,East,Business,customer270@example.com,2025-10-16,2025-10,Store,Completed,True,P007,Shelf 007,Storage,35.00,3,35.00,0.05,0,,105.00,5.2500,99.7500,0.0000,99.7500,3,0,13,6,271,8
L000013,O00006,C0253,Customer 0253,North,Consumer,customer253@example.com,2025-10-14,2025-10,Online,Cancelled,False,P013,Lamp 013,Lighting,271.00,2,271.00,0.00,0,,542.00,0.0000,542.0000,0.0000,542.0000,2,0,14,7,254,14
L000014,O00006,C0253,Customer 0253,North,Consumer,customer253@example.com,2025-10-14,2025-10,Online,Cancelled,False,P012,Desk 012,Furniture,134.00,1,134.00,0.20,0,,134.00,26.8000,107.2000,0.0000,107.2000,1,0,15,7,254,13
L000015,O00006,C0253,Customer 0253,North,Consumer,customer253@example.com,2025-10-14,2025-10,Online,Cancelled,False,P018,Chair 018,Furniture,269.00,2,269.00,0.00,0,,538.00,0.0000,538.0000,0.0000,538.0000,2,0,16,7,254,19
L000016,O00007,C0228,Customer 0228,East,Business,customer228@example.com,2025-11-09,2025-11,Online,Completed,True,P020,Desk 020,Furniture,189.00,3,189.00,0.10,0,,567.00,56.7000,510.3000,0.0000,510.3000,3,0,17,8,229,21
L000017,O00007,C0228,Customer 0228,East,Business,customer228@example.com,2025-11-09,2025-11,Online,Completed,True,P006,Chair 006,Furniture,196.00,2,196.00,0.00,0,,392.00,0.0000,392.0000,0.0000,392.0000,2,0,18,8,229,7
L000018,O00008,C0010,Customer 0010,West,Consumer,customer10@example.com,2025-03-17,2025-03,Online,Completed,True,P005,Lamp 005,Lighting,65.00,2,65.00,0.00,0,,130.00,0.0000,130.0000,0.0000,130.0000,2,0,19,9,11,6
L000019,O00008,C0010,Customer 0010,West,Consumer,customer10@example.com,2025-03-17,2025-03,Online,Completed,True,P002,Chair 002,Furniture,284.00,1,284.00,0.10,0,,284.00,28.4000,255.6000,0.0000,255.6000,1,0,20,9,11,3
L000020,O00009,C0286,Customer 0286,West,Business,customer286@example.com,2025-11-04,2025-11,Online,Completed,True,P009,Lamp 009,Lighting,93.00,4,93.00,0.00,0,,372.00,0.0000,372.0000,0.0000,372.0000,4,0,21,10,287,10
L000021,O00009,C0286,Customer 0286,West,Business,customer286@example.com,2025-11-04,2025-11,Online,Completed,True,P007,Shelf 007,Storage,35.00,3,35.00,0.05,0,,105.00,5.2500,99.7500,0.0000,99.7500,3,0,22,10,287,8
L000022,O00010,C0109,Customer 0109,West,Business,customer109@example.com,2025-07-03,2025-07,Store,Completed,True,P003,Shelf 003,Storage,199.00,4,199.00,0.00,0,,796.00,0.0000,796.0000,0.0000,796.0000,4,0,23,11,110,4
L000023,O00011,C0280,Customer 0280,North,Business,customer280@example.com,2025-10-20,2025-10,Store,Completed,True,P010,Chair 010,Furniture,211.00,2,211.00,0.05,0,,422.00,21.1000,400.9000,0.0000,400.9000,2,0,24,12,281,11
L000024,O00011,C0280,Customer 0280,North,Business,customer280@example.com,2025-10-20,2025-10,Store,Completed,True,P020,Desk 020,Furniture,189.00,1,189.00,0.10,1,2025-10-21,189.00,18.9000,170.1000,170.1000,0.0000,1,1,25,12,281,21
L000025,O00011,C0280,Customer 0280,North,Business,customer280@example.com,2025-10-20,2025-10,Store,Completed,True,P014,Chair 014,Furniture,294.00,5,294.00,0.00,0,,1470.00,0.0000,1470.0000,0.0000,1470.0000,5,0,26,12,281,15
L000026,O00011,C0280,Customer 0280,North,Business,customer280@example.com,2025-10-20,2025-10,Store,Completed,True,P021,Lamp 021,Lighting,249.00,3,249.00,0.05,1,2025-11-18,747.00,37.3500,709.6500,236.5500,473.1000,3,1,27,12,281,22
L000027,O00012,C0293,Customer 0293,North,Business,customer293@example.com,2025-12-02,2025-12,Online,Completed,True,P020,Desk 020,Furniture,189.00,2,189.00,0.20,0,,378.00,75.6000,302.4000,0.0000,302.4000,2,0,28,13,294,21
L000028,O00012,C0293,Customer 0293,North,Business,customer293@example.com,2025-12-02,2025-12,Online,Completed,True,P019,Shelf 019,Storage,78.00,3,78.00,0.20,0,,234.00,46.8000,187.2000,0.0000,187.2000,3,0,29,13,294,20
L000029,O00012,C0293,Customer 0293,North,Business,customer293@example.com,2025-12-02,2025-12,Online,Completed,True,P001,Lamp 001,Lighting,122.00,4,122.00,0.05,0,,488.00,24.4000,463.6000,0.0000,463.6000,4,0,30,13,294,2
L000030,O00012,C0293,Customer 0293,North,Business,customer293@example.com,2025-12-02,2025-12,Online,Completed,True,P023,Shelf 023,Storage,68.00,4,68.00,0.00,0,,272.00,0.0000,272.0000,0.0000,272.0000,4,0,31,13,294,24
L000031,O00013,C0250,Customer 0250,West,Consumer,customer250@example.com,2025-05-23,2025-05,Online,Completed,True,P022,Chair 022,Furniture,134.00,2,134.00,0.20,0,,268.00,53.6000,214.4000,0.0000,214.4000,2,0,32,14,251,23
L000032,O00014,C0064,Customer 0064,North,Business,customer64@example.com,2025-07-10,2025-07,Online,Completed,True,P011,Shelf 011,Storage,80.00,4,80.00,0.05,1,2025-08-08,320.00,16.0000,304.0000,304.0000,0.0000,4,4,33,15,65,12
L000033,O00015,C0056,Customer 0056,North,Consumer,customer56@example.com,2025-08-12,2025-08,Store,Completed,True,P008,Desk 008,Furniture,188.00,1,188.00,0.10,0,,188.00,18.8000,169.2000,0.0000,169.2000,1,0,34,16,57,9
L000034,O00015,C0056,Customer 0056,North,Consumer,customer56@example.com,2025-08-12,2025-08,Store,Completed,True,P018,Chair 018,Furniture,269.00,4,269.00,0.20,0,,1076.00,215.2000,860.8000,0.0000,860.8000,4,0,35,16,57,19
L000035,O00015,C0056,Customer 0056,North,Consumer,customer56@example.com,2025-08-12,2025-08,Store,Completed,True,P021,Lamp 021,Lighting,249.00,2,249.00,0.00,0,,498.00,0.0000,498.0000,0.0000,498.0000,2,0,36,16,57,22
L000036,O00015,C0056,Customer 0056,North,Consumer,customer56@example.com,2025-08-12,2025-08,Store,Completed,True,P014,Chair 014,Furniture,294.00,5,294.00,0.05,0,,1470.00,73.5000,1396.5000,0.0000,1396.5000,5,0,37,16,57,15
L000037,O00016,C0275,Customer 0275,East,Business,customer275@example.com,2025-06-01,2025-06,Store,Completed,True,P006,Chair 006,Furniture,196.00,4,196.00,0.10,0,,784.00,78.4000,705.6000,0.0000,705.6000,4,0,38,17,276,7
L000038,O00016,C0275,Customer 0275,East,Business,customer275@example.com,2025-06-01,2025-06,Store,Completed,True,P016,Desk 016,Furniture,231.00,3,231.00,0.05,0,,693.00,34.6500,658.3500,0.0000,658.3500,3,0,39,17,276,17
L000039,O00016,C0275,Customer 0275,East,Business,customer275@example.com,2025-06-01,2025-06,Store,Completed,True,P021,Lamp 021,Lighting,249.00,2,249.00,0.05,0,,498.00,24.9000,473.1000,0.0000,473.1000,2,0,40,17,276,22
L000040,O00017,C0135,Customer 0135,West,Consumer,customer135@example.com,2025-09-30,2025-09,Store,Completed,True,P012,Desk 012,Furniture,134.00,3,134.00,0.20,0,,402.00,80.4000,321.6000,0.0000,321.6000,3,0,41,18,136,13
L000041,O00017,C0135,Customer 0135,West,Consumer,customer135@example.com,2025-09-30,2025-09,Store,Completed,True,P024,Desk 024,Furniture,81.00,2,81.00,0.05,0,,162.00,8.1000,153.9000,0.0000,153.9000,2,0,42,18,136,25
L000042,O00017,C0135,Customer 0135,West,Consumer,customer135@example.com,2025-09-30,2025-09,Store,Completed,True,P002,Chair 002,Furniture,284.00,5,284.00,0.05,0,,1420.00,71.0000,1349.0000,0.0000,1349.0000,5,0,43,18,136,3
L000043,O00018,C0212,Customer 0212,East,Consumer,customer212@example.com,2025-02-24,2025-02,Online,Completed,True,P005,Lamp 005,Lighting,65.00,5,65.00,0.00,0,,325.00,0.0000,325.0000,0.0000,325.0000,5,0,44,19,213,6
L000044,O00018,C0212,Customer 0212,East,Consumer,customer212@example.com,2025-02-24,2025-02,Online,Completed,True,P012,Desk 012,Furniture,134.00,3,134.00,0.00,0,,402.00,0.0000,402.0000,0.0000,402.0000,3,0,45,19,213,13
L000045,O00018,C0212,Customer 0212,East,Consumer,customer212@example.com,2025-02-24,2025-02,Online,Completed,True,P020,Desk 020,Furniture,189.00,3,189.00,0.05,1,2025-03-05,567.00,28.3500,538.6500,359.1000,179.5500,3,2,46,19,213,21
L000046,O00019,C0117,Customer 0117,North,Consumer,customer117@example.com,2025-11-01,2025-11,Online,Completed,True,P015,Shelf 015,Storage,254.00,3,254.00,0.05,0,,762.00,38.1000,723.9000,0.0000,723.9000,3,0,47,20,118,16
L000047,O00020,C0076,Customer 0076,East,Consumer,customer76@example.com,2025-03-24,2025-03,Store,Completed,True,P010,Chair 010,Furniture,211.00,2,211.00,0.00,1,2025-03-26,422.00,0.0000,422.0000,422.0000,0.0000,2,2,48,21,77,11
L000048,O00020,C0076,Customer 0076,East,Consumer,customer76@example.com,2025-03-24,2025-03,Store,Completed,True,P016,Desk 016,Furniture,231.00,2,231.00,0.10,0,,462.00,46.2000,415.8000,0.0000,415.8000,2,0,49,21,77,17
L000049,O00020,C0076,Customer 0076,East,Consumer,customer76@example.com,2025-03-24,2025-03,Store,Completed,True,P009,Lamp 009,Lighting,93.00,4,93.00,0.00,0,,372.00,0.0000,372.0000,0.0000,372.0000,4,0,50,21,77,10
L000050,O00021,C0298,Customer 0298,North,Business,customer298@example.com,2025-09-06,2025-09,Store,Completed,True,P022,Chair 022,Furniture,134.00,1,134.00,0.10,0,,134.00,13.4000,120.6000,0.0000,120.6000,1,0,51,22,299,23
L000051,O00021,C0298,Customer 0298,North,Business,customer298@example.com,2025-09-06,2025-09,Store,Completed,True,P008,Desk 008,Furniture,188.00,3,188.00,0.20,0,,564.00,112.8000,451.2000,0.0000,451.2000,3,0,52,22,299,9
L000052,O00022,C0058,Customer 0058,North,Consumer,customer58@example.com,2025-10-21,2025-10,Store,Completed,True,P009,Lamp 009,Lighting,93.00,5,93.00,0.10,1,2025-10-31,465.00,46.5000,418.5000,83.7000,334.8000,5,1,53,23,59,10
L000053,O00022,C0058,Customer 0058,North,Consumer,customer58@example.com,2025-10-21,2025-10,Store,Completed,True,P011,Shelf 011,Storage,80.00,3,80.00,0.10,0,,240.00,24.0000,216.0000,0.0000,216.0000,3,0,54,23,59,12
L000054,O00022,C0058,Customer 0058,North,Consumer,customer58@example.com,2025-10-21,2025-10,Store,Completed,True,P012,Desk 012,Furniture,134.00,4,134.00,0.00,0,,536.00,0.0000,536.0000,0.0000,536.0000,4,0,55,23,59,13
L000055,O00023,C0152,Customer 0152,West,Business,customer152@example.com,2025-03-04,2025-03,Online,Completed,True,P023,Shelf 023,Storage,68.00,3,68.00,0.05,0,,204.00,10.2000,193.8000,0.0000,193.8000,3,0,56,24,153,24
L000056,O00023,C0152,Customer 0152,West,Business,customer152@example.com,2025-03-04,2025-03,Online,Completed,True,P011,Shelf 011,Storage,80.00,2,80.00,0.10,0,,160.00,16.0000,144.0000,0.0000,144.0000,2,0,57,24,153,12
L000057,O00024,C0047,Customer 0047,West,Consumer,customer47@example.com,2025-05-10,2025-05,Online,Cancelled,False,P001,Lamp 001,Lighting,122.00,4,122.00,0.00,0,,488.00,0.0000,488.0000,0.0000,488.0000,4,0,58,25,48,2
L000058,O00024,C0047,Customer 0047,West,Consumer,customer47@example.com,2025-05-10,2025-05,Online,Cancelled,False,P006,Chair 006,Furniture,196.00,3,196.00,0.20,0,,588.00,117.6000,470.4000,0.0000,470.4000,3,0,59,25,48,7
L000059,O00025,C0085,Customer 0085,South,Consumer,customer85@example.com,2025-12-03,2025-12,Online,Completed,True,P015,Shelf 015,Storage,254.00,4,254.00,0.05,0,,1016.00,50.8000,965.2000,0.0000,965.2000,4,0,60,26,86,16
L000060,O00026,C0062,Customer 0062,West,Business,customer62@example.com,2025-05-16,2025-05,Store,Completed,True,P011,Shelf 011,Storage,80.00,1,80.00,0.20,0,,80.00,16.0000,64.0000,0.0000,64.0000,1,0,61,27,63,12
L000061,O00026,C0062,Customer 0062,West,Business,customer62@example.com,2025-05-16,2025-05,Store,Completed,True,P008,Desk 008,Furniture,188.00,1,188.00,0.00,0,,188.00,0.0000,188.0000,0.0000,188.0000,1,0,62,27,63,9
L000062,O00027,C0149,Customer 0149,East,Business,customer149@example.com,2025-05-19,2025-05,Online,Completed,True,P017,Lamp 017,Lighting,300.00,1,300.00,0.05,0,,300.00,15.0000,285.0000,0.0000,285.0000,1,0,63,28,150,18
L000063,O00027,C0149,Customer 0149,East,Business,customer149@example.com,2025-05-19,2025-05,Online,Completed,True,P001,Lamp 001,Lighting,122.00,5,122.00,0,0,,610.00,0.00,610.00,0.00,610.00,5,0,64,28,150,2
L000064,O00028,C0042,Customer 0042,South,Consumer,customer42@example.com,2025-04-22,2025-04,Store,Completed,True,P010,Chair 010,Furniture,211.00,3,211.00,0.00,0,,633.00,0.0000,633.0000,0.0000,633.0000,3,0,65,29,43,11
L000065,O00028,C0042,Customer 0042,South,Consumer,customer42@example.com,2025-04-22,2025-04,Store,Completed,True,P003,Shelf 003,Storage,199.00,1,199.00,0.00,0,,199.00,0.0000,199.0000,0.0000,199.0000,1,0,66,29,43,4
L000066,O00028,C0042,Customer 0042,South,Consumer,customer42@example.com,2025-04-22,2025-04,Store,Completed,True,P024,Desk 024,Furniture,81.00,3,81.00,0.05,0,,243.00,12.1500,230.8500,0.0000,230.8500,3,0,67,29,43,25
L000067,O00029,C0001,Customer 0001,East,Business,,2025-11-30,2025-11,Store,Completed,True,P016,Desk 016,Furniture,231.00,2,231.00,0.05,0,,462.00,23.1000,438.9000,0.0000,438.9000,2,0,68,30,2,17
L000068,O00029,C0001,Customer 0001,East,Business,,2025-11-30,2025-11,Store,Completed,True,P019,Shelf 019,Storage,78.00,4,78.00,0.00,0,,312.00,0.0000,312.0000,0.0000,312.0000,4,0,69,30,2,20
L000069,O00030,C0025,Customer 0025,East,Business,customer25@example.com,2025-12-11,2025-12,Online,Completed,True,P017,Lamp 017,Lighting,300.00,1,300.00,0.00,0,,300.00,0.0000,300.0000,0.0000,300.0000,1,0,70,31,26,18
L000070,O00030,C0025,Customer 0025,East,Business,customer25@example.com,2025-12-11,2025-12,Online,Completed,True,P005,Lamp 005,Lighting,65.00,5,65.00,0.20,0,,325.00,65.0000,260.0000,0.0000,260.0000,5,0,71,31,26,6
L000071,O00030,C0025,Customer 0025,East,Business,customer25@example.com,2025-12-11,2025-12,Online,Completed,True,P023,Shelf 023,Storage,68.00,2,68.00,0.20,0,,136.00,27.2000,108.8000,0.0000,108.8000,2,0,72,31,26,24
L000072,O00030,C0025,Customer 0025,East,Business,customer25@example.com,2025-12-11,2025-12,Online,Completed,True,P008,Desk 008,Furniture,188.00,5,188.00,0.00,0,,940.00,0.0000,940.0000,0.0000,940.0000,5,0,73,31,26,9
L000073,O00031,C0142,Customer 0142,West,Business,customer142@example.com,2025-11-08,2025-11,Store,Completed,True,P008,Desk 008,Furniture,188.00,4,188.00,0.20,0,,752.00,150.4000,601.6000,0.0000,601.6000,4,0,74,32,143,9
L000074,O00032,C0156,Customer 0156,South,Consumer,customer156@example.com,2025-08-06,2025-08,Store,Cancelled,False,P022,Chair 022,Furniture,134.00,2,134.00,0.10,0,,268.00,26.8000,241.2000,0.0000,241.2000,2,0,75,33,157,23
L000075,O00032,C0156,Customer 0156,South,Consumer,customer156@example.com,2025-08-06,2025-08,Store,Cancelled,False,P017,Lamp 017,Lighting,300.00,3,300.00,0.05,0,,900.00,45.0000,855.0000,0.0000,855.0000,3,0,76,33,157,18
L000076,O00032,C0156,Customer 0156,South,Consumer,customer156@example.com,2025-08-06,2025-08,Store,Cancelled,False,P009,Lamp 009,Lighting,93.00,2,93.00,0.20,0,,186.00,37.2000,148.8000,0.0000,148.8000,2,0,77,33,157,10
L000077,O00033,C0298,Customer 0298,North,Business,customer298@example.com,2025-10-26,2025-10,Store,Cancelled,False,P019,Shelf 019,Storage,78.00,4,78.00,0.20,0,,312.00,62.4000,249.6000,0.0000,249.6000,4,0,78,34,299,20
L000078,O00033,C0298,Customer 0298,North,Business,customer298@example.com,2025-10-26,2025-10,Store,Cancelled,False,P021,Lamp 021,Lighting,249.00,1,249.00,0.05,0,,249.00,12.4500,236.5500,0.0000,236.5500,1,0,79,34,299,22
L000079,O00033,C0298,Customer 0298,North,Business,customer298@example.com,2025-10-26,2025-10,Store,Cancelled,False,P017,Lamp 017,Lighting,300.00,1,300.00,0.05,0,,300.00,15.0000,285.0000,0.0000,285.0000,1,0,80,34,299,18
L000080,O00033,C0298,Customer 0298,North,Business,customer298@example.com,2025-10-26,2025-10,Store,Cancelled,False,P007,Shelf 007,Storage,35.00,1,35.00,0.05,0,,35.00,1.7500,33.2500,0.0000,33.2500,1,0,81,34,299,8
L000081,O00034,C0080,Customer 0080,East,Consumer,customer80@example.com,2025-05-28,2025-05,Online,Completed,True,P024,Desk 024,Furniture,81.00,5,81.00,0.20,0,,405.00,81.0000,324.0000,0.0000,324.0000,5,0,82,35,81,25
L000082,O00035,C0106,Customer 0106,East,Business,customer106@example.com,2025-01-03,2025-01,Online,Completed,True,P003,Shelf 003,Storage,199.00,2,199.00,0.05,0,,398.00,19.9000,378.1000,0.0000,378.1000,2,0,83,36,107,4
L000083,O00036,C0212,Customer 0212,East,Consumer,customer212@example.com,2025-04-16,2025-04,Online,Completed,True,P019,Shelf 019,Storage,78.00,1,78.00,0.00,0,,78.00,0.0000,78.0000,0.0000,78.0000,1,0,84,37,213,20
L000084,O00036,C0212,Customer 0212,East,Consumer,customer212@example.com,2025-04-16,2025-04,Online,Completed,True,P004,Desk 004,Furniture,123.00,5,123.00,0.20,0,,615.00,123.0000,492.0000,0.0000,492.0000,5,0,85,37,213,5
L000085,O00036,C0212,Customer 0212,East,Consumer,customer212@example.com,2025-04-16,2025-04,Online,Completed,True,P023,Shelf 023,Storage,68.00,4,68.00,0.10,0,,272.00,27.2000,244.8000,0.0000,244.8000,4,0,86,37,213,24
L000086,O00036,C0212,Customer 0212,East,Consumer,customer212@example.com,2025-04-16,2025-04,Online,Completed,True,P015,Shelf 015,Storage,254.00,3,254.00,0.20,0,,762.00,152.4000,609.6000,0.0000,609.6000,3,0,87,37,213,16
L000087,O00037,C0157,Customer 0157,West,Business,customer157@example.com,2025-06-21,2025-06,Online,Completed,True,P004,Desk 004,Furniture,123.00,3,123.00,0.05,1,2025-07-04,369.00,18.4500,350.5500,116.8500,233.7000,3,1,88,38,158,5
L000088,O00037,C0157,Customer 0157,West,Business,customer157@example.com,2025-06-21,2025-06,Online,Completed,True,P016,Desk 016,Furniture,231.00,3,231.00,0.00,0,,693.00,0.0000,693.0000,0.0000,693.0000,3,0,89,38,158,17
L000089,O00037,C0157,Customer 0157,West,Business,customer157@example.com,2025-06-21,2025-06,Online,Completed,True,P008,Desk 008,Furniture,188.00,3,188.00,0.00,0,,564.00,0.0000,564.0000,0.0000,564.0000,3,0,90,38,158,9
L000090,O00037,C0157,Customer 0157,West,Business,customer157@example.com,2025-06-21,2025-06,Online,Completed,True,P011,Shelf 011,Storage,80.00,3,80.00,0.10,0,,240.00,24.0000,216.0000,0.0000,216.0000,3,0,91,38,158,12
L000091,O00038,C0195,Customer 0195,West,Business,customer195@example.com,2025-02-27,2025-02,Store,Completed,True,P007,Shelf 007,Storage,35.00,1,35.00,0.05,0,,35.00,1.7500,33.2500,0.0000,33.2500,1,0,92,39,196,8
L000092,O00039,C0062,Customer 0062,West,Business,customer62@example.com,2025-01-31,2025-01,Online,Completed,True,P006,Chair 006,Furniture,196.00,3,196.00,0.05,0,,588.00,29.4000,558.6000,0.0000,558.6000,3,0,93,40,63,7
L000093,O00040,C0276,Customer 0276,South,Business,customer276@example.com,2025-08-08,2025-08,Store,Completed,True,P007,Shelf 007,Storage,35.00,5,35.00,0.00,0,,175.00,0.0000,175.0000,0.0000,175.0000,5,0,94,41,277,8
L000094,O00040,C0276,Customer 0276,South,Business,customer276@example.com,2025-08-08,2025-08,Store,Completed,True,P009,Lamp 009,Lighting,93.00,1,93.00,0.05,1,2025-09-01,93.00,4.6500,88.3500,88.3500,0.0000,1,1,95,41,277,10
L000095,O00040,C0276,Customer 0276,South,Business,customer276@example.com,2025-08-08,2025-08,Store,Completed,True,P014,Chair 014,Furniture,294.00,3,294.00,0.10,0,,882.00,88.2000,793.8000,0.0000,793.8000,3,0,96,41,277,15
L000096,O00041,C0184,Customer 0184,West,Business,customer184@example.com,2025-10-15,2025-10,Store,Cancelled,False,P010,Chair 010,Furniture,211.00,1,211.00,0.10,0,,211.00,21.1000,189.9000,0.0000,189.9000,1,0,97,42,185,11
L000097,O00041,C0184,Customer 0184,West,Business,customer184@example.com,2025-10-15,2025-10,Store,Cancelled,False,P008,Desk 008,Furniture,188.00,3,188.00,0.10,0,,564.00,56.4000,507.6000,0.0000,507.6000,3,0,98,42,185,9
L000098,O00041,C0184,Customer 0184,West,Business,customer184@example.com,2025-10-15,2025-10,Store,Cancelled,False,P015,Shelf 015,Storage,254.00,1,254.00,0.20,0,,254.00,50.8000,203.2000,0.0000,203.2000,1,0,99,42,185,16
L000099,O00042,C0241,Customer 0241,North,Consumer,customer241@example.com,2025-06-25,2025-06,Online,Completed,True,P021,Lamp 021,Lighting,249.00,2,249.00,0.05,0,,498.00,24.9000,473.1000,0.0000,473.1000,2,0,100,43,242,22
L000100,O00042,C0241,Customer 0241,North,Consumer,customer241@example.com,2025-06-25,2025-06,Online,Completed,True,P003,Shelf 003,Storage,199.00,5,199.00,0.20,0,,995.00,199.0000,796.0000,0.0000,796.0000,5,0,101,43,242,4
L000101,O00043,C0259,Customer 0259,North,Business,customer259@example.com,2025-08-14,2025-08,Online,Completed,True,P019,Shelf 019,Storage,78.00,2,78.00,0.05,0,,156.00,7.8000,148.2000,0.0000,148.2000,2,0,102,44,260,20
L000102,O00044,C0290,Customer 0290,South,Business,,2025-10-04,2025-10,Store,Completed,True,P014,Chair 014,Furniture,294.00,5,294.00,0.00,0,,1470.00,0.0000,1470.0000,0.0000,1470.0000,5,0,103,45,291,15
L000103,O00044,C0290,Customer 0290,South,Business,,2025-10-04,2025-10,Store,Completed,True,P001,Lamp 001,Lighting,122.00,3,122.00,0.10,0,,366.00,36.6000,329.4000,0.0000,329.4000,3,0,104,45,291,2
L000104,O00044,C0290,Customer 0290,South,Business,,2025-10-04,2025-10,Store,Completed,True,P002,Chair 002,Furniture,284.00,1,284.00,0.05,0,,284.00,14.2000,269.8000,0.0000,269.8000,1,0,105,45,291,3
L000105,O00045,C0118,Customer 0118,West,Business,customer118@example.com,2025-08-25,2025-08,Store,Completed,True,P017,Lamp 017,Lighting,300.00,2,300.00,0.05,0,,600.00,30.0000,570.0000,0.0000,570.0000,2,0,106,46,119,18
L000106,O00045,C0118,Customer 0118,West,Business,customer118@example.com,2025-08-25,2025-08,Store,Completed,True,P014,Chair 014,Furniture,294.00,1,294.00,0.00,0,,294.00,0.0000,294.0000,0.0000,294.0000,1,0,107,46,119,15
L000107,O00045,C0118,Customer 0118,West,Business,customer118@example.com,2025-08-25,2025-08,Store,Completed,True,P018,Chair 018,Furniture,269.00,2,269.00,0.05,0,,538.00,26.9000,511.1000,0.0000,511.1000,2,0,108,46,119,19
L000108,O00046,C0208,Customer 0208,East,Business,customer208@example.com,2025-04-08,2025-04,Online,Completed,True,P016,Desk 016,Furniture,231.00,4,231.00,0.05,0,,924.00,46.2000,877.8000,0.0000,877.8000,4,0,109,47,209,17
L000109,O00047,C0297,Customer 0297,East,Business,customer297@example.com,2025-06-07,2025-06,Store,Completed,True,P006,Chair 006,Furniture,196.00,4,196.00,0.05,0,,784.00,39.2000,744.8000,0.0000,744.8000,4,0,110,48,298,7
L000110,O00047,C0297,Customer 0297,East,Business,customer297@example.com,2025-06-07,2025-06,Store,Completed,True,P018,Chair 018,Furniture,269.00,5,269.00,0.05,0,,1345.00,67.2500,1277.7500,0.0000,1277.7500,5,0,111,48,298,19
L000111,O00047,C0297,Customer 0297,East,Business,customer297@example.com,2025-06-07,2025-06,Store,Completed,True,P005,Lamp 005,Lighting,65.00,1,65.00,0.10,0,,65.00,6.5000,58.5000,0.0000,58.5000,1,0,112,48,298,6
L000112,O00047,C0297,Customer 0297,East,Business,customer297@example.com,2025-06-07,2025-06,Store,Completed,True,P004,Desk 004,Furniture,123.00,2,123.00,0.00,0,,246.00,0.0000,246.0000,0.0000,246.0000,2,0,113,48,298,5
L000113,O00048,C0143,Customer 0143,West,Business,customer143@example.com,2025-11-30,2025-11,Online,Completed,True,P006,Chair 006,Furniture,196.00,1,196.00,0.10,0,,196.00,19.6000,176.4000,0.0000,176.4000,1,0,114,49,144,7
L000114,O00048,C0143,Customer 0143,West,Business,customer143@example.com,2025-11-30,2025-11,Online,Completed,True,P010,Chair 010,Furniture,211.00,5,211.00,0.10,0,,1055.00,105.5000,949.5000,0.0000,949.5000,5,0,115,49,144,11
L000115,O00049,C0259,Customer 0259,North,Business,customer259@example.com,2025-04-12,2025-04,Store,Completed,True,P006,Chair 006,Furniture,196.00,4,196.00,0.00,0,,784.00,0.0000,784.0000,0.0000,784.0000,4,0,116,50,260,7
L000116,O00049,C0259,Customer 0259,North,Business,customer259@example.com,2025-04-12,2025-04,Store,Completed,True,P022,Chair 022,Furniture,134.00,4,134.00,0.05,1,2025-05-10,536.00,26.8000,509.2000,381.9000,127.3000,4,3,117,50,260,23
L000117,O00050,C0256,Customer 0256,North,Consumer,,2025-04-09,2025-04,Online,Completed,True,P018,Chair 018,Furniture,269.00,1,269.00,0.00,0,,269.00,0.0000,269.0000,0.0000,269.0000,1,0,118,51,257,19
L000118,O00050,C0256,Customer 0256,North,Consumer,,2025-04-09,2025-04,Online,Completed,True,P001,Lamp 001,Lighting,122.00,5,122.00,0.20,0,,610.00,122.0000,488.0000,0.0000,488.0000,5,0,119,51,257,2
L000119,O00051,C0178,Customer 0178,East,Consumer,customer178@example.com,2025-06-26,2025-06,Store,Completed,True,P016,Desk 016,Furniture,231.00,5,231.00,0.05,0,,1155.00,57.7500,1097.2500,0.0000,1097.2500,5,0,120,52,179,17
L000120,O00051,C0178,Customer 0178,East,Consumer,customer178@example.com,2025-06-26,2025-06,Store,Completed,True,P009,Lamp 009,Lighting,93.00,5,93.00,0.20,0,,465.00,93.0000,372.0000,0.0000,372.0000,5,0,121,52,179,10
L000121,O00051,C0178,Customer 0178,East,Consumer,customer178@example.com,2025-06-26,2025-06,Store,Completed,True,P008,Desk 008,Furniture,188.00,4,188.00,0.10,0,,752.00,75.2000,676.8000,0.0000,676.8000,4,0,122,52,179,9
L000122,O00052,C0198,Customer 0198,West,Consumer,customer198@example.com,2025-11-11,2025-11,Store,Completed,True,P014,Chair 014,Furniture,294.00,3,294.00,0.10,0,,882.00,88.2000,793.8000,0.0000,793.8000,3,0,123,53,199,15
L000123,O00053,C0114,Customer 0114,North,Business,customer114@example.com,2025-08-30,2025-08,Store,Completed,True,P015,Shelf 015,Storage,254.00,1,254.00,0.20,0,,254.00,50.8000,203.2000,0.0000,203.2000,1,0,124,54,115,16
L000124,O00053,C0114,Customer 0114,North,Business,customer114@example.com,2025-08-30,2025-08,Store,Completed,True,P017,Lamp 017,Lighting,300.00,4,300.00,0.20,0,,1200.00,240.0000,960.0000,0.0000,960.0000,4,0,125,54,115,18
L000125,O00053,C0114,Customer 0114,North,Business,customer114@example.com,2025-08-30,2025-08,Store,Completed,True,P024,Desk 024,Furniture,81.00,5,81.00,0,0,,405.00,0.00,405.00,0.00,405.00,5,0,126,54,115,25
L000126,O00054,C0174,Customer 0174,South,Consumer,customer174@example.com,2025-05-04,2025-05,Online,Completed,True,P007,Shelf 007,Storage,35.00,1,35.00,0.00,0,,35.00,0.0000,35.0000,0.0000,35.0000,1,0,127,55,175,8
L000127,O00054,C0174,Customer 0174,South,Consumer,customer174@example.com,2025-05-04,2025-05,Online,Completed,True,P001,Lamp 001,Lighting,122.00,3,122.00,0.20,0,,366.00,73.2000,292.8000,0.0000,292.8000,3,0,128,55,175,2
L000128,O00055,C0126,Customer 0126,South,Business,customer126@example.com,2025-06-21,2025-06,Store,Completed,True,P002,Chair 002,Furniture,284.00,4,284.00,0.20,0,,1136.00,227.2000,908.8000,0.0000,908.8000,4,0,129,56,127,3
L000129,O00056,C0130,Customer 0130,West,Business,customer130@example.com,2025-04-19,2025-04,Store,Completed,True,P002,Chair 002,Furniture,284.00,4,284.00,0.20,0,,1136.00,227.2000,908.8000,0.0000,908.8000,4,0,130,57,131,3
L000130,O00056,C0130,Customer 0130,West,Business,customer130@example.com,2025-04-19,2025-04,Store,Completed,True,P021,Lamp 021,Lighting,249.00,1,249.00,0.05,0,,249.00,12.4500,236.5500,0.0000,236.5500,1,0,131,57,131,22
L000131,O00056,C0130,Customer 0130,West,Business,customer130@example.com,2025-04-19,2025-04,Store,Completed,True,P003,Shelf 003,Storage,199.00,2,199.00,0.10,0,,398.00,39.8000,358.2000,0.0000,358.2000,2,0,132,57,131,4
L000132,O00057,C0285,Customer 0285,East,Consumer,customer285@example.com,2025-08-11,2025-08,Store,Completed,True,P004,Desk 004,Furniture,123.00,1,123.00,0.05,0,,123.00,6.1500,116.8500,0.0000,116.8500,1,0,133,58,286,5
L000133,O00057,C0285,Customer 0285,East,Consumer,customer285@example.com,2025-08-11,2025-08,Store,Completed,True,P001,Lamp 001,Lighting,122.00,3,122.00,0.20,0,,366.00,73.2000,292.8000,0.0000,292.8000,3,0,134,58,286,2
L000134,O00057,C0285,Customer 0285,East,Consumer,customer285@example.com,2025-08-11,2025-08,Store,Completed,True,P023,Shelf 023,Storage,68.00,3,68.00,0.20,0,,204.00,40.8000,163.2000,0.0000,163.2000,3,0,135,58,286,24
L000135,O00058,C0151,Customer 0151,South,Business,customer151@example.com,2025-04-19,2025-04,Store,Completed,True,P005,Lamp 005,Lighting,65.00,3,65.00,0.05,0,,195.00,9.7500,185.2500,0.0000,185.2500,3,0,136,59,152,6
L000136,O00058,C0151,Customer 0151,South,Business,customer151@example.com,2025-04-19,2025-04,Store,Completed,True,P003,Shelf 003,Storage,199.00,2,199.00,0.05,0,,398.00,19.9000,378.1000,0.0000,378.1000,2,0,137,59,152,4
L000137,O00058,C0151,Customer 0151,South,Business,customer151@example.com,2025-04-19,2025-04,Store,Completed,True,P001,Lamp 001,Lighting,122.00,5,122.00,0.10,0,,610.00,61.0000,549.0000,0.0000,549.0000,5,0,138,59,152,2
L000138,O00059,C0277,Customer 0277,West,Consumer,customer277@example.com,2025-06-20,2025-06,Store,Completed,True,P014,Chair 014,Furniture,294.00,1,294.00,0.00,1,2025-07-20,294.00,0.0000,294.0000,294.0000,0.0000,1,1,139,60,278,15
L000139,O00059,C0277,Customer 0277,West,Consumer,customer277@example.com,2025-06-20,2025-06,Store,Completed,True,P016,Desk 016,Furniture,231.00,1,231.00,0.05,0,,231.00,11.5500,219.4500,0.0000,219.4500,1,0,140,60,278,17
L000140,O00059,C0277,Customer 0277,West,Consumer,customer277@example.com,2025-06-20,2025-06,Store,Completed,True,P016,Desk 016,Furniture,231.00,2,231.00,0.05,0,,462.00,23.1000,438.9000,0.0000,438.9000,2,0,141,60,278,17
L000141,O00059,C0277,Customer 0277,West,Consumer,customer277@example.com,2025-06-20,2025-06,Store,Completed,True,P022,Chair 022,Furniture,134.00,2,134.00,0.00,0,,268.00,0.0000,268.0000,0.0000,268.0000,2,0,142,60,278,23
L000142,O00060,C0140,Customer 0140,East,Consumer,customer140@example.com,2025-12-08,2025-12,Online,Completed,True,P003,Shelf 003,Storage,199.00,4,199.00,0.20,0,,796.00,159.2000,636.8000,0.0000,636.8000,4,0,143,61,141,4
L000143,O00060,C0140,Customer 0140,East,Consumer,customer140@example.com,2025-12-08,2025-12,Online,Completed,True,P015,Shelf 015,Storage,254.00,5,254.00,0.10,0,,1270.00,127.0000,1143.0000,0.0000,1143.0000,5,0,144,61,141,16
L000144,O00061,C0242,Customer 0242,South,Business,customer242@example.com,2025-10-16,2025-10,Online,Completed,True,P008,Desk 008,Furniture,188.00,4,188.00,0.05,0,,752.00,37.6000,714.4000,0.0000,714.4000,4,0,145,62,243,9
L000145,O00062,C0271,Customer 0271,West,Consumer,customer271@example.com,2025-05-22,2025-05,Store,Completed,True,P006,Chair 006,Furniture,196.00,3,196.00,0.10,0,,588.00,58.8000,529.2000,0.0000,529.2000,3,0,146,63,272,7
L000146,O00063,C0256,Customer 0256,North,Consumer,,2025-06-23,2025-06,Online,Completed,True,P007,Shelf 007,Storage,35.00,2,35.00,0.20,0,,70.00,14.0000,56.0000,0.0000,56.0000,2,0,147,64,257,8
L000147,O00063,C0256,Customer 0256,North,Consumer,,2025-06-23,2025-06,Online,Completed,True,P001,Lamp 001,Lighting,122.00,5,122.00,0.10,0,,610.00,61.0000,549.0000,0.0000,549.0000,5,0,148,64,257,2
L000148,O00064,C0016,Customer 0016,East,Consumer,customer16@example.com,2025-05-25,2025-05,Online,Completed,True,P018,Chair 018,Furniture,269.00,4,269.00,0.05,0,,1076.00,53.8000,1022.2000,0.0000,1022.2000,4,0,149,65,17,19
L000149,O00064,C0016,Customer 0016,East,Consumer,customer16@example.com,2025-05-25,2025-05,Online,Completed,True,P010,Chair 010,Furniture,211.00,4,211.00,0.10,0,,844.00,84.4000,759.6000,0.0000,759.6000,4,0,150,65,17,11
L000150,O00065,C0122,Customer 0122,North,Business,customer122@example.com,2025-12-17,2025-12,Online,Completed,True,P010,Chair 010,Furniture,211.00,1,211.00,0.20,0,,211.00,42.2000,168.8000,0.0000,168.8000,1,0,151,66,123,11
L000151,O00065,C0122,Customer 0122,North,Business,customer122@example.com,2025-12-17,2025-12,Online,Completed,True,P013,Lamp 013,Lighting,271.00,2,271.00,0.20,0,,542.00,108.4000,433.6000,0.0000,433.6000,2,0,152,66,123,14
L000152,O00065,C0122,Customer 0122,North,Business,customer122@example.com,2025-12-17,2025-12,Online,Completed,True,P010,Chair 010,Furniture,211.00,4,211.00,0.20,0,,844.00,168.8000,675.2000,0.0000,675.2000,4,0,153,66,123,11
L000153,O00066,C0076,Customer 0076,East,Consumer,customer76@example.com,2025-10-06,2025-10,Online,Completed,True,P017,Lamp 017,Lighting,300.00,1,300.00,0.10,0,,300.00,30.0000,270.0000,0.0000,270.0000,1,0,154,67,77,18
L000154,O00066,C0076,Customer 0076,East,Consumer,customer76@example.com,2025-10-06,2025-10,Online,Completed,True,P009,Lamp 009,Lighting,93.00,5,93.00,0.05,0,,465.00,23.2500,441.7500,0.0000,441.7500,5,0,155,67,77,10
L000155,O00066,C0076,Customer 0076,East,Consumer,customer76@example.com,2025-10-06,2025-10,Online,Completed,True,P016,Desk 016,Furniture,231.00,5,231.00,0.05,0,,1155.00,57.7500,1097.2500,0.0000,1097.2500,5,0,156,67,77,17
L000156,O00067,C0251,Customer 0251,North,Consumer,customer251@example.com,2025-08-05,2025-08,Online,Completed,True,P017,Lamp 017,Lighting,300.00,5,300.00,0,0,,1500.00,0.00,1500.00,0.00,1500.00,5,0,157,68,252,18
L000157,O00067,C0251,Customer 0251,North,Consumer,customer251@example.com,2025-08-05,2025-08,Online,Completed,True,P019,Shelf 019,Storage,78.00,4,78.00,0.00,0,,312.00,0.0000,312.0000,0.0000,312.0000,4,0,158,68,252,20
L000158,O00067,C0251,Customer 0251,North,Consumer,customer251@example.com,2025-08-05,2025-08,Online,Completed,True,P011,Shelf 011,Storage,80.00,5,80.00,0.20,1,2025-08-19,400.00,80.0000,320.0000,128.0000,192.0000,5,2,159,68,252,12
L000159,O00067,C0251,Customer 0251,North,Consumer,customer251@example.com,2025-08-05,2025-08,Online,Completed,True,P024,Desk 024,Furniture,81.00,1,81.00,0.20,0,,81.00,16.2000,64.8000,0.0000,64.8000,1,0,160,68,252,25
L000160,O00068,C0005,Customer 0005,South,Business,customer5@example.com,2025-06-29,2025-06,Online,Completed,True,P004,Desk 004,Furniture,123.00,3,123.00,0.05,0,,369.00,18.4500,350.5500,0.0000,350.5500,3,0,161,69,6,5
L000161,O00068,C0005,Customer 0005,South,Business,customer5@example.com,2025-06-29,2025-06,Online,Completed,True,P023,Shelf 023,Storage,68.00,3,68.00,0.00,0,,204.00,0.0000,204.0000,0.0000,204.0000,3,0,162,69,6,24
L000162,O00068,C0005,Customer 0005,South,Business,customer5@example.com,2025-06-29,2025-06,Online,Completed,True,P012,Desk 012,Furniture,134.00,5,134.00,0.10,0,,670.00,67.0000,603.0000,0.0000,603.0000,5,0,163,69,6,13
L000163,O00069,C0139,Customer 0139,North,Business,customer139@example.com,2025-12-01,2025-12,Store,Completed,True,P009,Lamp 009,Lighting,93.00,5,93.00,0.10,0,,465.00,46.5000,418.5000,0.0000,418.5000,5,0,164,70,140,10
L000164,O00069,C0139,Customer 0139,North,Business,customer139@example.com,2025-12-01,2025-12,Store,Completed,True,P012,Desk 012,Furniture,134.00,3,134.00,0.10,0,,402.00,40.2000,361.8000,0.0000,361.8000,3,0,165,70,140,13
L000165,O00070,C0230,Customer 0230,East,Consumer,customer230@example.com,2025-11-15,2025-11,Online,Completed,True,P024,Desk 024,Furniture,81.00,1,81.00,0.10,1,2025-11-24,81.00,8.1000,72.9000,72.9000,0.0000,1,1,166,71,231,25
L000166,O00070,C0230,Customer 0230,East,Consumer,customer230@example.com,2025-11-15,2025-11,Online,Completed,True,P010,Chair 010,Furniture,211.00,2,211.00,0.10,1,2025-12-01,422.00,42.2000,379.8000,379.8000,0.0000,2,2,167,71,231,11
L000167,O00070,C0230,Customer 0230,East,Consumer,customer230@example.com,2025-11-15,2025-11,Online,Completed,True,P002,Chair 002,Furniture,284.00,5,284.00,0.20,0,,1420.00,284.0000,1136.0000,0.0000,1136.0000,5,0,168,71,231,3
L000168,O00071,C0020,Customer 0020,West,Consumer,customer20@example.com,2025-02-16,2025-02,Store,Completed,True,P004,Desk 004,Furniture,123.00,5,123.00,0.00,0,,615.00,0.0000,615.0000,0.0000,615.0000,5,0,169,72,21,5
L000169,O00072,C0127,Customer 0127,East,Business,customer127@example.com,2025-01-01,2025-01,Store,Cancelled,False,P013,Lamp 013,Lighting,271.00,5,271.00,0.20,0,,1355.00,271.0000,1084.0000,0.0000,1084.0000,5,0,170,73,128,14
L000170,O00072,C0127,Customer 0127,East,Business,customer127@example.com,2025-01-01,2025-01,Store,Cancelled,False,P009,Lamp 009,Lighting,93.00,1,93.00,0.10,0,,93.00,9.3000,83.7000,0.0000,83.7000,1,0,171,73,128,10
L000171,O00073,C0265,Customer 0265,West,Consumer,customer265@example.com,2025-12-04,2025-12,Online,Cancelled,False,P008,Desk 008,Furniture,188.00,4,188.00,0.00,0,,752.00,0.0000,752.0000,0.0000,752.0000,4,0,172,74,266,9
L000172,O00073,C0265,Customer 0265,West,Consumer,customer265@example.com,2025-12-04,2025-12,Online,Cancelled,False,P003,Shelf 003,Storage,199.00,3,199.00,0.05,0,,597.00,29.8500,567.1500,0.0000,567.1500,3,0,173,74,266,4
L000173,O00074,C0026,Customer 0026,South,Consumer,customer26@example.com,2025-10-23,2025-10,Store,Completed,True,P019,Shelf 019,Storage,78.00,2,78.00,0.10,0,,156.00,15.6000,140.4000,0.0000,140.4000,2,0,174,75,27,20
L000174,O00074,C0026,Customer 0026,South,Consumer,customer26@example.com,2025-10-23,2025-10,Store,Completed,True,P008,Desk 008,Furniture,188.00,2,188.00,0.10,0,,376.00,37.6000,338.4000,0.0000,338.4000,2,0,175,75,27,9
L000175,O00074,C0026,Customer 0026,South,Consumer,customer26@example.com,2025-10-23,2025-10,Store,Completed,True,P020,Desk 020,Furniture,189.00,3,189.00,0.10,0,,567.00,56.7000,510.3000,0.0000,510.3000,3,0,176,75,27,21
L000176,O00075,C0225,Customer 0225,North,Consumer,customer225@example.com,2025-11-06,2025-11,Store,Completed,True,P001,Lamp 001,Lighting,122.00,2,122.00,0.20,0,,244.00,48.8000,195.2000,0.0000,195.2000,2,0,177,76,226,2
L000177,O00075,C0225,Customer 0225,North,Consumer,customer225@example.com,2025-11-06,2025-11,Store,Completed,True,P009,Lamp 009,Lighting,93.00,4,93.00,0.05,0,,372.00,18.6000,353.4000,0.0000,353.4000,4,0,178,76,226,10
L000178,O00075,C0225,Customer 0225,North,Consumer,customer225@example.com,2025-11-06,2025-11,Store,Completed,True,P017,Lamp 017,Lighting,300.00,1,300.00,0.10,0,,300.00,30.0000,270.0000,0.0000,270.0000,1,0,179,76,226,18
L000179,O00076,C0270,Customer 0270,East,Business,customer270@example.com,2025-01-02,2025-01,Online,Completed,True,P024,Desk 024,Furniture,81.00,4,81.00,0.20,0,,324.00,64.8000,259.2000,0.0000,259.2000,4,0,180,77,271,25
L000180,O00076,C0270,Customer 0270,East,Business,customer270@example.com,2025-01-02,2025-01,Online,Completed,True,P012,Desk 012,Furniture,134.00,4,134.00,0.10,0,,536.00,53.6000,482.4000,0.0000,482.4000,4,0,181,77,271,13
L000181,O00076,C0270,Customer 0270,East,Business,customer270@example.com,2025-01-02,2025-01,Online,Completed,True,P007,Shelf 007,Storage,35.00,2,35.00,0.20,0,,70.00,14.0000,56.0000,0.0000,56.0000,2,0,182,77,271,8
L000182,O00077,C0274,Customer 0274,North,Business,customer274@example.com,2025-11-22,2025-11,Store,Cancelled,False,P018,Chair 018,Furniture,269.00,3,269.00,0.10,0,,807.00,80.7000,726.3000,0.0000,726.3000,3,0,183,78,275,19
L000183,O00077,C0274,Customer 0274,North,Business,customer274@example.com,2025-11-22,2025-11,Store,Cancelled,False,P008,Desk 008,Furniture,188.00,2,188.00,0.05,0,,376.00,18.8000,357.2000,0.0000,357.2000,2,0,184,78,275,9
L000184,O00077,C0274,Customer 0274,North,Business,customer274@example.com,2025-11-22,2025-11,Store,Cancelled,False,P020,Desk 020,Furniture,189.00,4,189.00,0.00,0,,756.00,0.0000,756.0000,0.0000,756.0000,4,0,185,78,275,21
L000185,O00077,C0274,Customer 0274,North,Business,customer274@example.com,2025-11-22,2025-11,Store,Cancelled,False,P015,Shelf 015,Storage,254.00,1,254.00,0.10,0,,254.00,25.4000,228.6000,0.0000,228.6000,1,0,186,78,275,16
L000186,O00078,C0180,Customer 0180,West,Consumer,customer180@example.com,2025-09-24,2025-09,Online,Completed,True,P023,Shelf 023,Storage,68.00,4,68.00,0.00,0,,272.00,0.0000,272.0000,0.0000,272.0000,4,0,187,79,181,24
L000187,O00078,C0180,Customer 0180,West,Consumer,customer180@example.com,2025-09-24,2025-09,Online,Completed,True,P012,Desk 012,Furniture,134.00,1,134.00,0,0,,134.00,0.00,134.00,0.00,134.00,1,0,188,79,181,13
L000188,O00078,C0180,Customer 0180,West,Consumer,customer180@example.com,2025-09-24,2025-09,Online,Completed,True,P004,Desk 004,Furniture,123.00,1,123.00,0.05,0,,123.00,6.1500,116.8500,0.0000,116.8500,1,0,189,79,181,5
L000189,O00078,C0180,Customer 0180,West,Consumer,customer180@example.com,2025-09-24,2025-09,Online,Completed,True,P007,Shelf 007,Storage,35.00,3,35.00,0.20,0,,105.00,21.0000,84.0000,0.0000,84.0000,3,0,190,79,181,8
L000190,O00079,C0106,Customer 0106,East,Business,customer106@example.com,2025-06-15,2025-06,Online,Completed,True,P017,Lamp 017,Lighting,300.00,3,300.00,0.05,0,,900.00,45.0000,855.0000,0.0000,855.0000,3,0,191,80,107,18
L000191,O00079,C0106,Customer 0106,East,Business,customer106@example.com,2025-06-15,2025-06,Online,Completed,True,P021,Lamp 021,Lighting,249.00,5,249.00,0.20,0,,1245.00,249.0000,996.0000,0.0000,996.0000,5,0,192,80,107,22
L000192,O00079,C0106,Customer 0106,East,Business,customer106@example.com,2025-06-15,2025-06,Online,Completed,True,P022,Chair 022,Furniture,134.00,4,134.00,0.05,0,,536.00,26.8000,509.2000,0.0000,509.2000,4,0,193,80,107,23
L000193,O00080,C0063,Customer 0063,West,Consumer,customer63@example.com,2025-08-27,2025-08,Store,Completed,True,P004,Desk 004,Furniture,123.00,1,123.00,0.10,0,,123.00,12.3000,110.7000,0.0000,110.7000,1,0,194,81,64,5
L000194,O00080,C0063,Customer 0063,West,Consumer,customer63@example.com,2025-08-27,2025-08,Store,Completed,True,P018,Chair 018,Furniture,269.00,3,269.00,0.05,0,,807.00,40.3500,766.6500,0.0000,766.6500,3,0,195,81,64,19
L000195,O00081,C0094,Customer 0094,West,Consumer,customer94@example.com,2025-06-05,2025-06,Online,Completed,True,P016,Desk 016,Furniture,231.00,2,231.00,0.20,0,,462.00,92.4000,369.6000,0.0000,369.6000,2,0,196,82,95,17
L000196,O00081,C0094,Customer 0094,West,Consumer,customer94@example.com,2025-06-05,2025-06,Online,Completed,True,P004,Desk 004,Furniture,123.00,2,123.00,0.10,0,,246.00,24.6000,221.4000,0.0000,221.4000,2,0,197,82,95,5
L000197,O00081,C0094,Customer 0094,West,Consumer,customer94@example.com,2025-06-05,2025-06,Online,Completed,True,P005,Lamp 005,Lighting,65.00,5,65.00,0.10,0,,325.00,32.5000,292.5000,0.0000,292.5000,5,0,198,82,95,6
L000198,O00081,C0094,Customer 0094,West,Consumer,customer94@example.com,2025-06-05,2025-06,Online,Completed,True,P001,Lamp 001,Lighting,122.00,1,122.00,0.10,0,,122.00,12.2000,109.8000,0.0000,109.8000,1,0,199,82,95,2
L000199,O00082,C0225,Customer 0225,North,Consumer,customer225@example.com,2025-04-07,2025-04,Online,Completed,True,P012,Desk 012,Furniture,134.00,2,134.00,0.10,0,,268.00,26.8000,241.2000,0.0000,241.2000,2,0,200,83,226,13
L000200,O00082,C0225,Customer 0225,North,Consumer,customer225@example.com,2025-04-07,2025-04,Online,Completed,True,P001,Lamp 001,Lighting,122.00,5,122.00,0.10,0,,610.00,61.0000,549.0000,0.0000,549.0000,5,0,201,83,226,2
L000201,O00082,C0225,Customer 0225,North,Consumer,customer225@example.com,2025-04-07,2025-04,Online,Completed,True,P005,Lamp 005,Lighting,65.00,4,65.00,0.20,0,,260.00,52.0000,208.0000,0.0000,208.0000,4,0,202,83,226,6
L000202,O00082,C0225,Customer 0225,North,Consumer,customer225@example.com,2025-04-07,2025-04,Online,Completed,True,P010,Chair 010,Furniture,211.00,3,211.00,0.20,0,,633.00,126.6000,506.4000,0.0000,506.4000,3,0,203,83,226,11
L000203,O00083,C0136,Customer 0136,West,Consumer,customer136@example.com,2025-02-08,2025-02,Store,Completed,True,P010,Chair 010,Furniture,211.00,3,211.00,0.10,0,,633.00,63.3000,569.7000,0.0000,569.7000,3,0,204,84,137,11
L000204,O00083,C0136,Customer 0136,West,Consumer,customer136@example.com,2025-02-08,2025-02,Store,Completed,True,P013,Lamp 013,Lighting,271.00,4,271.00,0.20,1,2025-03-04,1084.00,216.8000,867.2000,650.4000,216.8000,4,3,205,84,137,14
L000205,O00084,C0223,Customer 0223,East,Consumer,customer223@example.com,2025-06-27,2025-06,Store,Completed,True,P004,Desk 004,Furniture,123.00,5,123.00,0.05,0,,615.00,30.7500,584.2500,0.0000,584.2500,5,0,206,85,224,5
L000206,O00084,C0223,Customer 0223,East,Consumer,customer223@example.com,2025-06-27,2025-06,Store,Completed,True,P007,Shelf 007,Storage,35.00,5,35.00,0.10,1,2025-07-14,175.00,17.5000,157.5000,157.5000,0.0000,5,5,207,85,224,8
L000207,O00084,C0223,Customer 0223,East,Consumer,customer223@example.com,2025-06-27,2025-06,Store,Completed,True,P022,Chair 022,Furniture,134.00,5,134.00,0.20,0,,670.00,134.0000,536.0000,0.0000,536.0000,5,0,208,85,224,23
L000208,O00084,C0223,Customer 0223,East,Consumer,customer223@example.com,2025-06-27,2025-06,Store,Completed,True,P024,Desk 024,Furniture,81.00,3,81.00,0.10,0,,243.00,24.3000,218.7000,0.0000,218.7000,3,0,209,85,224,25
L000209,O00085,C0108,Customer 0108,East,Business,customer108@example.com,2025-03-27,2025-03,Store,Completed,True,P016,Desk 016,Furniture,231.00,5,231.00,0.05,0,,1155.00,57.7500,1097.2500,0.0000,1097.2500,5,0,210,86,109,17
L000210,O00086,C0279,Customer 0279,South,Business,customer279@example.com,2025-01-27,2025-01,Online,Completed,True,P021,Lamp 021,Lighting,249.00,3,249.00,0.05,0,,747.00,37.3500,709.6500,0.0000,709.6500,3,0,211,87,280,22
L000211,O00086,C0279,Customer 0279,South,Business,customer279@example.com,2025-01-27,2025-01,Online,Completed,True,P024,Desk 024,Furniture,81.00,1,81.00,0.05,0,,81.00,4.0500,76.9500,0.0000,76.9500,1,0,212,87,280,25
L000212,O00087,C0129,Customer 0129,North,Business,customer129@example.com,2025-10-13,2025-10,Online,Completed,True,P001,Lamp 001,Lighting,122.00,2,122.00,0.20,0,,244.00,48.8000,195.2000,0.0000,195.2000,2,0,213,88,130,2
L000213,O00088,C0006,Customer 0006,East,Consumer,customer6@example.com,2025-04-19,2025-04,Store,Completed,True,P022,Chair 022,Furniture,134.00,4,134.00,0.00,0,,536.00,0.0000,536.0000,0.0000,536.0000,4,0,214,89,7,23
L000214,O00089,C0020,Customer 0020,West,Consumer,customer20@example.com,2025-08-12,2025-08,Store,Completed,True,P021,Lamp 021,Lighting,249.00,2,249.00,0.20,0,,498.00,99.6000,398.4000,0.0000,398.4000,2,0,215,90,21,22
L000215,O00090,C0111,Customer 0111,South,Business,customer111@example.com,2025-12-27,2025-12,Online,Completed,True,P018,Chair 018,Furniture,269.00,3,269.00,0.00,0,,807.00,0.0000,807.0000,0.0000,807.0000,3,0,216,91,112,19
L000216,O00090,C0111,Customer 0111,South,Business,customer111@example.com,2025-12-27,2025-12,Online,Completed,True,P013,Lamp 013,Lighting,271.00,1,271.00,0.05,0,,271.00,13.5500,257.4500,0.0000,257.4500,1,0,217,91,112,14
L000217,O00090,C0111,Customer 0111,South,Business,customer111@example.com,2025-12-27,2025-12,Online,Completed,True,P004,Desk 004,Furniture,123.00,1,123.00,0.05,0,,123.00,6.1500,116.8500,0.0000,116.8500,1,0,218,91,112,5
L000218,O00091,C0062,Customer 0062,West,Business,customer62@example.com,2025-08-23,2025-08,Store,Completed,True,P002,Chair 002,Furniture,284.00,4,284.00,0,0,,1136.00,0.00,1136.00,0.00,1136.00,4,0,219,92,63,3
L000219,O00091,C0062,Customer 0062,West,Business,customer62@example.com,2025-08-23,2025-08,Store,Completed,True,P018,Chair 018,Furniture,269.00,4,269.00,0.05,0,,1076.00,53.8000,1022.2000,0.0000,1022.2000,4,0,220,92,63,19
L000220,O00091,C0062,Customer 0062,West,Business,customer62@example.com,2025-08-23,2025-08,Store,Completed,True,P022,Chair 022,Furniture,134.00,5,134.00,0.20,0,,670.00,134.0000,536.0000,0.0000,536.0000,5,0,221,92,63,23
L000221,O00091,C0062,Customer 0062,West,Business,customer62@example.com,2025-08-23,2025-08,Store,Completed,True,P021,Lamp 021,Lighting,249.00,1,249.00,0.00,0,,249.00,0.0000,249.0000,0.0000,249.0000,1,0,222,92,63,22
L000222,O00092,C0028,Customer 0028,West,Consumer,customer28@example.com,2025-03-08,2025-03,Store,Cancelled,False,P006,Chair 006,Furniture,196.00,3,196.00,0.00,0,,588.00,0.0000,588.0000,0.0000,588.0000,3,0,223,93,29,7
L000223,O00092,C0028,Customer 0028,West,Consumer,customer28@example.com,2025-03-08,2025-03,Store,Cancelled,False,P015,Shelf 015,Storage,254.00,1,254.00,0.20,0,,254.00,50.8000,203.2000,0.0000,203.2000,1,0,224,93,29,16
L000224,O00093,C0179,Customer 0179,East,Consumer,customer179@example.com,2025-08-04,2025-08,Store,Completed,True,P009,Lamp 009,Lighting,93.00,1,93.00,0.10,0,,93.00,9.3000,83.7000,0.0000,83.7000,1,0,225,94,180,10
L000225,O00093,C0179,Customer 0179,East,Consumer,customer179@example.com,2025-08-04,2025-08,Store,Completed,True,P004,Desk 004,Furniture,123.00,3,123.00,0.10,0,,369.00,36.9000,332.1000,0.0000,332.1000,3,0,226,94,180,5
L000226,O00094,C0008,Customer 0008,North,Consumer,customer8@example.com,2025-06-14,2025-06,Store,Completed,True,P011,Shelf 011,Storage,80.00,3,80.00,0.20,0,,240.00,48.0000,192.0000,0.0000,192.0000,3,0,227,95,9,12
L000227,O00094,C0008,Customer 0008,North,Consumer,customer8@example.com,2025-06-14,2025-06,Store,Completed,True,P010,Chair 010,Furniture,211.00,1,211.00,0.05,0,,211.00,10.5500,200.4500,0.0000,200.4500,1,0,228,95,9,11
L000228,O00094,C0008,Customer 0008,North,Consumer,customer8@example.com,2025-06-14,2025-06,Store,Completed,True,P019,Shelf 019,Storage,78.00,1,78.00,0.00,0,,78.00,0.0000,78.0000,0.0000,78.0000,1,0,229,95,9,20
L000229,O00095,C0235,Customer 0235,North,Business,customer235@example.com,2025-03-19,2025-03,Online,Completed,True,P008,Desk 008,Furniture,188.00,2,188.00,0.05,0,,376.00,18.8000,357.2000,0.0000,357.2000,2,0,230,96,236,9
L000230,O00096,C0153,Customer 0153,East,Business,customer153@example.com,2025-10-24,2025-10,Online,Completed,True,P013,Lamp 013,Lighting,271.00,4,271.00,0.05,0,,1084.00,54.2000,1029.8000,0.0000,1029.8000,4,0,231,97,154,14
L000231,O00096,C0153,Customer 0153,East,Business,customer153@example.com,2025-10-24,2025-10,Online,Completed,True,P004,Desk 004,Furniture,123.00,2,123.00,0.10,0,,246.00,24.6000,221.4000,0.0000,221.4000,2,0,232,97,154,5
L000232,O00097,C0132,Customer 0132,North,Consumer,customer132@example.com,2025-05-03,2025-05,Store,Completed,True,P007,Shelf 007,Storage,35.00,4,35.00,0.05,0,,140.00,7.0000,133.0000,0.0000,133.0000,4,0,233,98,133,8
L000233,O00097,C0132,Customer 0132,North,Consumer,customer132@example.com,2025-05-03,2025-05,Store,Completed,True,P020,Desk 020,Furniture,189.00,3,189.00,0.05,0,,567.00,28.3500,538.6500,0.0000,538.6500,3,0,234,98,133,21
L000234,O00097,C0132,Customer 0132,North,Consumer,customer132@example.com,2025-05-03,2025-05,Store,Completed,True,P020,Desk 020,Furniture,189.00,4,189.00,0.05,0,,756.00,37.8000,718.2000,0.0000,718.2000,4,0,235,98,133,21
L000235,O00098,C0299,Customer 0299,North,Consumer,customer299@example.com,2025-06-28,2025-06,Online,Completed,True,P014,Chair 014,Furniture,294.00,5,294.00,0.05,0,,1470.00,73.5000,1396.5000,0.0000,1396.5000,5,0,236,99,300,15
L000236,O00098,C0299,Customer 0299,North,Consumer,customer299@example.com,2025-06-28,2025-06,Online,Completed,True,P024,Desk 024,Furniture,81.00,3,81.00,0.00,0,,243.00,0.0000,243.0000,0.0000,243.0000,3,0,237,99,300,25
L000237,O00098,C0299,Customer 0299,North,Consumer,customer299@example.com,2025-06-28,2025-06,Online,Completed,True,P020,Desk 020,Furniture,189.00,4,189.00,0.00,0,,756.00,0.0000,756.0000,0.0000,756.0000,4,0,238,99,300,21
L000238,O00098,C0299,Customer 0299,North,Consumer,customer299@example.com,2025-06-28,2025-06,Online,Completed,True,P019,Shelf 019,Storage,78.00,2,78.00,0.05,0,,156.00,7.8000,148.2000,0.0000,148.2000,2,0,239,99,300,20
L000239,O00099,C0117,Customer 0117,North,Consumer,customer117@example.com,2025-12-23,2025-12,Online,Completed,True,P021,Lamp 021,Lighting,249.00,1,249.00,0.00,0,,249.00,0.0000,249.0000,0.0000,249.0000,1,0,240,100,118,22
L000240,O00099,C0117,Customer 0117,North,Consumer,customer117@example.com,2025-12-23,2025-12,Online,Completed,True,P018,Chair 018,Furniture,269.00,5,269.00,0.05,0,,1345.00,67.2500,1277.7500,0.0000,1277.7500,5,0,241,100,118,19
L000241,O00099,C0117,Customer 0117,North,Consumer,customer117@example.com,2025-12-23,2025-12,Online,Completed,True,P019,Shelf 019,Storage,78.00,1,78.00,0.05,0,,78.00,3.9000,74.1000,0.0000,74.1000,1,0,242,100,118,20
L000242,O00099,C0117,Customer 0117,North,Consumer,customer117@example.com,2025-12-23,2025-12,Online,Completed,True,P019,Shelf 019,Storage,78.00,4,78.00,0.05,0,,312.00,15.6000,296.4000,0.0000,296.4000,4,0,243,100,118,20
L000243,O00100,C0016,Customer 0016,East,Consumer,customer16@example.com,2025-01-16,2025-01,Online,Completed,True,P019,Shelf 019,Storage,78.00,3,78.00,0.00,0,,234.00,0.0000,234.0000,0.0000,234.0000,3,0,244,101,17,20
L000244,O00100,C0016,Customer 0016,East,Consumer,customer16@example.com,2025-01-16,2025-01,Online,Completed,True,P015,Shelf 015,Storage,254.00,4,254.00,0.10,0,,1016.00,101.6000,914.4000,0.0000,914.4000,4,0,245,101,17,16
L000245,O00100,C0016,Customer 0016,East,Consumer,customer16@example.com,2025-01-16,2025-01,Online,Completed,True,P014,Chair 014,Furniture,294.00,2,294.00,0.20,0,,588.00,117.6000,470.4000,0.0000,470.4000,2,0,246,101,17,15
L000246,O00101,C0025,Customer 0025,East,Business,customer25@example.com,2025-04-22,2025-04,Store,Completed,True,P013,Lamp 013,Lighting,271.00,3,271.00,0.20,0,,813.00,162.6000,650.4000,0.0000,650.4000,3,0,247,102,26,14
L000247,O00102,C0102,Customer 0102,North,Consumer,customer102@example.com,2025-10-05,2025-10,Store,Completed,True,P019,Shelf 019,Storage,78.00,5,78.00,0.00,0,,390.00,0.0000,390.0000,0.0000,390.0000,5,0,248,103,103,20
L000248,O00103,C0017,Customer 0017,South,Consumer,customer17@example.com,2025-09-15,2025-09,Online,Completed,True,P008,Desk 008,Furniture,188.00,3,188.00,0.05,1,2025-09-16,564.00,28.2000,535.8000,357.2000,178.6000,3,2,249,104,18,9
L000249,O00103,C0017,Customer 0017,South,Consumer,customer17@example.com,2025-09-15,2025-09,Online,Completed,True,P013,Lamp 013,Lighting,271.00,5,271.00,0.1,0,,1355.00,135.500,1219.500,0.000,1219.500,5,0,250,104,18,14
L000250,O00104,C0148,Customer 0148,East,Consumer,customer148@example.com,2025-12-28,2025-12,Online,Completed,True,P011,Shelf 011,Storage,80.00,4,80.00,0.10,0,,320.00,32.0000,288.0000,0.0000,288.0000,4,0,251,105,149,12
L000251,O00104,C0148,Customer 0148,East,Consumer,customer148@example.com,2025-12-28,2025-12,Online,Completed,True,P011,Shelf 011,Storage,80.00,5,80.00,0.20,0,,400.00,80.0000,320.0000,0.0000,320.0000,5,0,252,105,149,12
L000252,O00104,C0148,Customer 0148,East,Consumer,customer148@example.com,2025-12-28,2025-12,Online,Completed,True,P016,Desk 016,Furniture,231.00,4,231.00,0.10,0,,924.00,92.4000,831.6000,0.0000,831.6000,4,0,253,105,149,17
L000253,O00105,C0225,Customer 0225,North,Consumer,customer225@example.com,2025-11-07,2025-11,Store,Completed,True,P021,Lamp 021,Lighting,249.00,2,249.00,0.20,0,,498.00,99.6000,398.4000,0.0000,398.4000,2,0,254,106,226,22
L000254,O00106,C0006,Customer 0006,East,Consumer,customer6@example.com,2025-10-12,2025-10,Store,Completed,True,P010,Chair 010,Furniture,211.00,5,211.00,0.10,0,,1055.00,105.5000,949.5000,0.0000,949.5000,5,0,255,107,7,11
L000255,O00106,C0006,Customer 0006,East,Consumer,customer6@example.com,2025-10-12,2025-10,Store,Completed,True,P021,Lamp 021,Lighting,249.00,2,249.00,0.20,0,,498.00,99.6000,398.4000,0.0000,398.4000,2,0,256,107,7,22
L000256,O00107,C0069,Customer 0069,South,Business,,2025-05-20,2025-05,Store,Completed,True,P023,Shelf 023,Storage,68.00,1,68.00,0.10,0,,68.00,6.8000,61.2000,0.0000,61.2000,1,0,257,108,70,24
L000257,O00108,C0150,Customer 0150,West,Business,customer150@example.com,2025-06-29,2025-06,Store,Completed,True,P013,Lamp 013,Lighting,271.00,5,271.00,0.00,0,,1355.00,0.0000,1355.0000,0.0000,1355.0000,5,0,258,109,151,14
L000258,O00108,C0150,Customer 0150,West,Business,customer150@example.com,2025-06-29,2025-06,Store,Completed,True,P021,Lamp 021,Lighting,249.00,1,249.00,0.00,0,,249.00,0.0000,249.0000,0.0000,249.0000,1,0,259,109,151,22
L000259,O00109,C0300,Customer 0300,West,Consumer,customer300@example.com,2025-12-26,2025-12,Online,Cancelled,False,P014,Chair 014,Furniture,294.00,4,294.00,0.00,0,,1176.00,0.0000,1176.0000,0.0000,1176.0000,4,0,260,110,301,15
L000260,O00109,C0300,Customer 0300,West,Consumer,customer300@example.com,2025-12-26,2025-12,Online,Cancelled,False,P023,Shelf 023,Storage,68.00,5,68.00,0.20,0,,340.00,68.0000,272.0000,0.0000,272.0000,5,0,261,110,301,24
L000261,O00109,C0300,Customer 0300,West,Consumer,customer300@example.com,2025-12-26,2025-12,Online,Cancelled,False,P011,Shelf 011,Storage,80.00,2,80.00,0.10,0,,160.00,16.0000,144.0000,0.0000,144.0000,2,0,262,110,301,12
L000262,O00110,C0025,Customer 0025,East,Business,customer25@example.com,2025-07-28,2025-07,Online,Completed,True,P019,Shelf 019,Storage,78.00,4,78.00,0.10,0,,312.00,31.2000,280.8000,0.0000,280.8000,4,0,263,111,26,20
L000263,O00110,C0025,Customer 0025,East,Business,customer25@example.com,2025-07-28,2025-07,Online,Completed,True,P014,Chair 014,Furniture,294.00,5,294.00,0.10,0,,1470.00,147.0000,1323.0000,0.0000,1323.0000,5,0,264,111,26,15
L000264,O00111,C0084,Customer 0084,West,Business,customer84@example.com,2025-01-16,2025-01,Online,Completed,True,P018,Chair 018,Furniture,269.00,4,269.00,0.05,0,,1076.00,53.8000,1022.2000,0.0000,1022.2000,4,0,265,112,85,19
L000265,O00112,C0107,Customer 0107,South,Consumer,customer107@example.com,2025-10-23,2025-10,Online,Completed,True,P024,Desk 024,Furniture,81.00,4,81.00,0.10,0,,324.00,32.4000,291.6000,0.0000,291.6000,4,0,266,113,108,25
L000266,O00112,C0107,Customer 0107,South,Consumer,customer107@example.com,2025-10-23,2025-10,Online,Completed,True,P015,Shelf 015,Storage,254.00,2,254.00,0.10,0,,508.00,50.8000,457.2000,0.0000,457.2000,2,0,267,113,108,16
L000267,O00113,C0026,Customer 0026,South,Consumer,customer26@example.com,2025-06-26,2025-06,Store,Completed,True,P017,Lamp 017,Lighting,300.00,2,300.00,0.05,0,,600.00,30.0000,570.0000,0.0000,570.0000,2,0,268,114,27,18
L000268,O00113,C0026,Customer 0026,South,Consumer,customer26@example.com,2025-06-26,2025-06,Store,Completed,True,P017,Lamp 017,Lighting,300.00,3,300.00,0.20,0,,900.00,180.0000,720.0000,0.0000,720.0000,3,0,269,114,27,18
L000269,O00114,C0074,Customer 0074,South,Business,customer74@example.com,2025-01-27,2025-01,Online,Completed,True,P024,Desk 024,Furniture,81.00,2,81.00,0.00,0,,162.00,0.0000,162.0000,0.0000,162.0000,2,0,270,115,75,25
L000270,O00115,C0052,Customer 0052,North,Consumer,,2025-01-08,2025-01,Online,Cancelled,False,P006,Chair 006,Furniture,196.00,2,196.00,0.10,0,,392.00,39.2000,352.8000,0.0000,352.8000,2,0,271,116,53,7
L000271,O00115,C0052,Customer 0052,North,Consumer,,2025-01-08,2025-01,Online,Cancelled,False,P012,Desk 012,Furniture,134.00,1,134.00,0.00,0,,134.00,0.0000,134.0000,0.0000,134.0000,1,0,272,116,53,13
L000272,O00116,C0294,Customer 0294,South,Consumer,customer294@example.com,2025-10-27,2025-10,Online,Completed,True,P016,Desk 016,Furniture,231.00,4,231.00,0.10,0,,924.00,92.4000,831.6000,0.0000,831.6000,4,0,273,117,295,17
L000273,O00116,C0294,Customer 0294,South,Consumer,customer294@example.com,2025-10-27,2025-10,Online,Completed,True,P012,Desk 012,Furniture,134.00,5,134.00,0.20,0,,670.00,134.0000,536.0000,0.0000,536.0000,5,0,274,117,295,13
L000274,O00117,C0288,Customer 0288,East,Consumer,customer288@example.com,2025-07-25,2025-07,Online,Cancelled,False,P001,Lamp 001,Lighting,122.00,2,122.00,0.20,0,,244.00,48.8000,195.2000,0.0000,195.2000,2,0,275,118,289,2
L000275,O00117,C0288,Customer 0288,East,Consumer,customer288@example.com,2025-07-25,2025-07,Online,Cancelled,False,P002,Chair 002,Furniture,284.00,3,284.00,0.20,0,,852.00,170.4000,681.6000,0.0000,681.6000,3,0,276,118,289,3
L000276,O00117,C0288,Customer 0288,East,Consumer,customer288@example.com,2025-07-25,2025-07,Online,Cancelled,False,P021,Lamp 021,Lighting,249.00,4,249.00,0.00,0,,996.00,0.0000,996.0000,0.0000,996.0000,4,0,277,118,289,22
L000277,O00118,C0027,Customer 0027,North,Consumer,customer27@example.com,2025-07-28,2025-07,Store,Completed,True,P010,Chair 010,Furniture,211.00,5,211.00,0.10,0,,1055.00,105.5000,949.5000,0.0000,949.5000,5,0,278,119,28,11
L000278,O00119,C0054,Customer 0054,East,Business,customer54@example.com,2025-06-29,2025-06,Online,Completed,True,P009,Lamp 009,Lighting,93.00,1,93.00,0.10,0,,93.00,9.3000,83.7000,0.0000,83.7000,1,0,279,120,55,10
L000279,O00119,C0054,Customer 0054,East,Business,customer54@example.com,2025-06-29,2025-06,Online,Completed,True,P008,Desk 008,Furniture,188.00,5,188.00,0.10,0,,940.00,94.0000,846.0000,0.0000,846.0000,5,0,280,120,55,9
L000280,O00119,C0054,Customer 0054,East,Business,customer54@example.com,2025-06-29,2025-06,Online,Completed,True,P016,Desk 016,Furniture,231.00,5,231.00,0.2,1,2025-07-03,1155.00,231.000,924.000,184.800,739.200,5,1,281,120,55,17
L000281,O00120,C0102,Customer 0102,North,Consumer,customer102@example.com,2025-09-23,2025-09,Online,Completed,True,P003,Shelf 003,Storage,199.00,2,199.00,0.20,0,,398.00,79.6000,318.4000,0.0000,318.4000,2,0,282,121,103,4
L000282,O00120,C0102,Customer 0102,North,Consumer,customer102@example.com,2025-09-23,2025-09,Online,Completed,True,P008,Desk 008,Furniture,188.00,4,188.00,0.05,0,,752.00,37.6000,714.4000,0.0000,714.4000,4,0,283,121,103,9
L000283,O00121,C0136,Customer 0136,West,Consumer,customer136@example.com,2025-03-14,2025-03,Online,Completed,True,P012,Desk 012,Furniture,134.00,5,134.00,0.00,0,,670.00,0.0000,670.0000,0.0000,670.0000,5,0,284,122,137,13
L000284,O00121,C0136,Customer 0136,West,Consumer,customer136@example.com,2025-03-14,2025-03,Online,Completed,True,P018,Chair 018,Furniture,269.00,2,269.00,0.20,0,,538.00,107.6000,430.4000,0.0000,430.4000,2,0,285,122,137,19
L000285,O00122,C0094,Customer 0094,West,Consumer,customer94@example.com,2025-07-31,2025-07,Store,Completed,True,P021,Lamp 021,Lighting,249.00,5,249.00,0.00,0,,1245.00,0.0000,1245.0000,0.0000,1245.0000,5,0,286,123,95,22
L000286,O00122,C0094,Customer 0094,West,Consumer,customer94@example.com,2025-07-31,2025-07,Store,Completed,True,P023,Shelf 023,Storage,68.00,5,68.00,0.20,0,,340.00,68.0000,272.0000,0.0000,272.0000,5,0,287,123,95,24
L000287,O00122,C0094,Customer 0094,West,Consumer,customer94@example.com,2025-07-31,2025-07,Store,Completed,True,P023,Shelf 023,Storage,68.00,3,68.00,0.20,0,,204.00,40.8000,163.2000,0.0000,163.2000,3,0,288,123,95,24
L000288,O00122,C0094,Customer 0094,West,Consumer,customer94@example.com,2025-07-31,2025-07,Store,Completed,True,P006,Chair 006,Furniture,196.00,5,196.00,0.20,0,,980.00,196.0000,784.0000,0.0000,784.0000,5,0,289,123,95,7
L000289,O00123,C0120,Customer 0120,South,Consumer,,2025-06-29,2025-06,Online,Completed,True,P003,Shelf 003,Storage,199.00,3,199.00,0.10,0,,597.00,59.7000,537.3000,0.0000,537.3000,3,0,290,124,121,4
L000290,O00123,C0120,Customer 0120,South,Consumer,,2025-06-29,2025-06,Online,Completed,True,P013,Lamp 013,Lighting,271.00,2,271.00,0.05,0,,542.00,27.1000,514.9000,0.0000,514.9000,2,0,291,124,121,14
L000291,O00123,C0120,Customer 0120,South,Consumer,,2025-06-29,2025-06,Online,Completed,True,P022,Chair 022,Furniture,134.00,3,134.00,0.10,0,,402.00,40.2000,361.8000,0.0000,361.8000,3,0,292,124,121,23
L000292,O00123,C0120,Customer 0120,South,Consumer,,2025-06-29,2025-06,Online,Completed,True,P019,Shelf 019,Storage,78.00,5,78.00,0.10,0,,390.00,39.0000,351.0000,0.0000,351.0000,5,0,293,124,121,20
L000293,O00124,C0161,Customer 0161,West,Consumer,customer161@example.com,2025-04-12,2025-04,Online,Completed,True,P005,Lamp 005,Lighting,65.00,4,65.00,0.10,0,,260.00,26.0000,234.0000,0.0000,234.0000,4,0,294,125,162,6
L000294,O00124,C0161,Customer 0161,West,Consumer,customer161@example.com,2025-04-12,2025-04,Online,Completed,True,P019,Shelf 019,Storage,78.00,4,78.00,0.05,0,,312.00,15.6000,296.4000,0.0000,296.4000,4,0,295,125,162,20
L000295,O00124,C0161,Customer 0161,West,Consumer,customer161@example.com,2025-04-12,2025-04,Online,Completed,True,P002,Chair 002,Furniture,284.00,5,284.00,0.10,0,,1420.00,142.0000,1278.0000,0.0000,1278.0000,5,0,296,125,162,3
L000296,O00125,C0169,Customer 0169,North,Consumer,customer169@example.com,2025-01-23,2025-01,Store,Completed,True,P006,Chair 006,Furniture,196.00,1,196.00,0.10,0,,196.00,19.6000,176.4000,0.0000,176.4000,1,0,297,126,170,7
L000297,O00125,C0169,Customer 0169,North,Consumer,customer169@example.com,2025-01-23,2025-01,Store,Completed,True,P018,Chair 018,Furniture,269.00,5,269.00,0.10,0,,1345.00,134.5000,1210.5000,0.0000,1210.5000,5,0,298,126,170,19
L000298,O00126,C0208,Customer 0208,East,Business,customer208@example.com,2025-09-29,2025-09,Store,Completed,True,P014,Chair 014,Furniture,294.00,3,294.00,0.10,0,,882.00,88.2000,793.8000,0.0000,793.8000,3,0,299,127,209,15
L000299,O00126,C0208,Customer 0208,East,Business,customer208@example.com,2025-09-29,2025-09,Store,Completed,True,P012,Desk 012,Furniture,134.00,4,134.00,0.20,0,,536.00,107.2000,428.8000,0.0000,428.8000,4,0,300,127,209,13
L000300,O00126,C0208,Customer 0208,East,Business,customer208@example.com,2025-09-29,2025-09,Store,Completed,True,P001,Lamp 001,Lighting,122.00,5,122.00,0.10,0,,610.00,61.0000,549.0000,0.0000,549.0000,5,0,301,127,209,2
L000301,O00127,C0121,Customer 0121,West,Business,customer121@example.com,2025-05-03,2025-05,Store,Cancelled,False,P016,Desk 016,Furniture,231.00,4,231.00,0.20,0,,924.00,184.8000,739.2000,0.0000,739.2000,4,0,302,128,122,17
L000302,O00127,C0121,Customer 0121,West,Business,customer121@example.com,2025-05-03,2025-05,Store,Cancelled,False,P013,Lamp 013,Lighting,271.00,3,271.00,0.00,0,,813.00,0.0000,813.0000,0.0000,813.0000,3,0,303,128,122,14
L000303,O00127,C0121,Customer 0121,West,Business,customer121@example.com,2025-05-03,2025-05,Store,Cancelled,False,P013,Lamp 013,Lighting,271.00,5,271.00,0.00,0,,1355.00,0.0000,1355.0000,0.0000,1355.0000,5,0,304,128,122,14
L000304,O00128,C0219,Customer 0219,East,Consumer,customer219@example.com,2025-08-12,2025-08,Store,Cancelled,False,P016,Desk 016,Furniture,231.00,2,231.00,0.20,0,,462.00,92.4000,369.6000,0.0000,369.6000,2,0,305,129,220,17
L000305,O00129,C0134,Customer 0134,North,Consumer,customer134@example.com,2025-02-23,2025-02,Store,Cancelled,False,P003,Shelf 003,Storage,199.00,5,199.00,0.00,0,,995.00,0.0000,995.0000,0.0000,995.0000,5,0,306,130,135,4
L000306,O00129,C0134,Customer 0134,North,Consumer,customer134@example.com,2025-02-23,2025-02,Store,Cancelled,False,P023,Shelf 023,Storage,68.00,2,68.00,0.00,0,,136.00,0.0000,136.0000,0.0000,136.0000,2,0,307,130,135,24
L000307,O00129,C0134,Customer 0134,North,Consumer,customer134@example.com,2025-02-23,2025-02,Store,Cancelled,False,P016,Desk 016,Furniture,231.00,5,231.00,0.10,0,,1155.00,115.5000,1039.5000,0.0000,1039.5000,5,0,308,130,135,17
L000308,O00130,C0005,Customer 0005,South,Business,customer5@example.com,2025-09-21,2025-09,Store,Completed,True,P022,Chair 022,Furniture,134.00,4,134.00,0.00,0,,536.00,0.0000,536.0000,0.0000,536.0000,4,0,309,131,6,23
L000309,O00130,C0005,Customer 0005,South,Business,customer5@example.com,2025-09-21,2025-09,Store,Completed,True,P006,Chair 006,Furniture,196.00,4,196.00,0.05,1,2025-10-06,784.00,39.2000,744.8000,186.2000,558.6000,4,1,310,131,6,7
L000310,O00130,C0005,Customer 0005,South,Business,customer5@example.com,2025-09-21,2025-09,Store,Completed,True,P002,Chair 002,Furniture,284.00,2,284.00,0.00,0,,568.00,0.0000,568.0000,0.0000,568.0000,2,0,311,131,6,3
L000311,O00130,C0005,Customer 0005,South,Business,customer5@example.com,2025-09-21,2025-09,Store,Completed,True,P015,Shelf 015,Storage,254.00,4,254.00,0.2,0,,1016.00,203.200,812.800,0.000,812.800,4,0,312,131,6,16
L000312,O00131,C0293,Customer 0293,North,Business,customer293@example.com,2025-04-24,2025-04,Store,Completed,True,P020,Desk 020,Furniture,189.00,3,189.00,0.05,0,,567.00,28.3500,538.6500,0.0000,538.6500,3,0,313,132,294,21
L000313,O00131,C0293,Customer 0293,North,Business,customer293@example.com,2025-04-24,2025-04,Store,Completed,True,P012,Desk 012,Furniture,134.00,3,134.00,0.10,0,,402.00,40.2000,361.8000,0.0000,361.8000,3,0,314,132,294,13
L000314,O00131,C0293,Customer 0293,North,Business,customer293@example.com,2025-04-24,2025-04,Store,Completed,True,P012,Desk 012,Furniture,134.00,1,134.00,0.10,0,,134.00,13.4000,120.6000,0.0000,120.6000,1,0,315,132,294,13
L000315,O00132,C0104,Customer 0104,North,Business,customer104@example.com,2025-07-04,2025-07,Online,Completed,True,P017,Lamp 017,Lighting,300.00,2,300.00,0.05,0,,600.00,30.0000,570.0000,0.0000,570.0000,2,0,316,133,105,18
L000316,O00132,C0104,Customer 0104,North,Business,customer104@example.com,2025-07-04,2025-07,Online,Completed,True,P016,Desk 016,Furniture,231.00,2,231.00,0.20,0,,462.00,92.4000,369.6000,0.0000,369.6000,2,0,317,133,105,17
L000317,O00132,C0104,Customer 0104,North,Business,customer104@example.com,2025-07-04,2025-07,Online,Completed,True,P021,Lamp 021,Lighting,249.00,4,249.00,0.10,0,,996.00,99.6000,896.4000,0.0000,896.4000,4,0,318,133,105,22
L000318,O00132,C0104,Customer 0104,North,Business,customer104@example.com,2025-07-04,2025-07,Online,Completed,True,P021,Lamp 021,Lighting,249.00,5,249.00,0.05,0,,1245.00,62.2500,1182.7500,0.0000,1182.7500,5,0,319,133,105,22
L000319,O00133,C0260,Customer 0260,South,Consumer,customer260@example.com,2025-04-06,2025-04,Online,Cancelled,False,P003,Shelf 003,Storage,199.00,2,199.00,0.05,0,,398.00,19.9000,378.1000,0.0000,378.1000,2,0,320,134,261,4
L000320,O00133,C0260,Customer 0260,South,Consumer,customer260@example.com,2025-04-06,2025-04,Online,Cancelled,False,P024,Desk 024,Furniture,81.00,2,81.00,0.20,0,,162.00,32.4000,129.6000,0.0000,129.6000,2,0,321,134,261,25
L000321,O00133,C0260,Customer 0260,South,Consumer,customer260@example.com,2025-04-06,2025-04,Online,Cancelled,False,P018,Chair 018,Furniture,269.00,4,269.00,0.20,0,,1076.00,215.2000,860.8000,0.0000,860.8000,4,0,322,134,261,19
L000322,O00133,C0260,Customer 0260,South,Consumer,customer260@example.com,2025-04-06,2025-04,Online,Cancelled,False,P022,Chair 022,Furniture,134.00,3,134.00,0.00,0,,402.00,0.0000,402.0000,0.0000,402.0000,3,0,323,134,261,23
L000323,O00134,C0222,Customer 0222,East,Consumer,,2025-07-22,2025-07,Store,Completed,True,P022,Chair 022,Furniture,134.00,1,134.00,0.10,0,,134.00,13.4000,120.6000,0.0000,120.6000,1,0,324,135,223,23
L000324,O00135,C0275,Customer 0275,East,Business,customer275@example.com,2025-05-28,2025-05,Online,Completed,True,P020,Desk 020,Furniture,189.00,5,189.00,0.05,0,,945.00,47.2500,897.7500,0.0000,897.7500,5,0,325,136,276,21
L000325,O00135,C0275,Customer 0275,East,Business,customer275@example.com,2025-05-28,2025-05,Online,Completed,True,P010,Chair 010,Furniture,211.00,4,211.00,0.20,0,,844.00,168.8000,675.2000,0.0000,675.2000,4,0,326,136,276,11
L000326,O00136,C0232,Customer 0232,East,Business,customer232@example.com,2025-10-17,2025-10,Store,Completed,True,P010,Chair 010,Furniture,211.00,2,211.00,0.20,0,,422.00,84.4000,337.6000,0.0000,337.6000,2,0,327,137,233,11
L000327,O00136,C0232,Customer 0232,East,Business,customer232@example.com,2025-10-17,2025-10,Store,Completed,True,P018,Chair 018,Furniture,269.00,3,269.00,0.05,0,,807.00,40.3500,766.6500,0.0000,766.6500,3,0,328,137,233,19
L000328,O00136,C0232,Customer 0232,East,Business,customer232@example.com,2025-10-17,2025-10,Store,Completed,True,P021,Lamp 021,Lighting,249.00,1,249.00,0.10,0,,249.00,24.9000,224.1000,0.0000,224.1000,1,0,329,137,233,22
L000329,O00137,C0084,Customer 0084,West,Business,customer84@example.com,2025-11-06,2025-11,Online,Completed,True,P012,Desk 012,Furniture,134.00,5,134.00,0.05,0,,670.00,33.5000,636.5000,0.0000,636.5000,5,0,330,138,85,13
L000330,O00137,C0084,Customer 0084,West,Business,customer84@example.com,2025-11-06,2025-11,Online,Completed,True,P013,Lamp 013,Lighting,271.00,3,271.00,0.00,0,,813.00,0.0000,813.0000,0.0000,813.0000,3,0,331,138,85,14
L000331,O00137,C0084,Customer 0084,West,Business,customer84@example.com,2025-11-06,2025-11,Online,Completed,True,P009,Lamp 009,Lighting,93.00,1,93.00,0.05,0,,93.00,4.6500,88.3500,0.0000,88.3500,1,0,332,138,85,10
L000332,O00137,C0084,Customer 0084,West,Business,customer84@example.com,2025-11-06,2025-11,Online,Completed,True,P004,Desk 004,Furniture,123.00,1,123.00,0.20,0,,123.00,24.6000,98.4000,0.0000,98.4000,1,0,333,138,85,5
L000333,O00138,C0270,Customer 0270,East,Business,customer270@example.com,2025-09-05,2025-09,Store,Completed,True,P014,Chair 014,Furniture,294.00,3,294.00,0.05,0,,882.00,44.1000,837.9000,0.0000,837.9000,3,0,334,139,271,15
L000334,O00138,C0270,Customer 0270,East,Business,customer270@example.com,2025-09-05,2025-09,Store,Completed,True,P003,Shelf 003,Storage,199.00,1,199.00,0.10,0,,199.00,19.9000,179.1000,0.0000,179.1000,1,0,335,139,271,4
L000335,O00138,C0270,Customer 0270,East,Business,customer270@example.com,2025-09-05,2025-09,Store,Completed,True,P007,Shelf 007,Storage,35.00,3,35.00,0.10,0,,105.00,10.5000,94.5000,0.0000,94.5000,3,0,336,139,271,8
L000336,O00138,C0270,Customer 0270,East,Business,customer270@example.com,2025-09-05,2025-09,Store,Completed,True,P014,Chair 014,Furniture,294.00,1,294.00,0.00,0,,294.00,0.0000,294.0000,0.0000,294.0000,1,0,337,139,271,15
L000337,O00139,C0162,Customer 0162,South,Consumer,customer162@example.com,2025-11-26,2025-11,Store,Completed,True,P006,Chair 006,Furniture,196.00,5,196.00,0.20,0,,980.00,196.0000,784.0000,0.0000,784.0000,5,0,338,140,163,7
L000338,O00139,C0162,Customer 0162,South,Consumer,customer162@example.com,2025-11-26,2025-11,Store,Completed,True,P012,Desk 012,Furniture,134.00,4,134.00,0.00,0,,536.00,0.0000,536.0000,0.0000,536.0000,4,0,339,140,163,13
L000339,O00139,C0162,Customer 0162,South,Consumer,customer162@example.com,2025-11-26,2025-11,Store,Completed,True,P016,Desk 016,Furniture,231.00,4,231.00,0.20,1,2025-11-27,924.00,184.8000,739.2000,369.6000,369.6000,4,2,340,140,163,17
L000340,O00139,C0162,Customer 0162,South,Consumer,customer162@example.com,2025-11-26,2025-11,Store,Completed,True,P009,Lamp 009,Lighting,93.00,5,93.00,0.20,0,,465.00,93.0000,372.0000,0.0000,372.0000,5,0,341,140,163,10
L000341,O00140,C0081,Customer 0081,North,Consumer,customer81@example.com,2025-08-11,2025-08,Online,Completed,True,P003,Shelf 003,Storage,199.00,5,199.00,0.20,0,,995.00,199.0000,796.0000,0.0000,796.0000,5,0,342,141,82,4
L000342,O00141,C0215,Customer 0215,North,Consumer,customer215@example.com,2025-01-12,2025-01,Online,Completed,True,P012,Desk 012,Furniture,134.00,1,134.00,0.2,0,,134.00,26.800,107.200,0.000,107.200,1,0,343,142,216,13
L000343,O00142,C0253,Customer 0253,North,Consumer,customer253@example.com,2025-03-14,2025-03,Online,Completed,True,P005,Lamp 005,Lighting,65.00,2,65.00,0.20,0,,130.00,26.0000,104.0000,0.0000,104.0000,2,0,344,143,254,6
L000344,O00142,C0253,Customer 0253,North,Consumer,customer253@example.com,2025-03-14,2025-03,Online,Completed,True,P011,Shelf 011,Storage,80.00,3,80.00,0.05,0,,240.00,12.0000,228.0000,0.0000,228.0000,3,0,345,143,254,12
L000345,O00142,C0253,Customer 0253,North,Consumer,customer253@example.com,2025-03-14,2025-03,Online,Completed,True,P003,Shelf 003,Storage,199.00,5,199.00,0.10,0,,995.00,99.5000,895.5000,0.0000,895.5000,5,0,346,143,254,4
L000346,O00142,C0253,Customer 0253,North,Consumer,customer253@example.com,2025-03-14,2025-03,Online,Completed,True,P022,Chair 022,Furniture,134.00,1,134.00,0.05,0,,134.00,6.7000,127.3000,0.0000,127.3000,1,0,347,143,254,23
L000347,O00143,C0159,Customer 0159,West,Business,customer159@example.com,2025-01-11,2025-01,Store,Cancelled,False,P018,Chair 018,Furniture,269.00,3,269.00,0.05,0,,807.00,40.3500,766.6500,0.0000,766.6500,3,0,348,144,160,19
L000348,O00143,C0159,Customer 0159,West,Business,customer159@example.com,2025-01-11,2025-01,Store,Cancelled,False,P010,Chair 010,Furniture,211.00,4,211.00,0.00,0,,844.00,0.0000,844.0000,0.0000,844.0000,4,0,349,144,160,11
L000349,O00144,C0185,Customer 0185,North,Consumer,customer185@example.com,2025-08-18,2025-08,Online,Completed,True,P022,Chair 022,Furniture,134.00,5,134.00,0.05,1,2025-08-24,670.00,33.5000,636.5000,509.2000,127.3000,5,4,350,145,186,23
L000350,O00144,C0185,Customer 0185,North,Consumer,customer185@example.com,2025-08-18,2025-08,Online,Completed,True,P016,Desk 016,Furniture,231.00,4,231.00,0.00,0,,924.00,0.0000,924.0000,0.0000,924.0000,4,0,351,145,186,17
L000351,O00144,C0185,Customer 0185,North,Consumer,customer185@example.com,2025-08-18,2025-08,Online,Completed,True,P010,Chair 010,Furniture,211.00,3,211.00,0.00,0,,633.00,0.0000,633.0000,0.0000,633.0000,3,0,352,145,186,11
L000352,O00145,C0268,Customer 0268,North,Consumer,customer268@example.com,2025-03-17,2025-03,Store,Completed,True,P009,Lamp 009,Lighting,93.00,1,93.00,0.05,0,,93.00,4.6500,88.3500,0.0000,88.3500,1,0,353,146,269,10
L000353,O00145,C0268,Customer 0268,North,Consumer,customer268@example.com,2025-03-17,2025-03,Store,Completed,True,P012,Desk 012,Furniture,134.00,1,134.00,0.05,0,,134.00,6.7000,127.3000,0.0000,127.3000,1,0,354,146,269,13
L000354,O00145,C0268,Customer 0268,North,Consumer,customer268@example.com,2025-03-17,2025-03,Store,Completed,True,P016,Desk 016,Furniture,231.00,3,231.00,0.20,0,,693.00,138.6000,554.4000,0.0000,554.4000,3,0,355,146,269,17
L000355,O00145,C0268,Customer 0268,North,Consumer,customer268@example.com,2025-03-17,2025-03,Store,Completed,True,P006,Chair 006,Furniture,196.00,2,196.00,0.20,0,,392.00,78.4000,313.6000,0.0000,313.6000,2,0,356,146,269,7
L000356,O00146,C0258,Customer 0258,South,Business,customer258@example.com,2025-03-05,2025-03,Store,Completed,True,P010,Chair 010,Furniture,211.00,1,211.00,0.20,0,,211.00,42.2000,168.8000,0.0000,168.8000,1,0,357,147,259,11
L000357,O00146,C0258,Customer 0258,South,Business,customer258@example.com,2025-03-05,2025-03,Store,Completed,True,P002,Chair 002,Furniture,284.00,1,284.00,0.20,0,,284.00,56.8000,227.2000,0.0000,227.2000,1,0,358,147,259,3
L000358,O00146,C0258,Customer 0258,South,Business,customer258@example.com,2025-03-05,2025-03,Store,Completed,True,P002,Chair 002,Furniture,284.00,1,284.00,0.00,0,,284.00,0.0000,284.0000,0.0000,284.0000,1,0,359,147,259,3
L000359,O00147,C0147,Customer 0147,East,Business,customer147@example.com,2025-03-23,2025-03,Store,Cancelled,False,P019,Shelf 019,Storage,78.00,2,78.00,0.05,0,,156.00,7.8000,148.2000,0.0000,148.2000,2,0,360,148,148,20
L000360,O00147,C0147,Customer 0147,East,Business,customer147@example.com,2025-03-23,2025-03,Store,Cancelled,False,P002,Chair 002,Furniture,284.00,4,284.00,0.20,0,,1136.00,227.2000,908.8000,0.0000,908.8000,4,0,361,148,148,3
L000361,O00147,C0147,Customer 0147,East,Business,customer147@example.com,2025-03-23,2025-03,Store,Cancelled,False,P014,Chair 014,Furniture,294.00,1,294.00,0.10,0,,294.00,29.4000,264.6000,0.0000,264.6000,1,0,362,148,148,15
L000362,O00148,C0178,Customer 0178,East,Consumer,customer178@example.com,2025-10-05,2025-10,Store,Completed,True,P013,Lamp 013,Lighting,271.00,5,271.00,0.20,0,,1355.00,271.0000,1084.0000,0.0000,1084.0000,5,0,363,149,179,14
L000363,O00148,C0178,Customer 0178,East,Consumer,customer178@example.com,2025-10-05,2025-10,Store,Completed,True,P002,Chair 002,Furniture,284.00,5,284.00,0.00,0,,1420.00,0.0000,1420.0000,0.0000,1420.0000,5,0,364,149,179,3
L000364,O00148,C0178,Customer 0178,East,Consumer,customer178@example.com,2025-10-05,2025-10,Store,Completed,True,P012,Desk 012,Furniture,134.00,5,134.00,0.20,0,,670.00,134.0000,536.0000,0.0000,536.0000,5,0,365,149,179,13
L000365,O00149,C0058,Customer 0058,North,Consumer,customer58@example.com,2025-09-14,2025-09,Store,Completed,True,P014,Chair 014,Furniture,294.00,2,294.00,0.00,0,,588.00,0.0000,588.0000,0.0000,588.0000,2,0,366,150,59,15
L000366,O00149,C0058,Customer 0058,North,Consumer,customer58@example.com,2025-09-14,2025-09,Store,Completed,True,P001,Lamp 001,Lighting,122.00,2,122.00,0.00,0,,244.00,0.0000,244.0000,0.0000,244.0000,2,0,367,150,59,2
L000367,O00149,C0058,Customer 0058,North,Consumer,customer58@example.com,2025-09-14,2025-09,Store,Completed,True,P015,Shelf 015,Storage,254.00,5,254.00,0.00,0,,1270.00,0.0000,1270.0000,0.0000,1270.0000,5,0,368,150,59,16
L000368,O00149,C0058,Customer 0058,North,Consumer,customer58@example.com,2025-09-14,2025-09,Store,Completed,True,P006,Chair 006,Furniture,196.00,1,196.00,0.00,0,,196.00,0.0000,196.0000,0.0000,196.0000,1,0,369,150,59,7
L000369,O00150,C0293,Customer 0293,North,Business,customer293@example.com,2025-10-26,2025-10,Online,Completed,True,P021,Lamp 021,Lighting,249.00,1,249.00,0.00,0,,249.00,0.0000,249.0000,0.0000,249.0000,1,0,370,151,294,22
L000370,O00150,C0293,Customer 0293,North,Business,customer293@example.com,2025-10-26,2025-10,Online,Completed,True,P015,Shelf 015,Storage,254.00,1,254.00,0.20,0,,254.00,50.8000,203.2000,0.0000,203.2000,1,0,371,151,294,16
L000371,O00150,C0293,Customer 0293,North,Business,customer293@example.com,2025-10-26,2025-10,Online,Completed,True,P014,Chair 014,Furniture,294.00,4,294.00,0.00,1,2025-11-19,1176.00,0.0000,1176.0000,588.0000,588.0000,4,2,372,151,294,15
L000372,O00151,C0031,Customer 0031,South,Consumer,customer31@example.com,2025-04-16,2025-04,Store,Completed,True,P016,Desk 016,Furniture,231.00,2,231.00,0.00,0,,462.00,0.0000,462.0000,0.0000,462.0000,2,0,373,152,32,17
L000373,O00152,C0280,Customer 0280,North,Business,customer280@example.com,2025-07-11,2025-07,Store,Completed,True,P020,Desk 020,Furniture,189.00,3,189.00,0.1,0,,567.00,56.700,510.300,0.000,510.300,3,0,374,153,281,21
L000374,O00153,C0087,Customer 0087,North,Business,customer87@example.com,2025-01-01,2025-01,Online,Completed,True,P007,Shelf 007,Storage,35.00,3,35.00,0.10,0,,105.00,10.5000,94.5000,0.0000,94.5000,3,0,375,154,88,8
L000375,O00153,C0087,Customer 0087,North,Business,customer87@example.com,2025-01-01,2025-01,Online,Completed,True,P014,Chair 014,Furniture,294.00,4,294.00,0.05,0,,1176.00,58.8000,1117.2000,0.0000,1117.2000,4,0,376,154,88,15
L000376,O00153,C0087,Customer 0087,North,Business,customer87@example.com,2025-01-01,2025-01,Online,Completed,True,P015,Shelf 015,Storage,254.00,3,254.00,0.05,0,,762.00,38.1000,723.9000,0.0000,723.9000,3,0,377,154,88,16
L000377,O00154,C0047,Customer 0047,West,Consumer,customer47@example.com,2025-04-14,2025-04,Online,Completed,True,P001,Lamp 001,Lighting,122.00,2,122.00,0.00,0,,244.00,0.0000,244.0000,0.0000,244.0000,2,0,378,155,48,2
L000378,O00155,C0162,Customer 0162,South,Consumer,customer162@example.com,2025-10-29,2025-10,Online,Completed,True,P001,Lamp 001,Lighting,122.00,3,122.00,0.05,0,,366.00,18.3000,347.7000,0.0000,347.7000,3,0,379,156,163,2
L000379,O00156,C0029,Customer 0029,East,Consumer,customer29@example.com,2025-10-16,2025-10,Online,Completed,True,P002,Chair 002,Furniture,284.00,1,284.00,0.00,0,,284.00,0.0000,284.0000,0.0000,284.0000,1,0,380,157,30,3
L000380,O00157,C0126,Customer 0126,South,Business,customer126@example.com,2025-07-10,2025-07,Online,Completed,True,P002,Chair 002,Furniture,284.00,4,284.00,0.20,0,,1136.00,227.2000,908.8000,0.0000,908.8000,4,0,381,158,127,3
L000381,O00157,C0126,Customer 0126,South,Business,customer126@example.com,2025-07-10,2025-07,Online,Completed,True,P013,Lamp 013,Lighting,271.00,1,271.00,0.20,0,,271.00,54.2000,216.8000,0.0000,216.8000,1,0,382,158,127,14
L000382,O00157,C0126,Customer 0126,South,Business,customer126@example.com,2025-07-10,2025-07,Online,Completed,True,P003,Shelf 003,Storage,199.00,1,199.00,0.10,0,,199.00,19.9000,179.1000,0.0000,179.1000,1,0,383,158,127,4
L000383,O00158,C0092,Customer 0092,East,Consumer,customer92@example.com,2025-02-26,2025-02,Store,Completed,True,P001,Lamp 001,Lighting,122.00,4,122.00,0.20,0,,488.00,97.6000,390.4000,0.0000,390.4000,4,0,384,159,93,2
L000384,O00158,C0092,Customer 0092,East,Consumer,customer92@example.com,2025-02-26,2025-02,Store,Completed,True,P007,Shelf 007,Storage,35.00,5,35.00,0.05,0,,175.00,8.7500,166.2500,0.0000,166.2500,5,0,385,159,93,8
L000385,O00159,C0089,Customer 0089,South,Business,customer89@example.com,2025-01-05,2025-01,Store,Completed,True,P017,Lamp 017,Lighting,300.00,4,300.00,0.05,0,,1200.00,60.0000,1140.0000,0.0000,1140.0000,4,0,386,160,90,18
L000386,O00160,C0192,Customer 0192,South,Business,customer192@example.com,2025-10-07,2025-10,Store,Completed,True,P007,Shelf 007,Storage,35.00,4,35.00,0.20,0,,140.00,28.0000,112.0000,0.0000,112.0000,4,0,387,161,193,8
L000387,O00161,C0078,Customer 0078,West,Consumer,customer78@example.com,2025-08-07,2025-08,Online,Completed,True,P009,Lamp 009,Lighting,93.00,3,93.00,0.10,0,,279.00,27.9000,251.1000,0.0000,251.1000,3,0,388,162,79,10
L000388,O00161,C0078,Customer 0078,West,Consumer,customer78@example.com,2025-08-07,2025-08,Online,Completed,True,P003,Shelf 003,Storage,199.00,5,199.00,0.00,0,,995.00,0.0000,995.0000,0.0000,995.0000,5,0,389,162,79,4
L000389,O00161,C0078,Customer 0078,West,Consumer,customer78@example.com,2025-08-07,2025-08,Online,Completed,True,P016,Desk 016,Furniture,231.00,5,231.00,0.00,0,,1155.00,0.0000,1155.0000,0.0000,1155.0000,5,0,390,162,79,17
L000390,O00162,C0245,Customer 0245,North,Consumer,customer245@example.com,2025-05-31,2025-05,Online,Completed,True,P022,Chair 022,Furniture,134.00,5,134.00,0.05,0,,670.00,33.5000,636.5000,0.0000,636.5000,5,0,391,163,246,23
L000391,O00162,C0245,Customer 0245,North,Consumer,customer245@example.com,2025-05-31,2025-05,Online,Completed,True,P012,Desk 012,Furniture,134.00,2,134.00,0.10,1,2025-06-24,268.00,26.8000,241.2000,120.6000,120.6000,2,1,392,163,246,13
L000392,O00163,C0288,Customer 0288,East,Consumer,customer288@example.com,2025-09-12,2025-09,Store,Completed,True,P018,Chair 018,Furniture,269.00,3,269.00,0.20,0,,807.00,161.4000,645.6000,0.0000,645.6000,3,0,393,164,289,19
L000393,O00163,C0288,Customer 0288,East,Consumer,customer288@example.com,2025-09-12,2025-09,Store,Completed,True,P012,Desk 012,Furniture,134.00,2,134.00,0.20,0,,268.00,53.6000,214.4000,0.0000,214.4000,2,0,394,164,289,13
L000394,O00163,C0288,Customer 0288,East,Consumer,customer288@example.com,2025-09-12,2025-09,Store,Completed,True,P015,Shelf 015,Storage,254.00,4,254.00,0.20,0,,1016.00,203.2000,812.8000,0.0000,812.8000,4,0,395,164,289,16
L000395,O00164,C0088,Customer 0088,West,Business,customer88@example.com,2025-10-09,2025-10,Online,Completed,True,P017,Lamp 017,Lighting,300.00,3,300.00,0.00,0,,900.00,0.0000,900.0000,0.0000,900.0000,3,0,396,165,89,18
L000396,O00165,C0046,Customer 0046,West,Consumer,customer46@example.com,2025-08-07,2025-08,Store,Completed,True,P013,Lamp 013,Lighting,271.00,5,271.00,0.10,0,,1355.00,135.5000,1219.5000,0.0000,1219.5000,5,0,397,166,47,14
L000397,O00165,C0046,Customer 0046,West,Consumer,customer46@example.com,2025-08-07,2025-08,Store,Completed,True,P010,Chair 010,Furniture,211.00,3,211.00,0.20,0,,633.00,126.6000,506.4000,0.0000,506.4000,3,0,398,166,47,11
L000398,O00165,C0046,Customer 0046,West,Consumer,customer46@example.com,2025-08-07,2025-08,Store,Completed,True,P023,Shelf 023,Storage,68.00,4,68.00,0.00,0,,272.00,0.0000,272.0000,0.0000,272.0000,4,0,399,166,47,24
L000399,O00166,C0285,Customer 0285,East,Consumer,customer285@example.com,2025-12-09,2025-12,Store,Completed,True,P016,Desk 016,Furniture,231.00,1,231.00,0.20,0,,231.00,46.2000,184.8000,0.0000,184.8000,1,0,400,167,286,17
L000400,O00166,C0285,Customer 0285,East,Consumer,customer285@example.com,2025-12-09,2025-12,Store,Completed,True,P007,Shelf 007,Storage,35.00,1,35.00,0.10,0,,35.00,3.5000,31.5000,0.0000,31.5000,1,0,401,167,286,8
L000401,O00167,C0019,Customer 0019,North,Business,customer19@example.com,2025-07-11,2025-07,Online,Completed,True,P021,Lamp 021,Lighting,249.00,3,249.00,0.10,0,,747.00,74.7000,672.3000,0.0000,672.3000,3,0,402,168,20,22
L000402,O00167,C0019,Customer 0019,North,Business,customer19@example.com,2025-07-11,2025-07,Online,Completed,True,P010,Chair 010,Furniture,211.00,2,211.00,0.00,0,,422.00,0.0000,422.0000,0.0000,422.0000,2,0,403,168,20,11
L000403,O00167,C0019,Customer 0019,North,Business,customer19@example.com,2025-07-11,2025-07,Online,Completed,True,P008,Desk 008,Furniture,188.00,4,188.00,0.00,0,,752.00,0.0000,752.0000,0.0000,752.0000,4,0,404,168,20,9
L000404,O00167,C0019,Customer 0019,North,Business,customer19@example.com,2025-07-11,2025-07,Online,Completed,True,P003,Shelf 003,Storage,199.00,4,199.00,0,0,,796.00,0.00,796.00,0.00,796.00,4,0,405,168,20,4
L000405,O00168,C0293,Customer 0293,North,Business,customer293@example.com,2025-07-25,2025-07,Store,Completed,True,P024,Desk 024,Furniture,81.00,2,81.00,0.20,0,,162.00,32.4000,129.6000,0.0000,129.6000,2,0,406,169,294,25
L000406,O00169,C0060,Customer 0060,South,Business,customer60@example.com,2025-12-30,2025-12,Store,Completed,True,P016,Desk 016,Furniture,231.00,5,231.00,0.00,0,,1155.00,0.0000,1155.0000,0.0000,1155.0000,5,0,407,170,61,17
L000407,O00170,C0280,Customer 0280,North,Business,customer280@example.com,2025-04-30,2025-04,Online,Completed,True,P012,Desk 012,Furniture,134.00,3,134.00,0.05,0,,402.00,20.1000,381.9000,0.0000,381.9000,3,0,408,171,281,13
L000408,O00171,C0208,Customer 0208,East,Business,customer208@example.com,2025-02-24,2025-02,Online,Completed,True,P005,Lamp 005,Lighting,65.00,3,65.00,0.10,0,,195.00,19.5000,175.5000,0.0000,175.5000,3,0,409,172,209,6
L000409,O00171,C0208,Customer 0208,East,Business,customer208@example.com,2025-02-24,2025-02,Online,Completed,True,P018,Chair 018,Furniture,269.00,2,269.00,0.00,0,,538.00,0.0000,538.0000,0.0000,538.0000,2,0,410,172,209,19
L000410,O00172,C0242,Customer 0242,South,Business,customer242@example.com,2025-12-12,2025-12,Online,Completed,True,P022,Chair 022,Furniture,134.00,5,134.00,0.20,0,,670.00,134.0000,536.0000,0.0000,536.0000,5,0,411,173,243,23
L000411,O00173,C0188,Customer 0188,South,Business,,2025-11-28,2025-11,Store,Completed,True,P014,Chair 014,Furniture,294.00,1,294.00,0.20,0,,294.00,58.8000,235.2000,0.0000,235.2000,1,0,412,174,189,15
L000412,O00174,C0244,Customer 0244,South,Consumer,customer244@example.com,2025-08-17,2025-08,Store,Completed,True,P017,Lamp 017,Lighting,300.00,5,300.00,0.05,0,,1500.00,75.0000,1425.0000,0.0000,1425.0000,5,0,413,175,245,18
L000413,O00174,C0244,Customer 0244,South,Consumer,customer244@example.com,2025-08-17,2025-08,Store,Completed,True,P019,Shelf 019,Storage,78.00,5,78.00,0.05,0,,390.00,19.5000,370.5000,0.0000,370.5000,5,0,414,175,245,20
L000414,O00175,C0181,Customer 0181,West,Business,customer181@example.com,2025-11-30,2025-11,Online,Completed,True,P022,Chair 022,Furniture,134.00,3,134.00,0.10,0,,402.00,40.2000,361.8000,0.0000,361.8000,3,0,415,176,182,23
L000415,O00175,C0181,Customer 0181,West,Business,customer181@example.com,2025-11-30,2025-11,Online,Completed,True,P007,Shelf 007,Storage,35.00,1,35.00,0.05,0,,35.00,1.7500,33.2500,0.0000,33.2500,1,0,416,176,182,8
L000416,O00176,C0105,Customer 0105,South,Business,customer105@example.com,2025-09-28,2025-09,Online,Completed,True,P021,Lamp 021,Lighting,249.00,2,249.00,0.00,0,,498.00,0.0000,498.0000,0.0000,498.0000,2,0,417,177,106,22
L000417,O00177,C0236,Customer 0236,West,Business,customer236@example.com,2025-01-05,2025-01,Store,Completed,True,P017,Lamp 017,Lighting,300.00,2,300.00,0.05,0,,600.00,30.0000,570.0000,0.0000,570.0000,2,0,418,178,237,18
L000418,O00177,C0236,Customer 0236,West,Business,customer236@example.com,2025-01-05,2025-01,Store,Completed,True,P006,Chair 006,Furniture,196.00,4,196.00,0.10,0,,784.00,78.4000,705.6000,0.0000,705.6000,4,0,419,178,237,7
L000419,O00177,C0236,Customer 0236,West,Business,customer236@example.com,2025-01-05,2025-01,Store,Completed,True,P003,Shelf 003,Storage,199.00,1,199.00,0.20,0,,199.00,39.8000,159.2000,0.0000,159.2000,1,0,420,178,237,4
L000420,O00178,C0165,Customer 0165,West,Consumer,customer165@example.com,2025-07-09,2025-07,Online,Completed,True,P003,Shelf 003,Storage,199.00,4,199.00,0.20,0,,796.00,159.2000,636.8000,0.0000,636.8000,4,0,421,179,166,4
L000421,O00178,C0165,Customer 0165,West,Consumer,customer165@example.com,2025-07-09,2025-07,Online,Completed,True,P019,Shelf 019,Storage,78.00,3,78.00,0.10,0,,234.00,23.4000,210.6000,0.0000,210.6000,3,0,422,179,166,20
L000422,O00178,C0165,Customer 0165,West,Consumer,customer165@example.com,2025-07-09,2025-07,Online,Completed,True,P004,Desk 004,Furniture,123.00,1,123.00,0.05,0,,123.00,6.1500,116.8500,0.0000,116.8500,1,0,423,179,166,5
L000423,O00178,C0165,Customer 0165,West,Consumer,customer165@example.com,2025-07-09,2025-07,Online,Completed,True,P015,Shelf 015,Storage,254.00,5,254.00,0.00,0,,1270.00,0.0000,1270.0000,0.0000,1270.0000,5,0,424,179,166,16
L000424,O00179,C0096,Customer 0096,North,Consumer,customer96@example.com,2025-06-18,2025-06,Store,Completed,True,P008,Desk 008,Furniture,188.00,5,188.00,0.00,0,,940.00,0.0000,940.0000,0.0000,940.0000,5,0,425,180,97,9
L000425,O00179,C0096,Customer 0096,North,Consumer,customer96@example.com,2025-06-18,2025-06,Store,Completed,True,P019,Shelf 019,Storage,78.00,3,78.00,0.00,0,,234.00,0.0000,234.0000,0.0000,234.0000,3,0,426,180,97,20
L000426,O00179,C0096,Customer 0096,North,Consumer,customer96@example.com,2025-06-18,2025-06,Store,Completed,True,P022,Chair 022,Furniture,134.00,5,134.00,0.05,0,,670.00,33.5000,636.5000,0.0000,636.5000,5,0,427,180,97,23
L000427,O00180,C0290,Customer 0290,South,Business,,2025-11-13,2025-11,Online,Completed,True,P003,Shelf 003,Storage,199.00,4,199.00,0.20,0,,796.00,159.2000,636.8000,0.0000,636.8000,4,0,428,181,291,4
L000428,O00180,C0290,Customer 0290,South,Business,,2025-11-13,2025-11,Online,Completed,True,P019,Shelf 019,Storage,78.00,1,78.00,0.00,0,,78.00,0.0000,78.0000,0.0000,78.0000,1,0,429,181,291,20
L000429,O00181,C0146,Customer 0146,South,Consumer,customer146@example.com,2025-01-23,2025-01,Online,Completed,True,P021,Lamp 021,Lighting,249.00,4,249.00,0.20,0,,996.00,199.2000,796.8000,0.0000,796.8000,4,0,430,182,147,22
L000430,O00181,C0146,Customer 0146,South,Consumer,customer146@example.com,2025-01-23,2025-01,Online,Completed,True,P022,Chair 022,Furniture,134.00,3,134.00,0.05,0,,402.00,20.1000,381.9000,0.0000,381.9000,3,0,431,182,147,23
L000431,O00181,C0146,Customer 0146,South,Consumer,customer146@example.com,2025-01-23,2025-01,Online,Completed,True,P014,Chair 014,Furniture,294.00,1,294.00,0.00,0,,294.00,0.0000,294.0000,0.0000,294.0000,1,0,432,182,147,15
L000432,O00181,C0146,Customer 0146,South,Consumer,customer146@example.com,2025-01-23,2025-01,Online,Completed,True,P016,Desk 016,Furniture,231.00,3,231.00,0.20,0,,693.00,138.6000,554.4000,0.0000,554.4000,3,0,433,182,147,17
L000433,O00182,C0283,Customer 0283,East,Business,customer283@example.com,2025-03-23,2025-03,Online,Cancelled,False,P021,Lamp 021,Lighting,249.00,3,249.00,0.10,0,,747.00,74.7000,672.3000,0.0000,672.3000,3,0,434,183,284,22
L000434,O00182,C0283,Customer 0283,East,Business,customer283@example.com,2025-03-23,2025-03,Online,Cancelled,False,P017,Lamp 017,Lighting,300.00,2,300.00,0.05,0,,600.00,30.0000,570.0000,0.0000,570.0000,2,0,435,183,284,18
L000435,O00182,C0283,Customer 0283,East,Business,customer283@example.com,2025-03-23,2025-03,Online,Cancelled,False,P010,Chair 010,Furniture,211.00,2,211.00,0.05,0,,422.00,21.1000,400.9000,0.0000,400.9000,2,0,436,183,284,11
L000436,O00182,C0283,Customer 0283,East,Business,customer283@example.com,2025-03-23,2025-03,Online,Cancelled,False,P017,Lamp 017,Lighting,300.00,1,300.00,0.00,0,,300.00,0.0000,300.0000,0.0000,300.0000,1,0,437,183,284,18
L000437,O00183,C0203,Customer 0203,South,Business,customer203@example.com,2025-02-21,2025-02,Store,Completed,True,P004,Desk 004,Furniture,123.00,1,123.00,0.05,0,,123.00,6.1500,116.8500,0.0000,116.8500,1,0,438,184,204,5
L000438,O00183,C0203,Customer 0203,South,Business,customer203@example.com,2025-02-21,2025-02,Store,Completed,True,P014,Chair 014,Furniture,294.00,2,294.00,0.10,0,,588.00,58.8000,529.2000,0.0000,529.2000,2,0,439,184,204,15
L000439,O00183,C0203,Customer 0203,South,Business,customer203@example.com,2025-02-21,2025-02,Store,Completed,True,P007,Shelf 007,Storage,35.00,3,35.00,0.10,0,,105.00,10.5000,94.5000,0.0000,94.5000,3,0,440,184,204,8
L000440,O00183,C0203,Customer 0203,South,Business,customer203@example.com,2025-02-21,2025-02,Store,Completed,True,P021,Lamp 021,Lighting,249.00,1,249.00,0.00,0,,249.00,0.0000,249.0000,0.0000,249.0000,1,0,441,184,204,22
L000441,O00184,C0082,Customer 0082,North,Business,customer82@example.com,2025-05-26,2025-05,Store,Cancelled,False,P021,Lamp 021,Lighting,249.00,1,249.00,0.10,0,,249.00,24.9000,224.1000,0.0000,224.1000,1,0,442,185,83,22
L000442,O00184,C0082,Customer 0082,North,Business,customer82@example.com,2025-05-26,2025-05,Store,Cancelled,False,P010,Chair 010,Furniture,211.00,2,211.00,0.10,0,,422.00,42.2000,379.8000,0.0000,379.8000,2,0,443,185,83,11
L000443,O00185,C0055,Customer 0055,East,Consumer,customer55@example.com,2025-07-13,2025-07,Online,Completed,True,P016,Desk 016,Furniture,231.00,3,231.00,0.10,0,,693.00,69.3000,623.7000,0.0000,623.7000,3,0,444,186,56,17
L000444,O00185,C0055,Customer 0055,East,Consumer,customer55@example.com,2025-07-13,2025-07,Online,Completed,True,P014,Chair 014,Furniture,294.00,5,294.00,0.20,0,,1470.00,294.0000,1176.0000,0.0000,1176.0000,5,0,445,186,56,15
L000445,O00185,C0055,Customer 0055,East,Consumer,customer55@example.com,2025-07-13,2025-07,Online,Completed,True,P006,Chair 006,Furniture,196.00,3,196.00,0.10,0,,588.00,58.8000,529.2000,0.0000,529.2000,3,0,446,186,56,7
L000446,O00185,C0055,Customer 0055,East,Consumer,customer55@example.com,2025-07-13,2025-07,Online,Completed,True,P015,Shelf 015,Storage,254.00,4,254.00,0.05,0,,1016.00,50.8000,965.2000,0.0000,965.2000,4,0,447,186,56,16
L000447,O00186,C0157,Customer 0157,West,Business,customer157@example.com,2025-04-30,2025-04,Store,Completed,True,P006,Chair 006,Furniture,196.00,5,196.00,0.00,0,,980.00,0.0000,980.0000,0.0000,980.0000,5,0,448,187,158,7
L000448,O00186,C0157,Customer 0157,West,Business,customer157@example.com,2025-04-30,2025-04,Store,Completed,True,P011,Shelf 011,Storage,80.00,4,80.00,0.20,0,,320.00,64.0000,256.0000,0.0000,256.0000,4,0,449,187,158,12
L000449,O00186,C0157,Customer 0157,West,Business,customer157@example.com,2025-04-30,2025-04,Store,Completed,True,P024,Desk 024,Furniture,81.00,4,81.00,0.05,0,,324.00,16.2000,307.8000,0.0000,307.8000,4,0,450,187,158,25
L000450,O00187,C0108,Customer 0108,East,Business,customer108@example.com,2025-01-23,2025-01,Store,Completed,True,P023,Shelf 023,Storage,68.00,3,68.00,0.10,0,,204.00,20.4000,183.6000,0.0000,183.6000,3,0,451,188,109,24
L000451,O00187,C0108,Customer 0108,East,Business,customer108@example.com,2025-01-23,2025-01,Store,Completed,True,P005,Lamp 005,Lighting,65.00,3,65.00,0.05,0,,195.00,9.7500,185.2500,0.0000,185.2500,3,0,452,188,109,6
L000452,O00187,C0108,Customer 0108,East,Business,customer108@example.com,2025-01-23,2025-01,Store,Completed,True,P024,Desk 024,Furniture,81.00,1,81.00,0.10,0,,81.00,8.1000,72.9000,0.0000,72.9000,1,0,453,188,109,25
L000453,O00188,C0287,Customer 0287,South,Consumer,customer287@example.com,2025-12-18,2025-12,Online,Completed,True,P013,Lamp 013,Lighting,271.00,3,271.00,0.10,0,,813.00,81.3000,731.7000,0.0000,731.7000,3,0,454,189,288,14
L000454,O00188,C0287,Customer 0287,South,Consumer,customer287@example.com,2025-12-18,2025-12,Online,Completed,True,P014,Chair 014,Furniture,294.00,4,294.00,0.05,0,,1176.00,58.8000,1117.2000,0.0000,1117.2000,4,0,455,189,288,15
L000455,O00189,C0294,Customer 0294,South,Consumer,customer294@example.com,2025-01-20,2025-01,Store,Completed,True,P023,Shelf 023,Storage,68.00,2,68.00,0.05,0,,136.00,6.8000,129.2000,0.0000,129.2000,2,0,456,190,295,24
L000456,O00189,C0294,Customer 0294,South,Consumer,customer294@example.com,2025-01-20,2025-01,Store,Completed,True,P006,Chair 006,Furniture,196.00,3,196.00,0.00,0,,588.00,0.0000,588.0000,0.0000,588.0000,3,0,457,190,295,7
L000457,O00189,C0294,Customer 0294,South,Consumer,customer294@example.com,2025-01-20,2025-01,Store,Completed,True,P023,Shelf 023,Storage,68.00,5,68.00,0.00,1,2025-02-14,340.00,0.0000,340.0000,340.0000,0.0000,5,5,458,190,295,24
L000458,O00190,C0016,Customer 0016,East,Consumer,customer16@example.com,2025-06-17,2025-06,Online,Completed,True,P020,Desk 020,Furniture,189.00,1,189.00,0.10,0,,189.00,18.9000,170.1000,0.0000,170.1000,1,0,459,191,17,21
L000459,O00190,C0016,Customer 0016,East,Consumer,customer16@example.com,2025-06-17,2025-06,Online,Completed,True,P001,Lamp 001,Lighting,122.00,1,122.00,0.10,0,,122.00,12.2000,109.8000,0.0000,109.8000,1,0,460,191,17,2
L000460,O00191,C0129,Customer 0129,North,Business,customer129@example.com,2025-01-20,2025-01,Store,Completed,True,P013,Lamp 013,Lighting,271.00,5,271.00,0.10,0,,1355.00,135.5000,1219.5000,0.0000,1219.5000,5,0,461,192,130,14
L000461,O00191,C0129,Customer 0129,North,Business,customer129@example.com,2025-01-20,2025-01,Store,Completed,True,P023,Shelf 023,Storage,68.00,2,68.00,0.10,0,,136.00,13.6000,122.4000,0.0000,122.4000,2,0,462,192,130,24
L000462,O00191,C0129,Customer 0129,North,Business,customer129@example.com,2025-01-20,2025-01,Store,Completed,True,P016,Desk 016,Furniture,231.00,5,231.00,0.05,0,,1155.00,57.7500,1097.2500,0.0000,1097.2500,5,0,463,192,130,17
L000463,O00192,C0013,Customer 0013,West,Business,customer13@example.com,2025-03-16,2025-03,Online,Completed,True,P010,Chair 010,Furniture,211.00,2,211.00,0.05,0,,422.00,21.1000,400.9000,0.0000,400.9000,2,0,464,193,14,11
L000464,O00193,C0181,Customer 0181,West,Business,customer181@example.com,2025-11-25,2025-11,Online,Completed,True,P001,Lamp 001,Lighting,122.00,5,122.00,0.10,1,2025-12-10,610.00,61.0000,549.0000,549.0000,0.0000,5,5,465,194,182,2
L000465,O00194,C0011,Customer 0011,North,Business,customer11@example.com,2025-08-11,2025-08,Online,Completed,True,P009,Lamp 009,Lighting,93.00,5,93.00,0.20,0,,465.00,93.0000,372.0000,0.0000,372.0000,5,0,466,195,12,10
L000466,O00194,C0011,Customer 0011,North,Business,customer11@example.com,2025-08-11,2025-08,Online,Completed,True,P016,Desk 016,Furniture,231.00,3,231.00,0,0,,693.00,0.00,693.00,0.00,693.00,3,0,467,195,12,17
L000467,O00195,C0030,Customer 0030,South,Business,customer30@example.com,2025-12-11,2025-12,Store,Completed,True,P015,Shelf 015,Storage,254.00,1,254.00,0.00,0,,254.00,0.0000,254.0000,0.0000,254.0000,1,0,468,196,31,16
L000468,O00195,C0030,Customer 0030,South,Business,customer30@example.com,2025-12-11,2025-12,Store,Completed,True,P024,Desk 024,Furniture,81.00,3,81.00,0.05,0,,243.00,12.1500,230.8500,0.0000,230.8500,3,0,469,196,31,25
L000469,O00195,C0030,Customer 0030,South,Business,customer30@example.com,2025-12-11,2025-12,Store,Completed,True,P015,Shelf 015,Storage,254.00,3,254.00,0.20,0,,762.00,152.4000,609.6000,0.0000,609.6000,3,0,470,196,31,16
L000470,O00196,C0074,Customer 0074,South,Business,customer74@example.com,2025-05-07,2025-05,Online,Completed,True,P009,Lamp 009,Lighting,93.00,1,93.00,0.10,0,,93.00,9.3000,83.7000,0.0000,83.7000,1,0,471,197,75,10
L000471,O00196,C0074,Customer 0074,South,Business,customer74@example.com,2025-05-07,2025-05,Online,Completed,True,P003,Shelf 003,Storage,199.00,2,199.00,0.00,0,,398.00,0.0000,398.0000,0.0000,398.0000,2,0,472,197,75,4
L000472,O00196,C0074,Customer 0074,South,Business,customer74@example.com,2025-05-07,2025-05,Online,Completed,True,P024,Desk 024,Furniture,81.00,1,81.00,0.05,0,,81.00,4.0500,76.9500,0.0000,76.9500,1,0,473,197,75,25
L000473,O00197,C0186,Customer 0186,North,Consumer,customer186@example.com,2025-01-14,2025-01,Store,Completed,True,P004,Desk 004,Furniture,123.00,4,123.00,0.05,0,,492.00,24.6000,467.4000,0.0000,467.4000,4,0,474,198,187,5
L000474,O00197,C0186,Customer 0186,North,Consumer,customer186@example.com,2025-01-14,2025-01,Store,Completed,True,P010,Chair 010,Furniture,211.00,2,211.00,0.05,0,,422.00,21.1000,400.9000,0.0000,400.9000,2,0,475,198,187,11
L000475,O00197,C0186,Customer 0186,North,Consumer,customer186@example.com,2025-01-14,2025-01,Store,Completed,True,P006,Chair 006,Furniture,196.00,2,196.00,0.00,0,,392.00,0.0000,392.0000,0.0000,392.0000,2,0,476,198,187,7
L000476,O00198,C0165,Customer 0165,West,Consumer,customer165@example.com,2025-08-05,2025-08,Store,Completed,True,P002,Chair 002,Furniture,284.00,2,284.00,0.00,0,,568.00,0.0000,568.0000,0.0000,568.0000,2,0,477,199,166,3
L000477,O00199,C0222,Customer 0222,East,Consumer,,2025-09-29,2025-09,Store,Completed,True,P002,Chair 002,Furniture,284.00,4,284.00,0.05,0,,1136.00,56.8000,1079.2000,0.0000,1079.2000,4,0,478,200,223,3
L000478,O00199,C0222,Customer 0222,East,Consumer,,2025-09-29,2025-09,Store,Completed,True,P002,Chair 002,Furniture,284.00,3,284.00,0.20,0,,852.00,170.4000,681.6000,0.0000,681.6000,3,0,479,200,223,3
L000479,O00199,C0222,Customer 0222,East,Consumer,,2025-09-29,2025-09,Store,Completed,True,P021,Lamp 021,Lighting,249.00,4,249.00,0.05,0,,996.00,49.8000,946.2000,0.0000,946.2000,4,0,480,200,223,22
L000480,O00200,C0001,Customer 0001,East,Business,,2025-04-01,2025-04,Online,Completed,True,P013,Lamp 013,Lighting,271.00,4,271.00,0.00,0,,1084.00,0.0000,1084.0000,0.0000,1084.0000,4,0,481,201,2,14
L000481,O00200,C0001,Customer 0001,East,Business,,2025-04-01,2025-04,Online,Completed,True,P012,Desk 012,Furniture,134.00,5,134.00,0.05,0,,670.00,33.5000,636.5000,0.0000,636.5000,5,0,482,201,2,13
L000482,O00201,C0278,Customer 0278,North,Consumer,customer278@example.com,2025-09-05,2025-09,Store,Completed,True,P012,Desk 012,Furniture,134.00,5,134.00,0.10,0,,670.00,67.0000,603.0000,0.0000,603.0000,5,0,483,202,279,13
L000483,O00201,C0278,Customer 0278,North,Consumer,customer278@example.com,2025-09-05,2025-09,Store,Completed,True,P024,Desk 024,Furniture,81.00,4,81.00,0.10,1,2025-09-24,324.00,32.4000,291.6000,145.8000,145.8000,4,2,484,202,279,25
L000484,O00201,C0278,Customer 0278,North,Consumer,customer278@example.com,2025-09-05,2025-09,Store,Completed,True,P011,Shelf 011,Storage,80.00,2,80.00,0.20,0,,160.00,32.0000,128.0000,0.0000,128.0000,2,0,485,202,279,12
L000485,O00201,C0278,Customer 0278,North,Consumer,customer278@example.com,2025-09-05,2025-09,Store,Completed,True,P018,Chair 018,Furniture,269.00,5,269.00,0.00,0,,1345.00,0.0000,1345.0000,0.0000,1345.0000,5,0,486,202,279,19
L000486,O00202,C0039,Customer 0039,North,Business,customer39@example.com,2025-09-03,2025-09,Online,Completed,True,P024,Desk 024,Furniture,81.00,3,81.00,0.10,0,,243.00,24.3000,218.7000,0.0000,218.7000,3,0,487,203,40,25
L000487,O00203,C0194,Customer 0194,North,Consumer,customer194@example.com,2025-10-31,2025-10,Store,Completed,True,P011,Shelf 011,Storage,80.00,4,80.00,0.10,0,,320.00,32.0000,288.0000,0.0000,288.0000,4,0,488,204,195,12
L000488,O00203,C0194,Customer 0194,North,Consumer,customer194@example.com,2025-10-31,2025-10,Store,Completed,True,P001,Lamp 001,Lighting,122.00,4,122.00,0.20,0,,488.00,97.6000,390.4000,0.0000,390.4000,4,0,489,204,195,2
L000489,O00204,C0147,Customer 0147,East,Business,customer147@example.com,2025-11-27,2025-11,Store,Completed,True,P021,Lamp 021,Lighting,249.00,4,249.00,0.00,0,,996.00,0.0000,996.0000,0.0000,996.0000,4,0,490,205,148,22
L000490,O00205,C0283,Customer 0283,East,Business,customer283@example.com,2025-04-14,2025-04,Store,Completed,True,P002,Chair 002,Furniture,284.00,2,284.00,0.20,0,,568.00,113.6000,454.4000,0.0000,454.4000,2,0,491,206,284,3
L000491,O00205,C0283,Customer 0283,East,Business,customer283@example.com,2025-04-14,2025-04,Store,Completed,True,P011,Shelf 011,Storage,80.00,4,80.00,0.20,0,,320.00,64.0000,256.0000,0.0000,256.0000,4,0,492,206,284,12
L000492,O00205,C0283,Customer 0283,East,Business,customer283@example.com,2025-04-14,2025-04,Store,Completed,True,P010,Chair 010,Furniture,211.00,2,211.00,0.10,0,,422.00,42.2000,379.8000,0.0000,379.8000,2,0,493,206,284,11
L000493,O00205,C0283,Customer 0283,East,Business,customer283@example.com,2025-04-14,2025-04,Store,Completed,True,P012,Desk 012,Furniture,134.00,3,134.00,0.10,0,,402.00,40.2000,361.8000,0.0000,361.8000,3,0,494,206,284,13
L000494,O00206,C0215,Customer 0215,North,Consumer,customer215@example.com,2025-01-09,2025-01,Store,Completed,True,P014,Chair 014,Furniture,294.00,2,294.00,0.10,1,2025-01-20,588.00,58.8000,529.2000,264.6000,264.6000,2,1,495,207,216,15
L000495,O00206,C0215,Customer 0215,North,Consumer,customer215@example.com,2025-01-09,2025-01,Store,Completed,True,P013,Lamp 013,Lighting,271.00,2,271.00,0.05,0,,542.00,27.1000,514.9000,0.0000,514.9000,2,0,496,207,216,14
L000496,O00207,C0220,Customer 0220,North,Business,customer220@example.com,2025-01-12,2025-01,Online,Cancelled,False,P018,Chair 018,Furniture,269.00,5,269.00,0.05,0,,1345.00,67.2500,1277.7500,0.0000,1277.7500,5,0,497,208,221,19
L000497,O00207,C0220,Customer 0220,North,Business,customer220@example.com,2025-01-12,2025-01,Online,Cancelled,False,P007,Shelf 007,Storage,35.00,4,35.00,0,0,,140.00,0.00,140.00,0.00,140.00,4,0,498,208,221,8
L000498,O00207,C0220,Customer 0220,North,Business,customer220@example.com,2025-01-12,2025-01,Online,Cancelled,False,P019,Shelf 019,Storage,78.00,1,78.00,0.00,0,,78.00,0.0000,78.0000,0.0000,78.0000,1,0,499,208,221,20
L000499,O00207,C0220,Customer 0220,North,Business,customer220@example.com,2025-01-12,2025-01,Online,Cancelled,False,P002,Chair 002,Furniture,284.00,5,284.00,0.00,0,,1420.00,0.0000,1420.0000,0.0000,1420.0000,5,0,500,208,221,3
L000500,O00208,C0028,Customer 0028,West,Consumer,customer28@example.com,2025-04-20,2025-04,Store,Completed,True,P013,Lamp 013,Lighting,271.00,3,271.00,0.05,0,,813.00,40.6500,772.3500,0.0000,772.3500,3,0,501,209,29,14
L000501,O00209,C0230,Customer 0230,East,Consumer,customer230@example.com,2025-04-14,2025-04,Online,Completed,True,P007,Shelf 007,Storage,35.00,5,35.00,0.20,0,,175.00,35.0000,140.0000,0.0000,140.0000,5,0,502,210,231,8
L000502,O00209,C0230,Customer 0230,East,Consumer,customer230@example.com,2025-04-14,2025-04,Online,Completed,True,P020,Desk 020,Furniture,189.00,3,189.00,0.00,0,,567.00,0.0000,567.0000,0.0000,567.0000,3,0,503,210,231,21
L000503,O00209,C0230,Customer 0230,East,Consumer,customer230@example.com,2025-04-14,2025-04,Online,Completed,True,P017,Lamp 017,Lighting,300.00,1,300.00,0.10,0,,300.00,30.0000,270.0000,0.0000,270.0000,1,0,504,210,231,18
L000504,O00209,C0230,Customer 0230,East,Consumer,customer230@example.com,2025-04-14,2025-04,Online,Completed,True,P004,Desk 004,Furniture,123.00,1,123.00,0.10,1,2025-05-02,123.00,12.3000,110.7000,110.7000,0.0000,1,1,505,210,231,5
L000505,O00210,C0233,Customer 0233,South,Business,customer233@example.com,2025-07-26,2025-07,Online,Completed,True,P020,Desk 020,Furniture,189.00,4,189.00,0.10,0,,756.00,75.6000,680.4000,0.0000,680.4000,4,0,506,211,234,21
L000506,O00211,C0056,Customer 0056,North,Consumer,customer56@example.com,2025-07-20,2025-07,Store,Completed,True,P019,Shelf 019,Storage,78.00,2,78.00,0.05,0,,156.00,7.8000,148.2000,0.0000,148.2000,2,0,507,212,57,20
L000507,O00211,C0056,Customer 0056,North,Consumer,customer56@example.com,2025-07-20,2025-07,Store,Completed,True,P002,Chair 002,Furniture,284.00,1,284.00,0.20,0,,284.00,56.8000,227.2000,0.0000,227.2000,1,0,508,212,57,3
L000508,O00211,C0056,Customer 0056,North,Consumer,customer56@example.com,2025-07-20,2025-07,Store,Completed,True,P017,Lamp 017,Lighting,300.00,2,300.00,0.00,0,,600.00,0.0000,600.0000,0.0000,600.0000,2,0,509,212,57,18
L000509,O00212,C0136,Customer 0136,West,Consumer,customer136@example.com,2025-12-05,2025-12,Online,Completed,True,P015,Shelf 015,Storage,254.00,1,254.00,0.00,0,,254.00,0.0000,254.0000,0.0000,254.0000,1,0,510,213,137,16
L000510,O00212,C0136,Customer 0136,West,Consumer,customer136@example.com,2025-12-05,2025-12,Online,Completed,True,P019,Shelf 019,Storage,78.00,2,78.00,0.00,0,,156.00,0.0000,156.0000,0.0000,156.0000,2,0,511,213,137,20
L000511,O00213,C0121,Customer 0121,West,Business,customer121@example.com,2025-02-02,2025-02,Online,Completed,True,P006,Chair 006,Furniture,196.00,2,196.00,0.10,0,,392.00,39.2000,352.8000,0.0000,352.8000,2,0,512,214,122,7
L000512,O00213,C0121,Customer 0121,West,Business,customer121@example.com,2025-02-02,2025-02,Online,Completed,True,P023,Shelf 023,Storage,68.00,5,68.00,0.10,0,,340.00,34.0000,306.0000,0.0000,306.0000,5,0,513,214,122,24
L000513,O00213,C0121,Customer 0121,West,Business,customer121@example.com,2025-02-02,2025-02,Online,Completed,True,P013,Lamp 013,Lighting,271.00,2,271.00,0.10,1,2025-02-09,542.00,54.2000,487.8000,487.8000,0.0000,2,2,514,214,122,14
L000514,O00214,C0202,Customer 0202,South,Business,customer202@example.com,2025-11-30,2025-11,Online,Completed,True,P010,Chair 010,Furniture,211.00,4,211.00,0.00,0,,844.00,0.0000,844.0000,0.0000,844.0000,4,0,515,215,203,11
L000515,O00214,C0202,Customer 0202,South,Business,customer202@example.com,2025-11-30,2025-11,Online,Completed,True,P023,Shelf 023,Storage,68.00,5,68.00,0.20,0,,340.00,68.0000,272.0000,0.0000,272.0000,5,0,516,215,203,24
L000516,O00215,C0190,Customer 0190,North,Business,customer190@example.com,2025-10-29,2025-10,Online,Completed,True,P012,Desk 012,Furniture,134.00,2,134.00,0.20,0,,268.00,53.6000,214.4000,0.0000,214.4000,2,0,517,216,191,13
L000517,O00215,C0190,Customer 0190,North,Business,customer190@example.com,2025-10-29,2025-10,Online,Completed,True,P011,Shelf 011,Storage,80.00,4,80.00,0.10,0,,320.00,32.0000,288.0000,0.0000,288.0000,4,0,518,216,191,12
L000518,O00216,C0290,Customer 0290,South,Business,,2025-11-08,2025-11,Online,Completed,True,P004,Desk 004,Furniture,123.00,3,123.00,0.05,0,,369.00,18.4500,350.5500,0.0000,350.5500,3,0,519,217,291,5
L000519,O00216,C0290,Customer 0290,South,Business,,2025-11-08,2025-11,Online,Completed,True,P023,Shelf 023,Storage,68.00,2,68.00,0.10,0,,136.00,13.6000,122.4000,0.0000,122.4000,2,0,520,217,291,24
L000520,O00216,C0290,Customer 0290,South,Business,,2025-11-08,2025-11,Online,Completed,True,P007,Shelf 007,Storage,35.00,4,35.00,0.10,0,,140.00,14.0000,126.0000,0.0000,126.0000,4,0,521,217,291,8
L000521,O00217,C0239,Customer 0239,South,Consumer,,2025-09-18,2025-09,Store,Completed,True,P006,Chair 006,Furniture,196.00,1,196.00,0.20,0,,196.00,39.2000,156.8000,0.0000,156.8000,1,0,522,218,240,7
L000522,O00217,C0239,Customer 0239,South,Consumer,,2025-09-18,2025-09,Store,Completed,True,P022,Chair 022,Furniture,134.00,1,134.00,0.00,1,2025-10-06,134.00,0.0000,134.0000,134.0000,0.0000,1,1,523,218,240,23
L000523,O00218,C0222,Customer 0222,East,Consumer,,2025-02-27,2025-02,Online,Completed,True,P008,Desk 008,Furniture,188.00,1,188.00,0.10,0,,188.00,18.8000,169.2000,0.0000,169.2000,1,0,524,219,223,9
L000524,O00218,C0222,Customer 0222,East,Consumer,,2025-02-27,2025-02,Online,Completed,True,P002,Chair 002,Furniture,284.00,5,284.00,0.05,0,,1420.00,71.0000,1349.0000,0.0000,1349.0000,5,0,525,219,223,3
L000525,O00218,C0222,Customer 0222,East,Consumer,,2025-02-27,2025-02,Online,Completed,True,P003,Shelf 003,Storage,199.00,5,199.00,0.20,0,,995.00,199.0000,796.0000,0.0000,796.0000,5,0,526,219,223,4
L000526,O00219,C0009,Customer 0009,South,Business,customer9@example.com,2025-11-26,2025-11,Store,Completed,True,P004,Desk 004,Furniture,123.00,4,123.00,0.00,0,,492.00,0.0000,492.0000,0.0000,492.0000,4,0,527,220,10,5
L000527,O00219,C0009,Customer 0009,South,Business,customer9@example.com,2025-11-26,2025-11,Store,Completed,True,P002,Chair 002,Furniture,284.00,5,284.00,0.10,0,,1420.00,142.0000,1278.0000,0.0000,1278.0000,5,0,528,220,10,3
L000528,O00220,C0034,Customer 0034,East,Consumer,customer34@example.com,2025-07-31,2025-07,Store,Completed,True,P018,Chair 018,Furniture,269.00,2,269.00,0.05,0,,538.00,26.9000,511.1000,0.0000,511.1000,2,0,529,221,35,19
L000529,O00220,C0034,Customer 0034,East,Consumer,customer34@example.com,2025-07-31,2025-07,Store,Completed,True,P016,Desk 016,Furniture,231.00,2,231.00,0.10,0,,462.00,46.2000,415.8000,0.0000,415.8000,2,0,530,221,35,17
L000530,O00221,C0123,Customer 0123,East,Consumer,customer123@example.com,2025-12-13,2025-12,Online,Completed,True,P008,Desk 008,Furniture,188.00,4,188.00,0.00,0,,752.00,0.0000,752.0000,0.0000,752.0000,4,0,531,222,124,9
L000531,O00221,C0123,Customer 0123,East,Consumer,customer123@example.com,2025-12-13,2025-12,Online,Completed,True,P022,Chair 022,Furniture,134.00,3,134.00,0.20,1,2026-01-10,402.00,80.4000,321.6000,107.2000,214.4000,3,1,532,222,124,23
L000532,O00221,C0123,Customer 0123,East,Consumer,customer123@example.com,2025-12-13,2025-12,Online,Completed,True,P002,Chair 002,Furniture,284.00,1,284.00,0.05,0,,284.00,14.2000,269.8000,0.0000,269.8000,1,0,533,222,124,3
L000533,O00222,C0289,Customer 0289,West,Business,customer289@example.com,2025-04-18,2025-04,Store,Completed,True,P001,Lamp 001,Lighting,122.00,5,122.00,0.20,0,,610.00,122.0000,488.0000,0.0000,488.0000,5,0,534,223,290,2
L000534,O00222,C0289,Customer 0289,West,Business,customer289@example.com,2025-04-18,2025-04,Store,Completed,True,P015,Shelf 015,Storage,254.00,3,254.00,0.10,0,,762.00,76.2000,685.8000,0.0000,685.8000,3,0,535,223,290,16
L000535,O00222,C0289,Customer 0289,West,Business,customer289@example.com,2025-04-18,2025-04,Store,Completed,True,P018,Chair 018,Furniture,269.00,1,269.00,0.00,0,,269.00,0.0000,269.0000,0.0000,269.0000,1,0,536,223,290,19
L000536,O00222,C0289,Customer 0289,West,Business,customer289@example.com,2025-04-18,2025-04,Store,Completed,True,P020,Desk 020,Furniture,189.00,3,189.00,0.20,0,,567.00,113.4000,453.6000,0.0000,453.6000,3,0,537,223,290,21
L000537,O00223,C0217,Customer 0217,South,Business,customer217@example.com,2025-12-19,2025-12,Store,Completed,True,P024,Desk 024,Furniture,81.00,5,81.00,0.00,0,,405.00,0.0000,405.0000,0.0000,405.0000,5,0,538,224,218,25
L000538,O00224,C0289,Customer 0289,West,Business,customer289@example.com,2025-04-17,2025-04,Online,Completed,True,P011,Shelf 011,Storage,80.00,3,80.00,0.10,0,,240.00,24.0000,216.0000,0.0000,216.0000,3,0,539,225,290,12
L000539,O00224,C0289,Customer 0289,West,Business,customer289@example.com,2025-04-17,2025-04,Online,Completed,True,P007,Shelf 007,Storage,35.00,3,35.00,0.05,0,,105.00,5.2500,99.7500,0.0000,99.7500,3,0,540,225,290,8
L000540,O00224,C0289,Customer 0289,West,Business,customer289@example.com,2025-04-17,2025-04,Online,Completed,True,P012,Desk 012,Furniture,134.00,2,134.00,0.00,0,,268.00,0.0000,268.0000,0.0000,268.0000,2,0,541,225,290,13
L000541,O00225,C0173,Customer 0173,West,Consumer,customer173@example.com,2025-03-27,2025-03,Online,Completed,True,P010,Chair 010,Furniture,211.00,3,211.00,0.10,0,,633.00,63.3000,569.7000,0.0000,569.7000,3,0,542,226,174,11
L000542,O00225,C0173,Customer 0173,West,Consumer,customer173@example.com,2025-03-27,2025-03,Online,Completed,True,P017,Lamp 017,Lighting,300.00,5,300.00,0.05,0,,1500.00,75.0000,1425.0000,0.0000,1425.0000,5,0,543,226,174,18
L000543,O00225,C0173,Customer 0173,West,Consumer,customer173@example.com,2025-03-27,2025-03,Online,Completed,True,P005,Lamp 005,Lighting,65.00,4,65.00,0.10,0,,260.00,26.0000,234.0000,0.0000,234.0000,4,0,544,226,174,6
L000544,O00225,C0173,Customer 0173,West,Consumer,customer173@example.com,2025-03-27,2025-03,Online,Completed,True,P014,Chair 014,Furniture,294.00,4,294.00,0.10,0,,1176.00,117.6000,1058.4000,0.0000,1058.4000,4,0,545,226,174,15
L000545,O00226,C0042,Customer 0042,South,Consumer,customer42@example.com,2025-03-20,2025-03,Store,Completed,True,P005,Lamp 005,Lighting,65.00,3,65.00,0.20,1,2025-03-22,195.00,39.0000,156.0000,156.0000,0.0000,3,3,546,227,43,6
L000546,O00226,C0042,Customer 0042,South,Consumer,customer42@example.com,2025-03-20,2025-03,Store,Completed,True,P020,Desk 020,Furniture,189.00,5,189.00,0.05,0,,945.00,47.2500,897.7500,0.0000,897.7500,5,0,547,227,43,21
L000547,O00227,C0240,Customer 0240,West,Business,customer240@example.com,2025-02-19,2025-02,Online,Completed,True,P007,Shelf 007,Storage,35.00,4,35.00,0.10,0,,140.00,14.0000,126.0000,0.0000,126.0000,4,0,548,228,241,8
L000548,O00228,C0222,Customer 0222,East,Consumer,,2025-05-03,2025-05,Store,Completed,True,P002,Chair 002,Furniture,284.00,2,284.00,0.10,0,,568.00,56.8000,511.2000,0.0000,511.2000,2,0,549,229,223,3
L000549,O00228,C0222,Customer 0222,East,Consumer,,2025-05-03,2025-05,Store,Completed,True,P012,Desk 012,Furniture,134.00,2,134.00,0.20,0,,268.00,53.6000,214.4000,0.0000,214.4000,2,0,550,229,223,13
L000550,O00228,C0222,Customer 0222,East,Consumer,,2025-05-03,2025-05,Store,Completed,True,P018,Chair 018,Furniture,269.00,4,269.00,0.05,0,,1076.00,53.8000,1022.2000,0.0000,1022.2000,4,0,551,229,223,19
L000551,O00228,C0222,Customer 0222,East,Consumer,,2025-05-03,2025-05,Store,Completed,True,P019,Shelf 019,Storage,78.00,4,78.00,0.20,0,,312.00,62.4000,249.6000,0.0000,249.6000,4,0,552,229,223,20
L000552,O00229,C0299,Customer 0299,North,Consumer,customer299@example.com,2025-07-19,2025-07,Store,Cancelled,False,P003,Shelf 003,Storage,199.00,3,199.00,0.00,0,,597.00,0.0000,597.0000,0.0000,597.0000,3,0,553,230,300,4
L000553,O00230,C0042,Customer 0042,South,Consumer,customer42@example.com,2025-03-04,2025-03,Online,Completed,True,P012,Desk 012,Furniture,134.00,3,134.00,0.20,0,,402.00,80.4000,321.6000,0.0000,321.6000,3,0,554,231,43,13
L000554,O00230,C0042,Customer 0042,South,Consumer,customer42@example.com,2025-03-04,2025-03,Online,Completed,True,P014,Chair 014,Furniture,294.00,4,294.00,0.00,0,,1176.00,0.0000,1176.0000,0.0000,1176.0000,4,0,555,231,43,15
L000555,O00231,C0116,Customer 0116,West,Business,customer116@example.com,2025-10-30,2025-10,Online,Completed,True,P001,Lamp 001,Lighting,122.00,1,122.00,0.05,0,,122.00,6.1000,115.9000,0.0000,115.9000,1,0,556,232,117,2
L000556,O00231,C0116,Customer 0116,West,Business,customer116@example.com,2025-10-30,2025-10,Online,Completed,True,P019,Shelf 019,Storage,78.00,3,78.00,0.00,0,,234.00,0.0000,234.0000,0.0000,234.0000,3,0,557,232,117,20
L000557,O00231,C0116,Customer 0116,West,Business,customer116@example.com,2025-10-30,2025-10,Online,Completed,True,P008,Desk 008,Furniture,188.00,1,188.00,0.05,0,,188.00,9.4000,178.6000,0.0000,178.6000,1,0,558,232,117,9
L000558,O00231,C0116,Customer 0116,West,Business,customer116@example.com,2025-10-30,2025-10,Online,Completed,True,P013,Lamp 013,Lighting,271.00,4,271.00,0.00,0,,1084.00,0.0000,1084.0000,0.0000,1084.0000,4,0,559,232,117,14
L000559,O00232,C0209,Customer 0209,West,Business,customer209@example.com,2025-09-03,2025-09,Store,Completed,True,P006,Chair 006,Furniture,196.00,2,196.00,0.2,0,,392.00,78.400,313.600,0.000,313.600,2,0,560,233,210,7
L000560,O00232,C0209,Customer 0209,West,Business,customer209@example.com,2025-09-03,2025-09,Store,Completed,True,P015,Shelf 015,Storage,254.00,2,254.00,0.00,1,2025-09-09,508.00,0.0000,508.0000,254.0000,254.0000,2,1,561,233,210,16
L000561,O00232,C0209,Customer 0209,West,Business,customer209@example.com,2025-09-03,2025-09,Store,Completed,True,P018,Chair 018,Furniture,269.00,2,269.00,0.00,0,,538.00,0.0000,538.0000,0.0000,538.0000,2,0,562,233,210,19
L000562,O00233,C0200,Customer 0200,West,Consumer,customer200@example.com,2025-05-17,2025-05,Online,Completed,True,P015,Shelf 015,Storage,254.00,3,254.00,0.20,0,,762.00,152.4000,609.6000,0.0000,609.6000,3,0,563,234,201,16
L000563,O00233,C0200,Customer 0200,West,Consumer,customer200@example.com,2025-05-17,2025-05,Online,Completed,True,P019,Shelf 019,Storage,78.00,4,78.00,0.20,1,2025-05-18,312.00,62.4000,249.6000,249.6000,0.0000,4,4,564,234,201,20
L000564,O00234,C0038,Customer 0038,South,Consumer,customer38@example.com,2025-07-04,2025-07,Online,Completed,True,P006,Chair 006,Furniture,196.00,3,196.00,0.10,0,,588.00,58.8000,529.2000,0.0000,529.2000,3,0,565,235,39,7
L000565,O00234,C0038,Customer 0038,South,Consumer,customer38@example.com,2025-07-04,2025-07,Online,Completed,True,P002,Chair 002,Furniture,284.00,3,284.00,0.20,0,,852.00,170.4000,681.6000,0.0000,681.6000,3,0,566,235,39,3
L000566,O00234,C0038,Customer 0038,South,Consumer,customer38@example.com,2025-07-04,2025-07,Online,Completed,True,P009,Lamp 009,Lighting,93.00,4,93.00,0.05,0,,372.00,18.6000,353.4000,0.0000,353.4000,4,0,567,235,39,10
L000567,O00234,C0038,Customer 0038,South,Consumer,customer38@example.com,2025-07-04,2025-07,Online,Completed,True,P004,Desk 004,Furniture,123.00,5,123.00,0.20,0,,615.00,123.0000,492.0000,0.0000,492.0000,5,0,568,235,39,5
L000568,O00235,C0142,Customer 0142,West,Business,customer142@example.com,2025-03-29,2025-03,Store,Completed,True,P011,Shelf 011,Storage,80.00,2,80.00,0.20,1,2025-04-18,160.00,32.0000,128.0000,64.0000,64.0000,2,1,569,236,143,12
L000569,O00236,C0289,Customer 0289,West,Business,customer289@example.com,2025-10-14,2025-10,Online,Completed,True,P002,Chair 002,Furniture,284.00,5,284.00,0.00,0,,1420.00,0.0000,1420.0000,0.0000,1420.0000,5,0,570,237,290,3
L000570,O00237,C0264,Customer 0264,South,Business,customer264@example.com,2025-09-26,2025-09,Store,Completed,True,P004,Desk 004,Furniture,123.00,3,123.00,0.20,0,,369.00,73.8000,295.2000,0.0000,295.2000,3,0,571,238,265,5
L000571,O00237,C0264,Customer 0264,South,Business,customer264@example.com,2025-09-26,2025-09,Store,Completed,True,P009,Lamp 009,Lighting,93.00,2,93.00,0.00,0,,186.00,0.0000,186.0000,0.0000,186.0000,2,0,572,238,265,10
L000572,O00237,C0264,Customer 0264,South,Business,customer264@example.com,2025-09-26,2025-09,Store,Completed,True,P010,Chair 010,Furniture,211.00,1,211.00,0.10,0,,211.00,21.1000,189.9000,0.0000,189.9000,1,0,573,238,265,11
L000573,O00237,C0264,Customer 0264,South,Business,customer264@example.com,2025-09-26,2025-09,Store,Completed,True,P019,Shelf 019,Storage,78.00,3,78.00,0.10,0,,234.00,23.4000,210.6000,0.0000,210.6000,3,0,574,238,265,20
L000574,O00238,C0063,Customer 0063,West,Consumer,customer63@example.com,2025-04-16,2025-04,Store,Completed,True,P021,Lamp 021,Lighting,249.00,1,249.00,0.20,0,,249.00,49.8000,199.2000,0.0000,199.2000,1,0,575,239,64,22
L000575,O00238,C0063,Customer 0063,West,Consumer,customer63@example.com,2025-04-16,2025-04,Store,Completed,True,P006,Chair 006,Furniture,196.00,2,196.00,0.05,0,,392.00,19.6000,372.4000,0.0000,372.4000,2,0,576,239,64,7
L000576,O00238,C0063,Customer 0063,West,Consumer,customer63@example.com,2025-04-16,2025-04,Store,Completed,True,P010,Chair 010,Furniture,211.00,2,211.00,0.00,0,,422.00,0.0000,422.0000,0.0000,422.0000,2,0,577,239,64,11
L000577,O00238,C0063,Customer 0063,West,Consumer,customer63@example.com,2025-04-16,2025-04,Store,Completed,True,P010,Chair 010,Furniture,211.00,4,211.00,0.05,0,,844.00,42.2000,801.8000,0.0000,801.8000,4,0,578,239,64,11
L000578,O00239,C0223,Customer 0223,East,Consumer,customer223@example.com,2025-08-24,2025-08,Online,Completed,True,P016,Desk 016,Furniture,231.00,3,231.00,0.20,0,,693.00,138.6000,554.4000,0.0000,554.4000,3,0,579,240,224,17
L000579,O00240,C0085,Customer 0085,South,Consumer,customer85@example.com,2025-03-02,2025-03,Online,Completed,True,P007,Shelf 007,Storage,35.00,3,35.00,0.20,0,,105.00,21.0000,84.0000,0.0000,84.0000,3,0,580,241,86,8
L000580,O00241,C0276,Customer 0276,South,Business,customer276@example.com,2025-06-24,2025-06,Online,Completed,True,P008,Desk 008,Furniture,188.00,4,188.00,0.00,0,,752.00,0.0000,752.0000,0.0000,752.0000,4,0,581,242,277,9
L000581,O00241,C0276,Customer 0276,South,Business,customer276@example.com,2025-06-24,2025-06,Online,Completed,True,P011,Shelf 011,Storage,80.00,1,80.00,0.20,1,2025-07-07,80.00,16.0000,64.0000,64.0000,0.0000,1,1,582,242,277,12
L000582,O00241,C0276,Customer 0276,South,Business,customer276@example.com,2025-06-24,2025-06,Online,Completed,True,P018,Chair 018,Furniture,269.00,1,269.00,0.00,0,,269.00,0.0000,269.0000,0.0000,269.0000,1,0,583,242,277,19
L000583,O00241,C0276,Customer 0276,South,Business,customer276@example.com,2025-06-24,2025-06,Online,Completed,True,P007,Shelf 007,Storage,35.00,1,35.00,0.10,1,2025-07-01,35.00,3.5000,31.5000,31.5000,0.0000,1,1,584,242,277,8
L000584,O00242,C0251,Customer 0251,North,Consumer,customer251@example.com,2025-07-26,2025-07,Store,Completed,True,P001,Lamp 001,Lighting,122.00,4,122.00,0.05,0,,488.00,24.4000,463.6000,0.0000,463.6000,4,0,585,243,252,2
L000585,O00242,C0251,Customer 0251,North,Consumer,customer251@example.com,2025-07-26,2025-07,Store,Completed,True,P005,Lamp 005,Lighting,65.00,2,65.00,0.20,0,,130.00,26.0000,104.0000,0.0000,104.0000,2,0,586,243,252,6
L000586,O00243,C0213,Customer 0213,East,Business,customer213@example.com,2025-03-01,2025-03,Store,Completed,True,P007,Shelf 007,Storage,35.00,2,35.00,0.05,0,,70.00,3.5000,66.5000,0.0000,66.5000,2,0,587,244,214,8
L000587,O00243,C0213,Customer 0213,East,Business,customer213@example.com,2025-03-01,2025-03,Store,Completed,True,P007,Shelf 007,Storage,35.00,2,35.00,0.20,0,,70.00,14.0000,56.0000,0.0000,56.0000,2,0,588,244,214,8
L000588,O00244,C0053,Customer 0053,West,Business,customer53@example.com,2025-05-17,2025-05,Online,Completed,True,P009,Lamp 009,Lighting,93.00,1,93.00,0.05,0,,93.00,4.6500,88.3500,0.0000,88.3500,1,0,589,245,54,10
L000589,O00244,C0053,Customer 0053,West,Business,customer53@example.com,2025-05-17,2025-05,Online,Completed,True,P001,Lamp 001,Lighting,122.00,5,122.00,0.05,0,,610.00,30.5000,579.5000,0.0000,579.5000,5,0,590,245,54,2
L000590,O00244,C0053,Customer 0053,West,Business,customer53@example.com,2025-05-17,2025-05,Online,Completed,True,P015,Shelf 015,Storage,254.00,5,254.00,0.1,0,,1270.00,127.000,1143.000,0.000,1143.000,5,0,591,245,54,16
L000591,O00244,C0053,Customer 0053,West,Business,customer53@example.com,2025-05-17,2025-05,Online,Completed,True,P001,Lamp 001,Lighting,122.00,4,122.00,0.20,0,,488.00,97.6000,390.4000,0.0000,390.4000,4,0,592,245,54,2
L000592,O00245,C0210,Customer 0210,North,Consumer,customer210@example.com,2025-11-16,2025-11,Online,Completed,True,P004,Desk 004,Furniture,123.00,3,123.00,0.20,0,,369.00,73.8000,295.2000,0.0000,295.2000,3,0,593,246,211,5
L000593,O00246,C0203,Customer 0203,South,Business,customer203@example.com,2025-09-02,2025-09,Online,Cancelled,False,P019,Shelf 019,Storage,78.00,3,78.00,0.05,0,,234.00,11.7000,222.3000,0.0000,222.3000,3,0,594,247,204,20
L000594,O00246,C0203,Customer 0203,South,Business,customer203@example.com,2025-09-02,2025-09,Online,Cancelled,False,P005,Lamp 005,Lighting,65.00,1,65.00,0.05,0,,65.00,3.2500,61.7500,0.0000,61.7500,1,0,595,247,204,6
L000595,O00246,C0203,Customer 0203,South,Business,customer203@example.com,2025-09-02,2025-09,Online,Cancelled,False,P019,Shelf 019,Storage,78.00,3,78.00,0.05,0,,234.00,11.7000,222.3000,0.0000,222.3000,3,0,596,247,204,20
L000596,O00246,C0203,Customer 0203,South,Business,customer203@example.com,2025-09-02,2025-09,Online,Cancelled,False,P003,Shelf 003,Storage,199.00,1,199.00,0.20,0,,199.00,39.8000,159.2000,0.0000,159.2000,1,0,597,247,204,4
L000597,O00247,C0246,Customer 0246,South,Consumer,customer246@example.com,2025-04-03,2025-04,Online,Completed,True,P001,Lamp 001,Lighting,122.00,5,122.00,0.05,0,,610.00,30.5000,579.5000,0.0000,579.5000,5,0,598,248,247,2
L000598,O00248,C0251,Customer 0251,North,Consumer,customer251@example.com,2025-09-03,2025-09,Online,Completed,True,P017,Lamp 017,Lighting,300.00,1,300.00,0.10,0,,300.00,30.0000,270.0000,0.0000,270.0000,1,0,599,249,252,18
L000599,O00248,C0251,Customer 0251,North,Consumer,customer251@example.com,2025-09-03,2025-09,Online,Completed,True,P005,Lamp 005,Lighting,65.00,2,65.00,0.20,0,,130.00,26.0000,104.0000,0.0000,104.0000,2,0,600,249,252,6
L000600,O00248,C0251,Customer 0251,North,Consumer,customer251@example.com,2025-09-03,2025-09,Online,Completed,True,P018,Chair 018,Furniture,269.00,3,269.00,0.00,0,,807.00,0.0000,807.0000,0.0000,807.0000,3,0,601,249,252,19
L000601,O00249,C0158,Customer 0158,East,Consumer,customer158@example.com,2025-03-16,2025-03,Store,Completed,True,P024,Desk 024,Furniture,81.00,2,81.00,0.10,0,,162.00,16.2000,145.8000,0.0000,145.8000,2,0,602,250,159,25
L000602,O00249,C0158,Customer 0158,East,Consumer,customer158@example.com,2025-03-16,2025-03,Store,Completed,True,P012,Desk 012,Furniture,134.00,2,134.00,0.05,0,,268.00,13.4000,254.6000,0.0000,254.6000,2,0,603,250,159,13
L000603,O00249,C0158,Customer 0158,East,Consumer,customer158@example.com,2025-03-16,2025-03,Store,Completed,True,P021,Lamp 021,Lighting,249.00,3,249.00,0.00,0,,747.00,0.0000,747.0000,0.0000,747.0000,3,0,604,250,159,22
L000604,O00249,C0158,Customer 0158,East,Consumer,customer158@example.com,2025-03-16,2025-03,Store,Completed,True,P012,Desk 012,Furniture,134.00,1,134.00,0.10,0,,134.00,13.4000,120.6000,0.0000,120.6000,1,0,605,250,159,13
L000605,O00250,C0021,Customer 0021,West,Business,customer21@example.com,2025-12-31,2025-12,Online,Completed,True,P002,Chair 002,Furniture,284.00,5,284.00,0.10,0,,1420.00,142.0000,1278.0000,0.0000,1278.0000,5,0,606,251,22,3
L000606,O00251,C0172,Customer 0172,North,Consumer,customer172@example.com,2025-01-14,2025-01,Store,Completed,True,P009,Lamp 009,Lighting,93.00,5,93.00,0.20,0,,465.00,93.0000,372.0000,0.0000,372.0000,5,0,607,252,173,10
L000607,O00251,C0172,Customer 0172,North,Consumer,customer172@example.com,2025-01-14,2025-01,Store,Completed,True,P023,Shelf 023,Storage,68.00,2,68.00,0.05,0,,136.00,6.8000,129.2000,0.0000,129.2000,2,0,608,252,173,24
L000608,O00251,C0172,Customer 0172,North,Consumer,customer172@example.com,2025-01-14,2025-01,Store,Completed,True,P008,Desk 008,Furniture,188.00,5,188.00,0.20,0,,940.00,188.0000,752.0000,0.0000,752.0000,5,0,609,252,173,9
L000609,O00251,C0172,Customer 0172,North,Consumer,customer172@example.com,2025-01-14,2025-01,Store,Completed,True,P019,Shelf 019,Storage,78.00,3,78.00,0.05,0,,234.00,11.7000,222.3000,0.0000,222.3000,3,0,610,252,173,20
L000610,O00252,C0222,Customer 0222,East,Consumer,,2025-12-21,2025-12,Online,Completed,True,P024,Desk 024,Furniture,81.00,4,81.00,0.05,0,,324.00,16.2000,307.8000,0.0000,307.8000,4,0,611,253,223,25
L000611,O00253,C0167,Customer 0167,West,Consumer,customer167@example.com,2025-05-17,2025-05,Online,Completed,True,P001,Lamp 001,Lighting,122.00,2,122.00,0.20,0,,244.00,48.8000,195.2000,0.0000,195.2000,2,0,612,254,168,2
L000612,O00253,C0167,Customer 0167,West,Consumer,customer167@example.com,2025-05-17,2025-05,Online,Completed,True,P022,Chair 022,Furniture,134.00,3,134.00,0.00,0,,402.00,0.0000,402.0000,0.0000,402.0000,3,0,613,254,168,23
L000613,O00253,C0167,Customer 0167,West,Consumer,customer167@example.com,2025-05-17,2025-05,Online,Completed,True,P013,Lamp 013,Lighting,271.00,2,271.00,0.00,0,,542.00,0.0000,542.0000,0.0000,542.0000,2,0,614,254,168,14
L000614,O00253,C0167,Customer 0167,West,Consumer,customer167@example.com,2025-05-17,2025-05,Online,Completed,True,P024,Desk 024,Furniture,81.00,4,81.00,0.10,0,,324.00,32.4000,291.6000,0.0000,291.6000,4,0,615,254,168,25
L000615,O00254,C0267,Customer 0267,West,Business,customer267@example.com,2025-10-11,2025-10,Online,Completed,True,P004,Desk 004,Furniture,123.00,2,123.00,0.00,0,,246.00,0.0000,246.0000,0.0000,246.0000,2,0,616,255,268,5
L000616,O00255,C0015,Customer 0015,West,Consumer,customer15@example.com,2025-02-24,2025-02,Store,Completed,True,P010,Chair 010,Furniture,211.00,2,211.00,0.05,0,,422.00,21.1000,400.9000,0.0000,400.9000,2,0,617,256,16,11
L000617,O00255,C0015,Customer 0015,West,Consumer,customer15@example.com,2025-02-24,2025-02,Store,Completed,True,P012,Desk 012,Furniture,134.00,5,134.00,0.05,0,,670.00,33.5000,636.5000,0.0000,636.5000,5,0,618,256,16,13
L000618,O00255,C0015,Customer 0015,West,Consumer,customer15@example.com,2025-02-24,2025-02,Store,Completed,True,P021,Lamp 021,Lighting,249.00,2,249.00,0.00,1,2025-03-11,498.00,0.0000,498.0000,249.0000,249.0000,2,1,619,256,16,22
L000619,O00256,C0109,Customer 0109,West,Business,customer109@example.com,2025-03-11,2025-03,Store,Completed,True,P006,Chair 006,Furniture,196.00,2,196.00,0.20,0,,392.00,78.4000,313.6000,0.0000,313.6000,2,0,620,257,110,7
L000620,O00256,C0109,Customer 0109,West,Business,customer109@example.com,2025-03-11,2025-03,Store,Completed,True,P004,Desk 004,Furniture,123.00,5,123.00,0.10,0,,615.00,61.5000,553.5000,0.0000,553.5000,5,0,621,257,110,5
L000621,O00256,C0109,Customer 0109,West,Business,customer109@example.com,2025-03-11,2025-03,Store,Completed,True,P006,Chair 006,Furniture,196.00,2,196.00,0.2,0,,392.00,78.400,313.600,0.000,313.600,2,0,622,257,110,7
L000622,O00257,C0172,Customer 0172,North,Consumer,customer172@example.com,2025-08-13,2025-08,Store,Completed,True,P024,Desk 024,Furniture,81.00,2,81.00,0.05,0,,162.00,8.1000,153.9000,0.0000,153.9000,2,0,623,258,173,25
L000623,O00258,C0152,Customer 0152,West,Business,customer152@example.com,2025-12-09,2025-12,Online,Completed,True,P008,Desk 008,Furniture,188.00,3,188.00,0.05,0,,564.00,28.2000,535.8000,0.0000,535.8000,3,0,624,259,153,9
L000624,O00259,C0119,Customer 0119,North,Business,customer119@example.com,2025-01-25,2025-01,Store,Cancelled,False,P018,Chair 018,Furniture,269.00,1,269.00,0.05,0,,269.00,13.4500,255.5500,0.0000,255.5500,1,0,625,260,120,19
L000625,O00259,C0119,Customer 0119,North,Business,customer119@example.com,2025-01-25,2025-01,Store,Cancelled,False,P016,Desk 016,Furniture,231.00,2,231.00,0.10,0,,462.00,46.2000,415.8000,0.0000,415.8000,2,0,626,260,120,17
L000626,O00259,C0119,Customer 0119,North,Business,customer119@example.com,2025-01-25,2025-01,Store,Cancelled,False,P024,Desk 024,Furniture,81.00,1,81.00,0.00,0,,81.00,0.0000,81.0000,0.0000,81.0000,1,0,627,260,120,25
L000627,O00259,C0119,Customer 0119,North,Business,customer119@example.com,2025-01-25,2025-01,Store,Cancelled,False,P008,Desk 008,Furniture,188.00,4,188.00,0.20,0,,752.00,150.4000,601.6000,0.0000,601.6000,4,0,628,260,120,9
L000628,O00260,C0090,Customer 0090,West,Business,customer90@example.com,2025-10-26,2025-10,Online,Completed,True,P011,Shelf 011,Storage,80.00,1,80.00,0.00,0,,80.00,0.0000,80.0000,0.0000,80.0000,1,0,629,261,91,12
L000629,O00261,C0038,Customer 0038,South,Consumer,customer38@example.com,2025-03-04,2025-03,Online,Cancelled,False,P021,Lamp 021,Lighting,249.00,5,249.00,0.10,0,,1245.00,124.5000,1120.5000,0.0000,1120.5000,5,0,630,262,39,22
L000630,O00261,C0038,Customer 0038,South,Consumer,customer38@example.com,2025-03-04,2025-03,Online,Cancelled,False,P024,Desk 024,Furniture,81.00,1,81.00,0.00,0,,81.00,0.0000,81.0000,0.0000,81.0000,1,0,631,262,39,25
L000631,O00262,C0075,Customer 0075,South,Business,customer75@example.com,2025-10-10,2025-10,Online,Completed,True,P024,Desk 024,Furniture,81.00,4,81.00,0.20,0,,324.00,64.8000,259.2000,0.0000,259.2000,4,0,632,263,76,25
L000632,O00262,C0075,Customer 0075,South,Business,customer75@example.com,2025-10-10,2025-10,Online,Completed,True,P010,Chair 010,Furniture,211.00,5,211.00,0.20,0,,1055.00,211.0000,844.0000,0.0000,844.0000,5,0,633,263,76,11
L000633,O00262,C0075,Customer 0075,South,Business,customer75@example.com,2025-10-10,2025-10,Online,Completed,True,P017,Lamp 017,Lighting,300.00,4,300.00,0.00,0,,1200.00,0.0000,1200.0000,0.0000,1200.0000,4,0,634,263,76,18
L000634,O00262,C0075,Customer 0075,South,Business,customer75@example.com,2025-10-10,2025-10,Online,Completed,True,P018,Chair 018,Furniture,269.00,3,269.00,0.10,0,,807.00,80.7000,726.3000,0.0000,726.3000,3,0,635,263,76,19
L000635,O00263,C0151,Customer 0151,South,Business,customer151@example.com,2025-05-28,2025-05,Store,Completed,True,P012,Desk 012,Furniture,134.00,1,134.00,0.05,0,,134.00,6.7000,127.3000,0.0000,127.3000,1,0,636,264,152,13
L000636,O00263,C0151,Customer 0151,South,Business,customer151@example.com,2025-05-28,2025-05,Store,Completed,True,P013,Lamp 013,Lighting,271.00,5,271.00,0.00,0,,1355.00,0.0000,1355.0000,0.0000,1355.0000,5,0,637,264,152,14
L000637,O00264,C0274,Customer 0274,North,Business,customer274@example.com,2025-06-25,2025-06,Online,Completed,True,P019,Shelf 019,Storage,78.00,5,78.00,0.20,0,,390.00,78.0000,312.0000,0.0000,312.0000,5,0,638,265,275,20
L000638,O00265,C0039,Customer 0039,North,Business,customer39@example.com,2025-01-24,2025-01,Store,Completed,True,P003,Shelf 003,Storage,199.00,1,199.00,0.20,0,,199.00,39.8000,159.2000,0.0000,159.2000,1,0,639,266,40,4
L000639,O00265,C0039,Customer 0039,North,Business,customer39@example.com,2025-01-24,2025-01,Store,Completed,True,P008,Desk 008,Furniture,188.00,3,188.00,0.20,1,2025-02-06,564.00,112.8000,451.2000,451.2000,0.0000,3,3,640,266,40,9
L000640,O00265,C0039,Customer 0039,North,Business,customer39@example.com,2025-01-24,2025-01,Store,Completed,True,P006,Chair 006,Furniture,196.00,3,196.00,0.05,1,2025-02-15,588.00,29.4000,558.6000,372.4000,186.2000,3,2,641,266,40,7
L000641,O00266,C0049,Customer 0049,North,Consumer,customer49@example.com,2025-05-26,2025-05,Online,Completed,True,P024,Desk 024,Furniture,81.00,3,81.00,0.05,0,,243.00,12.1500,230.8500,0.0000,230.8500,3,0,642,267,50,25
L000642,O00267,C0212,Customer 0212,East,Consumer,customer212@example.com,2025-08-18,2025-08,Online,Completed,True,P005,Lamp 005,Lighting,65.00,5,65.00,0.10,0,,325.00,32.5000,292.5000,0.0000,292.5000,5,0,643,268,213,6
L000643,O00267,C0212,Customer 0212,East,Consumer,customer212@example.com,2025-08-18,2025-08,Online,Completed,True,P007,Shelf 007,Storage,35.00,1,35.00,0.00,0,,35.00,0.0000,35.0000,0.0000,35.0000,1,0,644,268,213,8
L000644,O00267,C0212,Customer 0212,East,Consumer,customer212@example.com,2025-08-18,2025-08,Online,Completed,True,P017,Lamp 017,Lighting,300.00,1,300.00,0.10,0,,300.00,30.0000,270.0000,0.0000,270.0000,1,0,645,268,213,18
L000645,O00267,C0212,Customer 0212,East,Consumer,customer212@example.com,2025-08-18,2025-08,Online,Completed,True,P012,Desk 012,Furniture,134.00,5,134.00,0.10,0,,670.00,67.0000,603.0000,0.0000,603.0000,5,0,646,268,213,13
L000646,O00268,C0021,Customer 0021,West,Business,customer21@example.com,2025-02-19,2025-02,Online,Completed,True,P014,Chair 014,Furniture,294.00,3,294.00,0.10,0,,882.00,88.2000,793.8000,0.0000,793.8000,3,0,647,269,22,15
L000647,O00268,C0021,Customer 0021,West,Business,customer21@example.com,2025-02-19,2025-02,Online,Completed,True,P012,Desk 012,Furniture,134.00,2,134.00,0.20,1,2025-03-15,268.00,53.6000,214.4000,214.4000,0.0000,2,2,648,269,22,13
L000648,O00269,C0119,Customer 0119,North,Business,customer119@example.com,2025-07-25,2025-07,Online,Completed,True,P010,Chair 010,Furniture,211.00,1,211.00,0.20,0,,211.00,42.2000,168.8000,0.0000,168.8000,1,0,649,270,120,11
L000649,O00269,C0119,Customer 0119,North,Business,customer119@example.com,2025-07-25,2025-07,Online,Completed,True,P006,Chair 006,Furniture,196.00,4,196.00,0.00,1,2025-07-27,784.00,0.0000,784.0000,392.0000,392.0000,4,2,650,270,120,7
L000650,O00269,C0119,Customer 0119,North,Business,customer119@example.com,2025-07-25,2025-07,Online,Completed,True,P002,Chair 002,Furniture,284.00,1,284.00,0.10,0,,284.00,28.4000,255.6000,0.0000,255.6000,1,0,651,270,120,3
L000651,O00269,C0119,Customer 0119,North,Business,customer119@example.com,2025-07-25,2025-07,Online,Completed,True,P006,Chair 006,Furniture,196.00,2,196.00,0.05,0,,392.00,19.6000,372.4000,0.0000,372.4000,2,0,652,270,120,7
L000652,O00270,C0106,Customer 0106,East,Business,customer106@example.com,2025-11-12,2025-11,Online,Completed,True,P001,Lamp 001,Lighting,122.00,3,122.00,0.2,0,,366.00,73.200,292.800,0.000,292.800,3,0,653,271,107,2
L000653,O00270,C0106,Customer 0106,East,Business,customer106@example.com,2025-11-12,2025-11,Online,Completed,True,P016,Desk 016,Furniture,231.00,5,231.00,0.00,0,,1155.00,0.0000,1155.0000,0.0000,1155.0000,5,0,654,271,107,17
L000654,O00271,C0076,Customer 0076,East,Consumer,customer76@example.com,2025-02-02,2025-02,Store,Cancelled,False,P005,Lamp 005,Lighting,65.00,4,65.00,0.20,0,,260.00,52.0000,208.0000,0.0000,208.0000,4,0,655,272,77,6
L000655,O00271,C0076,Customer 0076,East,Consumer,customer76@example.com,2025-02-02,2025-02,Store,Cancelled,False,P004,Desk 004,Furniture,123.00,5,123.00,0.00,0,,615.00,0.0000,615.0000,0.0000,615.0000,5,0,656,272,77,5
L000656,O00272,C0148,Customer 0148,East,Consumer,customer148@example.com,2025-11-13,2025-11,Store,Completed,True,P008,Desk 008,Furniture,188.00,2,188.00,0.05,0,,376.00,18.8000,357.2000,0.0000,357.2000,2,0,657,273,149,9
L000657,O00272,C0148,Customer 0148,East,Consumer,customer148@example.com,2025-11-13,2025-11,Store,Completed,True,P011,Shelf 011,Storage,80.00,2,80.00,0.20,0,,160.00,32.0000,128.0000,0.0000,128.0000,2,0,658,273,149,12
L000658,O00273,C0066,Customer 0066,North,Business,customer66@example.com,2025-01-03,2025-01,Store,Completed,True,P008,Desk 008,Furniture,188.00,4,188.00,0.10,0,,752.00,75.2000,676.8000,0.0000,676.8000,4,0,659,274,67,9
L000659,O00273,C0066,Customer 0066,North,Business,customer66@example.com,2025-01-03,2025-01,Store,Completed,True,P017,Lamp 017,Lighting,300.00,5,300.00,0.05,0,,1500.00,75.0000,1425.0000,0.0000,1425.0000,5,0,660,274,67,18
L000660,O00273,C0066,Customer 0066,North,Business,customer66@example.com,2025-01-03,2025-01,Store,Completed,True,P009,Lamp 009,Lighting,93.00,4,93.00,0.20,0,,372.00,74.4000,297.6000,0.0000,297.6000,4,0,661,274,67,10
L000661,O00273,C0066,Customer 0066,North,Business,customer66@example.com,2025-01-03,2025-01,Store,Completed,True,P014,Chair 014,Furniture,294.00,4,294.00,0.05,0,,1176.00,58.8000,1117.2000,0.0000,1117.2000,4,0,662,274,67,15
L000662,O00274,C0170,Customer 0170,East,Business,customer170@example.com,2025-12-02,2025-12,Online,Completed,True,P020,Desk 020,Furniture,189.00,5,189.00,0.20,0,,945.00,189.0000,756.0000,0.0000,756.0000,5,0,663,275,171,21
L000663,O00274,C0170,Customer 0170,East,Business,customer170@example.com,2025-12-02,2025-12,Online,Completed,True,P010,Chair 010,Furniture,211.00,4,211.00,0.20,0,,844.00,168.8000,675.2000,0.0000,675.2000,4,0,664,275,171,11
L000664,O00274,C0170,Customer 0170,East,Business,customer170@example.com,2025-12-02,2025-12,Online,Completed,True,P003,Shelf 003,Storage,199.00,3,199.00,0.00,0,,597.00,0.0000,597.0000,0.0000,597.0000,3,0,665,275,171,4
L000665,O00274,C0170,Customer 0170,East,Business,customer170@example.com,2025-12-02,2025-12,Online,Completed,True,P004,Desk 004,Furniture,123.00,4,123.00,0.20,0,,492.00,98.4000,393.6000,0.0000,393.6000,4,0,666,275,171,5
L000666,O00275,C0235,Customer 0235,North,Business,customer235@example.com,2025-03-30,2025-03,Store,Completed,True,P020,Desk 020,Furniture,189.00,1,189.00,0.05,0,,189.00,9.4500,179.5500,0.0000,179.5500,1,0,667,276,236,21
L000667,O00275,C0235,Customer 0235,North,Business,customer235@example.com,2025-03-30,2025-03,Store,Completed,True,P015,Shelf 015,Storage,254.00,1,254.00,0.20,0,,254.00,50.8000,203.2000,0.0000,203.2000,1,0,668,276,236,16
L000668,O00275,C0235,Customer 0235,North,Business,customer235@example.com,2025-03-30,2025-03,Store,Completed,True,P002,Chair 002,Furniture,284.00,4,284.00,0.00,0,,1136.00,0.0000,1136.0000,0.0000,1136.0000,4,0,669,276,236,3
L000669,O00275,C0235,Customer 0235,North,Business,customer235@example.com,2025-03-30,2025-03,Store,Completed,True,P001,Lamp 001,Lighting,122.00,3,122.00,0.20,0,,366.00,73.2000,292.8000,0.0000,292.8000,3,0,670,276,236,2
L000670,O00276,C0052,Customer 0052,North,Consumer,,2025-01-03,2025-01,Online,Completed,True,P002,Chair 002,Furniture,284.00,4,284.00,0.10,0,,1136.00,113.6000,1022.4000,0.0000,1022.4000,4,0,671,277,53,3
L000671,O00277,C0012,Customer 0012,West,Consumer,customer12@example.com,2025-01-16,2025-01,Store,Cancelled,False,P023,Shelf 023,Storage,68.00,4,68.00,0.10,0,,272.00,27.2000,244.8000,0.0000,244.8000,4,0,672,278,13,24
L000672,O00277,C0012,Customer 0012,West,Consumer,customer12@example.com,2025-01-16,2025-01,Store,Cancelled,False,P021,Lamp 021,Lighting,249.00,5,249.00,0.05,0,,1245.00,62.2500,1182.7500,0.0000,1182.7500,5,0,673,278,13,22
L000673,O00278,C0166,Customer 0166,North,Business,customer166@example.com,2025-11-01,2025-11,Online,Completed,True,P001,Lamp 001,Lighting,122.00,3,122.00,0.10,0,,366.00,36.6000,329.4000,0.0000,329.4000,3,0,674,279,167,2
L000674,O00279,C0286,Customer 0286,West,Business,customer286@example.com,2025-11-25,2025-11,Online,Completed,True,P005,Lamp 005,Lighting,65.00,1,65.00,0.00,0,,65.00,0.0000,65.0000,0.0000,65.0000,1,0,675,280,287,6
L000675,O00279,C0286,Customer 0286,West,Business,customer286@example.com,2025-11-25,2025-11,Online,Completed,True,P004,Desk 004,Furniture,123.00,1,123.00,0.00,0,,123.00,0.0000,123.0000,0.0000,123.0000,1,0,676,280,287,5
L000676,O00279,C0286,Customer 0286,West,Business,customer286@example.com,2025-11-25,2025-11,Online,Completed,True,P006,Chair 006,Furniture,196.00,4,196.00,0.00,0,,784.00,0.0000,784.0000,0.0000,784.0000,4,0,677,280,287,7
L000677,O00280,C0138,Customer 0138,South,Business,customer138@example.com,2025-08-08,2025-08,Store,Completed,True,P006,Chair 006,Furniture,196.00,3,196.00,0.20,1,2025-09-04,588.00,117.6000,470.4000,156.8000,313.6000,3,1,678,281,139,7
L000678,O00281,C0228,Customer 0228,East,Business,customer228@example.com,2025-09-27,2025-09,Store,Completed,True,P018,Chair 018,Furniture,269.00,4,269.00,0.00,0,,1076.00,0.0000,1076.0000,0.0000,1076.0000,4,0,679,282,229,19
L000679,O00281,C0228,Customer 0228,East,Business,customer228@example.com,2025-09-27,2025-09,Store,Completed,True,P001,Lamp 001,Lighting,122.00,4,122.00,0.05,0,,488.00,24.4000,463.6000,0.0000,463.6000,4,0,680,282,229,2
L000680,O00282,C0116,Customer 0116,West,Business,customer116@example.com,2025-06-27,2025-06,Online,Completed,True,P022,Chair 022,Furniture,134.00,1,134.00,0.10,0,,134.00,13.4000,120.6000,0.0000,120.6000,1,0,681,283,117,23
L000681,O00282,C0116,Customer 0116,West,Business,customer116@example.com,2025-06-27,2025-06,Online,Completed,True,P019,Shelf 019,Storage,78.00,2,78.00,0.20,0,,156.00,31.2000,124.8000,0.0000,124.8000,2,0,682,283,117,20
L000682,O00283,C0041,Customer 0041,West,Business,customer41@example.com,2025-12-28,2025-12,Online,Completed,True,P020,Desk 020,Furniture,189.00,4,189.00,0.10,0,,756.00,75.6000,680.4000,0.0000,680.4000,4,0,683,284,42,21
L000683,O00283,C0041,Customer 0041,West,Business,customer41@example.com,2025-12-28,2025-12,Online,Completed,True,P010,Chair 010,Furniture,211.00,5,211.00,0.1,0,,1055.00,105.500,949.500,0.000,949.500,5,0,684,284,42,11
L000684,O00284,C0235,Customer 0235,North,Business,customer235@example.com,2025-01-23,2025-01,Online,Completed,True,P008,Desk 008,Furniture,188.00,5,188.00,0.20,0,,940.00,188.0000,752.0000,0.0000,752.0000,5,0,685,285,236,9
L000685,O00284,C0235,Customer 0235,North,Business,customer235@example.com,2025-01-23,2025-01,Online,Completed,True,P003,Shelf 003,Storage,199.00,3,199.00,0.10,0,,597.00,59.7000,537.3000,0.0000,537.3000,3,0,686,285,236,4
L000686,O00285,C0295,Customer 0295,West,Business,customer295@example.com,2025-07-06,2025-07,Store,Completed,True,P018,Chair 018,Furniture,269.00,3,269.00,0.05,0,,807.00,40.3500,766.6500,0.0000,766.6500,3,0,687,286,296,19
L000687,O00285,C0295,Customer 0295,West,Business,customer295@example.com,2025-07-06,2025-07,Store,Completed,True,P016,Desk 016,Furniture,231.00,4,231.00,0.20,1,2025-08-05,924.00,184.8000,739.2000,184.8000,554.4000,4,1,688,286,296,17
L000688,O00285,C0295,Customer 0295,West,Business,customer295@example.com,2025-07-06,2025-07,Store,Completed,True,P002,Chair 002,Furniture,284.00,2,284.00,0.00,0,,568.00,0.0000,568.0000,0.0000,568.0000,2,0,689,286,296,3
L000689,O00285,C0295,Customer 0295,West,Business,customer295@example.com,2025-07-06,2025-07,Store,Completed,True,P021,Lamp 021,Lighting,249.00,2,249.00,0.10,0,,498.00,49.8000,448.2000,0.0000,448.2000,2,0,690,286,296,22
L000690,O00286,C0193,Customer 0193,East,Consumer,customer193@example.com,2025-08-09,2025-08,Online,Completed,True,P014,Chair 014,Furniture,294.00,2,294.00,0.10,0,,588.00,58.8000,529.2000,0.0000,529.2000,2,0,691,287,194,15
L000691,O00287,C0049,Customer 0049,North,Consumer,customer49@example.com,2025-11-08,2025-11,Online,Completed,True,P010,Chair 010,Furniture,211.00,5,211.00,0.05,0,,1055.00,52.7500,1002.2500,0.0000,1002.2500,5,0,692,288,50,11
L000692,O00287,C0049,Customer 0049,North,Consumer,customer49@example.com,2025-11-08,2025-11,Online,Completed,True,P021,Lamp 021,Lighting,249.00,4,249.00,0.20,0,,996.00,199.2000,796.8000,0.0000,796.8000,4,0,693,288,50,22
L000693,O00287,C0049,Customer 0049,North,Consumer,customer49@example.com,2025-11-08,2025-11,Online,Completed,True,P017,Lamp 017,Lighting,300.00,4,300.00,0.20,0,,1200.00,240.0000,960.0000,0.0000,960.0000,4,0,694,288,50,18
L000694,O00287,C0049,Customer 0049,North,Consumer,customer49@example.com,2025-11-08,2025-11,Online,Completed,True,P021,Lamp 021,Lighting,249.00,5,249.00,0.10,1,2025-11-14,1245.00,124.5000,1120.5000,672.3000,448.2000,5,3,695,288,50,22
L000695,O00288,C0107,Customer 0107,South,Consumer,customer107@example.com,2025-02-01,2025-02,Online,Completed,True,P003,Shelf 003,Storage,199.00,1,199.00,0.00,0,,199.00,0.0000,199.0000,0.0000,199.0000,1,0,696,289,108,4
L000696,O00288,C0107,Customer 0107,South,Consumer,customer107@example.com,2025-02-01,2025-02,Online,Completed,True,P001,Lamp 001,Lighting,122.00,2,122.00,0.20,0,,244.00,48.8000,195.2000,0.0000,195.2000,2,0,697,289,108,2
L000697,O00288,C0107,Customer 0107,South,Consumer,customer107@example.com,2025-02-01,2025-02,Online,Completed,True,P013,Lamp 013,Lighting,271.00,5,271.00,0.20,0,,1355.00,271.0000,1084.0000,0.0000,1084.0000,5,0,698,289,108,14
L000698,O00289,C0226,Customer 0226,South,Business,customer226@example.com,2025-05-10,2025-05,Online,Completed,True,P019,Shelf 019,Storage,78.00,1,78.00,0.05,0,,78.00,3.9000,74.1000,0.0000,74.1000,1,0,699,290,227,20
L000699,O00290,C0174,Customer 0174,South,Consumer,customer174@example.com,2025-10-24,2025-10,Online,Completed,True,P020,Desk 020,Furniture,189.00,5,189.00,0.20,0,,945.00,189.0000,756.0000,0.0000,756.0000,5,0,700,291,175,21
L000700,O00290,C0174,Customer 0174,South,Consumer,customer174@example.com,2025-10-24,2025-10,Online,Completed,True,P022,Chair 022,Furniture,134.00,2,134.00,0.20,0,,268.00,53.6000,214.4000,0.0000,214.4000,2,0,701,291,175,23
L000701,O00290,C0174,Customer 0174,South,Consumer,customer174@example.com,2025-10-24,2025-10,Online,Completed,True,P010,Chair 010,Furniture,211.00,2,211.00,0.20,0,,422.00,84.4000,337.6000,0.0000,337.6000,2,0,702,291,175,11
L000702,O00291,C0027,Customer 0027,North,Consumer,customer27@example.com,2025-05-26,2025-05,Store,Completed,True,P009,Lamp 009,Lighting,93.00,5,93.00,0.20,0,,465.00,93.0000,372.0000,0.0000,372.0000,5,0,703,292,28,10
L000703,O00291,C0027,Customer 0027,North,Consumer,customer27@example.com,2025-05-26,2025-05,Store,Completed,True,P022,Chair 022,Furniture,134.00,5,134.00,0.00,0,,670.00,0.0000,670.0000,0.0000,670.0000,5,0,704,292,28,23
L000704,O00291,C0027,Customer 0027,North,Consumer,customer27@example.com,2025-05-26,2025-05,Store,Completed,True,P012,Desk 012,Furniture,134.00,4,134.00,0.05,0,,536.00,26.8000,509.2000,0.0000,509.2000,4,0,705,292,28,13
L000705,O00292,C0010,Customer 0010,West,Consumer,customer10@example.com,2025-10-08,2025-10,Store,Completed,True,P002,Chair 002,Furniture,284.00,1,284.00,0.10,0,,284.00,28.4000,255.6000,0.0000,255.6000,1,0,706,293,11,3
L000706,O00293,C0189,Customer 0189,North,Consumer,customer189@example.com,2025-09-29,2025-09,Store,Completed,True,P001,Lamp 001,Lighting,122.00,3,122.00,0.05,0,,366.00,18.3000,347.7000,0.0000,347.7000,3,0,707,294,190,2
L000707,O00293,C0189,Customer 0189,North,Consumer,customer189@example.com,2025-09-29,2025-09,Store,Completed,True,P022,Chair 022,Furniture,134.00,4,134.00,0.00,0,,536.00,0.0000,536.0000,0.0000,536.0000,4,0,708,294,190,23
L000708,O00294,C0177,Customer 0177,West,Business,customer177@example.com,2025-05-02,2025-05,Online,Completed,True,P021,Lamp 021,Lighting,249.00,1,249.00,0.00,0,,249.00,0.0000,249.0000,0.0000,249.0000,1,0,709,295,178,22
L000709,O00294,C0177,Customer 0177,West,Business,customer177@example.com,2025-05-02,2025-05,Online,Completed,True,P009,Lamp 009,Lighting,93.00,2,93.00,0.20,0,,186.00,37.2000,148.8000,0.0000,148.8000,2,0,710,295,178,10
L000710,O00294,C0177,Customer 0177,West,Business,customer177@example.com,2025-05-02,2025-05,Online,Completed,True,P002,Chair 002,Furniture,284.00,3,284.00,0.20,0,,852.00,170.4000,681.6000,0.0000,681.6000,3,0,711,295,178,3
L000711,O00295,C0122,Customer 0122,North,Business,customer122@example.com,2025-11-04,2025-11,Online,Completed,True,P021,Lamp 021,Lighting,249.00,3,249.00,0.05,0,,747.00,37.3500,709.6500,0.0000,709.6500,3,0,712,296,123,22
L000712,O00295,C0122,Customer 0122,North,Business,customer122@example.com,2025-11-04,2025-11,Online,Completed,True,P022,Chair 022,Furniture,134.00,2,134.00,0.05,0,,268.00,13.4000,254.6000,0.0000,254.6000,2,0,713,296,123,23
L000713,O00295,C0122,Customer 0122,North,Business,customer122@example.com,2025-11-04,2025-11,Online,Completed,True,P007,Shelf 007,Storage,35.00,2,35.00,0.05,0,,70.00,3.5000,66.5000,0.0000,66.5000,2,0,714,296,123,8
L000714,O00295,C0122,Customer 0122,North,Business,customer122@example.com,2025-11-04,2025-11,Online,Completed,True,P021,Lamp 021,Lighting,249.00,1,249.00,0.05,0,,249.00,12.4500,236.5500,0.0000,236.5500,1,0,715,296,123,22
L000715,O00296,C0285,Customer 0285,East,Consumer,customer285@example.com,2025-05-17,2025-05,Store,Completed,True,P023,Shelf 023,Storage,68.00,3,68.00,0.20,0,,204.00,40.8000,163.2000,0.0000,163.2000,3,0,716,297,286,24
L000716,O00296,C0285,Customer 0285,East,Consumer,customer285@example.com,2025-05-17,2025-05,Store,Completed,True,P011,Shelf 011,Storage,80.00,3,80.00,0.00,0,,240.00,0.0000,240.0000,0.0000,240.0000,3,0,717,297,286,12
L000717,O00297,C0094,Customer 0094,West,Consumer,customer94@example.com,2025-12-30,2025-12,Store,Completed,True,P017,Lamp 017,Lighting,300.00,3,300.00,0.00,0,,900.00,0.0000,900.0000,0.0000,900.0000,3,0,718,298,95,18
L000718,O00298,C0256,Customer 0256,North,Consumer,,2025-12-16,2025-12,Online,Completed,True,P023,Shelf 023,Storage,68.00,5,68.00,0.00,0,,340.00,0.0000,340.0000,0.0000,340.0000,5,0,719,299,257,24
L000719,O00298,C0256,Customer 0256,North,Consumer,,2025-12-16,2025-12,Online,Completed,True,P014,Chair 014,Furniture,294.00,5,294.00,0.00,0,,1470.00,0.0000,1470.0000,0.0000,1470.0000,5,0,720,299,257,15
L000720,O00298,C0256,Customer 0256,North,Consumer,,2025-12-16,2025-12,Online,Completed,True,P019,Shelf 019,Storage,78.00,1,78.00,0.00,0,,78.00,0.0000,78.0000,0.0000,78.0000,1,0,721,299,257,20
L000721,O00298,C0256,Customer 0256,North,Consumer,,2025-12-16,2025-12,Online,Completed,True,P022,Chair 022,Furniture,134.00,2,134.00,0.10,0,,268.00,26.8000,241.2000,0.0000,241.2000,2,0,722,299,257,23
L000722,O00299,C0186,Customer 0186,North,Consumer,customer186@example.com,2025-01-03,2025-01,Online,Completed,True,P001,Lamp 001,Lighting,122.00,1,122.00,0.00,0,,122.00,0.0000,122.0000,0.0000,122.0000,1,0,723,300,187,2
L000723,O00300,C0004,Customer 0004,North,Consumer,customer4@example.com,2025-08-09,2025-08,Online,Completed,True,P018,Chair 018,Furniture,269.00,3,269.00,0.05,0,,807.00,40.3500,766.6500,0.0000,766.6500,3,0,724,301,5,19
L000724,O00300,C0004,Customer 0004,North,Consumer,customer4@example.com,2025-08-09,2025-08,Online,Completed,True,P003,Shelf 003,Storage,199.00,1,199.00,0.10,0,,199.00,19.9000,179.1000,0.0000,179.1000,1,0,725,301,5,4
L000725,O00300,C0004,Customer 0004,North,Consumer,customer4@example.com,2025-08-09,2025-08,Online,Completed,True,P010,Chair 010,Furniture,211.00,3,211.00,0.20,0,,633.00,126.6000,506.4000,0.0000,506.4000,3,0,726,301,5,11
L000726,O00301,C0095,Customer 0095,East,Consumer,customer95@example.com,2025-05-03,2025-05,Online,Completed,True,P003,Shelf 003,Storage,199.00,1,199.00,0.00,0,,199.00,0.0000,199.0000,0.0000,199.0000,1,0,727,302,96,4
L000727,O00302,C0259,Customer 0259,North,Business,customer259@example.com,2025-11-14,2025-11,Online,Completed,True,P009,Lamp 009,Lighting,93.00,4,93.00,0.20,0,,372.00,74.4000,297.6000,0.0000,297.6000,4,0,728,303,260,10
L000728,O00303,C0105,Customer 0105,South,Business,customer105@example.com,2025-03-27,2025-03,Online,Completed,True,P023,Shelf 023,Storage,68.00,4,68.00,0.05,0,,272.00,13.6000,258.4000,0.0000,258.4000,4,0,729,304,106,24
L000729,O00303,C0105,Customer 0105,South,Business,customer105@example.com,2025-03-27,2025-03,Online,Completed,True,P017,Lamp 017,Lighting,300.00,5,300.00,0.10,0,,1500.00,150.0000,1350.0000,0.0000,1350.0000,5,0,730,304,106,18
L000730,O00303,C0105,Customer 0105,South,Business,customer105@example.com,2025-03-27,2025-03,Online,Completed,True,P004,Desk 004,Furniture,123.00,3,123.00,0.05,0,,369.00,18.4500,350.5500,0.0000,350.5500,3,0,731,304,106,5
L000731,O00303,C0105,Customer 0105,South,Business,customer105@example.com,2025-03-27,2025-03,Online,Completed,True,P011,Shelf 011,Storage,80.00,3,80.00,0.00,0,,240.00,0.0000,240.0000,0.0000,240.0000,3,0,732,304,106,12
L000732,O00304,C0231,Customer 0231,West,Business,customer231@example.com,2025-05-05,2025-05,Online,Completed,True,P008,Desk 008,Furniture,188.00,4,188.00,0.00,0,,752.00,0.0000,752.0000,0.0000,752.0000,4,0,733,305,232,9
L000733,O00304,C0231,Customer 0231,West,Business,customer231@example.com,2025-05-05,2025-05,Online,Completed,True,P005,Lamp 005,Lighting,65.00,3,65.00,0.10,0,,195.00,19.5000,175.5000,0.0000,175.5000,3,0,734,305,232,6
L000734,O00304,C0231,Customer 0231,West,Business,customer231@example.com,2025-05-05,2025-05,Online,Completed,True,P004,Desk 004,Furniture,123.00,3,123.00,0.00,0,,369.00,0.0000,369.0000,0.0000,369.0000,3,0,735,305,232,5
L000735,O00305,C0104,Customer 0104,North,Business,customer104@example.com,2025-01-20,2025-01,Online,Completed,True,P011,Shelf 011,Storage,80.00,3,80.00,0.00,0,,240.00,0.0000,240.0000,0.0000,240.0000,3,0,736,306,105,12
L000736,O00305,C0104,Customer 0104,North,Business,customer104@example.com,2025-01-20,2025-01,Online,Completed,True,P010,Chair 010,Furniture,211.00,5,211.00,0.05,0,,1055.00,52.7500,1002.2500,0.0000,1002.2500,5,0,737,306,105,11
L000737,O00306,C0257,Customer 0257,North,Business,customer257@example.com,2025-07-28,2025-07,Store,Completed,True,P004,Desk 004,Furniture,123.00,4,123.00,0.20,0,,492.00,98.4000,393.6000,0.0000,393.6000,4,0,738,307,258,5
L000738,O00306,C0257,Customer 0257,North,Business,customer257@example.com,2025-07-28,2025-07,Store,Completed,True,P014,Chair 014,Furniture,294.00,4,294.00,0.00,0,,1176.00,0.0000,1176.0000,0.0000,1176.0000,4,0,739,307,258,15
L000739,O00307,C0236,Customer 0236,West,Business,customer236@example.com,2025-08-28,2025-08,Store,Cancelled,False,P020,Desk 020,Furniture,189.00,3,189.00,0.05,0,,567.00,28.3500,538.6500,0.0000,538.6500,3,0,740,308,237,21
L000740,O00307,C0236,Customer 0236,West,Business,customer236@example.com,2025-08-28,2025-08,Store,Cancelled,False,P015,Shelf 015,Storage,254.00,3,254.00,0.05,0,,762.00,38.1000,723.9000,0.0000,723.9000,3,0,741,308,237,16
L000741,O00307,C0236,Customer 0236,West,Business,customer236@example.com,2025-08-28,2025-08,Store,Cancelled,False,P004,Desk 004,Furniture,123.00,2,123.00,0.20,0,,246.00,49.2000,196.8000,0.0000,196.8000,2,0,742,308,237,5
L000742,O00308,C0259,Customer 0259,North,Business,customer259@example.com,2025-04-21,2025-04,Online,Completed,True,P010,Chair 010,Furniture,211.00,2,211.00,0.10,0,,422.00,42.2000,379.8000,0.0000,379.8000,2,0,743,309,260,11
L000743,O00308,C0259,Customer 0259,North,Business,customer259@example.com,2025-04-21,2025-04,Online,Completed,True,P011,Shelf 011,Storage,80.00,1,80.00,0.00,0,,80.00,0.0000,80.0000,0.0000,80.0000,1,0,744,309,260,12
L000744,O00308,C0259,Customer 0259,North,Business,customer259@example.com,2025-04-21,2025-04,Online,Completed,True,P023,Shelf 023,Storage,68.00,1,68.00,0.10,0,,68.00,6.8000,61.2000,0.0000,61.2000,1,0,745,309,260,24
L000745,O00308,C0259,Customer 0259,North,Business,customer259@example.com,2025-04-21,2025-04,Online,Completed,True,P006,Chair 006,Furniture,196.00,3,196.00,0.2,0,,588.00,117.600,470.400,0.000,470.400,3,0,746,309,260,7
L000746,O00309,C0084,Customer 0084,West,Business,customer84@example.com,2025-11-02,2025-11,Online,Completed,True,P004,Desk 004,Furniture,123.00,1,123.00,0.00,0,,123.00,0.0000,123.0000,0.0000,123.0000,1,0,747,310,85,5
L000747,O00309,C0084,Customer 0084,West,Business,customer84@example.com,2025-11-02,2025-11,Online,Completed,True,P010,Chair 010,Furniture,211.00,3,211.00,0.05,0,,633.00,31.6500,601.3500,0.0000,601.3500,3,0,748,310,85,11
L000748,O00309,C0084,Customer 0084,West,Business,customer84@example.com,2025-11-02,2025-11,Online,Completed,True,P016,Desk 016,Furniture,231.00,1,231.00,0.00,0,,231.00,0.0000,231.0000,0.0000,231.0000,1,0,749,310,85,17
L000749,O00309,C0084,Customer 0084,West,Business,customer84@example.com,2025-11-02,2025-11,Online,Completed,True,P012,Desk 012,Furniture,134.00,2,134.00,0.00,0,,268.00,0.0000,268.0000,0.0000,268.0000,2,0,750,310,85,13
L000750,O00310,C0285,Customer 0285,East,Consumer,customer285@example.com,2025-10-31,2025-10,Online,Completed,True,P011,Shelf 011,Storage,80.00,3,80.00,0.20,1,2025-11-11,240.00,48.0000,192.0000,192.0000,0.0000,3,3,751,311,286,12
L000751,O00311,C0156,Customer 0156,South,Consumer,customer156@example.com,2025-05-19,2025-05,Online,Completed,True,P016,Desk 016,Furniture,231.00,3,231.00,0.05,0,,693.00,34.6500,658.3500,0.0000,658.3500,3,0,752,312,157,17
L000752,O00311,C0156,Customer 0156,South,Consumer,customer156@example.com,2025-05-19,2025-05,Online,Completed,True,P005,Lamp 005,Lighting,65.00,3,65.00,0.05,0,,195.00,9.7500,185.2500,0.0000,185.2500,3,0,753,312,157,6
L000753,O00311,C0156,Customer 0156,South,Consumer,customer156@example.com,2025-05-19,2025-05,Online,Completed,True,P007,Shelf 007,Storage,35.00,3,35.00,0.10,0,,105.00,10.5000,94.5000,0.0000,94.5000,3,0,754,312,157,8
L000754,O00311,C0156,Customer 0156,South,Consumer,customer156@example.com,2025-05-19,2025-05,Online,Completed,True,P002,Chair 002,Furniture,284.00,2,284.00,0.05,0,,568.00,28.4000,539.6000,0.0000,539.6000,2,0,755,312,157,3
L000755,O00312,C0085,Customer 0085,South,Consumer,customer85@example.com,2025-09-28,2025-09,Store,Completed,True,P024,Desk 024,Furniture,81.00,4,81.00,0.10,0,,324.00,32.4000,291.6000,0.0000,291.6000,4,0,756,313,86,25
L000756,O00312,C0085,Customer 0085,South,Consumer,customer85@example.com,2025-09-28,2025-09,Store,Completed,True,P022,Chair 022,Furniture,134.00,3,134.00,0.05,0,,402.00,20.1000,381.9000,0.0000,381.9000,3,0,757,313,86,23
L000757,O00312,C0085,Customer 0085,South,Consumer,customer85@example.com,2025-09-28,2025-09,Store,Completed,True,P001,Lamp 001,Lighting,122.00,1,122.00,0.10,0,,122.00,12.2000,109.8000,0.0000,109.8000,1,0,758,313,86,2
L000758,O00313,C0135,Customer 0135,West,Consumer,customer135@example.com,2025-11-13,2025-11,Online,Completed,True,P009,Lamp 009,Lighting,93.00,1,93.00,0.00,0,,93.00,0.0000,93.0000,0.0000,93.0000,1,0,759,314,136,10
L000759,O00314,C0107,Customer 0107,South,Consumer,customer107@example.com,2025-11-14,2025-11,Online,Completed,True,P010,Chair 010,Furniture,211.00,4,211.00,0.10,0,,844.00,84.4000,759.6000,0.0000,759.6000,4,0,760,315,108,11
L000760,O00314,C0107,Customer 0107,South,Consumer,customer107@example.com,2025-11-14,2025-11,Online,Completed,True,P011,Shelf 011,Storage,80.00,1,80.00,0.20,1,2025-12-06,80.00,16.0000,64.0000,64.0000,0.0000,1,1,761,315,108,12
L000761,O00314,C0107,Customer 0107,South,Consumer,customer107@example.com,2025-11-14,2025-11,Online,Completed,True,P005,Lamp 005,Lighting,65.00,5,65.00,0.10,0,,325.00,32.5000,292.5000,0.0000,292.5000,5,0,762,315,108,6
L000762,O00314,C0107,Customer 0107,South,Consumer,customer107@example.com,2025-11-14,2025-11,Online,Completed,True,P006,Chair 006,Furniture,196.00,4,196.00,0.00,0,,784.00,0.0000,784.0000,0.0000,784.0000,4,0,763,315,108,7
L000763,O00315,C0085,Customer 0085,South,Consumer,customer85@example.com,2025-08-09,2025-08,Store,Completed,True,P009,Lamp 009,Lighting,93.00,5,93.00,0.05,0,,465.00,23.2500,441.7500,0.0000,441.7500,5,0,764,316,86,10
L000764,O00316,C0215,Customer 0215,North,Consumer,customer215@example.com,2025-08-27,2025-08,Online,Completed,True,P003,Shelf 003,Storage,199.00,2,199.00,0.00,0,,398.00,0.0000,398.0000,0.0000,398.0000,2,0,765,317,216,4
L000765,O00316,C0215,Customer 0215,North,Consumer,customer215@example.com,2025-08-27,2025-08,Online,Completed,True,P024,Desk 024,Furniture,81.00,1,81.00,0.10,0,,81.00,8.1000,72.9000,0.0000,72.9000,1,0,766,317,216,25
L000766,O00316,C0215,Customer 0215,North,Consumer,customer215@example.com,2025-08-27,2025-08,Online,Completed,True,P004,Desk 004,Furniture,123.00,3,123.00,0.10,0,,369.00,36.9000,332.1000,0.0000,332.1000,3,0,767,317,216,5
L000767,O00316,C0215,Customer 0215,North,Consumer,customer215@example.com,2025-08-27,2025-08,Online,Completed,True,P022,Chair 022,Furniture,134.00,2,134.00,0.20,0,,268.00,53.6000,214.4000,0.0000,214.4000,2,0,768,317,216,23
L000768,O00317,C0244,Customer 0244,South,Consumer,customer244@example.com,2025-08-06,2025-08,Online,Completed,True,P012,Desk 012,Furniture,134.00,4,134.00,0.20,0,,536.00,107.2000,428.8000,0.0000,428.8000,4,0,769,318,245,13
L000769,O00317,C0244,Customer 0244,South,Consumer,customer244@example.com,2025-08-06,2025-08,Online,Completed,True,P024,Desk 024,Furniture,81.00,1,81.00,0.20,0,,81.00,16.2000,64.8000,0.0000,64.8000,1,0,770,318,245,25
L000770,O00317,C0244,Customer 0244,South,Consumer,customer244@example.com,2025-08-06,2025-08,Online,Completed,True,P001,Lamp 001,Lighting,122.00,2,122.00,0.20,0,,244.00,48.8000,195.2000,0.0000,195.2000,2,0,771,318,245,2
L000771,O00318,C0299,Customer 0299,North,Consumer,customer299@example.com,2025-06-10,2025-06,Online,Completed,True,P024,Desk 024,Furniture,81.00,3,81.00,0.20,0,,243.00,48.6000,194.4000,0.0000,194.4000,3,0,772,319,300,25
L000772,O00318,C0299,Customer 0299,North,Consumer,customer299@example.com,2025-06-10,2025-06,Online,Completed,True,P001,Lamp 001,Lighting,122.00,3,122.00,0.20,0,,366.00,73.2000,292.8000,0.0000,292.8000,3,0,773,319,300,2
L000773,O00318,C0299,Customer 0299,North,Consumer,customer299@example.com,2025-06-10,2025-06,Online,Completed,True,P011,Shelf 011,Storage,80.00,2,80.00,0.20,0,,160.00,32.0000,128.0000,0.0000,128.0000,2,0,774,319,300,12
L000774,O00318,C0299,Customer 0299,North,Consumer,customer299@example.com,2025-06-10,2025-06,Online,Completed,True,P004,Desk 004,Furniture,123.00,2,123.00,0.10,0,,246.00,24.6000,221.4000,0.0000,221.4000,2,0,775,319,300,5
L000775,O00319,C0068,Customer 0068,West,Consumer,customer68@example.com,2025-07-21,2025-07,Store,Completed,True,P001,Lamp 001,Lighting,122.00,3,122.00,0.00,0,,366.00,0.0000,366.0000,0.0000,366.0000,3,0,776,320,69,2
L000776,O00320,C0245,Customer 0245,North,Consumer,customer245@example.com,2025-04-25,2025-04,Online,Completed,True,P009,Lamp 009,Lighting,93.00,4,93.00,0.05,0,,372.00,18.6000,353.4000,0.0000,353.4000,4,0,777,321,246,10
L000777,O00320,C0245,Customer 0245,North,Consumer,customer245@example.com,2025-04-25,2025-04,Online,Completed,True,P021,Lamp 021,Lighting,249.00,3,249.00,0.00,0,,747.00,0.0000,747.0000,0.0000,747.0000,3,0,778,321,246,22
L000778,O00320,C0245,Customer 0245,North,Consumer,customer245@example.com,2025-04-25,2025-04,Online,Completed,True,P005,Lamp 005,Lighting,65.00,4,65.00,0.05,0,,260.00,13.0000,247.0000,0.0000,247.0000,4,0,779,321,246,6
L000779,O00321,C0182,Customer 0182,West,Business,customer182@example.com,2025-12-17,2025-12,Store,Completed,True,P005,Lamp 005,Lighting,65.00,3,65.00,0.20,0,,195.00,39.0000,156.0000,0.0000,156.0000,3,0,780,322,183,6
L000780,O00321,C0182,Customer 0182,West,Business,customer182@example.com,2025-12-17,2025-12,Store,Completed,True,P004,Desk 004,Furniture,123.00,4,123.00,0.10,1,2025-12-21,492.00,49.2000,442.8000,442.8000,0.0000,4,4,781,322,183,5
L000781,O00321,C0182,Customer 0182,West,Business,customer182@example.com,2025-12-17,2025-12,Store,Completed,True,P009,Lamp 009,Lighting,93.00,5,93.00,0.20,1,2026-01-04,465.00,93.0000,372.0000,372.0000,0.0000,5,5,782,322,183,10
L000782,O00321,C0182,Customer 0182,West,Business,customer182@example.com,2025-12-17,2025-12,Store,Completed,True,P022,Chair 022,Furniture,134.00,5,134.00,0.05,0,,670.00,33.5000,636.5000,0.0000,636.5000,5,0,783,322,183,23
L000783,O00322,C0146,Customer 0146,South,Consumer,customer146@example.com,2025-06-26,2025-06,Online,Completed,True,P012,Desk 012,Furniture,134.00,2,134.00,0.10,0,,268.00,26.8000,241.2000,0.0000,241.2000,2,0,784,323,147,13
L000784,O00323,C0137,Customer 0137,South,Consumer,,2025-01-12,2025-01,Store,Completed,True,P008,Desk 008,Furniture,188.00,5,188.00,0.20,0,,940.00,188.0000,752.0000,0.0000,752.0000,5,0,785,324,138,9
L000785,O00324,C0271,Customer 0271,West,Consumer,customer271@example.com,2025-06-03,2025-06,Store,Completed,True,P005,Lamp 005,Lighting,65.00,1,65.00,0.20,0,,65.00,13.0000,52.0000,0.0000,52.0000,1,0,786,325,272,6
L000786,O00324,C0271,Customer 0271,West,Consumer,customer271@example.com,2025-06-03,2025-06,Store,Completed,True,P006,Chair 006,Furniture,196.00,5,196.00,0.05,1,2025-06-12,980.00,49.0000,931.0000,372.4000,558.6000,5,2,787,325,272,7
L000787,O00324,C0271,Customer 0271,West,Consumer,customer271@example.com,2025-06-03,2025-06,Store,Completed,True,P012,Desk 012,Furniture,134.00,3,134.00,0.10,0,,402.00,40.2000,361.8000,0.0000,361.8000,3,0,788,325,272,13
L000788,O00324,C0271,Customer 0271,West,Consumer,customer271@example.com,2025-06-03,2025-06,Store,Completed,True,P014,Chair 014,Furniture,294.00,3,294.00,0.05,0,,882.00,44.1000,837.9000,0.0000,837.9000,3,0,789,325,272,15
L000789,O00325,C0175,Customer 0175,North,Consumer,customer175@example.com,2025-09-11,2025-09,Online,Completed,True,P018,Chair 018,Furniture,269.00,2,269.00,0.20,0,,538.00,107.6000,430.4000,0.0000,430.4000,2,0,790,326,176,19
L000790,O00325,C0175,Customer 0175,North,Consumer,customer175@example.com,2025-09-11,2025-09,Online,Completed,True,P013,Lamp 013,Lighting,271.00,2,271.00,0.20,0,,542.00,108.4000,433.6000,0.0000,433.6000,2,0,791,326,176,14
L000791,O00325,C0175,Customer 0175,North,Consumer,customer175@example.com,2025-09-11,2025-09,Online,Completed,True,P014,Chair 014,Furniture,294.00,4,294.00,0.00,0,,1176.00,0.0000,1176.0000,0.0000,1176.0000,4,0,792,326,176,15
L000792,O00326,C0233,Customer 0233,South,Business,customer233@example.com,2025-06-10,2025-06,Online,Completed,True,P010,Chair 010,Furniture,211.00,3,211.00,0.00,0,,633.00,0.0000,633.0000,0.0000,633.0000,3,0,793,327,234,11
L000793,O00326,C0233,Customer 0233,South,Business,customer233@example.com,2025-06-10,2025-06,Online,Completed,True,P006,Chair 006,Furniture,196.00,3,196.00,0.05,0,,588.00,29.4000,558.6000,0.0000,558.6000,3,0,794,327,234,7
L000794,O00326,C0233,Customer 0233,South,Business,customer233@example.com,2025-06-10,2025-06,Online,Completed,True,P012,Desk 012,Furniture,134.00,3,134.00,0.20,0,,402.00,80.4000,321.6000,0.0000,321.6000,3,0,795,327,234,13
L000795,O00326,C0233,Customer 0233,South,Business,customer233@example.com,2025-06-10,2025-06,Online,Completed,True,P021,Lamp 021,Lighting,249.00,1,249.00,0.05,0,,249.00,12.4500,236.5500,0.0000,236.5500,1,0,796,327,234,22
L000796,O00327,C0091,Customer 0091,North,Business,customer91@example.com,2025-07-26,2025-07,Online,Completed,True,P007,Shelf 007,Storage,35.00,5,35.00,0.20,0,,175.00,35.0000,140.0000,0.0000,140.0000,5,0,797,328,92,8
L000797,O00328,C0051,Customer 0051,West,Consumer,customer51@example.com,2025-02-23,2025-02,Online,Completed,True,P024,Desk 024,Furniture,81.00,3,81.00,0.20,0,,243.00,48.6000,194.4000,0.0000,194.4000,3,0,798,329,52,25
L000798,O00329,C0059,Customer 0059,South,Business,customer59@example.com,2025-10-16,2025-10,Store,Completed,True,P003,Shelf 003,Storage,199.00,2,199.00,0.10,0,,398.00,39.8000,358.2000,0.0000,358.2000,2,0,799,330,60,4
L000799,O00329,C0059,Customer 0059,South,Business,customer59@example.com,2025-10-16,2025-10,Store,Completed,True,P015,Shelf 015,Storage,254.00,2,254.00,0.00,0,,508.00,0.0000,508.0000,0.0000,508.0000,2,0,800,330,60,16
L000800,O00329,C0059,Customer 0059,South,Business,customer59@example.com,2025-10-16,2025-10,Store,Completed,True,P007,Shelf 007,Storage,35.00,3,35.00,0.10,1,2025-10-17,105.00,10.5000,94.5000,94.5000,0.0000,3,3,801,330,60,8
L000801,O00330,C0287,Customer 0287,South,Consumer,customer287@example.com,2025-03-12,2025-03,Store,Completed,True,P002,Chair 002,Furniture,284.00,2,284.00,0.10,0,,568.00,56.8000,511.2000,0.0000,511.2000,2,0,802,331,288,3
L000802,O00330,C0287,Customer 0287,South,Consumer,customer287@example.com,2025-03-12,2025-03,Store,Completed,True,P009,Lamp 009,Lighting,93.00,3,93.00,0.00,0,,279.00,0.0000,279.0000,0.0000,279.0000,3,0,803,331,288,10
L000803,O00330,C0287,Customer 0287,South,Consumer,customer287@example.com,2025-03-12,2025-03,Store,Completed,True,P021,Lamp 021,Lighting,249.00,4,249.00,0.05,1,2025-03-25,996.00,49.8000,946.2000,473.1000,473.1000,4,2,804,331,288,22
L000804,O00330,C0287,Customer 0287,South,Consumer,customer287@example.com,2025-03-12,2025-03,Store,Completed,True,P014,Chair 014,Furniture,294.00,4,294.00,0.05,0,,1176.00,58.8000,1117.2000,0.0000,1117.2000,4,0,805,331,288,15
L000805,O00331,C0148,Customer 0148,East,Consumer,customer148@example.com,2025-04-25,2025-04,Online,Completed,True,P005,Lamp 005,Lighting,65.00,4,65.00,0.05,0,,260.00,13.0000,247.0000,0.0000,247.0000,4,0,806,332,149,6
L000806,O00331,C0148,Customer 0148,East,Consumer,customer148@example.com,2025-04-25,2025-04,Online,Completed,True,P013,Lamp 013,Lighting,271.00,1,271.00,0.20,0,,271.00,54.2000,216.8000,0.0000,216.8000,1,0,807,332,149,14
L000807,O00332,C0181,Customer 0181,West,Business,customer181@example.com,2025-05-02,2025-05,Store,Completed,True,P009,Lamp 009,Lighting,93.00,4,93.00,0,0,,372.00,0.00,372.00,0.00,372.00,4,0,808,333,182,10
L000808,O00332,C0181,Customer 0181,West,Business,customer181@example.com,2025-05-02,2025-05,Store,Completed,True,P014,Chair 014,Furniture,294.00,3,294.00,0.20,0,,882.00,176.4000,705.6000,0.0000,705.6000,3,0,809,333,182,15
L000809,O00332,C0181,Customer 0181,West,Business,customer181@example.com,2025-05-02,2025-05,Store,Completed,True,P001,Lamp 001,Lighting,122.00,3,122.00,0.20,0,,366.00,73.2000,292.8000,0.0000,292.8000,3,0,810,333,182,2
L000810,O00332,C0181,Customer 0181,West,Business,customer181@example.com,2025-05-02,2025-05,Store,Completed,True,P021,Lamp 021,Lighting,249.00,4,249.00,0.20,1,2025-05-19,996.00,199.2000,796.8000,398.4000,398.4000,4,2,811,333,182,22
L000811,O00333,C0224,Customer 0224,West,Consumer,customer224@example.com,2025-07-24,2025-07,Store,Completed,True,P001,Lamp 001,Lighting,122.00,2,122.00,0.20,0,,244.00,48.8000,195.2000,0.0000,195.2000,2,0,812,334,225,2
L000812,O00333,C0224,Customer 0224,West,Consumer,customer224@example.com,2025-07-24,2025-07,Store,Completed,True,P004,Desk 004,Furniture,123.00,3,123.00,0.20,0,,369.00,73.8000,295.2000,0.0000,295.2000,3,0,813,334,225,5
L000813,O00334,C0129,Customer 0129,North,Business,customer129@example.com,2025-10-04,2025-10,Store,Completed,True,P024,Desk 024,Furniture,81.00,5,81.00,0.20,0,,405.00,81.0000,324.0000,0.0000,324.0000,5,0,814,335,130,25
L000814,O00334,C0129,Customer 0129,North,Business,customer129@example.com,2025-10-04,2025-10,Store,Completed,True,P024,Desk 024,Furniture,81.00,1,81.00,0.20,0,,81.00,16.2000,64.8000,0.0000,64.8000,1,0,815,335,130,25
L000815,O00334,C0129,Customer 0129,North,Business,customer129@example.com,2025-10-04,2025-10,Store,Completed,True,P017,Lamp 017,Lighting,300.00,2,300.00,0.05,1,2025-10-26,600.00,30.0000,570.0000,285.0000,285.0000,2,1,816,335,130,18
L000816,O00334,C0129,Customer 0129,North,Business,customer129@example.com,2025-10-04,2025-10,Store,Completed,True,P009,Lamp 009,Lighting,93.00,2,93.00,0.10,1,2025-10-17,186.00,18.6000,167.4000,83.7000,83.7000,2,1,817,335,130,10
L000817,O00335,C0065,Customer 0065,East,Consumer,customer65@example.com,2025-04-17,2025-04,Online,Completed,True,P003,Shelf 003,Storage,199.00,4,199.00,0.00,0,,796.00,0.0000,796.0000,0.0000,796.0000,4,0,818,336,66,4
L000818,O00336,C0263,Customer 0263,East,Business,customer263@example.com,2025-11-25,2025-11,Store,Cancelled,False,P016,Desk 016,Furniture,231.00,2,231.00,0.00,0,,462.00,0.0000,462.0000,0.0000,462.0000,2,0,819,337,264,17
L000819,O00336,C0263,Customer 0263,East,Business,customer263@example.com,2025-11-25,2025-11,Store,Cancelled,False,P019,Shelf 019,Storage,78.00,4,78.00,0.10,0,,312.00,31.2000,280.8000,0.0000,280.8000,4,0,820,337,264,20
L000820,O00336,C0263,Customer 0263,East,Business,customer263@example.com,2025-11-25,2025-11,Store,Cancelled,False,P009,Lamp 009,Lighting,93.00,4,93.00,0.00,0,,372.00,0.0000,372.0000,0.0000,372.0000,4,0,821,337,264,10
L000821,O00337,C0198,Customer 0198,West,Consumer,customer198@example.com,2025-10-22,2025-10,Online,Completed,True,P004,Desk 004,Furniture,123.00,5,123.00,0.10,1,2025-11-20,615.00,61.5000,553.5000,553.5000,0.0000,5,5,822,338,199,5
L000822,O00338,C0179,Customer 0179,East,Consumer,customer179@example.com,2025-07-05,2025-07,Online,Completed,True,P017,Lamp 017,Lighting,300.00,2,300.00,0.10,0,,600.00,60.0000,540.0000,0.0000,540.0000,2,0,823,339,180,18
L000823,O00338,C0179,Customer 0179,East,Consumer,customer179@example.com,2025-07-05,2025-07,Online,Completed,True,P001,Lamp 001,Lighting,122.00,4,122.00,0.00,0,,488.00,0.0000,488.0000,0.0000,488.0000,4,0,824,339,180,2
L000824,O00338,C0179,Customer 0179,East,Consumer,customer179@example.com,2025-07-05,2025-07,Online,Completed,True,P018,Chair 018,Furniture,269.00,1,269.00,0.05,0,,269.00,13.4500,255.5500,0.0000,255.5500,1,0,825,339,180,19
L000825,O00338,C0179,Customer 0179,East,Consumer,customer179@example.com,2025-07-05,2025-07,Online,Completed,True,P017,Lamp 017,Lighting,300.00,4,300.00,0.20,1,2025-07-15,1200.00,240.0000,960.0000,480.0000,480.0000,4,2,826,339,180,18
L000826,O00339,C0183,Customer 0183,East,Consumer,customer183@example.com,2025-04-05,2025-04,Online,Completed,True,P006,Chair 006,Furniture,196.00,2,196.00,0.10,0,,392.00,39.2000,352.8000,0.0000,352.8000,2,0,827,340,184,7
L000827,O00340,C0293,Customer 0293,North,Business,customer293@example.com,2025-11-21,2025-11,Store,Completed,True,P018,Chair 018,Furniture,269.00,5,269.00,0.00,0,,1345.00,0.0000,1345.0000,0.0000,1345.0000,5,0,828,341,294,19
L000828,O00341,C0203,Customer 0203,South,Business,customer203@example.com,2025-07-20,2025-07,Store,Completed,True,P012,Desk 012,Furniture,134.00,5,134.00,0.00,0,,670.00,0.0000,670.0000,0.0000,670.0000,5,0,829,342,204,13
L000829,O00341,C0203,Customer 0203,South,Business,customer203@example.com,2025-07-20,2025-07,Store,Completed,True,P004,Desk 004,Furniture,123.00,4,123.00,0.10,0,,492.00,49.2000,442.8000,0.0000,442.8000,4,0,830,342,204,5
L000830,O00341,C0203,Customer 0203,South,Business,customer203@example.com,2025-07-20,2025-07,Store,Completed,True,P021,Lamp 021,Lighting,249.00,2,249.00,0.00,0,,498.00,0.0000,498.0000,0.0000,498.0000,2,0,831,342,204,22
L000831,O00341,C0203,Customer 0203,South,Business,customer203@example.com,2025-07-20,2025-07,Store,Completed,True,P008,Desk 008,Furniture,188.00,4,188.00,0.10,0,,752.00,75.2000,676.8000,0.0000,676.8000,4,0,832,342,204,9
L000832,O00342,C0024,Customer 0024,South,Business,customer24@example.com,2025-10-13,2025-10,Online,Completed,True,P018,Chair 018,Furniture,269.00,5,269.00,0.00,1,2025-10-17,1345.00,0.0000,1345.0000,269.0000,1076.0000,5,1,833,343,25,19
L000833,O00342,C0024,Customer 0024,South,Business,customer24@example.com,2025-10-13,2025-10,Online,Completed,True,P005,Lamp 005,Lighting,65.00,5,65.00,0.10,0,,325.00,32.5000,292.5000,0.0000,292.5000,5,0,834,343,25,6
L000834,O00342,C0024,Customer 0024,South,Business,customer24@example.com,2025-10-13,2025-10,Online,Completed,True,P022,Chair 022,Furniture,134.00,1,134.00,0.00,0,,134.00,0.0000,134.0000,0.0000,134.0000,1,0,835,343,25,23
L000835,O00342,C0024,Customer 0024,South,Business,customer24@example.com,2025-10-13,2025-10,Online,Completed,True,P020,Desk 020,Furniture,189.00,2,189.00,0.05,0,,378.00,18.9000,359.1000,0.0000,359.1000,2,0,836,343,25,21
L000836,O00343,C0100,Customer 0100,West,Consumer,customer100@example.com,2025-11-14,2025-11,Store,Cancelled,False,P015,Shelf 015,Storage,254.00,1,254.00,0.05,0,,254.00,12.7000,241.3000,0.0000,241.3000,1,0,837,344,101,16
L000837,O00343,C0100,Customer 0100,West,Consumer,customer100@example.com,2025-11-14,2025-11,Store,Cancelled,False,P015,Shelf 015,Storage,254.00,5,254.00,0.20,0,,1270.00,254.0000,1016.0000,0.0000,1016.0000,5,0,838,344,101,16
L000838,O00343,C0100,Customer 0100,West,Consumer,customer100@example.com,2025-11-14,2025-11,Store,Cancelled,False,P012,Desk 012,Furniture,134.00,1,134.00,0.1,0,,134.00,13.400,120.600,0.000,120.600,1,0,839,344,101,13
L000839,O00343,C0100,Customer 0100,West,Consumer,customer100@example.com,2025-11-14,2025-11,Store,Cancelled,False,P015,Shelf 015,Storage,254.00,5,254.00,0.10,0,,1270.00,127.0000,1143.0000,0.0000,1143.0000,5,0,840,344,101,16
L000840,O00344,C0156,Customer 0156,South,Consumer,customer156@example.com,2025-06-25,2025-06,Online,Completed,True,P002,Chair 002,Furniture,284.00,1,284.00,0.05,0,,284.00,14.2000,269.8000,0.0000,269.8000,1,0,841,345,157,3
L000841,O00345,C0121,Customer 0121,West,Business,customer121@example.com,2025-06-09,2025-06,Store,Completed,True,P016,Desk 016,Furniture,231.00,2,231.00,0.10,0,,462.00,46.2000,415.8000,0.0000,415.8000,2,0,842,346,122,17
L000842,O00345,C0121,Customer 0121,West,Business,customer121@example.com,2025-06-09,2025-06,Store,Completed,True,P009,Lamp 009,Lighting,93.00,1,93.00,0.00,1,2025-06-26,93.00,0.0000,93.0000,93.0000,0.0000,1,1,843,346,122,10
L000843,O00345,C0121,Customer 0121,West,Business,customer121@example.com,2025-06-09,2025-06,Store,Completed,True,P010,Chair 010,Furniture,211.00,2,211.00,0.00,0,,422.00,0.0000,422.0000,0.0000,422.0000,2,0,844,346,122,11
L000844,O00346,C0183,Customer 0183,East,Consumer,customer183@example.com,2025-11-26,2025-11,Store,Cancelled,False,P023,Shelf 023,Storage,68.00,4,68.00,0.05,0,,272.00,13.6000,258.4000,0.0000,258.4000,4,0,845,347,184,24
L000845,O00346,C0183,Customer 0183,East,Consumer,customer183@example.com,2025-11-26,2025-11,Store,Cancelled,False,P004,Desk 004,Furniture,123.00,5,123.00,0.05,0,,615.00,30.7500,584.2500,0.0000,584.2500,5,0,846,347,184,5
L000846,O00346,C0183,Customer 0183,East,Consumer,customer183@example.com,2025-11-26,2025-11,Store,Cancelled,False,P023,Shelf 023,Storage,68.00,5,68.00,0.20,0,,340.00,68.0000,272.0000,0.0000,272.0000,5,0,847,347,184,24
L000847,O00346,C0183,Customer 0183,East,Consumer,customer183@example.com,2025-11-26,2025-11,Store,Cancelled,False,P003,Shelf 003,Storage,199.00,5,199.00,0.05,0,,995.00,49.7500,945.2500,0.0000,945.2500,5,0,848,347,184,4
L000848,O00347,C0212,Customer 0212,East,Consumer,customer212@example.com,2025-06-22,2025-06,Store,Cancelled,False,P009,Lamp 009,Lighting,93.00,1,93.00,0.10,0,,93.00,9.3000,83.7000,0.0000,83.7000,1,0,849,348,213,10
L000849,O00347,C0212,Customer 0212,East,Consumer,customer212@example.com,2025-06-22,2025-06,Store,Cancelled,False,P008,Desk 008,Furniture,188.00,2,188.00,0.10,0,,376.00,37.6000,338.4000,0.0000,338.4000,2,0,850,348,213,9
L000850,O00348,C0259,Customer 0259,North,Business,customer259@example.com,2025-08-29,2025-08,Online,Completed,True,P016,Desk 016,Furniture,231.00,5,231.00,0.00,0,,1155.00,0.0000,1155.0000,0.0000,1155.0000,5,0,851,349,260,17
L000851,O00349,C0109,Customer 0109,West,Business,customer109@example.com,2025-02-28,2025-02,Store,Completed,True,P019,Shelf 019,Storage,78.00,1,78.00,0.20,1,2025-03-11,78.00,15.6000,62.4000,62.4000,0.0000,1,1,852,350,110,20
L000852,O00350,C0106,Customer 0106,East,Business,customer106@example.com,2025-10-02,2025-10,Online,Completed,True,P002,Chair 002,Furniture,284.00,5,284.00,0.20,0,,1420.00,284.0000,1136.0000,0.0000,1136.0000,5,0,853,351,107,3
L000853,O00350,C0106,Customer 0106,East,Business,customer106@example.com,2025-10-02,2025-10,Online,Completed,True,P016,Desk 016,Furniture,231.00,2,231.00,0.10,0,,462.00,46.2000,415.8000,0.0000,415.8000,2,0,854,351,107,17
L000854,O00351,C0188,Customer 0188,South,Business,,2025-11-19,2025-11,Online,Completed,True,P021,Lamp 021,Lighting,249.00,4,249.00,0.20,0,,996.00,199.2000,796.8000,0.0000,796.8000,4,0,855,352,189,22
L000855,O00351,C0188,Customer 0188,South,Business,,2025-11-19,2025-11,Online,Completed,True,P021,Lamp 021,Lighting,249.00,2,249.00,0.05,0,,498.00,24.9000,473.1000,0.0000,473.1000,2,0,856,352,189,22
L000856,O00351,C0188,Customer 0188,South,Business,,2025-11-19,2025-11,Online,Completed,True,P014,Chair 014,Furniture,294.00,1,294.00,0.10,0,,294.00,29.4000,264.6000,0.0000,264.6000,1,0,857,352,189,15
L000857,O00352,C0166,Customer 0166,North,Business,customer166@example.com,2025-04-17,2025-04,Store,Completed,True,P001,Lamp 001,Lighting,122.00,2,122.00,0.10,0,,244.00,24.4000,219.6000,0.0000,219.6000,2,0,858,353,167,2
L000858,O00352,C0166,Customer 0166,North,Business,customer166@example.com,2025-04-17,2025-04,Store,Completed,True,P004,Desk 004,Furniture,123.00,2,123.00,0.20,0,,246.00,49.2000,196.8000,0.0000,196.8000,2,0,859,353,167,5
L000859,O00352,C0166,Customer 0166,North,Business,customer166@example.com,2025-04-17,2025-04,Store,Completed,True,P011,Shelf 011,Storage,80.00,4,80.00,0.20,0,,320.00,64.0000,256.0000,0.0000,256.0000,4,0,860,353,167,12
L000860,O00352,C0166,Customer 0166,North,Business,customer166@example.com,2025-04-17,2025-04,Store,Completed,True,P015,Shelf 015,Storage,254.00,5,254.00,0.05,0,,1270.00,63.5000,1206.5000,0.0000,1206.5000,5,0,861,353,167,16
L000861,O00353,C0176,Customer 0176,North,Consumer,customer176@example.com,2025-07-18,2025-07,Online,Completed,True,P001,Lamp 001,Lighting,122.00,3,122.00,0.10,1,2025-07-31,366.00,36.6000,329.4000,219.6000,109.8000,3,2,862,354,177,2
L000862,O00353,C0176,Customer 0176,North,Consumer,customer176@example.com,2025-07-18,2025-07,Online,Completed,True,P023,Shelf 023,Storage,68.00,5,68.00,0.10,0,,340.00,34.0000,306.0000,0.0000,306.0000,5,0,863,354,177,24
L000863,O00354,C0054,Customer 0054,East,Business,customer54@example.com,2025-08-20,2025-08,Store,Completed,True,P020,Desk 020,Furniture,189.00,4,189.00,0.00,0,,756.00,0.0000,756.0000,0.0000,756.0000,4,0,864,355,55,21
L000864,O00354,C0054,Customer 0054,East,Business,customer54@example.com,2025-08-20,2025-08,Store,Completed,True,P017,Lamp 017,Lighting,300.00,2,300.00,0.00,0,,600.00,0.0000,600.0000,0.0000,600.0000,2,0,865,355,55,18
L000865,O00355,C0136,Customer 0136,West,Consumer,customer136@example.com,2025-02-11,2025-02,Online,Cancelled,False,P002,Chair 002,Furniture,284.00,3,284.00,0.05,0,,852.00,42.6000,809.4000,0.0000,809.4000,3,0,866,356,137,3
L000866,O00355,C0136,Customer 0136,West,Consumer,customer136@example.com,2025-02-11,2025-02,Online,Cancelled,False,P011,Shelf 011,Storage,80.00,4,80.00,0.20,0,,320.00,64.0000,256.0000,0.0000,256.0000,4,0,867,356,137,12
L000867,O00355,C0136,Customer 0136,West,Consumer,customer136@example.com,2025-02-11,2025-02,Online,Cancelled,False,P018,Chair 018,Furniture,269.00,1,269.00,0.20,0,,269.00,53.8000,215.2000,0.0000,215.2000,1,0,868,356,137,19
L000868,O00356,C0041,Customer 0041,West,Business,customer41@example.com,2025-12-28,2025-12,Online,Completed,True,P011,Shelf 011,Storage,80.00,1,80.00,0.00,0,,80.00,0.0000,80.0000,0.0000,80.0000,1,0,869,357,42,12
L000869,O00356,C0041,Customer 0041,West,Business,customer41@example.com,2025-12-28,2025-12,Online,Completed,True,P019,Shelf 019,Storage,78.00,3,78.00,0.05,0,,234.00,11.7000,222.3000,0.0000,222.3000,3,0,870,357,42,20
L000870,O00356,C0041,Customer 0041,West,Business,customer41@example.com,2025-12-28,2025-12,Online,Completed,True,P013,Lamp 013,Lighting,271.00,4,271.00,0.05,0,,1084.00,54.2000,1029.8000,0.0000,1029.8000,4,0,871,357,42,14
L000871,O00357,C0191,Customer 0191,North,Consumer,customer191@example.com,2025-02-09,2025-02,Store,Completed,True,P013,Lamp 013,Lighting,271.00,1,271.00,0.05,0,,271.00,13.5500,257.4500,0.0000,257.4500,1,0,872,358,192,14
L000872,O00357,C0191,Customer 0191,North,Consumer,customer191@example.com,2025-02-09,2025-02,Store,Completed,True,P018,Chair 018,Furniture,269.00,3,269.00,0.10,1,2025-02-12,807.00,80.7000,726.3000,242.1000,484.2000,3,1,873,358,192,19
L000873,O00357,C0191,Customer 0191,North,Consumer,customer191@example.com,2025-02-09,2025-02,Store,Completed,True,P003,Shelf 003,Storage,199.00,4,199.00,0.00,0,,796.00,0.0000,796.0000,0.0000,796.0000,4,0,874,358,192,4
L000874,O00357,C0191,Customer 0191,North,Consumer,customer191@example.com,2025-02-09,2025-02,Store,Completed,True,P015,Shelf 015,Storage,254.00,5,254.00,0.20,0,,1270.00,254.0000,1016.0000,0.0000,1016.0000,5,0,875,358,192,16
L000875,O00358,C0155,Customer 0155,South,Business,customer155@example.com,2025-03-21,2025-03,Online,Completed,True,P014,Chair 014,Furniture,294.00,5,294.00,0.20,0,,1470.00,294.0000,1176.0000,0.0000,1176.0000,5,0,876,359,156,15
L000876,O00358,C0155,Customer 0155,South,Business,customer155@example.com,2025-03-21,2025-03,Online,Completed,True,P016,Desk 016,Furniture,231.00,2,231.00,0.05,0,,462.00,23.1000,438.9000,0.0000,438.9000,2,0,877,359,156,17
L000877,O00358,C0155,Customer 0155,South,Business,customer155@example.com,2025-03-21,2025-03,Online,Completed,True,P021,Lamp 021,Lighting,249.00,2,249.00,0.20,0,,498.00,99.6000,398.4000,0.0000,398.4000,2,0,878,359,156,22
L000878,O00358,C0155,Customer 0155,South,Business,customer155@example.com,2025-03-21,2025-03,Online,Completed,True,P003,Shelf 003,Storage,199.00,5,199.00,0.05,0,,995.00,49.7500,945.2500,0.0000,945.2500,5,0,879,359,156,4
L000879,O00359,C0300,Customer 0300,West,Consumer,customer300@example.com,2025-09-10,2025-09,Online,Completed,True,P003,Shelf 003,Storage,199.00,4,199.00,0.20,0,,796.00,159.2000,636.8000,0.0000,636.8000,4,0,880,360,301,4
L000880,O00359,C0300,Customer 0300,West,Consumer,customer300@example.com,2025-09-10,2025-09,Online,Completed,True,P010,Chair 010,Furniture,211.00,1,211.00,0.20,0,,211.00,42.2000,168.8000,0.0000,168.8000,1,0,881,360,301,11
L000881,O00359,C0300,Customer 0300,West,Consumer,customer300@example.com,2025-09-10,2025-09,Online,Completed,True,P019,Shelf 019,Storage,78.00,4,78.00,0.05,0,,312.00,15.6000,296.4000,0.0000,296.4000,4,0,882,360,301,20
L000882,O00359,C0300,Customer 0300,West,Consumer,customer300@example.com,2025-09-10,2025-09,Online,Completed,True,P015,Shelf 015,Storage,254.00,3,254.00,0.00,0,,762.00,0.0000,762.0000,0.0000,762.0000,3,0,883,360,301,16
L000883,O00360,C0264,Customer 0264,South,Business,customer264@example.com,2025-01-12,2025-01,Online,Completed,True,P014,Chair 014,Furniture,294.00,4,294.00,0.10,0,,1176.00,117.6000,1058.4000,0.0000,1058.4000,4,0,884,361,265,15
L000884,O00360,C0264,Customer 0264,South,Business,customer264@example.com,2025-01-12,2025-01,Online,Completed,True,P014,Chair 014,Furniture,294.00,4,294.00,0.10,0,,1176.00,117.6000,1058.4000,0.0000,1058.4000,4,0,885,361,265,15
L000885,O00361,C0175,Customer 0175,North,Consumer,customer175@example.com,2025-03-12,2025-03,Store,Completed,True,P022,Chair 022,Furniture,134.00,2,134.00,0.20,0,,268.00,53.6000,214.4000,0.0000,214.4000,2,0,886,362,176,23
L000886,O00361,C0175,Customer 0175,North,Consumer,customer175@example.com,2025-03-12,2025-03,Store,Completed,True,P012,Desk 012,Furniture,134.00,3,134.00,0.10,0,,402.00,40.2000,361.8000,0.0000,361.8000,3,0,887,362,176,13
L000887,O00361,C0175,Customer 0175,North,Consumer,customer175@example.com,2025-03-12,2025-03,Store,Completed,True,P024,Desk 024,Furniture,81.00,2,81.00,0.05,0,,162.00,8.1000,153.9000,0.0000,153.9000,2,0,888,362,176,25
L000888,O00361,C0175,Customer 0175,North,Consumer,customer175@example.com,2025-03-12,2025-03,Store,Completed,True,P011,Shelf 011,Storage,80.00,2,80.00,0.10,0,,160.00,16.0000,144.0000,0.0000,144.0000,2,0,889,362,176,12
L000889,O00362,C0231,Customer 0231,West,Business,customer231@example.com,2025-04-14,2025-04,Store,Completed,True,P010,Chair 010,Furniture,211.00,4,211.00,0.00,0,,844.00,0.0000,844.0000,0.0000,844.0000,4,0,890,363,232,11
L000890,O00363,C0055,Customer 0055,East,Consumer,customer55@example.com,2025-02-24,2025-02,Online,Completed,True,P023,Shelf 023,Storage,68.00,5,68.00,0.20,0,,340.00,68.0000,272.0000,0.0000,272.0000,5,0,891,364,56,24
L000891,O00363,C0055,Customer 0055,East,Consumer,customer55@example.com,2025-02-24,2025-02,Online,Completed,True,P003,Shelf 003,Storage,199.00,3,199.00,0.20,0,,597.00,119.4000,477.6000,0.0000,477.6000,3,0,892,364,56,4
L000892,O00364,C0182,Customer 0182,West,Business,customer182@example.com,2025-06-04,2025-06,Online,Cancelled,False,P002,Chair 002,Furniture,284.00,4,284.00,0.20,0,,1136.00,227.2000,908.8000,0.0000,908.8000,4,0,893,365,183,3
L000893,O00364,C0182,Customer 0182,West,Business,customer182@example.com,2025-06-04,2025-06,Online,Cancelled,False,P015,Shelf 015,Storage,254.00,1,254.00,0.20,0,,254.00,50.8000,203.2000,0.0000,203.2000,1,0,894,365,183,16
L000894,O00365,C0195,Customer 0195,West,Business,customer195@example.com,2025-04-17,2025-04,Online,Completed,True,P024,Desk 024,Furniture,81.00,3,81.00,0.00,0,,243.00,0.0000,243.0000,0.0000,243.0000,3,0,895,366,196,25
L000895,O00365,C0195,Customer 0195,West,Business,customer195@example.com,2025-04-17,2025-04,Online,Completed,True,P007,Shelf 007,Storage,35.00,2,35.00,0.20,0,,70.00,14.0000,56.0000,0.0000,56.0000,2,0,896,366,196,8
L000896,O00365,C0195,Customer 0195,West,Business,customer195@example.com,2025-04-17,2025-04,Online,Completed,True,P006,Chair 006,Furniture,196.00,4,196.00,0.20,0,,784.00,156.8000,627.2000,0.0000,627.2000,4,0,897,366,196,7
L000897,O00365,C0195,Customer 0195,West,Business,customer195@example.com,2025-04-17,2025-04,Online,Completed,True,P023,Shelf 023,Storage,68.00,4,68.00,0.05,0,,272.00,13.6000,258.4000,0.0000,258.4000,4,0,898,366,196,24
L000898,O00366,C0221,Customer 0221,West,Business,customer221@example.com,2025-12-11,2025-12,Online,Completed,True,P013,Lamp 013,Lighting,271.00,1,271.00,0.20,0,,271.00,54.2000,216.8000,0.0000,216.8000,1,0,899,367,222,14
L000899,O00366,C0221,Customer 0221,West,Business,customer221@example.com,2025-12-11,2025-12,Online,Completed,True,P008,Desk 008,Furniture,188.00,2,188.00,0.10,0,,376.00,37.6000,338.4000,0.0000,338.4000,2,0,900,367,222,9
L000900,O00366,C0221,Customer 0221,West,Business,customer221@example.com,2025-12-11,2025-12,Online,Completed,True,P008,Desk 008,Furniture,188.00,3,188.00,0.1,0,,564.00,56.400,507.600,0.000,507.600,3,0,901,367,222,9
L000901,O00366,C0221,Customer 0221,West,Business,customer221@example.com,2025-12-11,2025-12,Online,Completed,True,P009,Lamp 009,Lighting,93.00,2,93.00,0.10,0,,186.00,18.6000,167.4000,0.0000,167.4000,2,0,902,367,222,10
L000902,O00367,C0254,Customer 0254,East,Business,customer254@example.com,2025-03-16,2025-03,Store,Completed,True,P018,Chair 018,Furniture,269.00,5,269.00,0.10,0,,1345.00,134.5000,1210.5000,0.0000,1210.5000,5,0,903,368,255,19
L000903,O00368,C0112,Customer 0112,South,Business,customer112@example.com,2025-11-10,2025-11,Online,Completed,True,P014,Chair 014,Furniture,294.00,2,294.00,0.05,0,,588.00,29.4000,558.6000,0.0000,558.6000,2,0,904,369,113,15
L000904,O00369,C0224,Customer 0224,West,Consumer,customer224@example.com,2025-04-30,2025-04,Store,Completed,True,P003,Shelf 003,Storage,199.00,5,199.00,0.20,1,2025-05-17,995.00,199.0000,796.0000,636.8000,159.2000,5,4,905,370,225,4
L000905,O00370,C0108,Customer 0108,East,Business,customer108@example.com,2025-03-19,2025-03,Store,Completed,True,P006,Chair 006,Furniture,196.00,4,196.00,0.00,0,,784.00,0.0000,784.0000,0.0000,784.0000,4,0,906,371,109,7
L000906,O00370,C0108,Customer 0108,East,Business,customer108@example.com,2025-03-19,2025-03,Store,Completed,True,P024,Desk 024,Furniture,81.00,2,81.00,0.05,0,,162.00,8.1000,153.9000,0.0000,153.9000,2,0,907,371,109,25
L000907,O00371,C0294,Customer 0294,South,Consumer,customer294@example.com,2025-05-09,2025-05,Store,Completed,True,P017,Lamp 017,Lighting,300.00,1,300.00,0.10,1,2025-06-05,300.00,30.0000,270.0000,270.0000,0.0000,1,1,908,372,295,18
L000908,O00371,C0294,Customer 0294,South,Consumer,customer294@example.com,2025-05-09,2025-05,Store,Completed,True,P011,Shelf 011,Storage,80.00,3,80.00,0.00,0,,240.00,0.0000,240.0000,0.0000,240.0000,3,0,909,372,295,12
L000909,O00371,C0294,Customer 0294,South,Consumer,customer294@example.com,2025-05-09,2025-05,Store,Completed,True,P009,Lamp 009,Lighting,93.00,5,93.00,0.05,0,,465.00,23.2500,441.7500,0.0000,441.7500,5,0,910,372,295,10
L000910,O00372,C0186,Customer 0186,North,Consumer,customer186@example.com,2025-05-09,2025-05,Store,Completed,True,P022,Chair 022,Furniture,134.00,2,134.00,0.00,0,,268.00,0.0000,268.0000,0.0000,268.0000,2,0,911,373,187,23
L000911,O00372,C0186,Customer 0186,North,Consumer,customer186@example.com,2025-05-09,2025-05,Store,Completed,True,P020,Desk 020,Furniture,189.00,2,189.00,0.10,0,,378.00,37.8000,340.2000,0.0000,340.2000,2,0,912,373,187,21
L000912,O00372,C0186,Customer 0186,North,Consumer,customer186@example.com,2025-05-09,2025-05,Store,Completed,True,P012,Desk 012,Furniture,134.00,5,134.00,0.00,0,,670.00,0.0000,670.0000,0.0000,670.0000,5,0,913,373,187,13
L000913,O00372,C0186,Customer 0186,North,Consumer,customer186@example.com,2025-05-09,2025-05,Store,Completed,True,P002,Chair 002,Furniture,284.00,5,284.00,0.20,0,,1420.00,284.0000,1136.0000,0.0000,1136.0000,5,0,914,373,187,3
L000914,O00373,C0134,Customer 0134,North,Consumer,customer134@example.com,2025-06-01,2025-06,Online,Completed,True,P019,Shelf 019,Storage,78.00,1,78.00,0.00,0,,78.00,0.0000,78.0000,0.0000,78.0000,1,0,915,374,135,20
L000915,O00373,C0134,Customer 0134,North,Consumer,customer134@example.com,2025-06-01,2025-06,Online,Completed,True,P018,Chair 018,Furniture,269.00,1,269.00,0.00,0,,269.00,0.0000,269.0000,0.0000,269.0000,1,0,916,374,135,19
L000916,O00374,C0077,Customer 0077,West,Consumer,customer77@example.com,2025-08-14,2025-08,Online,Completed,True,P022,Chair 022,Furniture,134.00,5,134.00,0.05,0,,670.00,33.5000,636.5000,0.0000,636.5000,5,0,917,375,78,23
L000917,O00375,C0127,Customer 0127,East,Business,customer127@example.com,2025-09-04,2025-09,Online,Completed,True,P008,Desk 008,Furniture,188.00,1,188.00,0.20,0,,188.00,37.6000,150.4000,0.0000,150.4000,1,0,918,376,128,9
L000918,O00376,C0095,Customer 0095,East,Consumer,customer95@example.com,2025-07-13,2025-07,Store,Completed,True,P005,Lamp 005,Lighting,65.00,3,65.00,0.05,0,,195.00,9.7500,185.2500,0.0000,185.2500,3,0,919,377,96,6
L000919,O00376,C0095,Customer 0095,East,Consumer,customer95@example.com,2025-07-13,2025-07,Store,Completed,True,P011,Shelf 011,Storage,80.00,5,80.00,0.20,0,,400.00,80.0000,320.0000,0.0000,320.0000,5,0,920,377,96,12
L000920,O00376,C0095,Customer 0095,East,Consumer,customer95@example.com,2025-07-13,2025-07,Store,Completed,True,P002,Chair 002,Furniture,284.00,2,284.00,0.20,0,,568.00,113.6000,454.4000,0.0000,454.4000,2,0,921,377,96,3
L000921,O00376,C0095,Customer 0095,East,Consumer,customer95@example.com,2025-07-13,2025-07,Store,Completed,True,P017,Lamp 017,Lighting,300.00,2,300.00,0.10,0,,600.00,60.0000,540.0000,0.0000,540.0000,2,0,922,377,96,18
L000922,O00377,C0131,Customer 0131,West,Business,customer131@example.com,2025-11-14,2025-11,Store,Completed,True,P019,Shelf 019,Storage,78.00,4,78.00,0.05,0,,312.00,15.6000,296.4000,0.0000,296.4000,4,0,923,378,132,20
L000923,O00378,C0240,Customer 0240,West,Business,customer240@example.com,2025-12-11,2025-12,Online,Completed,True,P006,Chair 006,Furniture,196.00,2,196.00,0.05,0,,392.00,19.6000,372.4000,0.0000,372.4000,2,0,924,379,241,7
L000924,O00378,C0240,Customer 0240,West,Business,customer240@example.com,2025-12-11,2025-12,Online,Completed,True,P001,Lamp 001,Lighting,122.00,5,122.00,0.05,1,2025-12-23,610.00,30.5000,579.5000,463.6000,115.9000,5,4,925,379,241,2
L000925,O00379,C0100,Customer 0100,West,Consumer,customer100@example.com,2025-05-28,2025-05,Store,Completed,True,P024,Desk 024,Furniture,81.00,1,81.00,0.20,1,2025-06-06,81.00,16.2000,64.8000,64.8000,0.0000,1,1,926,380,101,25
L000926,O00379,C0100,Customer 0100,West,Consumer,customer100@example.com,2025-05-28,2025-05,Store,Completed,True,P021,Lamp 021,Lighting,249.00,2,249.00,0.00,0,,498.00,0.0000,498.0000,0.0000,498.0000,2,0,927,380,101,22
L000927,O00380,C0144,Customer 0144,North,Consumer,customer144@example.com,2025-04-16,2025-04,Online,Completed,True,P021,Lamp 021,Lighting,249.00,4,249.00,0.20,0,,996.00,199.2000,796.8000,0.0000,796.8000,4,0,928,381,145,22
L000928,O00380,C0144,Customer 0144,North,Consumer,customer144@example.com,2025-04-16,2025-04,Online,Completed,True,P021,Lamp 021,Lighting,249.00,5,249.00,0.10,0,,1245.00,124.5000,1120.5000,0.0000,1120.5000,5,0,929,381,145,22
L000929,O00380,C0144,Customer 0144,North,Consumer,customer144@example.com,2025-04-16,2025-04,Online,Completed,True,P002,Chair 002,Furniture,284.00,2,284.00,0.10,0,,568.00,56.8000,511.2000,0.0000,511.2000,2,0,930,381,145,3
L000930,O00381,C0231,Customer 0231,West,Business,customer231@example.com,2025-05-01,2025-05,Store,Completed,True,P001,Lamp 001,Lighting,122.00,5,122.00,0.20,0,,610.00,122.0000,488.0000,0.0000,488.0000,5,0,931,382,232,2
L000931,O00381,C0231,Customer 0231,West,Business,customer231@example.com,2025-05-01,2025-05,Store,Completed,True,P017,Lamp 017,Lighting,300.00,1,300.00,0.05,0,,300.00,15.0000,285.0000,0.0000,285.0000,1,0,932,382,232,18
L000932,O00382,C0193,Customer 0193,East,Consumer,customer193@example.com,2025-01-28,2025-01,Store,Completed,True,P010,Chair 010,Furniture,211.00,3,211.00,0.10,0,,633.00,63.3000,569.7000,0.0000,569.7000,3,0,933,383,194,11
L000933,O00382,C0193,Customer 0193,East,Consumer,customer193@example.com,2025-01-28,2025-01,Store,Completed,True,P007,Shelf 007,Storage,35.00,2,35.00,0.00,1,2025-02-18,70.00,0.0000,70.0000,70.0000,0.0000,2,2,934,383,194,8
L000934,O00382,C0193,Customer 0193,East,Consumer,customer193@example.com,2025-01-28,2025-01,Store,Completed,True,P017,Lamp 017,Lighting,300.00,4,300.00,0.10,0,,1200.00,120.0000,1080.0000,0.0000,1080.0000,4,0,935,383,194,18
L000935,O00383,C0181,Customer 0181,West,Business,customer181@example.com,2025-12-19,2025-12,Online,Completed,True,P017,Lamp 017,Lighting,300.00,2,300.00,0.10,0,,600.00,60.0000,540.0000,0.0000,540.0000,2,0,936,384,182,18
L000936,O00383,C0181,Customer 0181,West,Business,customer181@example.com,2025-12-19,2025-12,Online,Completed,True,P020,Desk 020,Furniture,189.00,2,189.00,0.00,0,,378.00,0.0000,378.0000,0.0000,378.0000,2,0,937,384,182,21
L000937,O00383,C0181,Customer 0181,West,Business,customer181@example.com,2025-12-19,2025-12,Online,Completed,True,P003,Shelf 003,Storage,199.00,1,199.00,0.10,0,,199.00,19.9000,179.1000,0.0000,179.1000,1,0,938,384,182,4
L000938,O00383,C0181,Customer 0181,West,Business,customer181@example.com,2025-12-19,2025-12,Online,Completed,True,P005,Lamp 005,Lighting,65.00,1,65.00,0.00,0,,65.00,0.0000,65.0000,0.0000,65.0000,1,0,939,384,182,6
L000939,O00384,C0161,Customer 0161,West,Consumer,customer161@example.com,2025-03-12,2025-03,Store,Completed,True,P023,Shelf 023,Storage,68.00,4,68.00,0.05,0,,272.00,13.6000,258.4000,0.0000,258.4000,4,0,940,385,162,24
L000940,O00384,C0161,Customer 0161,West,Consumer,customer161@example.com,2025-03-12,2025-03,Store,Completed,True,P008,Desk 008,Furniture,188.00,5,188.00,0.00,0,,940.00,0.0000,940.0000,0.0000,940.0000,5,0,941,385,162,9
L000941,O00384,C0161,Customer 0161,West,Consumer,customer161@example.com,2025-03-12,2025-03,Store,Completed,True,P004,Desk 004,Furniture,123.00,3,123.00,0.20,0,,369.00,73.8000,295.2000,0.0000,295.2000,3,0,942,385,162,5
L000942,O00385,C0022,Customer 0022,East,Consumer,customer22@example.com,2025-02-27,2025-02,Online,Completed,True,P019,Shelf 019,Storage,78.00,5,78.00,0.20,0,,390.00,78.0000,312.0000,0.0000,312.0000,5,0,943,386,23,20
L000943,O00385,C0022,Customer 0022,East,Consumer,customer22@example.com,2025-02-27,2025-02,Online,Completed,True,P008,Desk 008,Furniture,188.00,4,188.00,0.00,0,,752.00,0.0000,752.0000,0.0000,752.0000,4,0,944,386,23,9
L000944,O00385,C0022,Customer 0022,East,Consumer,customer22@example.com,2025-02-27,2025-02,Online,Completed,True,P010,Chair 010,Furniture,211.00,1,211.00,0.10,0,,211.00,21.1000,189.9000,0.0000,189.9000,1,0,945,386,23,11
L000945,O00386,C0184,Customer 0184,West,Business,customer184@example.com,2025-05-20,2025-05,Store,Completed,True,P013,Lamp 013,Lighting,271.00,2,271.00,0.05,0,,542.00,27.1000,514.9000,0.0000,514.9000,2,0,946,387,185,14
L000946,O00386,C0184,Customer 0184,West,Business,customer184@example.com,2025-05-20,2025-05,Store,Completed,True,P023,Shelf 023,Storage,68.00,3,68.00,0.00,1,2025-06-03,204.00,0.0000,204.0000,204.0000,0.0000,3,3,947,387,185,24
L000947,O00386,C0184,Customer 0184,West,Business,customer184@example.com,2025-05-20,2025-05,Store,Completed,True,P018,Chair 018,Furniture,269.00,1,269.00,0.20,0,,269.00,53.8000,215.2000,0.0000,215.2000,1,0,948,387,185,19
L000948,O00386,C0184,Customer 0184,West,Business,customer184@example.com,2025-05-20,2025-05,Store,Completed,True,P020,Desk 020,Furniture,189.00,5,189.00,0.05,0,,945.00,47.2500,897.7500,0.0000,897.7500,5,0,949,387,185,21
L000949,O00387,C0087,Customer 0087,North,Business,customer87@example.com,2025-11-06,2025-11,Online,Completed,True,P013,Lamp 013,Lighting,271.00,1,271.00,0.20,0,,271.00,54.2000,216.8000,0.0000,216.8000,1,0,950,388,88,14
L000950,O00387,C0087,Customer 0087,North,Business,customer87@example.com,2025-11-06,2025-11,Online,Completed,True,P007,Shelf 007,Storage,35.00,4,35.00,0.10,0,,140.00,14.0000,126.0000,0.0000,126.0000,4,0,951,388,88,8
L000951,O00388,C0230,Customer 0230,East,Consumer,customer230@example.com,2025-05-09,2025-05,Store,Completed,True,P005,Lamp 005,Lighting,65.00,3,65.00,0.00,0,,195.00,0.0000,195.0000,0.0000,195.0000,3,0,952,389,231,6
L000952,O00388,C0230,Customer 0230,East,Consumer,customer230@example.com,2025-05-09,2025-05,Store,Completed,True,P009,Lamp 009,Lighting,93.00,4,93.00,0.05,0,,372.00,18.6000,353.4000,0.0000,353.4000,4,0,953,389,231,10
L000953,O00388,C0230,Customer 0230,East,Consumer,customer230@example.com,2025-05-09,2025-05,Store,Completed,True,P019,Shelf 019,Storage,78.00,5,78.00,0.20,0,,390.00,78.0000,312.0000,0.0000,312.0000,5,0,954,389,231,20
L000954,O00389,C0224,Customer 0224,West,Consumer,customer224@example.com,2025-10-15,2025-10,Online,Completed,True,P004,Desk 004,Furniture,123.00,4,123.00,0.10,0,,492.00,49.2000,442.8000,0.0000,442.8000,4,0,955,390,225,5
L000955,O00389,C0224,Customer 0224,West,Consumer,customer224@example.com,2025-10-15,2025-10,Online,Completed,True,P009,Lamp 009,Lighting,93.00,4,93.00,0.05,0,,372.00,18.6000,353.4000,0.0000,353.4000,4,0,956,390,225,10
L000956,O00389,C0224,Customer 0224,West,Consumer,customer224@example.com,2025-10-15,2025-10,Online,Completed,True,P014,Chair 014,Furniture,294.00,5,294.00,0.20,0,,1470.00,294.0000,1176.0000,0.0000,1176.0000,5,0,957,390,225,15
L000957,O00390,C0038,Customer 0038,South,Consumer,customer38@example.com,2025-11-16,2025-11,Online,Completed,True,P006,Chair 006,Furniture,196.00,4,196.00,0.20,0,,784.00,156.8000,627.2000,0.0000,627.2000,4,0,958,391,39,7
L000958,O00391,C0111,Customer 0111,South,Business,customer111@example.com,2025-07-29,2025-07,Store,Completed,True,P020,Desk 020,Furniture,189.00,4,189.00,0.00,0,,756.00,0.0000,756.0000,0.0000,756.0000,4,0,959,392,112,21
L000959,O00391,C0111,Customer 0111,South,Business,customer111@example.com,2025-07-29,2025-07,Store,Completed,True,P014,Chair 014,Furniture,294.00,5,294.00,0.05,0,,1470.00,73.5000,1396.5000,0.0000,1396.5000,5,0,960,392,112,15
L000960,O00391,C0111,Customer 0111,South,Business,customer111@example.com,2025-07-29,2025-07,Store,Completed,True,P017,Lamp 017,Lighting,300.00,2,300.00,0.05,0,,600.00,30.0000,570.0000,0.0000,570.0000,2,0,961,392,112,18
L000961,O00391,C0111,Customer 0111,South,Business,customer111@example.com,2025-07-29,2025-07,Store,Completed,True,P015,Shelf 015,Storage,254.00,3,254.00,0.20,0,,762.00,152.4000,609.6000,0.0000,609.6000,3,0,962,392,112,16
L000962,O00392,C0251,Customer 0251,North,Consumer,customer251@example.com,2025-03-15,2025-03,Online,Completed,True,P004,Desk 004,Furniture,123.00,3,123.00,0.1,0,,369.00,36.900,332.100,0.000,332.100,3,0,963,393,252,5
L000963,O00393,C0048,Customer 0048,East,Consumer,customer48@example.com,2025-01-25,2025-01,Store,Completed,True,P015,Shelf 015,Storage,254.00,5,254.00,0.10,0,,1270.00,127.0000,1143.0000,0.0000,1143.0000,5,0,964,394,49,16
L000964,O00394,C0205,Customer 0205,West,Business,,2025-10-19,2025-10,Store,Cancelled,False,P011,Shelf 011,Storage,80.00,5,80.00,0.00,0,,400.00,0.0000,400.0000,0.0000,400.0000,5,0,965,395,206,12
L000965,O00394,C0205,Customer 0205,West,Business,,2025-10-19,2025-10,Store,Cancelled,False,P006,Chair 006,Furniture,196.00,1,196.00,0.10,0,,196.00,19.6000,176.4000,0.0000,176.4000,1,0,966,395,206,7
L000966,O00394,C0205,Customer 0205,West,Business,,2025-10-19,2025-10,Store,Cancelled,False,P011,Shelf 011,Storage,80.00,1,80.00,0.05,0,,80.00,4.0000,76.0000,0.0000,76.0000,1,0,967,395,206,12
L000967,O00394,C0205,Customer 0205,West,Business,,2025-10-19,2025-10,Store,Cancelled,False,P010,Chair 010,Furniture,211.00,4,211.00,0.10,0,,844.00,84.4000,759.6000,0.0000,759.6000,4,0,968,395,206,11
L000968,O00395,C0270,Customer 0270,East,Business,customer270@example.com,2025-01-21,2025-01,Store,Completed,True,P019,Shelf 019,Storage,78.00,5,78.00,0.20,0,,390.00,78.0000,312.0000,0.0000,312.0000,5,0,969,396,271,20
L000969,O00395,C0270,Customer 0270,East,Business,customer270@example.com,2025-01-21,2025-01,Store,Completed,True,P002,Chair 002,Furniture,284.00,3,284.00,0.20,0,,852.00,170.4000,681.6000,0.0000,681.6000,3,0,970,396,271,3
L000970,O00395,C0270,Customer 0270,East,Business,customer270@example.com,2025-01-21,2025-01,Store,Completed,True,P023,Shelf 023,Storage,68.00,1,68.00,0.00,1,2025-02-07,68.00,0.0000,68.0000,68.0000,0.0000,1,1,971,396,271,24
L000971,O00395,C0270,Customer 0270,East,Business,customer270@example.com,2025-01-21,2025-01,Store,Completed,True,P008,Desk 008,Furniture,188.00,5,188.00,0.10,0,,940.00,94.0000,846.0000,0.0000,846.0000,5,0,972,396,271,9
L000972,O00396,C0109,Customer 0109,West,Business,customer109@example.com,2025-11-07,2025-11,Online,Completed,True,P001,Lamp 001,Lighting,122.00,4,122.00,0.00,0,,488.00,0.0000,488.0000,0.0000,488.0000,4,0,973,397,110,2
L000973,O00396,C0109,Customer 0109,West,Business,customer109@example.com,2025-11-07,2025-11,Online,Completed,True,P018,Chair 018,Furniture,269.00,5,269.00,0.05,0,,1345.00,67.2500,1277.7500,0.0000,1277.7500,5,0,974,397,110,19
L000974,O00396,C0109,Customer 0109,West,Business,customer109@example.com,2025-11-07,2025-11,Online,Completed,True,P013,Lamp 013,Lighting,271.00,2,271.00,0.05,0,,542.00,27.1000,514.9000,0.0000,514.9000,2,0,975,397,110,14
L000975,O00396,C0109,Customer 0109,West,Business,customer109@example.com,2025-11-07,2025-11,Online,Completed,True,P014,Chair 014,Furniture,294.00,4,294.00,0.05,0,,1176.00,58.8000,1117.2000,0.0000,1117.2000,4,0,976,397,110,15
L000976,O00397,C0201,Customer 0201,East,Consumer,customer201@example.com,2025-10-18,2025-10,Store,Completed,True,P016,Desk 016,Furniture,231.00,3,231.00,0.10,0,,693.00,69.3000,623.7000,0.0000,623.7000,3,0,977,398,202,17
L000977,O00397,C0201,Customer 0201,East,Consumer,customer201@example.com,2025-10-18,2025-10,Store,Completed,True,P008,Desk 008,Furniture,188.00,4,188.00,0.10,0,,752.00,75.2000,676.8000,0.0000,676.8000,4,0,978,398,202,9
L000978,O00398,C0093,Customer 0093,North,Consumer,customer93@example.com,2025-07-18,2025-07,Online,Completed,True,P022,Chair 022,Furniture,134.00,3,134.00,0.20,0,,402.00,80.4000,321.6000,0.0000,321.6000,3,0,979,399,94,23
L000979,O00399,C0213,Customer 0213,East,Business,customer213@example.com,2025-03-23,2025-03,Store,Completed,True,P003,Shelf 003,Storage,199.00,5,199.00,0.10,1,2025-04-09,995.00,99.5000,895.5000,895.5000,0.0000,5,5,980,400,214,4
L000980,O00399,C0213,Customer 0213,East,Business,customer213@example.com,2025-03-23,2025-03,Store,Completed,True,P018,Chair 018,Furniture,269.00,4,269.00,0.20,0,,1076.00,215.2000,860.8000,0.0000,860.8000,4,0,981,400,214,19
L000981,O00399,C0213,Customer 0213,East,Business,customer213@example.com,2025-03-23,2025-03,Store,Completed,True,P006,Chair 006,Furniture,196.00,5,196.00,0.00,0,,980.00,0.0000,980.0000,0.0000,980.0000,5,0,982,400,214,7
L000982,O00399,C0213,Customer 0213,East,Business,customer213@example.com,2025-03-23,2025-03,Store,Completed,True,P022,Chair 022,Furniture,134.00,2,134.00,0.05,1,2025-04-01,268.00,13.4000,254.6000,127.3000,127.3000,2,1,983,400,214,23
L000983,O00400,C0140,Customer 0140,East,Consumer,customer140@example.com,2025-07-26,2025-07,Store,Completed,True,P019,Shelf 019,Storage,78.00,5,78.00,0.05,0,,390.00,19.5000,370.5000,0.0000,370.5000,5,0,984,401,141,20
L000984,O00400,C0140,Customer 0140,East,Consumer,customer140@example.com,2025-07-26,2025-07,Store,Completed,True,P008,Desk 008,Furniture,188.00,1,188.00,0.10,0,,188.00,18.8000,169.2000,0.0000,169.2000,1,0,985,401,141,9
L000985,O00401,C0029,Customer 0029,East,Consumer,customer29@example.com,2025-08-28,2025-08,Online,Completed,True,P008,Desk 008,Furniture,188.00,3,188.00,0.10,0,,564.00,56.4000,507.6000,0.0000,507.6000,3,0,986,402,30,9
L000986,O00401,C0029,Customer 0029,East,Consumer,customer29@example.com,2025-08-28,2025-08,Online,Completed,True,P017,Lamp 017,Lighting,300.00,1,300.00,0.20,0,,300.00,60.0000,240.0000,0.0000,240.0000,1,0,987,402,30,18
L000987,O00401,C0029,Customer 0029,East,Consumer,customer29@example.com,2025-08-28,2025-08,Online,Completed,True,P022,Chair 022,Furniture,134.00,1,134.00,0.00,0,,134.00,0.0000,134.0000,0.0000,134.0000,1,0,988,402,30,23
L000988,O00402,C0072,Customer 0072,South,Business,customer72@example.com,2025-03-04,2025-03,Online,Completed,True,P016,Desk 016,Furniture,231.00,1,231.00,0.10,0,,231.00,23.1000,207.9000,0.0000,207.9000,1,0,989,403,73,17
L000989,O00403,C0204,Customer 0204,South,Consumer,customer204@example.com,2025-01-29,2025-01,Store,Completed,True,P014,Chair 014,Furniture,294.00,1,294.00,0.05,0,,294.00,14.7000,279.3000,0.0000,279.3000,1,0,990,404,205,15
L000990,O00404,C0065,Customer 0065,East,Consumer,customer65@example.com,2025-08-17,2025-08,Store,Completed,True,P009,Lamp 009,Lighting,93.00,5,93.00,0.05,0,,465.00,23.2500,441.7500,0.0000,441.7500,5,0,991,405,66,10
L000991,O00404,C0065,Customer 0065,East,Consumer,customer65@example.com,2025-08-17,2025-08,Store,Completed,True,P014,Chair 014,Furniture,294.00,1,294.00,0.10,1,2025-08-21,294.00,29.4000,264.6000,264.6000,0.0000,1,1,992,405,66,15
L000992,O00405,C0145,Customer 0145,West,Business,customer145@example.com,2025-04-29,2025-04,Store,Completed,True,P023,Shelf 023,Storage,68.00,2,68.00,0.20,0,,136.00,27.2000,108.8000,0.0000,108.8000,2,0,993,406,146,24
L000993,O00405,C0145,Customer 0145,West,Business,customer145@example.com,2025-04-29,2025-04,Store,Completed,True,P004,Desk 004,Furniture,123.00,5,123.00,0.05,0,,615.00,30.7500,584.2500,0.0000,584.2500,5,0,994,406,146,5
L000994,O00405,C0145,Customer 0145,West,Business,customer145@example.com,2025-04-29,2025-04,Store,Completed,True,P018,Chair 018,Furniture,269.00,3,269.00,0.00,1,2025-05-14,807.00,0.0000,807.0000,269.0000,538.0000,3,1,995,406,146,19
L000995,O00406,C0144,Customer 0144,North,Consumer,customer144@example.com,2025-05-17,2025-05,Online,Completed,True,P006,Chair 006,Furniture,196.00,3,196.00,0.20,0,,588.00,117.6000,470.4000,0.0000,470.4000,3,0,996,407,145,7
L000996,O00406,C0144,Customer 0144,North,Consumer,customer144@example.com,2025-05-17,2025-05,Online,Completed,True,P001,Lamp 001,Lighting,122.00,1,122.00,0.00,0,,122.00,0.0000,122.0000,0.0000,122.0000,1,0,997,407,145,2
L000997,O00407,C0093,Customer 0093,North,Consumer,customer93@example.com,2025-09-10,2025-09,Online,Completed,True,P020,Desk 020,Furniture,189.00,1,189.00,0.05,0,,189.00,9.4500,179.5500,0.0000,179.5500,1,0,998,408,94,21
L000998,O00407,C0093,Customer 0093,North,Consumer,customer93@example.com,2025-09-10,2025-09,Online,Completed,True,P017,Lamp 017,Lighting,300.00,5,300.00,0.05,0,,1500.00,75.0000,1425.0000,0.0000,1425.0000,5,0,999,408,94,18
L000999,O00407,C0093,Customer 0093,North,Consumer,customer93@example.com,2025-09-10,2025-09,Online,Completed,True,P022,Chair 022,Furniture,134.00,3,134.00,0.10,0,,402.00,40.2000,361.8000,0.0000,361.8000,3,0,1000,408,94,23
L001000,O00408,C0234,Customer 0234,West,Business,customer234@example.com,2025-10-31,2025-10,Online,Cancelled,False,P024,Desk 024,Furniture,81.00,4,81.00,0.10,0,,324.00,32.4000,291.6000,0.0000,291.6000,4,0,1001,409,235,25
L001001,O00409,C0137,Customer 0137,South,Consumer,,2025-12-23,2025-12,Online,Completed,True,P015,Shelf 015,Storage,254.00,4,254.00,0.10,0,,1016.00,101.6000,914.4000,0.0000,914.4000,4,0,1002,410,138,16
L001002,O00409,C0137,Customer 0137,South,Consumer,,2025-12-23,2025-12,Online,Completed,True,P004,Desk 004,Furniture,123.00,4,123.00,0.10,0,,492.00,49.2000,442.8000,0.0000,442.8000,4,0,1003,410,138,5
L001003,O00410,C0109,Customer 0109,West,Business,customer109@example.com,2025-02-09,2025-02,Store,Completed,True,P016,Desk 016,Furniture,231.00,4,231.00,0.10,0,,924.00,92.4000,831.6000,0.0000,831.6000,4,0,1004,411,110,17
L001004,O00410,C0109,Customer 0109,West,Business,customer109@example.com,2025-02-09,2025-02,Store,Completed,True,P020,Desk 020,Furniture,189.00,4,189.00,0.20,1,2025-03-06,756.00,151.2000,604.8000,453.6000,151.2000,4,3,1005,411,110,21
L001005,O00410,C0109,Customer 0109,West,Business,customer109@example.com,2025-02-09,2025-02,Store,Completed,True,P006,Chair 006,Furniture,196.00,2,196.00,0.20,0,,392.00,78.4000,313.6000,0.0000,313.6000,2,0,1006,411,110,7
L001006,O00410,C0109,Customer 0109,West,Business,customer109@example.com,2025-02-09,2025-02,Store,Completed,True,P001,Lamp 001,Lighting,122.00,4,122.00,0.00,0,,488.00,0.0000,488.0000,0.0000,488.0000,4,0,1007,411,110,2
L001007,O00411,C0107,Customer 0107,South,Consumer,customer107@example.com,2025-04-04,2025-04,Store,Completed,True,P018,Chair 018,Furniture,269.00,5,269.00,0.20,0,,1345.00,269.0000,1076.0000,0.0000,1076.0000,5,0,1008,412,108,19
L001008,O00411,C0107,Customer 0107,South,Consumer,customer107@example.com,2025-04-04,2025-04,Store,Completed,True,P024,Desk 024,Furniture,81.00,4,81.00,0.05,0,,324.00,16.2000,307.8000,0.0000,307.8000,4,0,1009,412,108,25
L001009,O00411,C0107,Customer 0107,South,Consumer,customer107@example.com,2025-04-04,2025-04,Store,Completed,True,P024,Desk 024,Furniture,81.00,2,81.00,0.00,0,,162.00,0.0000,162.0000,0.0000,162.0000,2,0,1010,412,108,25
L001010,O00412,C0260,Customer 0260,South,Consumer,customer260@example.com,2025-03-31,2025-03,Store,Completed,True,P022,Chair 022,Furniture,134.00,2,134.00,0.20,1,2025-04-11,268.00,53.6000,214.4000,107.2000,107.2000,2,1,1011,413,261,23
L001011,O00412,C0260,Customer 0260,South,Consumer,customer260@example.com,2025-03-31,2025-03,Store,Completed,True,P002,Chair 002,Furniture,284.00,5,284.00,0.00,0,,1420.00,0.0000,1420.0000,0.0000,1420.0000,5,0,1012,413,261,3
L001012,O00413,C0039,Customer 0039,North,Business,customer39@example.com,2025-11-12,2025-11,Online,Completed,True,P022,Chair 022,Furniture,134.00,4,134.00,0.00,0,,536.00,0.0000,536.0000,0.0000,536.0000,4,0,1013,414,40,23
L001013,O00413,C0039,Customer 0039,North,Business,customer39@example.com,2025-11-12,2025-11,Online,Completed,True,P003,Shelf 003,Storage,199.00,4,199.00,0.10,0,,796.00,79.6000,716.4000,0.0000,716.4000,4,0,1014,414,40,4
L001014,O00413,C0039,Customer 0039,North,Business,customer39@example.com,2025-11-12,2025-11,Online,Completed,True,P012,Desk 012,Furniture,134.00,1,134.00,0.20,0,,134.00,26.8000,107.2000,0.0000,107.2000,1,0,1015,414,40,13
L001015,O00413,C0039,Customer 0039,North,Business,customer39@example.com,2025-11-12,2025-11,Online,Completed,True,P020,Desk 020,Furniture,189.00,3,189.00,0.20,0,,567.00,113.4000,453.6000,0.0000,453.6000,3,0,1016,414,40,21
L001016,O00414,C0299,Customer 0299,North,Consumer,customer299@example.com,2025-08-25,2025-08,Store,Completed,True,P017,Lamp 017,Lighting,300.00,1,300.00,0.20,1,2025-08-31,300.00,60.0000,240.0000,240.0000,0.0000,1,1,1017,415,300,18
L001017,O00414,C0299,Customer 0299,North,Consumer,customer299@example.com,2025-08-25,2025-08,Store,Completed,True,P003,Shelf 003,Storage,199.00,3,199.00,0.20,0,,597.00,119.4000,477.6000,0.0000,477.6000,3,0,1018,415,300,4
L001018,O00414,C0299,Customer 0299,North,Consumer,customer299@example.com,2025-08-25,2025-08,Store,Completed,True,P013,Lamp 013,Lighting,271.00,1,271.00,0.20,0,,271.00,54.2000,216.8000,0.0000,216.8000,1,0,1019,415,300,14
L001019,O00414,C0299,Customer 0299,North,Consumer,customer299@example.com,2025-08-25,2025-08,Store,Completed,True,P009,Lamp 009,Lighting,93.00,3,93.00,0.10,0,,279.00,27.9000,251.1000,0.0000,251.1000,3,0,1020,415,300,10
L001020,O00415,C0177,Customer 0177,West,Business,customer177@example.com,2025-09-24,2025-09,Store,Completed,True,P004,Desk 004,Furniture,123.00,5,123.00,0.10,0,,615.00,61.5000,553.5000,0.0000,553.5000,5,0,1021,416,178,5
L001021,O00416,C0256,Customer 0256,North,Consumer,,2025-03-24,2025-03,Online,Completed,True,P021,Lamp 021,Lighting,249.00,1,249.00,0.05,0,,249.00,12.4500,236.5500,0.0000,236.5500,1,0,1022,417,257,22
L001022,O00416,C0256,Customer 0256,North,Consumer,,2025-03-24,2025-03,Online,Completed,True,P024,Desk 024,Furniture,81.00,4,81.00,0.00,0,,324.00,0.0000,324.0000,0.0000,324.0000,4,0,1023,417,257,25
L001023,O00417,C0100,Customer 0100,West,Consumer,customer100@example.com,2025-12-27,2025-12,Store,Completed,True,P004,Desk 004,Furniture,123.00,5,123.00,0.10,0,,615.00,61.5000,553.5000,0.0000,553.5000,5,0,1024,418,101,5
L001024,O00418,C0036,Customer 0036,West,Consumer,customer36@example.com,2025-01-02,2025-01,Store,Completed,True,P005,Lamp 005,Lighting,65.00,5,65.00,0.2,0,,325.00,65.000,260.000,0.000,260.000,5,0,1025,419,37,6
L001025,O00418,C0036,Customer 0036,West,Consumer,customer36@example.com,2025-01-02,2025-01,Store,Completed,True,P019,Shelf 019,Storage,78.00,5,78.00,0.00,0,,390.00,0.0000,390.0000,0.0000,390.0000,5,0,1026,419,37,20
L001026,O00419,C0180,Customer 0180,West,Consumer,customer180@example.com,2025-05-09,2025-05,Online,Completed,True,P019,Shelf 019,Storage,78.00,5,78.00,0.05,0,,390.00,19.5000,370.5000,0.0000,370.5000,5,0,1027,420,181,20
L001027,O00419,C0180,Customer 0180,West,Consumer,customer180@example.com,2025-05-09,2025-05,Online,Completed,True,P014,Chair 014,Furniture,294.00,1,294.00,0.05,0,,294.00,14.7000,279.3000,0.0000,279.3000,1,0,1028,420,181,15
L001028,O00419,C0180,Customer 0180,West,Consumer,customer180@example.com,2025-05-09,2025-05,Online,Completed,True,P019,Shelf 019,Storage,78.00,1,78.00,0.10,0,,78.00,7.8000,70.2000,0.0000,70.2000,1,0,1029,420,181,20
L001029,O00420,C0125,Customer 0125,South,Business,customer125@example.com,2025-09-01,2025-09,Online,Completed,True,P007,Shelf 007,Storage,35.00,2,35.00,0.20,0,,70.00,14.0000,56.0000,0.0000,56.0000,2,0,1030,421,126,8
L001030,O00420,C0125,Customer 0125,South,Business,customer125@example.com,2025-09-01,2025-09,Online,Completed,True,P008,Desk 008,Furniture,188.00,1,188.00,0.20,0,,188.00,37.6000,150.4000,0.0000,150.4000,1,0,1031,421,126,9
L001031,O00420,C0125,Customer 0125,South,Business,customer125@example.com,2025-09-01,2025-09,Online,Completed,True,P011,Shelf 011,Storage,80.00,2,80.00,0.00,0,,160.00,0.0000,160.0000,0.0000,160.0000,2,0,1032,421,126,12
L001032,O00420,C0125,Customer 0125,South,Business,customer125@example.com,2025-09-01,2025-09,Online,Completed,True,P003,Shelf 003,Storage,199.00,1,199.00,0.20,1,2025-09-06,199.00,39.8000,159.2000,159.2000,0.0000,1,1,1033,421,126,4
L001033,O00421,C0201,Customer 0201,East,Consumer,customer201@example.com,2025-01-22,2025-01,Online,Completed,True,P007,Shelf 007,Storage,35.00,4,35.00,0.10,0,,140.00,14.0000,126.0000,0.0000,126.0000,4,0,1034,422,202,8
L001034,O00421,C0201,Customer 0201,East,Consumer,customer201@example.com,2025-01-22,2025-01,Online,Completed,True,P003,Shelf 003,Storage,199.00,3,199.00,0.20,0,,597.00,119.4000,477.6000,0.0000,477.6000,3,0,1035,422,202,4
L001035,O00421,C0201,Customer 0201,East,Consumer,customer201@example.com,2025-01-22,2025-01,Online,Completed,True,P022,Chair 022,Furniture,134.00,4,134.00,0.00,0,,536.00,0.0000,536.0000,0.0000,536.0000,4,0,1036,422,202,23
L001036,O00422,C0222,Customer 0222,East,Consumer,,2025-11-15,2025-11,Online,Completed,True,P017,Lamp 017,Lighting,300.00,5,300.00,0.10,0,,1500.00,150.0000,1350.0000,0.0000,1350.0000,5,0,1037,423,223,18
L001037,O00422,C0222,Customer 0222,East,Consumer,,2025-11-15,2025-11,Online,Completed,True,P016,Desk 016,Furniture,231.00,1,231.00,0.20,0,,231.00,46.2000,184.8000,0.0000,184.8000,1,0,1038,423,223,17
L001038,O00423,C0114,Customer 0114,North,Business,customer114@example.com,2025-02-06,2025-02,Online,Completed,True,P008,Desk 008,Furniture,188.00,4,188.00,0.05,0,,752.00,37.6000,714.4000,0.0000,714.4000,4,0,1039,424,115,9
L001039,O00423,C0114,Customer 0114,North,Business,customer114@example.com,2025-02-06,2025-02,Online,Completed,True,P023,Shelf 023,Storage,68.00,5,68.00,0.00,0,,340.00,0.0000,340.0000,0.0000,340.0000,5,0,1040,424,115,24
L001040,O00424,C0040,Customer 0040,North,Consumer,customer40@example.com,2025-07-11,2025-07,Store,Completed,True,P015,Shelf 015,Storage,254.00,2,254.00,0.10,0,,508.00,50.8000,457.2000,0.0000,457.2000,2,0,1041,425,41,16
L001041,O00425,C0109,Customer 0109,West,Business,customer109@example.com,2025-09-11,2025-09,Online,Completed,True,P023,Shelf 023,Storage,68.00,3,68.00,0.00,0,,204.00,0.0000,204.0000,0.0000,204.0000,3,0,1042,426,110,24
L001042,O00425,C0109,Customer 0109,West,Business,customer109@example.com,2025-09-11,2025-09,Online,Completed,True,P007,Shelf 007,Storage,35.00,1,35.00,0.20,0,,35.00,7.0000,28.0000,0.0000,28.0000,1,0,1043,426,110,8
L001043,O00426,C0002,Customer 0002,West,Consumer,customer2@example.com,2025-08-27,2025-08,Online,Completed,True,P020,Desk 020,Furniture,189.00,4,189.00,0.10,1,2025-09-07,756.00,75.6000,680.4000,680.4000,0.0000,4,4,1044,427,3,21
L001044,O00426,C0002,Customer 0002,West,Consumer,customer2@example.com,2025-08-27,2025-08,Online,Completed,True,P008,Desk 008,Furniture,188.00,2,188.00,0.10,0,,376.00,37.6000,338.4000,0.0000,338.4000,2,0,1045,427,3,9
L001045,O00426,C0002,Customer 0002,West,Consumer,customer2@example.com,2025-08-27,2025-08,Online,Completed,True,P020,Desk 020,Furniture,189.00,3,189.00,0.00,0,,567.00,0.0000,567.0000,0.0000,567.0000,3,0,1046,427,3,21
L001046,O00427,C0256,Customer 0256,North,Consumer,,2025-04-29,2025-04,Online,Completed,True,P013,Lamp 013,Lighting,271.00,4,271.00,0.10,0,,1084.00,108.4000,975.6000,0.0000,975.6000,4,0,1047,428,257,14
L001047,O00427,C0256,Customer 0256,North,Consumer,,2025-04-29,2025-04,Online,Completed,True,P005,Lamp 005,Lighting,65.00,4,65.00,0.10,0,,260.00,26.0000,234.0000,0.0000,234.0000,4,0,1048,428,257,6
L001048,O00427,C0256,Customer 0256,North,Consumer,,2025-04-29,2025-04,Online,Completed,True,P018,Chair 018,Furniture,269.00,5,269.00,0.05,0,,1345.00,67.2500,1277.7500,0.0000,1277.7500,5,0,1049,428,257,19
L001049,O00428,C0224,Customer 0224,West,Consumer,customer224@example.com,2025-02-26,2025-02,Online,Completed,True,P018,Chair 018,Furniture,269.00,2,269.00,0.20,0,,538.00,107.6000,430.4000,0.0000,430.4000,2,0,1050,429,225,19
L001050,O00428,C0224,Customer 0224,West,Consumer,customer224@example.com,2025-02-26,2025-02,Online,Completed,True,P010,Chair 010,Furniture,211.00,2,211.00,0.00,0,,422.00,0.0000,422.0000,0.0000,422.0000,2,0,1051,429,225,11
L001051,O00428,C0224,Customer 0224,West,Consumer,customer224@example.com,2025-02-26,2025-02,Online,Completed,True,P005,Lamp 005,Lighting,65.00,1,65.00,0.05,0,,65.00,3.2500,61.7500,0.0000,61.7500,1,0,1052,429,225,6
L001052,O00428,C0224,Customer 0224,West,Consumer,customer224@example.com,2025-02-26,2025-02,Online,Completed,True,P007,Shelf 007,Storage,35.00,1,35.00,0.00,0,,35.00,0.0000,35.0000,0.0000,35.0000,1,0,1053,429,225,8
L001053,O00429,C0112,Customer 0112,South,Business,customer112@example.com,2025-02-08,2025-02,Store,Completed,True,P010,Chair 010,Furniture,211.00,4,211.00,0.10,0,,844.00,84.4000,759.6000,0.0000,759.6000,4,0,1054,430,113,11
L001054,O00429,C0112,Customer 0112,South,Business,customer112@example.com,2025-02-08,2025-02,Store,Completed,True,P002,Chair 002,Furniture,284.00,4,284.00,0.00,0,,1136.00,0.0000,1136.0000,0.0000,1136.0000,4,0,1055,430,113,3
L001055,O00430,C0250,Customer 0250,West,Consumer,customer250@example.com,2025-05-29,2025-05,Online,Completed,True,P024,Desk 024,Furniture,81.00,1,81.00,0.2,0,,81.00,16.200,64.800,0.000,64.800,1,0,1056,431,251,25
L001056,O00430,C0250,Customer 0250,West,Consumer,customer250@example.com,2025-05-29,2025-05,Online,Completed,True,P020,Desk 020,Furniture,189.00,2,189.00,0.05,0,,378.00,18.9000,359.1000,0.0000,359.1000,2,0,1057,431,251,21
L001057,O00431,C0142,Customer 0142,West,Business,customer142@example.com,2025-05-02,2025-05,Store,Completed,True,P012,Desk 012,Furniture,134.00,3,134.00,0.10,0,,402.00,40.2000,361.8000,0.0000,361.8000,3,0,1058,432,143,13
L001058,O00431,C0142,Customer 0142,West,Business,customer142@example.com,2025-05-02,2025-05,Store,Completed,True,P023,Shelf 023,Storage,68.00,3,68.00,0.00,1,2025-05-12,204.00,0.0000,204.0000,68.0000,136.0000,3,1,1059,432,143,24
L001059,O00432,C0223,Customer 0223,East,Consumer,customer223@example.com,2025-07-27,2025-07,Store,Completed,True,P019,Shelf 019,Storage,78.00,3,78.00,0.10,0,,234.00,23.4000,210.6000,0.0000,210.6000,3,0,1060,433,224,20
L001060,O00432,C0223,Customer 0223,East,Consumer,customer223@example.com,2025-07-27,2025-07,Store,Completed,True,P016,Desk 016,Furniture,231.00,5,231.00,0.05,0,,1155.00,57.7500,1097.2500,0.0000,1097.2500,5,0,1061,433,224,17
L001061,O00432,C0223,Customer 0223,East,Consumer,customer223@example.com,2025-07-27,2025-07,Store,Completed,True,P016,Desk 016,Furniture,231.00,2,231.00,0.10,1,2025-08-18,462.00,46.2000,415.8000,207.9000,207.9000,2,1,1062,433,224,17
L001062,O00433,C0226,Customer 0226,South,Business,customer226@example.com,2025-03-11,2025-03,Store,Completed,True,P013,Lamp 013,Lighting,271.00,4,271.00,0.20,1,2025-04-06,1084.00,216.8000,867.2000,867.2000,0.0000,4,4,1063,434,227,14
L001063,O00433,C0226,Customer 0226,South,Business,customer226@example.com,2025-03-11,2025-03,Store,Completed,True,P008,Desk 008,Furniture,188.00,5,188.00,0.10,0,,940.00,94.0000,846.0000,0.0000,846.0000,5,0,1064,434,227,9
L001064,O00433,C0226,Customer 0226,South,Business,customer226@example.com,2025-03-11,2025-03,Store,Completed,True,P014,Chair 014,Furniture,294.00,3,294.00,0.20,0,,882.00,176.4000,705.6000,0.0000,705.6000,3,0,1065,434,227,15
L001065,O00433,C0226,Customer 0226,South,Business,customer226@example.com,2025-03-11,2025-03,Store,Completed,True,P002,Chair 002,Furniture,284.00,1,284.00,0.05,0,,284.00,14.2000,269.8000,0.0000,269.8000,1,0,1066,434,227,3
L001066,O00434,C0080,Customer 0080,East,Consumer,customer80@example.com,2025-05-06,2025-05,Store,Completed,True,P014,Chair 014,Furniture,294.00,2,294.00,0.10,0,,588.00,58.8000,529.2000,0.0000,529.2000,2,0,1067,435,81,15
L001067,O00435,C0279,Customer 0279,South,Business,customer279@example.com,2025-11-09,2025-11,Store,Completed,True,P013,Lamp 013,Lighting,271.00,3,271.00,0.10,0,,813.00,81.3000,731.7000,0.0000,731.7000,3,0,1068,436,280,14
L001068,O00435,C0279,Customer 0279,South,Business,customer279@example.com,2025-11-09,2025-11,Store,Completed,True,P024,Desk 024,Furniture,81.00,4,81.00,0.20,0,,324.00,64.8000,259.2000,0.0000,259.2000,4,0,1069,436,280,25
L001069,O00435,C0279,Customer 0279,South,Business,customer279@example.com,2025-11-09,2025-11,Store,Completed,True,P012,Desk 012,Furniture,134.00,2,134.00,0.05,0,,268.00,13.4000,254.6000,0.0000,254.6000,2,0,1070,436,280,13
L001070,O00435,C0279,Customer 0279,South,Business,customer279@example.com,2025-11-09,2025-11,Store,Completed,True,P009,Lamp 009,Lighting,93.00,5,93.00,0.10,0,,465.00,46.5000,418.5000,0.0000,418.5000,5,0,1071,436,280,10
L001071,O00436,C0153,Customer 0153,East,Business,customer153@example.com,2025-12-21,2025-12,Online,Completed,True,P019,Shelf 019,Storage,78.00,4,78.00,0.20,0,,312.00,62.4000,249.6000,0.0000,249.6000,4,0,1072,437,154,20
L001072,O00436,C0153,Customer 0153,East,Business,customer153@example.com,2025-12-21,2025-12,Online,Completed,True,P014,Chair 014,Furniture,294.00,4,294.00,0.10,0,,1176.00,117.6000,1058.4000,0.0000,1058.4000,4,0,1073,437,154,15
L001073,O00436,C0153,Customer 0153,East,Business,customer153@example.com,2025-12-21,2025-12,Online,Completed,True,P017,Lamp 017,Lighting,300.00,1,300.00,0.10,0,,300.00,30.0000,270.0000,0.0000,270.0000,1,0,1074,437,154,18
L001074,O00436,C0153,Customer 0153,East,Business,customer153@example.com,2025-12-21,2025-12,Online,Completed,True,P010,Chair 010,Furniture,211.00,3,211.00,0.10,0,,633.00,63.3000,569.7000,0.0000,569.7000,3,0,1075,437,154,11
L001075,O00437,C0269,Customer 0269,East,Business,customer269@example.com,2025-09-21,2025-09,Store,Completed,True,P008,Desk 008,Furniture,188.00,4,188.00,0.05,0,,752.00,37.6000,714.4000,0.0000,714.4000,4,0,1076,438,270,9
L001076,O00437,C0269,Customer 0269,East,Business,customer269@example.com,2025-09-21,2025-09,Store,Completed,True,P023,Shelf 023,Storage,68.00,4,68.00,0.00,0,,272.00,0.0000,272.0000,0.0000,272.0000,4,0,1077,438,270,24
L001077,O00437,C0269,Customer 0269,East,Business,customer269@example.com,2025-09-21,2025-09,Store,Completed,True,P009,Lamp 009,Lighting,93.00,4,93.00,0.05,0,,372.00,18.6000,353.4000,0.0000,353.4000,4,0,1078,438,270,10
L001078,O00438,C0086,Customer 0086,North,Business,,2025-07-29,2025-07,Store,Completed,True,P007,Shelf 007,Storage,35.00,1,35.00,0.05,0,,35.00,1.7500,33.2500,0.0000,33.2500,1,0,1079,439,87,8
L001079,O00438,C0086,Customer 0086,North,Business,,2025-07-29,2025-07,Store,Completed,True,P001,Lamp 001,Lighting,122.00,4,122.00,0.05,0,,488.00,24.4000,463.6000,0.0000,463.6000,4,0,1080,439,87,2
L001080,O00439,C0165,Customer 0165,West,Consumer,customer165@example.com,2025-12-22,2025-12,Online,Completed,True,P024,Desk 024,Furniture,81.00,1,81.00,0.00,0,,81.00,0.0000,81.0000,0.0000,81.0000,1,0,1081,440,166,25
L001081,O00439,C0165,Customer 0165,West,Consumer,customer165@example.com,2025-12-22,2025-12,Online,Completed,True,P002,Chair 002,Furniture,284.00,5,284.00,0.00,1,2026-01-04,1420.00,0.0000,1420.0000,284.0000,1136.0000,5,1,1082,440,166,3
L001082,O00440,C0095,Customer 0095,East,Consumer,customer95@example.com,2025-07-28,2025-07,Store,Completed,True,P009,Lamp 009,Lighting,93.00,4,93.00,0.20,0,,372.00,74.4000,297.6000,0.0000,297.6000,4,0,1083,441,96,10
L001083,O00440,C0095,Customer 0095,East,Consumer,customer95@example.com,2025-07-28,2025-07,Store,Completed,True,P021,Lamp 021,Lighting,249.00,3,249.00,0.20,0,,747.00,149.4000,597.6000,0.0000,597.6000,3,0,1084,441,96,22
L001084,O00440,C0095,Customer 0095,East,Consumer,customer95@example.com,2025-07-28,2025-07,Store,Completed,True,P012,Desk 012,Furniture,134.00,4,134.00,0.20,0,,536.00,107.2000,428.8000,0.0000,428.8000,4,0,1085,441,96,13
L001085,O00441,C0231,Customer 0231,West,Business,customer231@example.com,2025-05-23,2025-05,Store,Completed,True,P011,Shelf 011,Storage,80.00,3,80.00,0.05,0,,240.00,12.0000,228.0000,0.0000,228.0000,3,0,1086,442,232,12
L001086,O00441,C0231,Customer 0231,West,Business,customer231@example.com,2025-05-23,2025-05,Store,Completed,True,P009,Lamp 009,Lighting,93.00,1,93.00,0,0,,93.00,0.00,93.00,0.00,93.00,1,0,1087,442,232,10
L001087,O00442,C0192,Customer 0192,South,Business,customer192@example.com,2025-01-09,2025-01,Online,Completed,True,P011,Shelf 011,Storage,80.00,3,80.00,0.00,0,,240.00,0.0000,240.0000,0.0000,240.0000,3,0,1088,443,193,12
L001088,O00442,C0192,Customer 0192,South,Business,customer192@example.com,2025-01-09,2025-01,Online,Completed,True,P019,Shelf 019,Storage,78.00,1,78.00,0.00,0,,78.00,0.0000,78.0000,0.0000,78.0000,1,0,1089,443,193,20
L001089,O00442,C0192,Customer 0192,South,Business,customer192@example.com,2025-01-09,2025-01,Online,Completed,True,P018,Chair 018,Furniture,269.00,1,269.00,0.10,0,,269.00,26.9000,242.1000,0.0000,242.1000,1,0,1090,443,193,19
L001090,O00442,C0192,Customer 0192,South,Business,customer192@example.com,2025-01-09,2025-01,Online,Completed,True,P021,Lamp 021,Lighting,249.00,4,249.00,0.05,0,,996.00,49.8000,946.2000,0.0000,946.2000,4,0,1091,443,193,22
L001091,O00443,C0254,Customer 0254,East,Business,customer254@example.com,2025-03-14,2025-03,Store,Completed,True,P014,Chair 014,Furniture,294.00,5,294.00,0.05,0,,1470.00,73.5000,1396.5000,0.0000,1396.5000,5,0,1092,444,255,15
L001092,O00443,C0254,Customer 0254,East,Business,customer254@example.com,2025-03-14,2025-03,Store,Completed,True,P001,Lamp 001,Lighting,122.00,3,122.00,0.00,0,,366.00,0.0000,366.0000,0.0000,366.0000,3,0,1093,444,255,2
L001093,O00444,C0169,Customer 0169,North,Consumer,customer169@example.com,2025-02-19,2025-02,Online,Completed,True,P008,Desk 008,Furniture,188.00,4,188.00,0.20,0,,752.00,150.4000,601.6000,0.0000,601.6000,4,0,1094,445,170,9
L001094,O00444,C0169,Customer 0169,North,Consumer,customer169@example.com,2025-02-19,2025-02,Online,Completed,True,P016,Desk 016,Furniture,231.00,1,231.00,0.20,0,,231.00,46.2000,184.8000,0.0000,184.8000,1,0,1095,445,170,17
L001095,O00444,C0169,Customer 0169,North,Consumer,customer169@example.com,2025-02-19,2025-02,Online,Completed,True,P014,Chair 014,Furniture,294.00,3,294.00,0.10,0,,882.00,88.2000,793.8000,0.0000,793.8000,3,0,1096,445,170,15
L001096,O00444,C0169,Customer 0169,North,Consumer,customer169@example.com,2025-02-19,2025-02,Online,Completed,True,P001,Lamp 001,Lighting,122.00,1,122.00,0.20,1,2025-03-01,122.00,24.4000,97.6000,97.6000,0.0000,1,1,1097,445,170,2
L001097,O00445,C0089,Customer 0089,South,Business,customer89@example.com,2025-07-26,2025-07,Online,Completed,True,P022,Chair 022,Furniture,134.00,5,134.00,0.20,0,,670.00,134.0000,536.0000,0.0000,536.0000,5,0,1098,446,90,23
L001098,O00445,C0089,Customer 0089,South,Business,customer89@example.com,2025-07-26,2025-07,Online,Completed,True,P020,Desk 020,Furniture,189.00,1,189.00,0.00,0,,189.00,0.0000,189.0000,0.0000,189.0000,1,0,1099,446,90,21
L001099,O00445,C0089,Customer 0089,South,Business,customer89@example.com,2025-07-26,2025-07,Online,Completed,True,P004,Desk 004,Furniture,123.00,1,123.00,0.10,0,,123.00,12.3000,110.7000,0.0000,110.7000,1,0,1100,446,90,5
L001100,O00445,C0089,Customer 0089,South,Business,customer89@example.com,2025-07-26,2025-07,Online,Completed,True,P011,Shelf 011,Storage,80.00,4,80.00,0.00,0,,320.00,0.0000,320.0000,0.0000,320.0000,4,0,1101,446,90,12
L001101,O00446,C0033,Customer 0033,South,Business,customer33@example.com,2025-09-11,2025-09,Online,Completed,True,P002,Chair 002,Furniture,284.00,2,284.00,0.05,0,,568.00,28.4000,539.6000,0.0000,539.6000,2,0,1102,447,34,3
L001102,O00446,C0033,Customer 0033,South,Business,customer33@example.com,2025-09-11,2025-09,Online,Completed,True,P007,Shelf 007,Storage,35.00,1,35.00,0.05,0,,35.00,1.7500,33.2500,0.0000,33.2500,1,0,1103,447,34,8
L001103,O00446,C0033,Customer 0033,South,Business,customer33@example.com,2025-09-11,2025-09,Online,Completed,True,P006,Chair 006,Furniture,196.00,2,196.00,0.20,0,,392.00,78.4000,313.6000,0.0000,313.6000,2,0,1104,447,34,7
L001104,O00446,C0033,Customer 0033,South,Business,customer33@example.com,2025-09-11,2025-09,Online,Completed,True,P010,Chair 010,Furniture,211.00,3,211.00,0.10,0,,633.00,63.3000,569.7000,0.0000,569.7000,3,0,1105,447,34,11
L001105,O00447,C0110,Customer 0110,West,Consumer,customer110@example.com,2025-05-16,2025-05,Online,Completed,True,P015,Shelf 015,Storage,254.00,1,254.00,0.10,0,,254.00,25.4000,228.6000,0.0000,228.6000,1,0,1106,448,111,16
L001106,O00447,C0110,Customer 0110,West,Consumer,customer110@example.com,2025-05-16,2025-05,Online,Completed,True,P015,Shelf 015,Storage,254.00,4,254.00,0.20,1,2025-06-05,1016.00,203.2000,812.8000,812.8000,0.0000,4,4,1107,448,111,16
L001107,O00447,C0110,Customer 0110,West,Consumer,customer110@example.com,2025-05-16,2025-05,Online,Completed,True,P024,Desk 024,Furniture,81.00,1,81.00,0.20,0,,81.00,16.2000,64.8000,0.0000,64.8000,1,0,1108,448,111,25
L001108,O00447,C0110,Customer 0110,West,Consumer,customer110@example.com,2025-05-16,2025-05,Online,Completed,True,P024,Desk 024,Furniture,81.00,5,81.00,0.20,0,,405.00,81.0000,324.0000,0.0000,324.0000,5,0,1109,448,111,25
L001109,O00448,C0016,Customer 0016,East,Consumer,customer16@example.com,2025-08-28,2025-08,Store,Completed,True,P009,Lamp 009,Lighting,93.00,3,93.00,0.10,0,,279.00,27.9000,251.1000,0.0000,251.1000,3,0,1110,449,17,10
L001110,O00448,C0016,Customer 0016,East,Consumer,customer16@example.com,2025-08-28,2025-08,Store,Completed,True,P003,Shelf 003,Storage,199.00,5,199.00,0.20,0,,995.00,199.0000,796.0000,0.0000,796.0000,5,0,1111,449,17,4
L001111,O00449,C0113,Customer 0113,South,Consumer,customer113@example.com,2025-12-12,2025-12,Online,Completed,True,P005,Lamp 005,Lighting,65.00,2,65.00,0.20,0,,130.00,26.0000,104.0000,0.0000,104.0000,2,0,1112,450,114,6
L001112,O00449,C0113,Customer 0113,South,Consumer,customer113@example.com,2025-12-12,2025-12,Online,Completed,True,P008,Desk 008,Furniture,188.00,3,188.00,0.05,0,,564.00,28.2000,535.8000,0.0000,535.8000,3,0,1113,450,114,9
L001113,O00450,C0066,Customer 0066,North,Business,customer66@example.com,2025-12-17,2025-12,Online,Completed,True,P011,Shelf 011,Storage,80.00,2,80.00,0.00,0,,160.00,0.0000,160.0000,0.0000,160.0000,2,0,1114,451,67,12
L001114,O00450,C0066,Customer 0066,North,Business,customer66@example.com,2025-12-17,2025-12,Online,Completed,True,P003,Shelf 003,Storage,199.00,3,199.00,0.10,0,,597.00,59.7000,537.3000,0.0000,537.3000,3,0,1115,451,67,4
L001115,O00450,C0066,Customer 0066,North,Business,customer66@example.com,2025-12-17,2025-12,Online,Completed,True,P018,Chair 018,Furniture,269.00,3,269.00,0.00,0,,807.00,0.0000,807.0000,0.0000,807.0000,3,0,1116,451,67,19
L001116,O00450,C0066,Customer 0066,North,Business,customer66@example.com,2025-12-17,2025-12,Online,Completed,True,P021,Lamp 021,Lighting,249.00,3,249.00,0.00,0,,747.00,0.0000,747.0000,0.0000,747.0000,3,0,1117,451,67,22
L001117,O00451,C0275,Customer 0275,East,Business,customer275@example.com,2025-08-02,2025-08,Store,Completed,True,P012,Desk 012,Furniture,134.00,3,134.00,0.2,0,,402.00,80.400,321.600,0.000,321.600,3,0,1118,452,276,13
L001118,O00451,C0275,Customer 0275,East,Business,customer275@example.com,2025-08-02,2025-08,Store,Completed,True,P020,Desk 020,Furniture,189.00,3,189.00,0.10,0,,567.00,56.7000,510.3000,0.0000,510.3000,3,0,1119,452,276,21
L001119,O00451,C0275,Customer 0275,East,Business,customer275@example.com,2025-08-02,2025-08,Store,Completed,True,P011,Shelf 011,Storage,80.00,1,80.00,0.00,0,,80.00,0.0000,80.0000,0.0000,80.0000,1,0,1120,452,276,12
L001120,O00452,C0298,Customer 0298,North,Business,customer298@example.com,2025-01-07,2025-01,Online,Completed,True,P018,Chair 018,Furniture,269.00,4,269.00,0.05,0,,1076.00,53.8000,1022.2000,0.0000,1022.2000,4,0,1121,453,299,19
L001121,O00453,C0233,Customer 0233,South,Business,customer233@example.com,2025-01-17,2025-01,Online,Cancelled,False,P019,Shelf 019,Storage,78.00,5,78.00,0.10,0,,390.00,39.0000,351.0000,0.0000,351.0000,5,0,1122,454,234,20
L001122,O00454,C0070,Customer 0070,West,Business,customer70@example.com,2025-07-02,2025-07,Store,Completed,True,P022,Chair 022,Furniture,134.00,1,134.00,0.10,0,,134.00,13.4000,120.6000,0.0000,120.6000,1,0,1123,455,71,23
L001123,O00455,C0120,Customer 0120,South,Consumer,,2025-11-18,2025-11,Store,Completed,True,P012,Desk 012,Furniture,134.00,2,134.00,0.05,0,,268.00,13.4000,254.6000,0.0000,254.6000,2,0,1124,456,121,13
L001124,O00455,C0120,Customer 0120,South,Consumer,,2025-11-18,2025-11,Store,Completed,True,P013,Lamp 013,Lighting,271.00,5,271.00,0.20,0,,1355.00,271.0000,1084.0000,0.0000,1084.0000,5,0,1125,456,121,14
L001125,O00455,C0120,Customer 0120,South,Consumer,,2025-11-18,2025-11,Store,Completed,True,P021,Lamp 021,Lighting,249.00,4,249.00,0.10,0,,996.00,99.6000,896.4000,0.0000,896.4000,4,0,1126,456,121,22
L001126,O00455,C0120,Customer 0120,South,Consumer,,2025-11-18,2025-11,Store,Completed,True,P017,Lamp 017,Lighting,300.00,5,300.00,0.20,0,,1500.00,300.0000,1200.0000,0.0000,1200.0000,5,0,1127,456,121,18
L001127,O00456,C0296,Customer 0296,East,Business,customer296@example.com,2025-05-21,2025-05,Online,Completed,True,P003,Shelf 003,Storage,199.00,5,199.00,0.20,0,,995.00,199.0000,796.0000,0.0000,796.0000,5,0,1128,457,297,4
L001128,O00456,C0296,Customer 0296,East,Business,customer296@example.com,2025-05-21,2025-05,Online,Completed,True,P017,Lamp 017,Lighting,300.00,1,300.00,0.05,0,,300.00,15.0000,285.0000,0.0000,285.0000,1,0,1129,457,297,18
L001129,O00456,C0296,Customer 0296,East,Business,customer296@example.com,2025-05-21,2025-05,Online,Completed,True,P018,Chair 018,Furniture,269.00,1,269.00,0.20,0,,269.00,53.8000,215.2000,0.0000,215.2000,1,0,1130,457,297,19
L001130,O00456,C0296,Customer 0296,East,Business,customer296@example.com,2025-05-21,2025-05,Online,Completed,True,P007,Shelf 007,Storage,35.00,5,35.00,0.05,0,,175.00,8.7500,166.2500,0.0000,166.2500,5,0,1131,457,297,8
L001131,O00457,C0059,Customer 0059,South,Business,customer59@example.com,2025-09-10,2025-09,Online,Completed,True,P003,Shelf 003,Storage,199.00,3,199.00,0.20,0,,597.00,119.4000,477.6000,0.0000,477.6000,3,0,1132,458,60,4
L001132,O00457,C0059,Customer 0059,South,Business,customer59@example.com,2025-09-10,2025-09,Online,Completed,True,P005,Lamp 005,Lighting,65.00,1,65.00,0.05,0,,65.00,3.2500,61.7500,0.0000,61.7500,1,0,1133,458,60,6
L001133,O00457,C0059,Customer 0059,South,Business,customer59@example.com,2025-09-10,2025-09,Online,Completed,True,P002,Chair 002,Furniture,284.00,4,284.00,0.05,0,,1136.00,56.8000,1079.2000,0.0000,1079.2000,4,0,1134,458,60,3
L001134,O00458,C0170,Customer 0170,East,Business,customer170@example.com,2025-08-07,2025-08,Online,Completed,True,P012,Desk 012,Furniture,134.00,2,134.00,0.10,0,,268.00,26.8000,241.2000,0.0000,241.2000,2,0,1135,459,171,13
L001135,O00458,C0170,Customer 0170,East,Business,customer170@example.com,2025-08-07,2025-08,Online,Completed,True,P016,Desk 016,Furniture,231.00,3,231.00,0.10,0,,693.00,69.3000,623.7000,0.0000,623.7000,3,0,1136,459,171,17
L001136,O00458,C0170,Customer 0170,East,Business,customer170@example.com,2025-08-07,2025-08,Online,Completed,True,P006,Chair 006,Furniture,196.00,1,196.00,0.20,0,,196.00,39.2000,156.8000,0.0000,156.8000,1,0,1137,459,171,7
L001137,O00459,C0033,Customer 0033,South,Business,customer33@example.com,2025-09-27,2025-09,Store,Completed,True,P024,Desk 024,Furniture,81.00,1,81.00,0.00,0,,81.00,0.0000,81.0000,0.0000,81.0000,1,0,1138,460,34,25
L001138,O00459,C0033,Customer 0033,South,Business,customer33@example.com,2025-09-27,2025-09,Store,Completed,True,P011,Shelf 011,Storage,80.00,4,80.00,0.05,1,2025-10-02,320.00,16.0000,304.0000,76.0000,228.0000,4,1,1139,460,34,12
L001139,O00459,C0033,Customer 0033,South,Business,customer33@example.com,2025-09-27,2025-09,Store,Completed,True,P014,Chair 014,Furniture,294.00,1,294.00,0.20,1,2025-10-05,294.00,58.8000,235.2000,235.2000,0.0000,1,1,1140,460,34,15
L001140,O00460,C0109,Customer 0109,West,Business,customer109@example.com,2025-06-26,2025-06,Online,Cancelled,False,P003,Shelf 003,Storage,199.00,5,199.00,0.10,0,,995.00,99.5000,895.5000,0.0000,895.5000,5,0,1141,461,110,4
L001141,O00460,C0109,Customer 0109,West,Business,customer109@example.com,2025-06-26,2025-06,Online,Cancelled,False,P023,Shelf 023,Storage,68.00,4,68.00,0.20,0,,272.00,54.4000,217.6000,0.0000,217.6000,4,0,1142,461,110,24
L001142,O00460,C0109,Customer 0109,West,Business,customer109@example.com,2025-06-26,2025-06,Online,Cancelled,False,P021,Lamp 021,Lighting,249.00,2,249.00,0.20,0,,498.00,99.6000,398.4000,0.0000,398.4000,2,0,1143,461,110,22
L001143,O00460,C0109,Customer 0109,West,Business,customer109@example.com,2025-06-26,2025-06,Online,Cancelled,False,P005,Lamp 005,Lighting,65.00,4,65.00,0.05,0,,260.00,13.0000,247.0000,0.0000,247.0000,4,0,1144,461,110,6
L001144,O00461,C0196,Customer 0196,West,Consumer,customer196@example.com,2025-10-08,2025-10,Online,Cancelled,False,P011,Shelf 011,Storage,80.00,5,80.00,0.10,0,,400.00,40.0000,360.0000,0.0000,360.0000,5,0,1145,462,197,12
L001145,O00461,C0196,Customer 0196,West,Consumer,customer196@example.com,2025-10-08,2025-10,Online,Cancelled,False,P024,Desk 024,Furniture,81.00,3,81.00,0.10,0,,243.00,24.3000,218.7000,0.0000,218.7000,3,0,1146,462,197,25
L001146,O00462,C0115,Customer 0115,North,Consumer,customer115@example.com,2025-09-06,2025-09,Online,Completed,True,P022,Chair 022,Furniture,134.00,5,134.00,0.10,1,2025-09-24,670.00,67.0000,603.0000,241.2000,361.8000,5,2,1147,463,116,23
L001147,O00463,C0197,Customer 0197,East,Business,customer197@example.com,2025-06-30,2025-06,Online,Completed,True,P015,Shelf 015,Storage,254.00,2,254.00,0.20,0,,508.00,101.6000,406.4000,0.0000,406.4000,2,0,1148,464,198,16
L001148,O00463,C0197,Customer 0197,East,Business,customer197@example.com,2025-06-30,2025-06,Online,Completed,True,P010,Chair 010,Furniture,211.00,1,211.00,0.2,0,,211.00,42.200,168.800,0.000,168.800,1,0,1149,464,198,11
L001149,O00464,C0154,Customer 0154,North,Business,,2025-11-15,2025-11,Store,Completed,True,P007,Shelf 007,Storage,35.00,2,35.00,0.10,0,,70.00,7.0000,63.0000,0.0000,63.0000,2,0,1150,465,155,8
L001150,O00465,C0031,Customer 0031,South,Consumer,customer31@example.com,2025-12-12,2025-12,Online,Cancelled,False,P019,Shelf 019,Storage,78.00,1,78.00,0.05,0,,78.00,3.9000,74.1000,0.0000,74.1000,1,0,1151,466,32,20
L001151,O00465,C0031,Customer 0031,South,Consumer,customer31@example.com,2025-12-12,2025-12,Online,Cancelled,False,P017,Lamp 017,Lighting,300.00,3,300.00,0.20,0,,900.00,180.0000,720.0000,0.0000,720.0000,3,0,1152,466,32,18
L001152,O00465,C0031,Customer 0031,South,Consumer,customer31@example.com,2025-12-12,2025-12,Online,Cancelled,False,P016,Desk 016,Furniture,231.00,5,231.00,0.10,0,,1155.00,115.5000,1039.5000,0.0000,1039.5000,5,0,1153,466,32,17
L001153,O00466,C0019,Customer 0019,North,Business,customer19@example.com,2025-07-15,2025-07,Online,Completed,True,P003,Shelf 003,Storage,199.00,4,199.00,0.20,0,,796.00,159.2000,636.8000,0.0000,636.8000,4,0,1154,467,20,4
L001154,O00466,C0019,Customer 0019,North,Business,customer19@example.com,2025-07-15,2025-07,Online,Completed,True,P018,Chair 018,Furniture,269.00,1,269.00,0.20,0,,269.00,53.8000,215.2000,0.0000,215.2000,1,0,1155,467,20,19
L001155,O00466,C0019,Customer 0019,North,Business,customer19@example.com,2025-07-15,2025-07,Online,Completed,True,P024,Desk 024,Furniture,81.00,2,81.00,0.10,0,,162.00,16.2000,145.8000,0.0000,145.8000,2,0,1156,467,20,25
L001156,O00467,C0055,Customer 0055,East,Consumer,customer55@example.com,2025-04-10,2025-04,Store,Completed,True,P016,Desk 016,Furniture,231.00,4,231.00,0.10,0,,924.00,92.4000,831.6000,0.0000,831.6000,4,0,1157,468,56,17
L001157,O00467,C0055,Customer 0055,East,Consumer,customer55@example.com,2025-04-10,2025-04,Store,Completed,True,P013,Lamp 013,Lighting,271.00,2,271.00,0.20,0,,542.00,108.4000,433.6000,0.0000,433.6000,2,0,1158,468,56,14
L001158,O00467,C0055,Customer 0055,East,Consumer,customer55@example.com,2025-04-10,2025-04,Store,Completed,True,P016,Desk 016,Furniture,231.00,1,231.00,0.20,0,,231.00,46.2000,184.8000,0.0000,184.8000,1,0,1159,468,56,17
L001159,O00467,C0055,Customer 0055,East,Consumer,customer55@example.com,2025-04-10,2025-04,Store,Completed,True,P020,Desk 020,Furniture,189.00,4,189.00,0.05,1,2025-04-26,756.00,37.8000,718.2000,179.5500,538.6500,4,1,1160,468,56,21
L001160,O00468,C0249,Customer 0249,North,Consumer,customer249@example.com,2025-06-23,2025-06,Online,Completed,True,P003,Shelf 003,Storage,199.00,4,199.00,0.20,0,,796.00,159.2000,636.8000,0.0000,636.8000,4,0,1161,469,250,4
L001161,O00468,C0249,Customer 0249,North,Consumer,customer249@example.com,2025-06-23,2025-06,Online,Completed,True,P010,Chair 010,Furniture,211.00,5,211.00,0.10,0,,1055.00,105.5000,949.5000,0.0000,949.5000,5,0,1162,469,250,11
L001162,O00469,C0014,Customer 0014,North,Business,customer14@example.com,2025-11-23,2025-11,Online,Completed,True,P012,Desk 012,Furniture,134.00,5,134.00,0.20,0,,670.00,134.0000,536.0000,0.0000,536.0000,5,0,1163,470,15,13
L001163,O00469,C0014,Customer 0014,North,Business,customer14@example.com,2025-11-23,2025-11,Online,Completed,True,P024,Desk 024,Furniture,81.00,2,81.00,0.10,0,,162.00,16.2000,145.8000,0.0000,145.8000,2,0,1164,470,15,25
L001164,O00469,C0014,Customer 0014,North,Business,customer14@example.com,2025-11-23,2025-11,Online,Completed,True,P019,Shelf 019,Storage,78.00,3,78.00,0.10,0,,234.00,23.4000,210.6000,0.0000,210.6000,3,0,1165,470,15,20
L001165,O00470,C0200,Customer 0200,West,Consumer,customer200@example.com,2025-08-16,2025-08,Online,Completed,True,P012,Desk 012,Furniture,134.00,5,134.00,0.10,0,,670.00,67.0000,603.0000,0.0000,603.0000,5,0,1166,471,201,13
L001166,O00470,C0200,Customer 0200,West,Consumer,customer200@example.com,2025-08-16,2025-08,Online,Completed,True,P007,Shelf 007,Storage,35.00,1,35.00,0.05,0,,35.00,1.7500,33.2500,0.0000,33.2500,1,0,1167,471,201,8
L001167,O00471,C0144,Customer 0144,North,Consumer,customer144@example.com,2025-10-04,2025-10,Online,Cancelled,False,P006,Chair 006,Furniture,196.00,2,196.00,0.10,0,,392.00,39.2000,352.8000,0.0000,352.8000,2,0,1168,472,145,7
L001168,O00471,C0144,Customer 0144,North,Consumer,customer144@example.com,2025-10-04,2025-10,Online,Cancelled,False,P023,Shelf 023,Storage,68.00,5,68.00,0.10,0,,340.00,34.0000,306.0000,0.0000,306.0000,5,0,1169,472,145,24
L001169,O00471,C0144,Customer 0144,North,Consumer,customer144@example.com,2025-10-04,2025-10,Online,Cancelled,False,P015,Shelf 015,Storage,254.00,5,254.00,0.20,0,,1270.00,254.0000,1016.0000,0.0000,1016.0000,5,0,1170,472,145,16
L001170,O00472,C0112,Customer 0112,South,Business,customer112@example.com,2025-04-08,2025-04,Store,Completed,True,P001,Lamp 001,Lighting,122.00,5,122.00,0.00,0,,610.00,0.0000,610.0000,0.0000,610.0000,5,0,1171,473,113,2
L001171,O00472,C0112,Customer 0112,South,Business,customer112@example.com,2025-04-08,2025-04,Store,Completed,True,P021,Lamp 021,Lighting,249.00,5,249.00,0.05,0,,1245.00,62.2500,1182.7500,0.0000,1182.7500,5,0,1172,473,113,22
L001172,O00472,C0112,Customer 0112,South,Business,customer112@example.com,2025-04-08,2025-04,Store,Completed,True,P001,Lamp 001,Lighting,122.00,2,122.00,0.05,0,,244.00,12.2000,231.8000,0.0000,231.8000,2,0,1173,473,113,2
L001173,O00472,C0112,Customer 0112,South,Business,customer112@example.com,2025-04-08,2025-04,Store,Completed,True,P022,Chair 022,Furniture,134.00,2,134.00,0.05,0,,268.00,13.4000,254.6000,0.0000,254.6000,2,0,1174,473,113,23
L001174,O00473,C0042,Customer 0042,South,Consumer,customer42@example.com,2025-01-05,2025-01,Online,Completed,True,P002,Chair 002,Furniture,284.00,5,284.00,0.20,1,2025-01-27,1420.00,284.0000,1136.0000,227.2000,908.8000,5,1,1175,474,43,3
L001175,O00473,C0042,Customer 0042,South,Consumer,customer42@example.com,2025-01-05,2025-01,Online,Completed,True,P001,Lamp 001,Lighting,122.00,4,122.00,0.00,0,,488.00,0.0000,488.0000,0.0000,488.0000,4,0,1176,474,43,2
L001176,O00474,C0182,Customer 0182,West,Business,customer182@example.com,2025-05-04,2025-05,Online,Completed,True,P016,Desk 016,Furniture,231.00,2,231.00,0.00,0,,462.00,0.0000,462.0000,0.0000,462.0000,2,0,1177,475,183,17
L001177,O00474,C0182,Customer 0182,West,Business,customer182@example.com,2025-05-04,2025-05,Online,Completed,True,P013,Lamp 013,Lighting,271.00,4,271.00,0.10,0,,1084.00,108.4000,975.6000,0.0000,975.6000,4,0,1178,475,183,14
L001178,O00475,C0273,Customer 0273,South,Business,,2025-06-23,2025-06,Online,Cancelled,False,P013,Lamp 013,Lighting,271.00,1,271.00,0.00,0,,271.00,0.0000,271.0000,0.0000,271.0000,1,0,1179,476,274,14
L001179,O00476,C0201,Customer 0201,East,Consumer,customer201@example.com,2025-03-26,2025-03,Online,Completed,True,P016,Desk 016,Furniture,231.00,5,231.00,0.1,1,2025-04-14,1155.00,115.500,1039.500,831.600,207.900,5,4,1180,477,202,17
L001180,O00476,C0201,Customer 0201,East,Consumer,customer201@example.com,2025-03-26,2025-03,Online,Completed,True,P017,Lamp 017,Lighting,300.00,3,300.00,0.20,0,,900.00,180.0000,720.0000,0.0000,720.0000,3,0,1181,477,202,18
L001181,O00476,C0201,Customer 0201,East,Consumer,customer201@example.com,2025-03-26,2025-03,Online,Completed,True,P003,Shelf 003,Storage,199.00,2,199.00,0.05,0,,398.00,19.9000,378.1000,0.0000,378.1000,2,0,1182,477,202,4
L001182,O00477,C0073,Customer 0073,South,Business,customer73@example.com,2025-03-14,2025-03,Online,Completed,True,P003,Shelf 003,Storage,199.00,2,199.00,0.00,0,,398.00,0.0000,398.0000,0.0000,398.0000,2,0,1183,478,74,4
L001183,O00478,C0103,Customer 0103,West,Consumer,,2025-02-23,2025-02,Store,Completed,True,P007,Shelf 007,Storage,35.00,3,35.00,0.10,0,,105.00,10.5000,94.5000,0.0000,94.5000,3,0,1184,479,104,8
L001184,O00479,C0052,Customer 0052,North,Consumer,,2025-12-30,2025-12,Online,Completed,True,P002,Chair 002,Furniture,284.00,2,284.00,0.05,0,,568.00,28.4000,539.6000,0.0000,539.6000,2,0,1185,480,53,3
L001185,O00480,C0257,Customer 0257,North,Business,customer257@example.com,2025-09-17,2025-09,Online,Completed,True,P008,Desk 008,Furniture,188.00,4,188.00,0.00,0,,752.00,0.0000,752.0000,0.0000,752.0000,4,0,1186,481,258,9
L001186,O00480,C0257,Customer 0257,North,Business,customer257@example.com,2025-09-17,2025-09,Online,Completed,True,P017,Lamp 017,Lighting,300.00,5,300.00,0.10,0,,1500.00,150.0000,1350.0000,0.0000,1350.0000,5,0,1187,481,258,18
L001187,O00480,C0257,Customer 0257,North,Business,customer257@example.com,2025-09-17,2025-09,Online,Completed,True,P023,Shelf 023,Storage,68.00,3,68.00,0.00,0,,204.00,0.0000,204.0000,0.0000,204.0000,3,0,1188,481,258,24
L001188,O00481,C0210,Customer 0210,North,Consumer,customer210@example.com,2025-11-16,2025-11,Online,Completed,True,P010,Chair 010,Furniture,211.00,1,211.00,0.00,0,,211.00,0.0000,211.0000,0.0000,211.0000,1,0,1189,482,211,11
L001189,O00482,C0073,Customer 0073,South,Business,customer73@example.com,2025-07-16,2025-07,Online,Completed,True,P024,Desk 024,Furniture,81.00,1,81.00,0.10,0,,81.00,8.1000,72.9000,0.0000,72.9000,1,0,1190,483,74,25
L001190,O00482,C0073,Customer 0073,South,Business,customer73@example.com,2025-07-16,2025-07,Online,Completed,True,P012,Desk 012,Furniture,134.00,4,134.00,0.20,0,,536.00,107.2000,428.8000,0.0000,428.8000,4,0,1191,483,74,13
L001191,O00482,C0073,Customer 0073,South,Business,customer73@example.com,2025-07-16,2025-07,Online,Completed,True,P013,Lamp 013,Lighting,271.00,3,271.00,0.00,0,,813.00,0.0000,813.0000,0.0000,813.0000,3,0,1192,483,74,14
L001192,O00483,C0287,Customer 0287,South,Consumer,customer287@example.com,2025-09-02,2025-09,Store,Completed,True,P005,Lamp 005,Lighting,65.00,5,65.00,0.10,0,,325.00,32.5000,292.5000,0.0000,292.5000,5,0,1193,484,288,6
L001193,O00483,C0287,Customer 0287,South,Consumer,customer287@example.com,2025-09-02,2025-09,Store,Completed,True,P011,Shelf 011,Storage,80.00,5,80.00,0.00,0,,400.00,0.0000,400.0000,0.0000,400.0000,5,0,1194,484,288,12
L001194,O00484,C0039,Customer 0039,North,Business,customer39@example.com,2025-09-30,2025-09,Store,Completed,True,P009,Lamp 009,Lighting,93.00,4,93.00,0.05,0,,372.00,18.6000,353.4000,0.0000,353.4000,4,0,1195,485,40,10
L001195,O00484,C0039,Customer 0039,North,Business,customer39@example.com,2025-09-30,2025-09,Store,Completed,True,P023,Shelf 023,Storage,68.00,4,68.00,0.00,0,,272.00,0.0000,272.0000,0.0000,272.0000,4,0,1196,485,40,24
L001196,O00485,C0233,Customer 0233,South,Business,customer233@example.com,2025-03-10,2025-03,Online,Completed,True,P017,Lamp 017,Lighting,300.00,4,300.00,0.20,0,,1200.00,240.0000,960.0000,0.0000,960.0000,4,0,1197,486,234,18
L001197,O00485,C0233,Customer 0233,South,Business,customer233@example.com,2025-03-10,2025-03,Online,Completed,True,P022,Chair 022,Furniture,134.00,5,134.00,0.10,0,,670.00,67.0000,603.0000,0.0000,603.0000,5,0,1198,486,234,23
L001198,O00486,C0195,Customer 0195,West,Business,customer195@example.com,2025-07-01,2025-07,Online,Cancelled,False,P002,Chair 002,Furniture,284.00,3,284.00,0.05,0,,852.00,42.6000,809.4000,0.0000,809.4000,3,0,1199,487,196,3
L001199,O00487,C0036,Customer 0036,West,Consumer,customer36@example.com,2025-10-30,2025-10,Online,Completed,True,P014,Chair 014,Furniture,294.00,4,294.00,0.05,0,,1176.00,58.8000,1117.2000,0.0000,1117.2000,4,0,1200,488,37,15
L001200,O00487,C0036,Customer 0036,West,Consumer,customer36@example.com,2025-10-30,2025-10,Online,Completed,True,P013,Lamp 013,Lighting,271.00,5,271.00,0.20,0,,1355.00,271.0000,1084.0000,0.0000,1084.0000,5,0,1201,488,37,14
L001201,O00488,C0154,Customer 0154,North,Business,,2025-10-09,2025-10,Store,Completed,True,P008,Desk 008,Furniture,188.00,1,188.00,0.00,0,,188.00,0.0000,188.0000,0.0000,188.0000,1,0,1202,489,155,9
L001202,O00488,C0154,Customer 0154,North,Business,,2025-10-09,2025-10,Store,Completed,True,P014,Chair 014,Furniture,294.00,2,294.00,0.20,0,,588.00,117.6000,470.4000,0.0000,470.4000,2,0,1203,489,155,15
L001203,O00488,C0154,Customer 0154,North,Business,,2025-10-09,2025-10,Store,Completed,True,P014,Chair 014,Furniture,294.00,2,294.00,0.20,0,,588.00,117.6000,470.4000,0.0000,470.4000,2,0,1204,489,155,15
L001204,O00488,C0154,Customer 0154,North,Business,,2025-10-09,2025-10,Store,Completed,True,P002,Chair 002,Furniture,284.00,3,284.00,0.20,0,,852.00,170.4000,681.6000,0.0000,681.6000,3,0,1205,489,155,3
L001205,O00489,C0284,Customer 0284,South,Consumer,customer284@example.com,2025-10-28,2025-10,Store,Completed,True,P008,Desk 008,Furniture,188.00,4,188.00,0.00,0,,752.00,0.0000,752.0000,0.0000,752.0000,4,0,1206,490,285,9
L001206,O00489,C0284,Customer 0284,South,Consumer,customer284@example.com,2025-10-28,2025-10,Store,Completed,True,P018,Chair 018,Furniture,269.00,1,269.00,0.10,0,,269.00,26.9000,242.1000,0.0000,242.1000,1,0,1207,490,285,19
L001207,O00489,C0284,Customer 0284,South,Consumer,customer284@example.com,2025-10-28,2025-10,Store,Completed,True,P013,Lamp 013,Lighting,271.00,2,271.00,0.20,0,,542.00,108.4000,433.6000,0.0000,433.6000,2,0,1208,490,285,14
L001208,O00489,C0284,Customer 0284,South,Consumer,customer284@example.com,2025-10-28,2025-10,Store,Completed,True,P022,Chair 022,Furniture,134.00,1,134.00,0.00,0,,134.00,0.0000,134.0000,0.0000,134.0000,1,0,1209,490,285,23
L001209,O00490,C0073,Customer 0073,South,Business,customer73@example.com,2025-05-27,2025-05,Store,Cancelled,False,P005,Lamp 005,Lighting,65.00,4,65.00,0.10,0,,260.00,26.0000,234.0000,0.0000,234.0000,4,0,1210,491,74,6
L001210,O00490,C0073,Customer 0073,South,Business,customer73@example.com,2025-05-27,2025-05,Store,Cancelled,False,P009,Lamp 009,Lighting,93.00,2,93.00,0.1,0,,186.00,18.600,167.400,0.000,167.400,2,0,1211,491,74,10
L001211,O00490,C0073,Customer 0073,South,Business,customer73@example.com,2025-05-27,2025-05,Store,Cancelled,False,P013,Lamp 013,Lighting,271.00,4,271.00,0.05,0,,1084.00,54.2000,1029.8000,0.0000,1029.8000,4,0,1212,491,74,14
L001212,O00490,C0073,Customer 0073,South,Business,customer73@example.com,2025-05-27,2025-05,Store,Cancelled,False,P009,Lamp 009,Lighting,93.00,3,93.00,0.00,0,,279.00,0.0000,279.0000,0.0000,279.0000,3,0,1213,491,74,10
L001213,O00491,C0091,Customer 0091,North,Business,customer91@example.com,2025-07-14,2025-07,Store,Completed,True,P018,Chair 018,Furniture,269.00,1,269.00,0.20,0,,269.00,53.8000,215.2000,0.0000,215.2000,1,0,1214,492,92,19
L001214,O00491,C0091,Customer 0091,North,Business,customer91@example.com,2025-07-14,2025-07,Store,Completed,True,P009,Lamp 009,Lighting,93.00,3,93.00,0.10,0,,279.00,27.9000,251.1000,0.0000,251.1000,3,0,1215,492,92,10
L001215,O00492,C0019,Customer 0019,North,Business,customer19@example.com,2025-09-24,2025-09,Store,Completed,True,P008,Desk 008,Furniture,188.00,1,188.00,0.00,0,,188.00,0.0000,188.0000,0.0000,188.0000,1,0,1216,493,20,9
L001216,O00492,C0019,Customer 0019,North,Business,customer19@example.com,2025-09-24,2025-09,Store,Completed,True,P020,Desk 020,Furniture,189.00,4,189.00,0.10,0,,756.00,75.6000,680.4000,0.0000,680.4000,4,0,1217,493,20,21
L001217,O00492,C0019,Customer 0019,North,Business,customer19@example.com,2025-09-24,2025-09,Store,Completed,True,P013,Lamp 013,Lighting,271.00,3,271.00,0.20,0,,813.00,162.6000,650.4000,0.0000,650.4000,3,0,1218,493,20,14
L001218,O00492,C0019,Customer 0019,North,Business,customer19@example.com,2025-09-24,2025-09,Store,Completed,True,P022,Chair 022,Furniture,134.00,5,134.00,0.00,0,,670.00,0.0000,670.0000,0.0000,670.0000,5,0,1219,493,20,23
L001219,O00493,C0282,Customer 0282,East,Business,customer282@example.com,2025-01-19,2025-01,Online,Completed,True,P001,Lamp 001,Lighting,122.00,4,122.00,0.20,0,,488.00,97.6000,390.4000,0.0000,390.4000,4,0,1220,494,283,2
L001220,O00494,C0299,Customer 0299,North,Consumer,customer299@example.com,2025-07-07,2025-07,Store,Completed,True,P020,Desk 020,Furniture,189.00,3,189.00,0.05,0,,567.00,28.3500,538.6500,0.0000,538.6500,3,0,1221,495,300,21
L001221,O00494,C0299,Customer 0299,North,Consumer,customer299@example.com,2025-07-07,2025-07,Store,Completed,True,P017,Lamp 017,Lighting,300.00,5,300.00,0.10,0,,1500.00,150.0000,1350.0000,0.0000,1350.0000,5,0,1222,495,300,18
L001222,O00494,C0299,Customer 0299,North,Consumer,customer299@example.com,2025-07-07,2025-07,Store,Completed,True,P008,Desk 008,Furniture,188.00,3,188.00,0.00,0,,564.00,0.0000,564.0000,0.0000,564.0000,3,0,1223,495,300,9
L001223,O00495,C0188,Customer 0188,South,Business,,2025-04-11,2025-04,Online,Completed,True,P007,Shelf 007,Storage,35.00,1,35.00,0.20,0,,35.00,7.0000,28.0000,0.0000,28.0000,1,0,1224,496,189,8
L001224,O00496,C0122,Customer 0122,North,Business,customer122@example.com,2025-07-02,2025-07,Online,Completed,True,P019,Shelf 019,Storage,78.00,3,78.00,0.10,1,2025-07-19,234.00,23.4000,210.6000,140.4000,70.2000,3,2,1225,497,123,20
L001225,O00496,C0122,Customer 0122,North,Business,customer122@example.com,2025-07-02,2025-07,Online,Completed,True,P014,Chair 014,Furniture,294.00,3,294.00,0.05,0,,882.00,44.1000,837.9000,0.0000,837.9000,3,0,1226,497,123,15
L001226,O00496,C0122,Customer 0122,North,Business,customer122@example.com,2025-07-02,2025-07,Online,Completed,True,P021,Lamp 021,Lighting,249.00,2,249.00,0.10,0,,498.00,49.8000,448.2000,0.0000,448.2000,2,0,1227,497,123,22
L001227,O00497,C0256,Customer 0256,North,Consumer,,2025-01-02,2025-01,Store,Completed,True,P015,Shelf 015,Storage,254.00,2,254.00,0.10,0,,508.00,50.8000,457.2000,0.0000,457.2000,2,0,1228,498,257,16
L001228,O00497,C0256,Customer 0256,North,Consumer,,2025-01-02,2025-01,Store,Completed,True,P009,Lamp 009,Lighting,93.00,3,93.00,0.05,0,,279.00,13.9500,265.0500,0.0000,265.0500,3,0,1229,498,257,10
L001229,O00497,C0256,Customer 0256,North,Consumer,,2025-01-02,2025-01,Store,Completed,True,P008,Desk 008,Furniture,188.00,5,188.00,0.05,0,,940.00,47.0000,893.0000,0.0000,893.0000,5,0,1230,498,257,9
L001230,O00497,C0256,Customer 0256,North,Consumer,,2025-01-02,2025-01,Store,Completed,True,P015,Shelf 015,Storage,254.00,3,254.00,0.10,0,,762.00,76.2000,685.8000,0.0000,685.8000,3,0,1231,498,257,16
L001231,O00498,C0197,Customer 0197,East,Business,customer197@example.com,2025-10-25,2025-10,Online,Completed,True,P002,Chair 002,Furniture,284.00,4,284.00,0.10,1,2025-11-07,1136.00,113.6000,1022.4000,511.2000,511.2000,4,2,1232,499,198,3
L001232,O00499,C0057,Customer 0057,South,Business,customer57@example.com,2025-12-21,2025-12,Online,Completed,True,P022,Chair 022,Furniture,134.00,4,134.00,0.20,0,,536.00,107.2000,428.8000,0.0000,428.8000,4,0,1233,500,58,23
L001233,O00499,C0057,Customer 0057,South,Business,customer57@example.com,2025-12-21,2025-12,Online,Completed,True,P016,Desk 016,Furniture,231.00,4,231.00,0.20,0,,924.00,184.8000,739.2000,0.0000,739.2000,4,0,1234,500,58,17
L001234,O00500,C0157,Customer 0157,West,Business,customer157@example.com,2025-04-26,2025-04,Online,Completed,True,P007,Shelf 007,Storage,35.00,4,35.00,0.00,0,,140.00,0.0000,140.0000,0.0000,140.0000,4,0,1235,501,158,8
L001235,O00500,C0157,Customer 0157,West,Business,customer157@example.com,2025-04-26,2025-04,Online,Completed,True,P006,Chair 006,Furniture,196.00,4,196.00,0.20,0,,784.00,156.8000,627.2000,0.0000,627.2000,4,0,1236,501,158,7
L001236,O00501,C0221,Customer 0221,West,Business,customer221@example.com,2025-02-20,2025-02,Online,Completed,True,P024,Desk 024,Furniture,81.00,3,81.00,0.10,0,,243.00,24.3000,218.7000,0.0000,218.7000,3,0,1237,502,222,25
L001237,O00501,C0221,Customer 0221,West,Business,customer221@example.com,2025-02-20,2025-02,Online,Completed,True,P018,Chair 018,Furniture,269.00,1,269.00,0.20,0,,269.00,53.8000,215.2000,0.0000,215.2000,1,0,1238,502,222,19
L001238,O00501,C0221,Customer 0221,West,Business,customer221@example.com,2025-02-20,2025-02,Online,Completed,True,P007,Shelf 007,Storage,35.00,5,35.00,0.05,0,,175.00,8.7500,166.2500,0.0000,166.2500,5,0,1239,502,222,8
L001239,O00501,C0221,Customer 0221,West,Business,customer221@example.com,2025-02-20,2025-02,Online,Completed,True,P008,Desk 008,Furniture,188.00,5,188.00,0.20,0,,940.00,188.0000,752.0000,0.0000,752.0000,5,0,1240,502,222,9
L001240,O00502,C0062,Customer 0062,West,Business,customer62@example.com,2025-01-10,2025-01,Store,Completed,True,P017,Lamp 017,Lighting,300.00,4,300.00,0.05,0,,1200.00,60.0000,1140.0000,0.0000,1140.0000,4,0,1241,503,63,18
L001241,O00502,C0062,Customer 0062,West,Business,customer62@example.com,2025-01-10,2025-01,Store,Completed,True,P003,Shelf 003,Storage,199.00,3,199.00,0.2,0,,597.00,119.400,477.600,0.000,477.600,3,0,1242,503,63,4
L001242,O00502,C0062,Customer 0062,West,Business,customer62@example.com,2025-01-10,2025-01,Store,Completed,True,P009,Lamp 009,Lighting,93.00,2,93.00,0.05,0,,186.00,9.3000,176.7000,0.0000,176.7000,2,0,1243,503,63,10
L001243,O00503,C0008,Customer 0008,North,Consumer,customer8@example.com,2025-10-05,2025-10,Store,Completed,True,P016,Desk 016,Furniture,231.00,4,231.00,0.20,0,,924.00,184.8000,739.2000,0.0000,739.2000,4,0,1244,504,9,17
L001244,O00504,C0053,Customer 0053,West,Business,customer53@example.com,2025-11-07,2025-11,Online,Completed,True,P009,Lamp 009,Lighting,93.00,5,93.00,0.10,0,,465.00,46.5000,418.5000,0.0000,418.5000,5,0,1245,505,54,10
L001245,O00504,C0053,Customer 0053,West,Business,customer53@example.com,2025-11-07,2025-11,Online,Completed,True,P016,Desk 016,Furniture,231.00,1,231.00,0.05,0,,231.00,11.5500,219.4500,0.0000,219.4500,1,0,1246,505,54,17
L001246,O00504,C0053,Customer 0053,West,Business,customer53@example.com,2025-11-07,2025-11,Online,Completed,True,P010,Chair 010,Furniture,211.00,2,211.00,0.20,0,,422.00,84.4000,337.6000,0.0000,337.6000,2,0,1247,505,54,11
L001247,O00504,C0053,Customer 0053,West,Business,customer53@example.com,2025-11-07,2025-11,Online,Completed,True,P010,Chair 010,Furniture,211.00,5,211.00,0.20,0,,1055.00,211.0000,844.0000,0.0000,844.0000,5,0,1248,505,54,11
L001248,O00505,C0057,Customer 0057,South,Business,customer57@example.com,2025-09-03,2025-09,Store,Completed,True,P002,Chair 002,Furniture,284.00,4,284.00,0.05,0,,1136.00,56.8000,1079.2000,0.0000,1079.2000,4,0,1249,506,58,3
L001249,O00506,C0081,Customer 0081,North,Consumer,customer81@example.com,2025-01-15,2025-01,Store,Completed,True,P002,Chair 002,Furniture,284.00,1,284.00,0.00,0,,284.00,0.0000,284.0000,0.0000,284.0000,1,0,1250,507,82,3
L001250,O00507,C0004,Customer 0004,North,Consumer,customer4@example.com,2025-02-20,2025-02,Store,Completed,True,P004,Desk 004,Furniture,123.00,1,123.00,0.10,0,,123.00,12.3000,110.7000,0.0000,110.7000,1,0,1251,508,5,5
L001251,O00507,C0004,Customer 0004,North,Consumer,customer4@example.com,2025-02-20,2025-02,Store,Completed,True,P004,Desk 004,Furniture,123.00,1,123.00,0.10,0,,123.00,12.3000,110.7000,0.0000,110.7000,1,0,1252,508,5,5
L001252,O00507,C0004,Customer 0004,North,Consumer,customer4@example.com,2025-02-20,2025-02,Store,Completed,True,P022,Chair 022,Furniture,134.00,4,134.00,0.05,0,,536.00,26.8000,509.2000,0.0000,509.2000,4,0,1253,508,5,23
L001253,O00507,C0004,Customer 0004,North,Consumer,customer4@example.com,2025-02-20,2025-02,Store,Completed,True,P001,Lamp 001,Lighting,122.00,5,122.00,0.10,0,,610.00,61.0000,549.0000,0.0000,549.0000,5,0,1254,508,5,2
L001254,O00508,C0166,Customer 0166,North,Business,customer166@example.com,2025-04-11,2025-04,Online,Completed,True,P022,Chair 022,Furniture,134.00,5,134.00,0.10,0,,670.00,67.0000,603.0000,0.0000,603.0000,5,0,1255,509,167,23
L001255,O00508,C0166,Customer 0166,North,Business,customer166@example.com,2025-04-11,2025-04,Online,Completed,True,P016,Desk 016,Furniture,231.00,2,231.00,0.05,0,,462.00,23.1000,438.9000,0.0000,438.9000,2,0,1256,509,167,17
L001256,O00509,C0278,Customer 0278,North,Consumer,customer278@example.com,2025-03-29,2025-03,Store,Completed,True,P012,Desk 012,Furniture,134.00,2,134.00,0.10,0,,268.00,26.8000,241.2000,0.0000,241.2000,2,0,1257,510,279,13
L001257,O00510,C0223,Customer 0223,East,Consumer,customer223@example.com,2025-09-05,2025-09,Store,Completed,True,P006,Chair 006,Furniture,196.00,4,196.00,0.05,0,,784.00,39.2000,744.8000,0.0000,744.8000,4,0,1258,511,224,7
L001258,O00510,C0223,Customer 0223,East,Consumer,customer223@example.com,2025-09-05,2025-09,Store,Completed,True,P008,Desk 008,Furniture,188.00,2,188.00,0.10,1,2025-09-08,376.00,37.6000,338.4000,169.2000,169.2000,2,1,1259,511,224,9
L001259,O00511,C0024,Customer 0024,South,Business,customer24@example.com,2025-09-26,2025-09,Online,Completed,True,P012,Desk 012,Furniture,134.00,1,134.00,0.05,0,,134.00,6.7000,127.3000,0.0000,127.3000,1,0,1260,512,25,13
L001260,O00511,C0024,Customer 0024,South,Business,customer24@example.com,2025-09-26,2025-09,Online,Completed,True,P020,Desk 020,Furniture,189.00,5,189.00,0.00,0,,945.00,0.0000,945.0000,0.0000,945.0000,5,0,1261,512,25,21
L001261,O00511,C0024,Customer 0024,South,Business,customer24@example.com,2025-09-26,2025-09,Online,Completed,True,P019,Shelf 019,Storage,78.00,3,78.00,0.20,0,,234.00,46.8000,187.2000,0.0000,187.2000,3,0,1262,512,25,20
L001262,O00511,C0024,Customer 0024,South,Business,customer24@example.com,2025-09-26,2025-09,Online,Completed,True,P020,Desk 020,Furniture,189.00,1,189.00,0.05,0,,189.00,9.4500,179.5500,0.0000,179.5500,1,0,1263,512,25,21
L001263,O00512,C0285,Customer 0285,East,Consumer,customer285@example.com,2025-06-16,2025-06,Store,Completed,True,P004,Desk 004,Furniture,123.00,4,123.00,0.05,0,,492.00,24.6000,467.4000,0.0000,467.4000,4,0,1264,513,286,5
L001264,O00512,C0285,Customer 0285,East,Consumer,customer285@example.com,2025-06-16,2025-06,Store,Completed,True,P023,Shelf 023,Storage,68.00,1,68.00,0.00,0,,68.00,0.0000,68.0000,0.0000,68.0000,1,0,1265,513,286,24
L001265,O00513,C0009,Customer 0009,South,Business,customer9@example.com,2025-12-09,2025-12,Store,Completed,True,P003,Shelf 003,Storage,199.00,3,199.00,0.05,0,,597.00,29.8500,567.1500,0.0000,567.1500,3,0,1266,514,10,4
L001266,O00513,C0009,Customer 0009,South,Business,customer9@example.com,2025-12-09,2025-12,Store,Completed,True,P002,Chair 002,Furniture,284.00,5,284.00,0.10,0,,1420.00,142.0000,1278.0000,0.0000,1278.0000,5,0,1267,514,10,3
L001267,O00513,C0009,Customer 0009,South,Business,customer9@example.com,2025-12-09,2025-12,Store,Completed,True,P018,Chair 018,Furniture,269.00,3,269.00,0.05,0,,807.00,40.3500,766.6500,0.0000,766.6500,3,0,1268,514,10,19
L001268,O00513,C0009,Customer 0009,South,Business,customer9@example.com,2025-12-09,2025-12,Store,Completed,True,P021,Lamp 021,Lighting,249.00,3,249.00,0.05,0,,747.00,37.3500,709.6500,0.0000,709.6500,3,0,1269,514,10,22
L001269,O00514,C0144,Customer 0144,North,Consumer,customer144@example.com,2025-05-17,2025-05,Store,Completed,True,P021,Lamp 021,Lighting,249.00,1,249.00,0.10,0,,249.00,24.9000,224.1000,0.0000,224.1000,1,0,1270,515,145,22
L001270,O00514,C0144,Customer 0144,North,Consumer,customer144@example.com,2025-05-17,2025-05,Store,Completed,True,P021,Lamp 021,Lighting,249.00,2,249.00,0.10,0,,498.00,49.8000,448.2000,0.0000,448.2000,2,0,1271,515,145,22
L001271,O00515,C0091,Customer 0091,North,Business,customer91@example.com,2025-05-04,2025-05,Online,Completed,True,P019,Shelf 019,Storage,78.00,3,78.00,0.10,0,,234.00,23.4000,210.6000,0.0000,210.6000,3,0,1272,516,92,20
L001272,O00515,C0091,Customer 0091,North,Business,customer91@example.com,2025-05-04,2025-05,Online,Completed,True,P014,Chair 014,Furniture,294.00,3,294.00,0.2,0,,882.00,176.400,705.600,0.000,705.600,3,0,1273,516,92,15
L001273,O00515,C0091,Customer 0091,North,Business,customer91@example.com,2025-05-04,2025-05,Online,Completed,True,P010,Chair 010,Furniture,211.00,5,211.00,0.05,0,,1055.00,52.7500,1002.2500,0.0000,1002.2500,5,0,1274,516,92,11
L001274,O00515,C0091,Customer 0091,North,Business,customer91@example.com,2025-05-04,2025-05,Online,Completed,True,P020,Desk 020,Furniture,189.00,4,189.00,0.00,0,,756.00,0.0000,756.0000,0.0000,756.0000,4,0,1275,516,92,21
L001275,O00516,C0002,Customer 0002,West,Consumer,customer2@example.com,2025-05-15,2025-05,Store,Completed,True,P024,Desk 024,Furniture,81.00,4,81.00,0.20,0,,324.00,64.8000,259.2000,0.0000,259.2000,4,0,1276,517,3,25
L001276,O00516,C0002,Customer 0002,West,Consumer,customer2@example.com,2025-05-15,2025-05,Store,Completed,True,P011,Shelf 011,Storage,80.00,4,80.00,0.10,0,,320.00,32.0000,288.0000,0.0000,288.0000,4,0,1277,517,3,12
L001277,O00517,C0135,Customer 0135,West,Consumer,customer135@example.com,2025-06-04,2025-06,Online,Cancelled,False,P022,Chair 022,Furniture,134.00,3,134.00,0.05,0,,402.00,20.1000,381.9000,0.0000,381.9000,3,0,1278,518,136,23
L001278,O00518,C0184,Customer 0184,West,Business,customer184@example.com,2025-08-15,2025-08,Store,Completed,True,P015,Shelf 015,Storage,254.00,3,254.00,0.00,0,,762.00,0.0000,762.0000,0.0000,762.0000,3,0,1279,519,185,16
L001279,O00519,C0098,Customer 0098,West,Business,customer98@example.com,2025-01-30,2025-01,Store,Completed,True,P001,Lamp 001,Lighting,122.00,3,122.00,0.20,0,,366.00,73.2000,292.8000,0.0000,292.8000,3,0,1280,520,99,2
L001280,O00519,C0098,Customer 0098,West,Business,customer98@example.com,2025-01-30,2025-01,Store,Completed,True,P013,Lamp 013,Lighting,271.00,2,271.00,0.20,0,,542.00,108.4000,433.6000,0.0000,433.6000,2,0,1281,520,99,14
L001281,O00520,C0197,Customer 0197,East,Business,customer197@example.com,2025-09-05,2025-09,Online,Completed,True,P024,Desk 024,Furniture,81.00,1,81.00,0.00,0,,81.00,0.0000,81.0000,0.0000,81.0000,1,0,1282,521,198,25
L001282,O00520,C0197,Customer 0197,East,Business,customer197@example.com,2025-09-05,2025-09,Online,Completed,True,P020,Desk 020,Furniture,189.00,2,189.00,0.20,0,,378.00,75.6000,302.4000,0.0000,302.4000,2,0,1283,521,198,21
L001283,O00520,C0197,Customer 0197,East,Business,customer197@example.com,2025-09-05,2025-09,Online,Completed,True,P014,Chair 014,Furniture,294.00,1,294.00,0.20,0,,294.00,58.8000,235.2000,0.0000,235.2000,1,0,1284,521,198,15
L001284,O00520,C0197,Customer 0197,East,Business,customer197@example.com,2025-09-05,2025-09,Online,Completed,True,P014,Chair 014,Furniture,294.00,4,294.00,0.05,0,,1176.00,58.8000,1117.2000,0.0000,1117.2000,4,0,1285,521,198,15
L001285,O00521,C0047,Customer 0047,West,Consumer,customer47@example.com,2025-01-12,2025-01,Online,Completed,True,P022,Chair 022,Furniture,134.00,5,134.00,0.10,0,,670.00,67.0000,603.0000,0.0000,603.0000,5,0,1286,522,48,23
L001286,O00521,C0047,Customer 0047,West,Consumer,customer47@example.com,2025-01-12,2025-01,Online,Completed,True,P005,Lamp 005,Lighting,65.00,1,65.00,0.20,1,2025-01-18,65.00,13.0000,52.0000,52.0000,0.0000,1,1,1287,522,48,6
L001287,O00521,C0047,Customer 0047,West,Consumer,customer47@example.com,2025-01-12,2025-01,Online,Completed,True,P013,Lamp 013,Lighting,271.00,2,271.00,0.00,0,,542.00,0.0000,542.0000,0.0000,542.0000,2,0,1288,522,48,14
L001288,O00522,C0266,Customer 0266,North,Business,customer266@example.com,2025-07-20,2025-07,Online,Completed,True,P022,Chair 022,Furniture,134.00,1,134.00,0.05,0,,134.00,6.7000,127.3000,0.0000,127.3000,1,0,1289,523,267,23
L001289,O00522,C0266,Customer 0266,North,Business,customer266@example.com,2025-07-20,2025-07,Online,Completed,True,P013,Lamp 013,Lighting,271.00,1,271.00,0.00,0,,271.00,0.0000,271.0000,0.0000,271.0000,1,0,1290,523,267,14
L001290,O00523,C0223,Customer 0223,East,Consumer,customer223@example.com,2025-03-09,2025-03,Store,Completed,True,P014,Chair 014,Furniture,294.00,1,294.00,0.00,0,,294.00,0.0000,294.0000,0.0000,294.0000,1,0,1291,524,224,15
L001291,O00523,C0223,Customer 0223,East,Consumer,customer223@example.com,2025-03-09,2025-03,Store,Completed,True,P007,Shelf 007,Storage,35.00,3,35.00,0.05,0,,105.00,5.2500,99.7500,0.0000,99.7500,3,0,1292,524,224,8
L001292,O00524,C0025,Customer 0025,East,Business,customer25@example.com,2025-09-06,2025-09,Store,Completed,True,P004,Desk 004,Furniture,123.00,2,123.00,0.05,0,,246.00,12.3000,233.7000,0.0000,233.7000,2,0,1293,525,26,5
L001293,O00525,C0106,Customer 0106,East,Business,customer106@example.com,2025-11-02,2025-11,Store,Completed,True,P024,Desk 024,Furniture,81.00,1,81.00,0.10,1,2025-11-29,81.00,8.1000,72.9000,72.9000,0.0000,1,1,1294,526,107,25
L001294,O00525,C0106,Customer 0106,East,Business,customer106@example.com,2025-11-02,2025-11,Store,Completed,True,P003,Shelf 003,Storage,199.00,3,199.00,0.10,0,,597.00,59.7000,537.3000,0.0000,537.3000,3,0,1295,526,107,4
L001295,O00525,C0106,Customer 0106,East,Business,customer106@example.com,2025-11-02,2025-11,Store,Completed,True,P012,Desk 012,Furniture,134.00,5,134.00,0.10,1,2025-11-10,670.00,67.0000,603.0000,241.2000,361.8000,5,2,1296,526,107,13
L001296,O00526,C0067,Customer 0067,East,Business,customer67@example.com,2025-12-23,2025-12,Store,Completed,True,P013,Lamp 013,Lighting,271.00,5,271.00,0.00,0,,1355.00,0.0000,1355.0000,0.0000,1355.0000,5,0,1297,527,68,14
L001297,O00526,C0067,Customer 0067,East,Business,customer67@example.com,2025-12-23,2025-12,Store,Completed,True,P005,Lamp 005,Lighting,65.00,3,65.00,0.20,0,,195.00,39.0000,156.0000,0.0000,156.0000,3,0,1298,527,68,6
L001298,O00526,C0067,Customer 0067,East,Business,customer67@example.com,2025-12-23,2025-12,Store,Completed,True,P020,Desk 020,Furniture,189.00,1,189.00,0.00,0,,189.00,0.0000,189.0000,0.0000,189.0000,1,0,1299,527,68,21
L001299,O00527,C0188,Customer 0188,South,Business,,2025-06-18,2025-06,Store,Cancelled,False,P001,Lamp 001,Lighting,122.00,4,122.00,0.10,0,,488.00,48.8000,439.2000,0.0000,439.2000,4,0,1300,528,189,2
L001300,O00527,C0188,Customer 0188,South,Business,,2025-06-18,2025-06,Store,Cancelled,False,P013,Lamp 013,Lighting,271.00,3,271.00,0.10,0,,813.00,81.3000,731.7000,0.0000,731.7000,3,0,1301,528,189,14
L001301,O00528,C0104,Customer 0104,North,Business,customer104@example.com,2025-05-27,2025-05,Store,Completed,True,P019,Shelf 019,Storage,78.00,4,78.00,0.00,0,,312.00,0.0000,312.0000,0.0000,312.0000,4,0,1302,529,105,20
L001302,O00529,C0189,Customer 0189,North,Consumer,customer189@example.com,2025-06-09,2025-06,Store,Completed,True,P011,Shelf 011,Storage,80.00,2,80.00,0.00,0,,160.00,0.0000,160.0000,0.0000,160.0000,2,0,1303,530,190,12
L001303,O00529,C0189,Customer 0189,North,Consumer,customer189@example.com,2025-06-09,2025-06,Store,Completed,True,P019,Shelf 019,Storage,78.00,3,78.00,0.1,0,,234.00,23.400,210.600,0.000,210.600,3,0,1304,530,190,20
L001304,O00529,C0189,Customer 0189,North,Consumer,customer189@example.com,2025-06-09,2025-06,Store,Completed,True,P022,Chair 022,Furniture,134.00,1,134.00,0.00,0,,134.00,0.0000,134.0000,0.0000,134.0000,1,0,1305,530,190,23
L001305,O00529,C0189,Customer 0189,North,Consumer,customer189@example.com,2025-06-09,2025-06,Store,Completed,True,P020,Desk 020,Furniture,189.00,3,189.00,0.05,0,,567.00,28.3500,538.6500,0.0000,538.6500,3,0,1306,530,190,21
L001306,O00530,C0294,Customer 0294,South,Consumer,customer294@example.com,2025-04-24,2025-04,Store,Completed,True,P017,Lamp 017,Lighting,300.00,4,300.00,0.00,0,,1200.00,0.0000,1200.0000,0.0000,1200.0000,4,0,1307,531,295,18
L001307,O00530,C0294,Customer 0294,South,Consumer,customer294@example.com,2025-04-24,2025-04,Store,Completed,True,P022,Chair 022,Furniture,134.00,1,134.00,0.05,0,,134.00,6.7000,127.3000,0.0000,127.3000,1,0,1308,531,295,23
L001308,O00531,C0022,Customer 0022,East,Consumer,customer22@example.com,2025-01-08,2025-01,Online,Completed,True,P024,Desk 024,Furniture,81.00,4,81.00,0.00,0,,324.00,0.0000,324.0000,0.0000,324.0000,4,0,1309,532,23,25
L001309,O00531,C0022,Customer 0022,East,Consumer,customer22@example.com,2025-01-08,2025-01,Online,Completed,True,P001,Lamp 001,Lighting,122.00,3,122.00,0.10,0,,366.00,36.6000,329.4000,0.0000,329.4000,3,0,1310,532,23,2
L001310,O00531,C0022,Customer 0022,East,Consumer,customer22@example.com,2025-01-08,2025-01,Online,Completed,True,P004,Desk 004,Furniture,123.00,1,123.00,0.05,0,,123.00,6.1500,116.8500,0.0000,116.8500,1,0,1311,532,23,5
L001311,O00532,C0136,Customer 0136,West,Consumer,customer136@example.com,2025-12-11,2025-12,Store,Completed,True,P015,Shelf 015,Storage,254.00,4,254.00,0.20,0,,1016.00,203.2000,812.8000,0.0000,812.8000,4,0,1312,533,137,16
L001312,O00532,C0136,Customer 0136,West,Consumer,customer136@example.com,2025-12-11,2025-12,Store,Completed,True,P002,Chair 002,Furniture,284.00,5,284.00,0.20,0,,1420.00,284.0000,1136.0000,0.0000,1136.0000,5,0,1313,533,137,3
L001313,O00532,C0136,Customer 0136,West,Consumer,customer136@example.com,2025-12-11,2025-12,Store,Completed,True,P024,Desk 024,Furniture,81.00,2,81.00,0.00,1,2025-12-28,162.00,0.0000,162.0000,81.0000,81.0000,2,1,1314,533,137,25
L001314,O00532,C0136,Customer 0136,West,Consumer,customer136@example.com,2025-12-11,2025-12,Store,Completed,True,P003,Shelf 003,Storage,199.00,4,199.00,0.10,0,,796.00,79.6000,716.4000,0.0000,716.4000,4,0,1315,533,137,4
L001315,O00533,C0161,Customer 0161,West,Consumer,customer161@example.com,2025-02-06,2025-02,Store,Completed,True,P007,Shelf 007,Storage,35.00,3,35.00,0.10,0,,105.00,10.5000,94.5000,0.0000,94.5000,3,0,1316,534,162,8
L001316,O00533,C0161,Customer 0161,West,Consumer,customer161@example.com,2025-02-06,2025-02,Store,Completed,True,P001,Lamp 001,Lighting,122.00,5,122.00,0.10,1,2025-02-22,610.00,61.0000,549.0000,109.8000,439.2000,5,1,1317,534,162,2
L001317,O00534,C0112,Customer 0112,South,Business,customer112@example.com,2025-07-12,2025-07,Online,Completed,True,P002,Chair 002,Furniture,284.00,1,284.00,0.10,0,,284.00,28.4000,255.6000,0.0000,255.6000,1,0,1318,535,113,3
L001318,O00534,C0112,Customer 0112,South,Business,customer112@example.com,2025-07-12,2025-07,Online,Completed,True,P002,Chair 002,Furniture,284.00,2,284.00,0.00,0,,568.00,0.0000,568.0000,0.0000,568.0000,2,0,1319,535,113,3
L001319,O00534,C0112,Customer 0112,South,Business,customer112@example.com,2025-07-12,2025-07,Online,Completed,True,P015,Shelf 015,Storage,254.00,4,254.00,0.10,1,2025-07-22,1016.00,101.6000,914.4000,914.4000,0.0000,4,4,1320,535,113,16
L001320,O00535,C0006,Customer 0006,East,Consumer,customer6@example.com,2025-11-09,2025-11,Online,Completed,True,P023,Shelf 023,Storage,68.00,4,68.00,0.05,0,,272.00,13.6000,258.4000,0.0000,258.4000,4,0,1321,536,7,24
L001321,O00535,C0006,Customer 0006,East,Consumer,customer6@example.com,2025-11-09,2025-11,Online,Completed,True,P003,Shelf 003,Storage,199.00,4,199.00,0.10,0,,796.00,79.6000,716.4000,0.0000,716.4000,4,0,1322,536,7,4
L001322,O00535,C0006,Customer 0006,East,Consumer,customer6@example.com,2025-11-09,2025-11,Online,Completed,True,P023,Shelf 023,Storage,68.00,1,68.00,0.10,0,,68.00,6.8000,61.2000,0.0000,61.2000,1,0,1323,536,7,24
L001323,O00536,C0236,Customer 0236,West,Business,customer236@example.com,2025-05-04,2025-05,Online,Completed,True,P013,Lamp 013,Lighting,271.00,2,271.00,0.20,0,,542.00,108.4000,433.6000,0.0000,433.6000,2,0,1324,537,237,14
L001324,O00537,C0104,Customer 0104,North,Business,customer104@example.com,2025-01-08,2025-01,Store,Completed,True,P018,Chair 018,Furniture,269.00,3,269.00,0.10,1,2025-01-16,807.00,80.7000,726.3000,726.3000,0.0000,3,3,1325,538,105,19
L001325,O00538,C0242,Customer 0242,South,Business,customer242@example.com,2025-11-23,2025-11,Store,Completed,True,P016,Desk 016,Furniture,231.00,1,231.00,0.05,0,,231.00,11.5500,219.4500,0.0000,219.4500,1,0,1326,539,243,17
L001326,O00539,C0112,Customer 0112,South,Business,customer112@example.com,2025-02-07,2025-02,Store,Completed,True,P022,Chair 022,Furniture,134.00,1,134.00,0.00,0,,134.00,0.0000,134.0000,0.0000,134.0000,1,0,1327,540,113,23
L001327,O00540,C0098,Customer 0098,West,Business,customer98@example.com,2025-06-20,2025-06,Online,Completed,True,P003,Shelf 003,Storage,199.00,4,199.00,0.05,0,,796.00,39.8000,756.2000,0.0000,756.2000,4,0,1328,541,99,4
L001328,O00541,C0096,Customer 0096,North,Consumer,customer96@example.com,2025-03-27,2025-03,Online,Completed,True,P011,Shelf 011,Storage,80.00,5,80.00,0.20,0,,400.00,80.0000,320.0000,0.0000,320.0000,5,0,1329,542,97,12
L001329,O00541,C0096,Customer 0096,North,Consumer,customer96@example.com,2025-03-27,2025-03,Online,Completed,True,P016,Desk 016,Furniture,231.00,1,231.00,0.00,0,,231.00,0.0000,231.0000,0.0000,231.0000,1,0,1330,542,97,17
L001330,O00541,C0096,Customer 0096,North,Consumer,customer96@example.com,2025-03-27,2025-03,Online,Completed,True,P019,Shelf 019,Storage,78.00,5,78.00,0.00,0,,390.00,0.0000,390.0000,0.0000,390.0000,5,0,1331,542,97,20
L001331,O00542,C0283,Customer 0283,East,Business,customer283@example.com,2025-03-01,2025-03,Store,Completed,True,P008,Desk 008,Furniture,188.00,1,188.00,0.00,0,,188.00,0.0000,188.0000,0.0000,188.0000,1,0,1332,543,284,9
L001332,O00542,C0283,Customer 0283,East,Business,customer283@example.com,2025-03-01,2025-03,Store,Completed,True,P004,Desk 004,Furniture,123.00,5,123.00,0.20,0,,615.00,123.0000,492.0000,0.0000,492.0000,5,0,1333,543,284,5
L001333,O00543,C0034,Customer 0034,East,Consumer,customer34@example.com,2025-06-08,2025-06,Store,Completed,True,P009,Lamp 009,Lighting,93.00,3,93.00,0.05,0,,279.00,13.9500,265.0500,0.0000,265.0500,3,0,1334,544,35,10
L001334,O00543,C0034,Customer 0034,East,Consumer,customer34@example.com,2025-06-08,2025-06,Store,Completed,True,P010,Chair 010,Furniture,211.00,4,211.00,0.1,0,,844.00,84.400,759.600,0.000,759.600,4,0,1335,544,35,11
L001335,O00543,C0034,Customer 0034,East,Consumer,customer34@example.com,2025-06-08,2025-06,Store,Completed,True,P019,Shelf 019,Storage,78.00,2,78.00,0.10,0,,156.00,15.6000,140.4000,0.0000,140.4000,2,0,1336,544,35,20
L001336,O00544,C0275,Customer 0275,East,Business,customer275@example.com,2025-11-13,2025-11,Store,Completed,True,P004,Desk 004,Furniture,123.00,2,123.00,0.10,0,,246.00,24.6000,221.4000,0.0000,221.4000,2,0,1337,545,276,5
L001337,O00544,C0275,Customer 0275,East,Business,customer275@example.com,2025-11-13,2025-11,Store,Completed,True,P014,Chair 014,Furniture,294.00,5,294.00,0.20,0,,1470.00,294.0000,1176.0000,0.0000,1176.0000,5,0,1338,545,276,15
L001338,O00544,C0275,Customer 0275,East,Business,customer275@example.com,2025-11-13,2025-11,Store,Completed,True,P016,Desk 016,Furniture,231.00,4,231.00,0.00,1,2025-11-16,924.00,0.0000,924.0000,924.0000,0.0000,4,4,1339,545,276,17
L001339,O00544,C0275,Customer 0275,East,Business,customer275@example.com,2025-11-13,2025-11,Store,Completed,True,P001,Lamp 001,Lighting,122.00,1,122.00,0.00,1,2025-11-20,122.00,0.0000,122.0000,122.0000,0.0000,1,1,1340,545,276,2
L001340,O00545,C0070,Customer 0070,West,Business,customer70@example.com,2025-06-10,2025-06,Store,Completed,True,P008,Desk 008,Furniture,188.00,3,188.00,0.00,0,,564.00,0.0000,564.0000,0.0000,564.0000,3,0,1341,546,71,9
L001341,O00546,C0196,Customer 0196,West,Consumer,customer196@example.com,2025-01-06,2025-01,Store,Completed,True,P012,Desk 012,Furniture,134.00,4,134.00,0.00,0,,536.00,0.0000,536.0000,0.0000,536.0000,4,0,1342,547,197,13
L001342,O00546,C0196,Customer 0196,West,Consumer,customer196@example.com,2025-01-06,2025-01,Store,Completed,True,P019,Shelf 019,Storage,78.00,4,78.00,0.05,0,,312.00,15.6000,296.4000,0.0000,296.4000,4,0,1343,547,197,20
L001343,O00546,C0196,Customer 0196,West,Consumer,customer196@example.com,2025-01-06,2025-01,Store,Completed,True,P022,Chair 022,Furniture,134.00,1,134.00,0.05,0,,134.00,6.7000,127.3000,0.0000,127.3000,1,0,1344,547,197,23
L001344,O00547,C0099,Customer 0099,West,Consumer,customer99@example.com,2025-11-06,2025-11,Online,Completed,True,P020,Desk 020,Furniture,189.00,4,189.00,0.20,0,,756.00,151.2000,604.8000,0.0000,604.8000,4,0,1345,548,100,21
L001345,O00547,C0099,Customer 0099,West,Consumer,customer99@example.com,2025-11-06,2025-11,Online,Completed,True,P001,Lamp 001,Lighting,122.00,1,122.00,0.05,0,,122.00,6.1000,115.9000,0.0000,115.9000,1,0,1346,548,100,2
L001346,O00548,C0274,Customer 0274,North,Business,customer274@example.com,2025-09-22,2025-09,Online,Completed,True,P019,Shelf 019,Storage,78.00,3,78.00,0.05,0,,234.00,11.7000,222.3000,0.0000,222.3000,3,0,1347,549,275,20
L001347,O00549,C0246,Customer 0246,South,Consumer,customer246@example.com,2025-06-12,2025-06,Store,Completed,True,P016,Desk 016,Furniture,231.00,4,231.00,0.05,0,,924.00,46.2000,877.8000,0.0000,877.8000,4,0,1348,550,247,17
L001348,O00549,C0246,Customer 0246,South,Consumer,customer246@example.com,2025-06-12,2025-06,Store,Completed,True,P017,Lamp 017,Lighting,300.00,3,300.00,0.20,1,2025-06-27,900.00,180.0000,720.0000,240.0000,480.0000,3,1,1349,550,247,18
L001349,O00550,C0097,Customer 0097,West,Business,customer97@example.com,2025-05-20,2025-05,Online,Completed,True,P013,Lamp 013,Lighting,271.00,3,271.00,0.10,0,,813.00,81.3000,731.7000,0.0000,731.7000,3,0,1350,551,98,14
L001350,O00550,C0097,Customer 0097,West,Business,customer97@example.com,2025-05-20,2025-05,Online,Completed,True,P020,Desk 020,Furniture,189.00,1,189.00,0.10,0,,189.00,18.9000,170.1000,0.0000,170.1000,1,0,1351,551,98,21
L001351,O00550,C0097,Customer 0097,West,Business,customer97@example.com,2025-05-20,2025-05,Online,Completed,True,P003,Shelf 003,Storage,199.00,1,199.00,0.20,0,,199.00,39.8000,159.2000,0.0000,159.2000,1,0,1352,551,98,4
L001352,O00550,C0097,Customer 0097,West,Business,customer97@example.com,2025-05-20,2025-05,Online,Completed,True,P023,Shelf 023,Storage,68.00,2,68.00,0.05,0,,136.00,6.8000,129.2000,0.0000,129.2000,2,0,1353,551,98,24
L001353,O00551,C0086,Customer 0086,North,Business,,2025-05-14,2025-05,Online,Completed,True,P007,Shelf 007,Storage,35.00,4,35.00,0.05,0,,140.00,7.0000,133.0000,0.0000,133.0000,4,0,1354,552,87,8
L001354,O00551,C0086,Customer 0086,North,Business,,2025-05-14,2025-05,Online,Completed,True,P014,Chair 014,Furniture,294.00,2,294.00,0.20,0,,588.00,117.6000,470.4000,0.0000,470.4000,2,0,1355,552,87,15
L001355,O00551,C0086,Customer 0086,North,Business,,2025-05-14,2025-05,Online,Completed,True,P020,Desk 020,Furniture,189.00,1,189.00,0.05,0,,189.00,9.4500,179.5500,0.0000,179.5500,1,0,1356,552,87,21
L001356,O00551,C0086,Customer 0086,North,Business,,2025-05-14,2025-05,Online,Completed,True,P020,Desk 020,Furniture,189.00,1,189.00,0.10,0,,189.00,18.9000,170.1000,0.0000,170.1000,1,0,1357,552,87,21
L001357,O00552,C0083,Customer 0083,West,Consumer,customer83@example.com,2025-03-10,2025-03,Online,Completed,True,P014,Chair 014,Furniture,294.00,3,294.00,0.20,0,,882.00,176.4000,705.6000,0.0000,705.6000,3,0,1358,553,84,15
L001358,O00552,C0083,Customer 0083,West,Consumer,customer83@example.com,2025-03-10,2025-03,Online,Completed,True,P015,Shelf 015,Storage,254.00,1,254.00,0.00,0,,254.00,0.0000,254.0000,0.0000,254.0000,1,0,1359,553,84,16
L001359,O00552,C0083,Customer 0083,West,Consumer,customer83@example.com,2025-03-10,2025-03,Online,Completed,True,P016,Desk 016,Furniture,231.00,1,231.00,0.10,0,,231.00,23.1000,207.9000,0.0000,207.9000,1,0,1360,553,84,17
L001360,O00552,C0083,Customer 0083,West,Consumer,customer83@example.com,2025-03-10,2025-03,Online,Completed,True,P011,Shelf 011,Storage,80.00,5,80.00,0.00,0,,400.00,0.0000,400.0000,0.0000,400.0000,5,0,1361,553,84,12
L001361,O00553,C0192,Customer 0192,South,Business,customer192@example.com,2025-12-15,2025-12,Store,Completed,True,P012,Desk 012,Furniture,134.00,2,134.00,0.20,0,,268.00,53.6000,214.4000,0.0000,214.4000,2,0,1362,554,193,13
L001362,O00553,C0192,Customer 0192,South,Business,customer192@example.com,2025-12-15,2025-12,Store,Completed,True,P011,Shelf 011,Storage,80.00,1,80.00,0.10,0,,80.00,8.0000,72.0000,0.0000,72.0000,1,0,1363,554,193,12
L001363,O00553,C0192,Customer 0192,South,Business,customer192@example.com,2025-12-15,2025-12,Store,Completed,True,P005,Lamp 005,Lighting,65.00,4,65.00,0.05,0,,260.00,13.0000,247.0000,0.0000,247.0000,4,0,1364,554,193,6
L001364,O00554,C0255,Customer 0255,South,Business,customer255@example.com,2025-03-01,2025-03,Online,Completed,True,P013,Lamp 013,Lighting,271.00,1,271.00,0.00,0,,271.00,0.0000,271.0000,0.0000,271.0000,1,0,1365,555,256,14
L001365,O00554,C0255,Customer 0255,South,Business,customer255@example.com,2025-03-01,2025-03,Online,Completed,True,P008,Desk 008,Furniture,188.00,2,188.00,0.05,0,,376.00,18.8000,357.2000,0.0000,357.2000,2,0,1366,555,256,9
L001366,O00554,C0255,Customer 0255,South,Business,customer255@example.com,2025-03-01,2025-03,Online,Completed,True,P005,Lamp 005,Lighting,65.00,5,65.00,0.20,0,,325.00,65.0000,260.0000,0.0000,260.0000,5,0,1367,555,256,6
L001367,O00555,C0232,Customer 0232,East,Business,customer232@example.com,2025-10-19,2025-10,Store,Completed,True,P017,Lamp 017,Lighting,300.00,5,300.00,0.00,0,,1500.00,0.0000,1500.0000,0.0000,1500.0000,5,0,1368,556,233,18
L001368,O00555,C0232,Customer 0232,East,Business,customer232@example.com,2025-10-19,2025-10,Store,Completed,True,P012,Desk 012,Furniture,134.00,3,134.00,0.05,0,,402.00,20.1000,381.9000,0.0000,381.9000,3,0,1369,556,233,13
L001369,O00555,C0232,Customer 0232,East,Business,customer232@example.com,2025-10-19,2025-10,Store,Completed,True,P002,Chair 002,Furniture,284.00,4,284.00,0.10,0,,1136.00,113.6000,1022.4000,0.0000,1022.4000,4,0,1370,556,233,3
L001370,O00555,C0232,Customer 0232,East,Business,customer232@example.com,2025-10-19,2025-10,Store,Completed,True,P004,Desk 004,Furniture,123.00,1,123.00,0.05,0,,123.00,6.1500,116.8500,0.0000,116.8500,1,0,1371,556,233,5
L001371,O00556,C0048,Customer 0048,East,Consumer,customer48@example.com,2025-09-29,2025-09,Store,Completed,True,P004,Desk 004,Furniture,123.00,3,123.00,0.00,0,,369.00,0.0000,369.0000,0.0000,369.0000,3,0,1372,557,49,5
L001372,O00556,C0048,Customer 0048,East,Consumer,customer48@example.com,2025-09-29,2025-09,Store,Completed,True,P015,Shelf 015,Storage,254.00,1,254.00,0.00,0,,254.00,0.0000,254.0000,0.0000,254.0000,1,0,1373,557,49,16
L001373,O00557,C0227,Customer 0227,East,Consumer,customer227@example.com,2025-08-05,2025-08,Online,Completed,True,P015,Shelf 015,Storage,254.00,4,254.00,0.10,0,,1016.00,101.6000,914.4000,0.0000,914.4000,4,0,1374,558,228,16
L001374,O00558,C0252,Customer 0252,West,Business,customer252@example.com,2025-10-23,2025-10,Online,Completed,True,P002,Chair 002,Furniture,284.00,1,284.00,0.10,0,,284.00,28.4000,255.6000,0.0000,255.6000,1,0,1375,559,253,3
L001375,O00559,C0033,Customer 0033,South,Business,customer33@example.com,2025-12-13,2025-12,Online,Completed,True,P022,Chair 022,Furniture,134.00,3,134.00,0.00,0,,402.00,0.0000,402.0000,0.0000,402.0000,3,0,1376,560,34,23
L001376,O00559,C0033,Customer 0033,South,Business,customer33@example.com,2025-12-13,2025-12,Online,Completed,True,P003,Shelf 003,Storage,199.00,5,199.00,0.05,0,,995.00,49.7500,945.2500,0.0000,945.2500,5,0,1377,560,34,4
L001377,O00559,C0033,Customer 0033,South,Business,customer33@example.com,2025-12-13,2025-12,Online,Completed,True,P002,Chair 002,Furniture,284.00,5,284.00,0.00,0,,1420.00,0.0000,1420.0000,0.0000,1420.0000,5,0,1378,560,34,3
L001378,O00560,C0216,Customer 0216,North,Consumer,customer216@example.com,2025-08-21,2025-08,Store,Completed,True,P002,Chair 002,Furniture,284.00,3,284.00,0.20,1,2025-09-16,852.00,170.4000,681.6000,454.4000,227.2000,3,2,1379,561,217,3
L001379,O00560,C0216,Customer 0216,North,Consumer,customer216@example.com,2025-08-21,2025-08,Store,Completed,True,P003,Shelf 003,Storage,199.00,2,199.00,0.20,0,,398.00,79.6000,318.4000,0.0000,318.4000,2,0,1380,561,217,4
L001380,O00561,C0270,Customer 0270,East,Business,customer270@example.com,2025-08-15,2025-08,Online,Completed,True,P005,Lamp 005,Lighting,65.00,4,65.00,0.05,0,,260.00,13.0000,247.0000,0.0000,247.0000,4,0,1381,562,271,6
L001381,O00561,C0270,Customer 0270,East,Business,customer270@example.com,2025-08-15,2025-08,Online,Completed,True,P021,Lamp 021,Lighting,249.00,2,249.00,0.00,0,,498.00,0.0000,498.0000,0.0000,498.0000,2,0,1382,562,271,22
L001382,O00562,C0172,Customer 0172,North,Consumer,customer172@example.com,2025-09-13,2025-09,Online,Completed,True,P020,Desk 020,Furniture,189.00,3,189.00,0.10,0,,567.00,56.7000,510.3000,0.0000,510.3000,3,0,1383,563,173,21
L001383,O00562,C0172,Customer 0172,North,Consumer,customer172@example.com,2025-09-13,2025-09,Online,Completed,True,P010,Chair 010,Furniture,211.00,5,211.00,0.05,0,,1055.00,52.7500,1002.2500,0.0000,1002.2500,5,0,1384,563,173,11
L001384,O00563,C0160,Customer 0160,West,Business,customer160@example.com,2025-11-23,2025-11,Online,Completed,True,P016,Desk 016,Furniture,231.00,5,231.00,0.10,0,,1155.00,115.5000,1039.5000,0.0000,1039.5000,5,0,1385,564,161,17
L001385,O00563,C0160,Customer 0160,West,Business,customer160@example.com,2025-11-23,2025-11,Online,Completed,True,P022,Chair 022,Furniture,134.00,4,134.00,0.20,0,,536.00,107.2000,428.8000,0.0000,428.8000,4,0,1386,564,161,23
L001386,O00563,C0160,Customer 0160,West,Business,customer160@example.com,2025-11-23,2025-11,Online,Completed,True,P011,Shelf 011,Storage,80.00,5,80.00,0.10,0,,400.00,40.0000,360.0000,0.0000,360.0000,5,0,1387,564,161,12
L001387,O00563,C0160,Customer 0160,West,Business,customer160@example.com,2025-11-23,2025-11,Online,Completed,True,P003,Shelf 003,Storage,199.00,4,199.00,0.20,0,,796.00,159.2000,636.8000,0.0000,636.8000,4,0,1388,564,161,4
L001388,O00564,C0230,Customer 0230,East,Consumer,customer230@example.com,2025-01-30,2025-01,Online,Completed,True,P004,Desk 004,Furniture,123.00,1,123.00,0.20,0,,123.00,24.6000,98.4000,0.0000,98.4000,1,0,1389,565,231,5
L001389,O00565,C0237,Customer 0237,South,Consumer,customer237@example.com,2025-06-24,2025-06,Store,Completed,True,P007,Shelf 007,Storage,35.00,3,35.00,0.20,1,2025-07-17,105.00,21.0000,84.0000,28.0000,56.0000,3,1,1390,566,238,8
L001390,O00565,C0237,Customer 0237,South,Consumer,customer237@example.com,2025-06-24,2025-06,Store,Completed,True,P003,Shelf 003,Storage,199.00,1,199.00,0.10,0,,199.00,19.9000,179.1000,0.0000,179.1000,1,0,1391,566,238,4
L001391,O00565,C0237,Customer 0237,South,Consumer,customer237@example.com,2025-06-24,2025-06,Store,Completed,True,P020,Desk 020,Furniture,189.00,3,189.00,0.00,0,,567.00,0.0000,567.0000,0.0000,567.0000,3,0,1392,566,238,21
L001392,O00565,C0237,Customer 0237,South,Consumer,customer237@example.com,2025-06-24,2025-06,Store,Completed,True,P022,Chair 022,Furniture,134.00,1,134.00,0.05,0,,134.00,6.7000,127.3000,0.0000,127.3000,1,0,1393,566,238,23
L001393,O00566,C0182,Customer 0182,West,Business,customer182@example.com,2025-03-17,2025-03,Online,Completed,True,P018,Chair 018,Furniture,269.00,4,269.00,0.20,0,,1076.00,215.2000,860.8000,0.0000,860.8000,4,0,1394,567,183,19
L001394,O00566,C0182,Customer 0182,West,Business,customer182@example.com,2025-03-17,2025-03,Online,Completed,True,P015,Shelf 015,Storage,254.00,1,254.00,0.00,0,,254.00,0.0000,254.0000,0.0000,254.0000,1,0,1395,567,183,16
L001395,O00567,C0257,Customer 0257,North,Business,customer257@example.com,2025-07-19,2025-07,Store,Completed,True,P007,Shelf 007,Storage,35.00,2,35.00,0.20,1,2025-07-27,70.00,14.0000,56.0000,28.0000,28.0000,2,1,1396,568,258,8
L001396,O00568,C0286,Customer 0286,West,Business,customer286@example.com,2025-01-15,2025-01,Store,Completed,True,P002,Chair 002,Furniture,284.00,4,284.00,0.05,0,,1136.00,56.8000,1079.2000,0.0000,1079.2000,4,0,1397,569,287,3
L001397,O00568,C0286,Customer 0286,West,Business,customer286@example.com,2025-01-15,2025-01,Store,Completed,True,P023,Shelf 023,Storage,68.00,5,68.00,0.10,0,,340.00,34.0000,306.0000,0.0000,306.0000,5,0,1398,569,287,24
L001398,O00569,C0237,Customer 0237,South,Consumer,customer237@example.com,2025-08-06,2025-08,Store,Completed,True,P011,Shelf 011,Storage,80.00,4,80.00,0.05,0,,320.00,16.0000,304.0000,0.0000,304.0000,4,0,1399,570,238,12
L001399,O00569,C0237,Customer 0237,South,Consumer,customer237@example.com,2025-08-06,2025-08,Store,Completed,True,P009,Lamp 009,Lighting,93.00,1,93.00,0.20,0,,93.00,18.6000,74.4000,0.0000,74.4000,1,0,1400,570,238,10
L001400,O00569,C0237,Customer 0237,South,Consumer,customer237@example.com,2025-08-06,2025-08,Store,Completed,True,P011,Shelf 011,Storage,80.00,1,80.00,0.00,0,,80.00,0.0000,80.0000,0.0000,80.0000,1,0,1401,570,238,12
L001401,O00569,C0237,Customer 0237,South,Consumer,customer237@example.com,2025-08-06,2025-08,Store,Completed,True,P004,Desk 004,Furniture,123.00,1,123.00,0.05,0,,123.00,6.1500,116.8500,0.0000,116.8500,1,0,1402,570,238,5
L001402,O00570,C0138,Customer 0138,South,Business,customer138@example.com,2025-07-12,2025-07,Online,Completed,True,P004,Desk 004,Furniture,123.00,4,123.00,0.10,0,,492.00,49.2000,442.8000,0.0000,442.8000,4,0,1403,571,139,5
L001403,O00570,C0138,Customer 0138,South,Business,customer138@example.com,2025-07-12,2025-07,Online,Completed,True,P020,Desk 020,Furniture,189.00,5,189.00,0.10,0,,945.00,94.5000,850.5000,0.0000,850.5000,5,0,1404,571,139,21
L001404,O00570,C0138,Customer 0138,South,Business,customer138@example.com,2025-07-12,2025-07,Online,Completed,True,P004,Desk 004,Furniture,123.00,2,123.00,0.20,0,,246.00,49.2000,196.8000,0.0000,196.8000,2,0,1405,571,139,5
L001405,O00571,C0198,Customer 0198,West,Consumer,customer198@example.com,2025-10-27,2025-10,Store,Completed,True,P012,Desk 012,Furniture,134.00,1,134.00,0.05,0,,134.00,6.7000,127.3000,0.0000,127.3000,1,0,1406,572,199,13
L001406,O00571,C0198,Customer 0198,West,Consumer,customer198@example.com,2025-10-27,2025-10,Store,Completed,True,P017,Lamp 017,Lighting,300.00,1,300.00,0.10,0,,300.00,30.0000,270.0000,0.0000,270.0000,1,0,1407,572,199,18
L001407,O00572,C0016,Customer 0016,East,Consumer,customer16@example.com,2025-10-22,2025-10,Online,Completed,True,P024,Desk 024,Furniture,81.00,2,81.00,0.05,0,,162.00,8.1000,153.9000,0.0000,153.9000,2,0,1408,573,17,25
L001408,O00572,C0016,Customer 0016,East,Consumer,customer16@example.com,2025-10-22,2025-10,Online,Completed,True,P006,Chair 006,Furniture,196.00,1,196.00,0.00,0,,196.00,0.0000,196.0000,0.0000,196.0000,1,0,1409,573,17,7
L001409,O00572,C0016,Customer 0016,East,Consumer,customer16@example.com,2025-10-22,2025-10,Online,Completed,True,P013,Lamp 013,Lighting,271.00,2,271.00,0.00,0,,542.00,0.0000,542.0000,0.0000,542.0000,2,0,1410,573,17,14
L001410,O00573,C0211,Customer 0211,North,Business,customer211@example.com,2025-08-13,2025-08,Online,Completed,True,P004,Desk 004,Furniture,123.00,2,123.00,0.20,1,2025-09-07,246.00,49.2000,196.8000,196.8000,0.0000,2,2,1411,574,212,5
L001411,O00573,C0211,Customer 0211,North,Business,customer211@example.com,2025-08-13,2025-08,Online,Completed,True,P020,Desk 020,Furniture,189.00,4,189.00,0.00,0,,756.00,0.0000,756.0000,0.0000,756.0000,4,0,1412,574,212,21
L001412,O00573,C0211,Customer 0211,North,Business,customer211@example.com,2025-08-13,2025-08,Online,Completed,True,P007,Shelf 007,Storage,35.00,2,35.00,0.20,0,,70.00,14.0000,56.0000,0.0000,56.0000,2,0,1413,574,212,8
L001413,O00574,C0249,Customer 0249,North,Consumer,customer249@example.com,2025-02-13,2025-02,Store,Completed,True,P024,Desk 024,Furniture,81.00,4,81.00,0.00,0,,324.00,0.0000,324.0000,0.0000,324.0000,4,0,1414,575,250,25
L001414,O00574,C0249,Customer 0249,North,Consumer,customer249@example.com,2025-02-13,2025-02,Store,Completed,True,P024,Desk 024,Furniture,81.00,2,81.00,0.20,0,,162.00,32.4000,129.6000,0.0000,129.6000,2,0,1415,575,250,25
L001415,O00575,C0072,Customer 0072,South,Business,customer72@example.com,2025-07-10,2025-07,Online,Cancelled,False,P007,Shelf 007,Storage,35.00,5,35.00,0.20,0,,175.00,35.0000,140.0000,0.0000,140.0000,5,0,1416,576,73,8
L001416,O00576,C0045,Customer 0045,North,Consumer,customer45@example.com,2025-02-03,2025-02,Store,Completed,True,P005,Lamp 005,Lighting,65.00,3,65.00,0.10,0,,195.00,19.5000,175.5000,0.0000,175.5000,3,0,1417,577,46,6
L001417,O00576,C0045,Customer 0045,North,Consumer,customer45@example.com,2025-02-03,2025-02,Store,Completed,True,P013,Lamp 013,Lighting,271.00,1,271.00,0.00,0,,271.00,0.0000,271.0000,0.0000,271.0000,1,0,1418,577,46,14
L001418,O00577,C0116,Customer 0116,West,Business,customer116@example.com,2025-09-22,2025-09,Store,Completed,True,P011,Shelf 011,Storage,80.00,1,80.00,0.10,0,,80.00,8.0000,72.0000,0.0000,72.0000,1,0,1419,578,117,12
L001419,O00577,C0116,Customer 0116,West,Business,customer116@example.com,2025-09-22,2025-09,Store,Completed,True,P002,Chair 002,Furniture,284.00,3,284.00,0.10,0,,852.00,85.2000,766.8000,0.0000,766.8000,3,0,1420,578,117,3
L001420,O00578,C0100,Customer 0100,West,Consumer,customer100@example.com,2025-09-04,2025-09,Online,Completed,True,P020,Desk 020,Furniture,189.00,5,189.00,0.10,0,,945.00,94.5000,850.5000,0.0000,850.5000,5,0,1421,579,101,21
L001421,O00578,C0100,Customer 0100,West,Consumer,customer100@example.com,2025-09-04,2025-09,Online,Completed,True,P019,Shelf 019,Storage,78.00,2,78.00,0.10,0,,156.00,15.6000,140.4000,0.0000,140.4000,2,0,1422,579,101,20
L001422,O00578,C0100,Customer 0100,West,Consumer,customer100@example.com,2025-09-04,2025-09,Online,Completed,True,P019,Shelf 019,Storage,78.00,4,78.00,0.20,0,,312.00,62.4000,249.6000,0.0000,249.6000,4,0,1423,579,101,20
L001423,O00579,C0246,Customer 0246,South,Consumer,customer246@example.com,2025-11-16,2025-11,Online,Cancelled,False,P024,Desk 024,Furniture,81.00,4,81.00,0.00,0,,324.00,0.0000,324.0000,0.0000,324.0000,4,0,1424,580,247,25
L001424,O00579,C0246,Customer 0246,South,Consumer,customer246@example.com,2025-11-16,2025-11,Online,Cancelled,False,P014,Chair 014,Furniture,294.00,1,294.00,0.00,0,,294.00,0.0000,294.0000,0.0000,294.0000,1,0,1425,580,247,15
L001425,O00579,C0246,Customer 0246,South,Consumer,customer246@example.com,2025-11-16,2025-11,Online,Cancelled,False,P004,Desk 004,Furniture,123.00,3,123.00,0.20,0,,369.00,73.8000,295.2000,0.0000,295.2000,3,0,1426,580,247,5
L001426,O00579,C0246,Customer 0246,South,Consumer,customer246@example.com,2025-11-16,2025-11,Online,Cancelled,False,P015,Shelf 015,Storage,254.00,4,254.00,0.05,0,,1016.00,50.8000,965.2000,0.0000,965.2000,4,0,1427,580,247,16
L001427,O00580,C0042,Customer 0042,South,Consumer,customer42@example.com,2025-12-21,2025-12,Online,Completed,True,P007,Shelf 007,Storage,35.00,3,35.00,0.1,0,,105.00,10.500,94.500,0.000,94.500,3,0,1428,581,43,8
L001428,O00580,C0042,Customer 0042,South,Consumer,customer42@example.com,2025-12-21,2025-12,Online,Completed,True,P009,Lamp 009,Lighting,93.00,5,93.00,0.00,0,,465.00,0.0000,465.0000,0.0000,465.0000,5,0,1429,581,43,10
L001429,O00581,C0112,Customer 0112,South,Business,customer112@example.com,2025-01-17,2025-01,Store,Completed,True,P002,Chair 002,Furniture,284.00,1,284.00,0.20,0,,284.00,56.8000,227.2000,0.0000,227.2000,1,0,1430,582,113,3
L001430,O00581,C0112,Customer 0112,South,Business,customer112@example.com,2025-01-17,2025-01,Store,Completed,True,P004,Desk 004,Furniture,123.00,5,123.00,0.00,0,,615.00,0.0000,615.0000,0.0000,615.0000,5,0,1431,582,113,5
L001431,O00582,C0091,Customer 0091,North,Business,customer91@example.com,2025-09-09,2025-09,Online,Completed,True,P003,Shelf 003,Storage,199.00,5,199.00,0.20,0,,995.00,199.0000,796.0000,0.0000,796.0000,5,0,1432,583,92,4
L001432,O00582,C0091,Customer 0091,North,Business,customer91@example.com,2025-09-09,2025-09,Online,Completed,True,P018,Chair 018,Furniture,269.00,5,269.00,0.00,0,,1345.00,0.0000,1345.0000,0.0000,1345.0000,5,0,1433,583,92,19
L001433,O00582,C0091,Customer 0091,North,Business,customer91@example.com,2025-09-09,2025-09,Online,Completed,True,P003,Shelf 003,Storage,199.00,3,199.00,0.10,0,,597.00,59.7000,537.3000,0.0000,537.3000,3,0,1434,583,92,4
L001434,O00582,C0091,Customer 0091,North,Business,customer91@example.com,2025-09-09,2025-09,Online,Completed,True,P023,Shelf 023,Storage,68.00,3,68.00,0.10,0,,204.00,20.4000,183.6000,0.0000,183.6000,3,0,1435,583,92,24
L001435,O00583,C0185,Customer 0185,North,Consumer,customer185@example.com,2025-10-14,2025-10,Online,Completed,True,P022,Chair 022,Furniture,134.00,1,134.00,0.05,0,,134.00,6.7000,127.3000,0.0000,127.3000,1,0,1436,584,186,23
L001436,O00584,C0139,Customer 0139,North,Business,customer139@example.com,2025-05-08,2025-05,Online,Cancelled,False,P024,Desk 024,Furniture,81.00,3,81.00,0.00,0,,243.00,0.0000,243.0000,0.0000,243.0000,3,0,1437,585,140,25
L001437,O00584,C0139,Customer 0139,North,Business,customer139@example.com,2025-05-08,2025-05,Online,Cancelled,False,P005,Lamp 005,Lighting,65.00,1,65.00,0.00,0,,65.00,0.0000,65.0000,0.0000,65.0000,1,0,1438,585,140,6
L001438,O00585,C0174,Customer 0174,South,Consumer,customer174@example.com,2025-07-14,2025-07,Store,Cancelled,False,P009,Lamp 009,Lighting,93.00,5,93.00,0.10,0,,465.00,46.5000,418.5000,0.0000,418.5000,5,0,1439,586,175,10
L001439,O00586,C0012,Customer 0012,West,Consumer,customer12@example.com,2025-12-15,2025-12,Store,Completed,True,P004,Desk 004,Furniture,123.00,5,123.00,0.10,0,,615.00,61.5000,553.5000,0.0000,553.5000,5,0,1440,587,13,5
L001440,O00586,C0012,Customer 0012,West,Consumer,customer12@example.com,2025-12-15,2025-12,Store,Completed,True,P011,Shelf 011,Storage,80.00,2,80.00,0.20,0,,160.00,32.0000,128.0000,0.0000,128.0000,2,0,1441,587,13,12
L001441,O00586,C0012,Customer 0012,West,Consumer,customer12@example.com,2025-12-15,2025-12,Store,Completed,True,P013,Lamp 013,Lighting,271.00,5,271.00,0.20,0,,1355.00,271.0000,1084.0000,0.0000,1084.0000,5,0,1442,587,13,14
L001442,O00587,C0146,Customer 0146,South,Consumer,customer146@example.com,2025-05-30,2025-05,Store,Completed,True,P013,Lamp 013,Lighting,271.00,4,271.00,0.00,0,,1084.00,0.0000,1084.0000,0.0000,1084.0000,4,0,1443,588,147,14
L001443,O00587,C0146,Customer 0146,South,Consumer,customer146@example.com,2025-05-30,2025-05,Store,Completed,True,P012,Desk 012,Furniture,134.00,4,134.00,0.10,0,,536.00,53.6000,482.4000,0.0000,482.4000,4,0,1444,588,147,13
L001444,O00587,C0146,Customer 0146,South,Consumer,customer146@example.com,2025-05-30,2025-05,Store,Completed,True,P021,Lamp 021,Lighting,249.00,1,249.00,0.10,0,,249.00,24.9000,224.1000,0.0000,224.1000,1,0,1445,588,147,22
L001445,O00588,C0062,Customer 0062,West,Business,customer62@example.com,2025-05-23,2025-05,Store,Completed,True,P019,Shelf 019,Storage,78.00,4,78.00,0.20,0,,312.00,62.4000,249.6000,0.0000,249.6000,4,0,1446,589,63,20
L001446,O00589,C0127,Customer 0127,East,Business,customer127@example.com,2025-07-29,2025-07,Online,Completed,True,P017,Lamp 017,Lighting,300.00,2,300.00,0.20,0,,600.00,120.0000,480.0000,0.0000,480.0000,2,0,1447,590,128,18
L001447,O00590,C0204,Customer 0204,South,Consumer,customer204@example.com,2025-06-07,2025-06,Online,Completed,True,P013,Lamp 013,Lighting,271.00,2,271.00,0.00,0,,542.00,0.0000,542.0000,0.0000,542.0000,2,0,1448,591,205,14
L001448,O00590,C0204,Customer 0204,South,Consumer,customer204@example.com,2025-06-07,2025-06,Online,Completed,True,P004,Desk 004,Furniture,123.00,4,123.00,0.05,0,,492.00,24.6000,467.4000,0.0000,467.4000,4,0,1449,591,205,5
L001449,O00590,C0204,Customer 0204,South,Consumer,customer204@example.com,2025-06-07,2025-06,Online,Completed,True,P005,Lamp 005,Lighting,65.00,4,65.00,0.00,0,,260.00,0.0000,260.0000,0.0000,260.0000,4,0,1450,591,205,6
L001450,O00590,C0204,Customer 0204,South,Consumer,customer204@example.com,2025-06-07,2025-06,Online,Completed,True,P008,Desk 008,Furniture,188.00,4,188.00,0.00,0,,752.00,0.0000,752.0000,0.0000,752.0000,4,0,1451,591,205,9
L001451,O00591,C0084,Customer 0084,West,Business,customer84@example.com,2025-01-01,2025-01,Store,Completed,True,P008,Desk 008,Furniture,188.00,3,188.00,0.05,0,,564.00,28.2000,535.8000,0.0000,535.8000,3,0,1452,592,85,9
L001452,O00591,C0084,Customer 0084,West,Business,customer84@example.com,2025-01-01,2025-01,Store,Completed,True,P001,Lamp 001,Lighting,122.00,4,122.00,0.00,0,,488.00,0.0000,488.0000,0.0000,488.0000,4,0,1453,592,85,2
L001453,O00592,C0228,Customer 0228,East,Business,customer228@example.com,2025-06-11,2025-06,Online,Completed,True,P007,Shelf 007,Storage,35.00,5,35.00,0.05,1,2025-06-26,175.00,8.7500,166.2500,166.2500,0.0000,5,5,1454,593,229,8
L001454,O00593,C0206,Customer 0206,West,Business,customer206@example.com,2025-05-08,2025-05,Store,Completed,True,P015,Shelf 015,Storage,254.00,1,254.00,0.10,0,,254.00,25.4000,228.6000,0.0000,228.6000,1,0,1455,594,207,16
L001455,O00593,C0206,Customer 0206,West,Business,customer206@example.com,2025-05-08,2025-05,Store,Completed,True,P013,Lamp 013,Lighting,271.00,5,271.00,0.05,0,,1355.00,67.7500,1287.2500,0.0000,1287.2500,5,0,1456,594,207,14
L001456,O00594,C0008,Customer 0008,North,Consumer,customer8@example.com,2025-08-14,2025-08,Online,Completed,True,P023,Shelf 023,Storage,68.00,4,68.00,0.20,0,,272.00,54.4000,217.6000,0.0000,217.6000,4,0,1457,595,9,24
L001457,O00595,C0023,Customer 0023,South,Consumer,customer23@example.com,2025-01-12,2025-01,Store,Completed,True,P001,Lamp 001,Lighting,122.00,2,122.00,0.05,1,2025-01-16,244.00,12.2000,231.8000,115.9000,115.9000,2,1,1458,596,24,2
L001458,O00595,C0023,Customer 0023,South,Consumer,customer23@example.com,2025-01-12,2025-01,Store,Completed,True,P001,Lamp 001,Lighting,122.00,2,122.00,0.05,0,,244.00,12.2000,231.8000,0.0000,231.8000,2,0,1459,596,24,2
L001459,O00595,C0023,Customer 0023,South,Consumer,customer23@example.com,2025-01-12,2025-01,Store,Completed,True,P004,Desk 004,Furniture,123.00,5,123.00,0.10,0,,615.00,61.5000,553.5000,0.0000,553.5000,5,0,1460,596,24,5
L001460,O00595,C0023,Customer 0023,South,Consumer,customer23@example.com,2025-01-12,2025-01,Store,Completed,True,P011,Shelf 011,Storage,80.00,1,80.00,0.05,0,,80.00,4.0000,76.0000,0.0000,76.0000,1,0,1461,596,24,12
L001461,O00596,C0223,Customer 0223,East,Consumer,customer223@example.com,2025-09-23,2025-09,Online,Completed,True,P016,Desk 016,Furniture,231.00,3,231.00,0.05,0,,693.00,34.6500,658.3500,0.0000,658.3500,3,0,1462,597,224,17
L001462,O00596,C0223,Customer 0223,East,Consumer,customer223@example.com,2025-09-23,2025-09,Online,Completed,True,P018,Chair 018,Furniture,269.00,4,269.00,0.20,0,,1076.00,215.2000,860.8000,0.0000,860.8000,4,0,1463,597,224,19
L001463,O00597,C0036,Customer 0036,West,Consumer,customer36@example.com,2025-11-10,2025-11,Store,Completed,True,P017,Lamp 017,Lighting,300.00,3,300.00,0.20,0,,900.00,180.0000,720.0000,0.0000,720.0000,3,0,1464,598,37,18
L001464,O00597,C0036,Customer 0036,West,Consumer,customer36@example.com,2025-11-10,2025-11,Store,Completed,True,P006,Chair 006,Furniture,196.00,5,196.00,0.05,0,,980.00,49.0000,931.0000,0.0000,931.0000,5,0,1465,598,37,7
L001465,O00597,C0036,Customer 0036,West,Consumer,customer36@example.com,2025-11-10,2025-11,Store,Completed,True,P019,Shelf 019,Storage,78.00,2,78.00,0.10,0,,156.00,15.6000,140.4000,0.0000,140.4000,2,0,1466,598,37,20
L001466,O00597,C0036,Customer 0036,West,Consumer,customer36@example.com,2025-11-10,2025-11,Store,Completed,True,P013,Lamp 013,Lighting,271.00,1,271.00,0.05,0,,271.00,13.5500,257.4500,0.0000,257.4500,1,0,1467,598,37,14
L001467,O00598,C0003,Customer 0003,North,Business,customer3@example.com,2025-03-15,2025-03,Online,Completed,True,P009,Lamp 009,Lighting,93.00,4,93.00,0.00,0,,372.00,0.0000,372.0000,0.0000,372.0000,4,0,1468,599,4,10
L001468,O00598,C0003,Customer 0003,North,Business,customer3@example.com,2025-03-15,2025-03,Online,Completed,True,P017,Lamp 017,Lighting,300.00,2,300.00,0.20,0,,600.00,120.0000,480.0000,0.0000,480.0000,2,0,1469,599,4,18
L001469,O00598,C0003,Customer 0003,North,Business,customer3@example.com,2025-03-15,2025-03,Online,Completed,True,P010,Chair 010,Furniture,211.00,2,211.00,0.20,0,,422.00,84.4000,337.6000,0.0000,337.6000,2,0,1470,599,4,11
L001470,O00598,C0003,Customer 0003,North,Business,customer3@example.com,2025-03-15,2025-03,Online,Completed,True,P003,Shelf 003,Storage,199.00,4,199.00,0.05,0,,796.00,39.8000,756.2000,0.0000,756.2000,4,0,1471,599,4,4
L001471,O00599,C0112,Customer 0112,South,Business,customer112@example.com,2025-03-02,2025-03,Online,Completed,True,P010,Chair 010,Furniture,211.00,5,211.00,0.05,0,,1055.00,52.7500,1002.2500,0.0000,1002.2500,5,0,1472,600,113,11
L001472,O00599,C0112,Customer 0112,South,Business,customer112@example.com,2025-03-02,2025-03,Online,Completed,True,P007,Shelf 007,Storage,35.00,5,35.00,0.10,0,,175.00,17.5000,157.5000,0.0000,157.5000,5,0,1473,600,113,8
L001473,O00599,C0112,Customer 0112,South,Business,customer112@example.com,2025-03-02,2025-03,Online,Completed,True,P015,Shelf 015,Storage,254.00,4,254.00,0.00,0,,1016.00,0.0000,1016.0000,0.0000,1016.0000,4,0,1474,600,113,16
L001474,O00600,C0146,Customer 0146,South,Consumer,customer146@example.com,2025-12-27,2025-12,Store,Completed,True,P023,Shelf 023,Storage,68.00,4,68.00,0.05,0,,272.00,13.6000,258.4000,0.0000,258.4000,4,0,1475,601,147,24
L001475,O00600,C0146,Customer 0146,South,Consumer,customer146@example.com,2025-12-27,2025-12,Store,Completed,True,P011,Shelf 011,Storage,80.00,5,80.00,0.20,0,,400.00,80.0000,320.0000,0.0000,320.0000,5,0,1476,601,147,12
L001476,O00600,C0146,Customer 0146,South,Consumer,customer146@example.com,2025-12-27,2025-12,Store,Completed,True,P016,Desk 016,Furniture,231.00,3,231.00,0.00,0,,693.00,0.0000,693.0000,0.0000,693.0000,3,0,1477,601,147,17
L001477,O00600,C0146,Customer 0146,South,Consumer,customer146@example.com,2025-12-27,2025-12,Store,Completed,True,P010,Chair 010,Furniture,211.00,3,211.00,0.20,0,,633.00,126.6000,506.4000,0.0000,506.4000,3,0,1478,601,147,11
L001478,O00601,C0153,Customer 0153,East,Business,customer153@example.com,2025-02-13,2025-02,Store,Completed,True,P006,Chair 006,Furniture,196.00,1,196.00,0.00,0,,196.00,0.0000,196.0000,0.0000,196.0000,1,0,1479,602,154,7
L001479,O00601,C0153,Customer 0153,East,Business,customer153@example.com,2025-02-13,2025-02,Store,Completed,True,P017,Lamp 017,Lighting,300.00,3,300.00,0.05,0,,900.00,45.0000,855.0000,0.0000,855.0000,3,0,1480,602,154,18
L001480,O00601,C0153,Customer 0153,East,Business,customer153@example.com,2025-02-13,2025-02,Store,Completed,True,P024,Desk 024,Furniture,81.00,1,81.00,0.05,1,2025-02-18,81.00,4.0500,76.9500,76.9500,0.0000,1,1,1481,602,154,25
L001481,O00601,C0153,Customer 0153,East,Business,customer153@example.com,2025-02-13,2025-02,Store,Completed,True,P008,Desk 008,Furniture,188.00,3,188.00,0.00,0,,564.00,0.0000,564.0000,0.0000,564.0000,3,0,1482,602,154,9
L001482,O00602,C0202,Customer 0202,South,Business,customer202@example.com,2025-02-23,2025-02,Online,Completed,True,P006,Chair 006,Furniture,196.00,2,196.00,0.20,0,,392.00,78.4000,313.6000,0.0000,313.6000,2,0,1483,603,203,7
L001483,O00602,C0202,Customer 0202,South,Business,customer202@example.com,2025-02-23,2025-02,Online,Completed,True,P002,Chair 002,Furniture,284.00,4,284.00,0.20,0,,1136.00,227.2000,908.8000,0.0000,908.8000,4,0,1484,603,203,3
L001484,O00602,C0202,Customer 0202,South,Business,customer202@example.com,2025-02-23,2025-02,Online,Completed,True,P017,Lamp 017,Lighting,300.00,5,300.00,0.00,0,,1500.00,0.0000,1500.0000,0.0000,1500.0000,5,0,1485,603,203,18
L001485,O00603,C0039,Customer 0039,North,Business,customer39@example.com,2025-12-20,2025-12,Store,Completed,True,P009,Lamp 009,Lighting,93.00,4,93.00,0.05,0,,372.00,18.6000,353.4000,0.0000,353.4000,4,0,1486,604,40,10
L001486,O00603,C0039,Customer 0039,North,Business,customer39@example.com,2025-12-20,2025-12,Store,Completed,True,P004,Desk 004,Furniture,123.00,5,123.00,0.10,0,,615.00,61.5000,553.5000,0.0000,553.5000,5,0,1487,604,40,5
L001487,O00603,C0039,Customer 0039,North,Business,customer39@example.com,2025-12-20,2025-12,Store,Completed,True,P008,Desk 008,Furniture,188.00,3,188.00,0.20,0,,564.00,112.8000,451.2000,0.0000,451.2000,3,0,1488,604,40,9
L001488,O00604,C0011,Customer 0011,North,Business,customer11@example.com,2025-01-25,2025-01,Store,Completed,True,P003,Shelf 003,Storage,199.00,5,199.00,0.10,0,,995.00,99.5000,895.5000,0.0000,895.5000,5,0,1489,605,12,4
L001489,O00604,C0011,Customer 0011,North,Business,customer11@example.com,2025-01-25,2025-01,Store,Completed,True,P015,Shelf 015,Storage,254.00,2,254.00,0.1,0,,508.00,50.800,457.200,0.000,457.200,2,0,1490,605,12,16
L001490,O00604,C0011,Customer 0011,North,Business,customer11@example.com,2025-01-25,2025-01,Store,Completed,True,P003,Shelf 003,Storage,199.00,5,199.00,0.20,0,,995.00,199.0000,796.0000,0.0000,796.0000,5,0,1491,605,12,4
L001491,O00605,C0244,Customer 0244,South,Consumer,customer244@example.com,2025-11-29,2025-11,Store,Completed,True,P022,Chair 022,Furniture,134.00,4,134.00,0.20,1,2025-12-28,536.00,107.2000,428.8000,321.6000,107.2000,4,3,1492,606,245,23
L001492,O00606,C0051,Customer 0051,West,Consumer,customer51@example.com,2025-02-02,2025-02,Store,Completed,True,P015,Shelf 015,Storage,254.00,5,254.00,0.10,0,,1270.00,127.0000,1143.0000,0.0000,1143.0000,5,0,1493,607,52,16
L001493,O00606,C0051,Customer 0051,West,Consumer,customer51@example.com,2025-02-02,2025-02,Store,Completed,True,P022,Chair 022,Furniture,134.00,1,134.00,0.00,0,,134.00,0.0000,134.0000,0.0000,134.0000,1,0,1494,607,52,23
L001494,O00606,C0051,Customer 0051,West,Consumer,customer51@example.com,2025-02-02,2025-02,Store,Completed,True,P020,Desk 020,Furniture,189.00,4,189.00,0.20,0,,756.00,151.2000,604.8000,0.0000,604.8000,4,0,1495,607,52,21
L001495,O00606,C0051,Customer 0051,West,Consumer,customer51@example.com,2025-02-02,2025-02,Store,Completed,True,P005,Lamp 005,Lighting,65.00,4,65.00,0.05,0,,260.00,13.0000,247.0000,0.0000,247.0000,4,0,1496,607,52,6
L001496,O00607,C0276,Customer 0276,South,Business,customer276@example.com,2025-03-15,2025-03,Store,Completed,True,P018,Chair 018,Furniture,269.00,5,269.00,0.05,0,,1345.00,67.2500,1277.7500,0.0000,1277.7500,5,0,1497,608,277,19
L001497,O00607,C0276,Customer 0276,South,Business,customer276@example.com,2025-03-15,2025-03,Store,Completed,True,P015,Shelf 015,Storage,254.00,5,254.00,0.10,0,,1270.00,127.0000,1143.0000,0.0000,1143.0000,5,0,1498,608,277,16
L001498,O00608,C0250,Customer 0250,West,Consumer,customer250@example.com,2025-09-14,2025-09,Online,Completed,True,P010,Chair 010,Furniture,211.00,4,211.00,0.20,0,,844.00,168.8000,675.2000,0.0000,675.2000,4,0,1499,609,251,11
L001499,O00608,C0250,Customer 0250,West,Consumer,customer250@example.com,2025-09-14,2025-09,Online,Completed,True,P013,Lamp 013,Lighting,271.00,4,271.00,0.20,0,,1084.00,216.8000,867.2000,0.0000,867.2000,4,0,1500,609,251,14
L001500,O00608,C0250,Customer 0250,West,Consumer,customer250@example.com,2025-09-14,2025-09,Online,Completed,True,P002,Chair 002,Furniture,284.00,5,284.00,0.20,0,,1420.00,284.0000,1136.0000,0.0000,1136.0000,5,0,1501,609,251,3
L001501,O00609,C0247,Customer 0247,North,Consumer,customer247@example.com,2025-06-10,2025-06,Online,Completed,True,P013,Lamp 013,Lighting,271.00,4,271.00,0.10,0,,1084.00,108.4000,975.6000,0.0000,975.6000,4,0,1502,610,248,14
L001502,O00609,C0247,Customer 0247,North,Consumer,customer247@example.com,2025-06-10,2025-06,Online,Completed,True,P006,Chair 006,Furniture,196.00,2,196.00,0.00,0,,392.00,0.0000,392.0000,0.0000,392.0000,2,0,1503,610,248,7
L001503,O00610,C0132,Customer 0132,North,Consumer,customer132@example.com,2025-01-27,2025-01,Store,Completed,True,P017,Lamp 017,Lighting,300.00,3,300.00,0.05,0,,900.00,45.0000,855.0000,0.0000,855.0000,3,0,1504,611,133,18
L001504,O00610,C0132,Customer 0132,North,Consumer,customer132@example.com,2025-01-27,2025-01,Store,Completed,True,P014,Chair 014,Furniture,294.00,3,294.00,0.20,0,,882.00,176.4000,705.6000,0.0000,705.6000,3,0,1505,611,133,15
L001505,O00610,C0132,Customer 0132,North,Consumer,customer132@example.com,2025-01-27,2025-01,Store,Completed,True,P012,Desk 012,Furniture,134.00,1,134.00,0.10,0,,134.00,13.4000,120.6000,0.0000,120.6000,1,0,1506,611,133,13
L001506,O00610,C0132,Customer 0132,North,Consumer,customer132@example.com,2025-01-27,2025-01,Store,Completed,True,P017,Lamp 017,Lighting,300.00,4,300.00,0.05,0,,1200.00,60.0000,1140.0000,0.0000,1140.0000,4,0,1507,611,133,18
L001507,O00611,C0211,Customer 0211,North,Business,customer211@example.com,2025-10-26,2025-10,Store,Completed,True,P015,Shelf 015,Storage,254.00,1,254.00,0.20,0,,254.00,50.8000,203.2000,0.0000,203.2000,1,0,1508,612,212,16
L001508,O00612,C0093,Customer 0093,North,Consumer,customer93@example.com,2025-11-19,2025-11,Online,Completed,True,P002,Chair 002,Furniture,284.00,4,284.00,0.05,0,,1136.00,56.8000,1079.2000,0.0000,1079.2000,4,0,1509,613,94,3
L001509,O00612,C0093,Customer 0093,North,Consumer,customer93@example.com,2025-11-19,2025-11,Online,Completed,True,P008,Desk 008,Furniture,188.00,5,188.00,0.20,0,,940.00,188.0000,752.0000,0.0000,752.0000,5,0,1510,613,94,9
L001510,O00612,C0093,Customer 0093,North,Consumer,customer93@example.com,2025-11-19,2025-11,Online,Completed,True,P009,Lamp 009,Lighting,93.00,5,93.00,0.10,0,,465.00,46.5000,418.5000,0.0000,418.5000,5,0,1511,613,94,10
L001511,O00612,C0093,Customer 0093,North,Consumer,customer93@example.com,2025-11-19,2025-11,Online,Completed,True,P001,Lamp 001,Lighting,122.00,4,122.00,0.00,0,,488.00,0.0000,488.0000,0.0000,488.0000,4,0,1512,613,94,2
L001512,O00613,C0204,Customer 0204,South,Consumer,customer204@example.com,2025-06-27,2025-06,Online,Completed,True,P008,Desk 008,Furniture,188.00,4,188.00,0.20,0,,752.00,150.4000,601.6000,0.0000,601.6000,4,0,1513,614,205,9
L001513,O00613,C0204,Customer 0204,South,Consumer,customer204@example.com,2025-06-27,2025-06,Online,Completed,True,P007,Shelf 007,Storage,35.00,5,35.00,0.10,0,,175.00,17.5000,157.5000,0.0000,157.5000,5,0,1514,614,205,8
L001514,O00614,C0147,Customer 0147,East,Business,customer147@example.com,2025-05-09,2025-05,Online,Completed,True,P003,Shelf 003,Storage,199.00,1,199.00,0.10,0,,199.00,19.9000,179.1000,0.0000,179.1000,1,0,1515,615,148,4
L001515,O00615,C0102,Customer 0102,North,Consumer,customer102@example.com,2025-02-07,2025-02,Online,Completed,True,P008,Desk 008,Furniture,188.00,1,188.00,0.00,0,,188.00,0.0000,188.0000,0.0000,188.0000,1,0,1516,616,103,9
L001516,O00615,C0102,Customer 0102,North,Consumer,customer102@example.com,2025-02-07,2025-02,Online,Completed,True,P001,Lamp 001,Lighting,122.00,3,122.00,0.00,0,,366.00,0.0000,366.0000,0.0000,366.0000,3,0,1517,616,103,2
L001517,O00615,C0102,Customer 0102,North,Consumer,customer102@example.com,2025-02-07,2025-02,Online,Completed,True,P016,Desk 016,Furniture,231.00,5,231.00,0.05,0,,1155.00,57.7500,1097.2500,0.0000,1097.2500,5,0,1518,616,103,17
L001518,O00616,C0139,Customer 0139,North,Business,customer139@example.com,2025-11-02,2025-11,Store,Completed,True,P005,Lamp 005,Lighting,65.00,5,65.00,0.00,0,,325.00,0.0000,325.0000,0.0000,325.0000,5,0,1519,617,140,6
L001519,O00616,C0139,Customer 0139,North,Business,customer139@example.com,2025-11-02,2025-11,Store,Completed,True,P014,Chair 014,Furniture,294.00,5,294.00,0.10,0,,1470.00,147.0000,1323.0000,0.0000,1323.0000,5,0,1520,617,140,15
L001520,O00616,C0139,Customer 0139,North,Business,customer139@example.com,2025-11-02,2025-11,Store,Completed,True,P015,Shelf 015,Storage,254.00,4,254.00,0.2,0,,1016.00,203.200,812.800,0.000,812.800,4,0,1521,617,140,16
L001521,O00617,C0103,Customer 0103,West,Consumer,,2025-12-25,2025-12,Online,Completed,True,P006,Chair 006,Furniture,196.00,3,196.00,0.00,0,,588.00,0.0000,588.0000,0.0000,588.0000,3,0,1522,618,104,7
L001522,O00618,C0238,Customer 0238,East,Consumer,customer238@example.com,2025-12-06,2025-12,Store,Completed,True,P001,Lamp 001,Lighting,122.00,4,122.00,0.00,0,,488.00,0.0000,488.0000,0.0000,488.0000,4,0,1523,619,239,2
L001523,O00619,C0246,Customer 0246,South,Consumer,customer246@example.com,2025-11-29,2025-11,Online,Completed,True,P024,Desk 024,Furniture,81.00,2,81.00,0.20,0,,162.00,32.4000,129.6000,0.0000,129.6000,2,0,1524,620,247,25
L001524,O00619,C0246,Customer 0246,South,Consumer,customer246@example.com,2025-11-29,2025-11,Online,Completed,True,P016,Desk 016,Furniture,231.00,3,231.00,0.00,0,,693.00,0.0000,693.0000,0.0000,693.0000,3,0,1525,620,247,17
L001525,O00619,C0246,Customer 0246,South,Consumer,customer246@example.com,2025-11-29,2025-11,Online,Completed,True,P006,Chair 006,Furniture,196.00,2,196.00,0.00,0,,392.00,0.0000,392.0000,0.0000,392.0000,2,0,1526,620,247,7
L001526,O00620,C0207,Customer 0207,South,Consumer,customer207@example.com,2025-05-08,2025-05,Online,Completed,True,P006,Chair 006,Furniture,196.00,4,196.00,0.10,0,,784.00,78.4000,705.6000,0.0000,705.6000,4,0,1527,621,208,7
L001527,O00621,C0262,Customer 0262,West,Business,customer262@example.com,2025-01-07,2025-01,Online,Completed,True,P009,Lamp 009,Lighting,93.00,3,93.00,0.10,0,,279.00,27.9000,251.1000,0.0000,251.1000,3,0,1528,622,263,10
L001528,O00621,C0262,Customer 0262,West,Business,customer262@example.com,2025-01-07,2025-01,Online,Completed,True,P001,Lamp 001,Lighting,122.00,2,122.00,0.20,0,,244.00,48.8000,195.2000,0.0000,195.2000,2,0,1529,622,263,2
L001529,O00621,C0262,Customer 0262,West,Business,customer262@example.com,2025-01-07,2025-01,Online,Completed,True,P020,Desk 020,Furniture,189.00,1,189.00,0.00,0,,189.00,0.0000,189.0000,0.0000,189.0000,1,0,1530,622,263,21
L001530,O00622,C0131,Customer 0131,West,Business,customer131@example.com,2025-03-25,2025-03,Online,Completed,True,P020,Desk 020,Furniture,189.00,3,189.00,0.00,1,2025-03-31,567.00,0.0000,567.0000,567.0000,0.0000,3,3,1531,623,132,21
L001531,O00622,C0131,Customer 0131,West,Business,customer131@example.com,2025-03-25,2025-03,Online,Completed,True,P020,Desk 020,Furniture,189.00,1,189.00,0.10,1,2025-04-23,189.00,18.9000,170.1000,170.1000,0.0000,1,1,1532,623,132,21
L001532,O00622,C0131,Customer 0131,West,Business,customer131@example.com,2025-03-25,2025-03,Online,Completed,True,P014,Chair 014,Furniture,294.00,2,294.00,0.00,0,,588.00,0.0000,588.0000,0.0000,588.0000,2,0,1533,623,132,15
L001533,O00623,C0166,Customer 0166,North,Business,customer166@example.com,2025-05-23,2025-05,Online,Completed,True,P001,Lamp 001,Lighting,122.00,1,122.00,0.20,0,,122.00,24.4000,97.6000,0.0000,97.6000,1,0,1534,624,167,2
L001534,O00624,C0064,Customer 0064,North,Business,customer64@example.com,2025-07-10,2025-07,Online,Completed,True,P008,Desk 008,Furniture,188.00,3,188.00,0.20,0,,564.00,112.8000,451.2000,0.0000,451.2000,3,0,1535,625,65,9
L001535,O00624,C0064,Customer 0064,North,Business,customer64@example.com,2025-07-10,2025-07,Online,Completed,True,P003,Shelf 003,Storage,199.00,3,199.00,0.20,0,,597.00,119.4000,477.6000,0.0000,477.6000,3,0,1536,625,65,4
L001536,O00624,C0064,Customer 0064,North,Business,customer64@example.com,2025-07-10,2025-07,Online,Completed,True,P003,Shelf 003,Storage,199.00,2,199.00,0.10,0,,398.00,39.8000,358.2000,0.0000,358.2000,2,0,1537,625,65,4
L001537,O00624,C0064,Customer 0064,North,Business,customer64@example.com,2025-07-10,2025-07,Online,Completed,True,P004,Desk 004,Furniture,123.00,4,123.00,0.05,1,2025-07-31,492.00,24.6000,467.4000,350.5500,116.8500,4,3,1538,625,65,5
L001538,O00625,C0002,Customer 0002,West,Consumer,customer2@example.com,2025-03-21,2025-03,Store,Completed,True,P013,Lamp 013,Lighting,271.00,3,271.00,0.05,0,,813.00,40.6500,772.3500,0.0000,772.3500,3,0,1539,626,3,14
L001539,O00625,C0002,Customer 0002,West,Consumer,customer2@example.com,2025-03-21,2025-03,Store,Completed,True,P009,Lamp 009,Lighting,93.00,5,93.00,0.10,0,,465.00,46.5000,418.5000,0.0000,418.5000,5,0,1540,626,3,10
L001540,O00625,C0002,Customer 0002,West,Consumer,customer2@example.com,2025-03-21,2025-03,Store,Completed,True,P007,Shelf 007,Storage,35.00,1,35.00,0.10,0,,35.00,3.5000,31.5000,0.0000,31.5000,1,0,1541,626,3,8
L001541,O00625,C0002,Customer 0002,West,Consumer,customer2@example.com,2025-03-21,2025-03,Store,Completed,True,P005,Lamp 005,Lighting,65.00,5,65.00,0.20,0,,325.00,65.0000,260.0000,0.0000,260.0000,5,0,1542,626,3,6
L001542,O00626,C0161,Customer 0161,West,Consumer,customer161@example.com,2025-11-22,2025-11,Online,Completed,True,P022,Chair 022,Furniture,134.00,3,134.00,0.05,1,2025-12-08,402.00,20.1000,381.9000,254.6000,127.3000,3,2,1543,627,162,23
L001543,O00626,C0161,Customer 0161,West,Consumer,customer161@example.com,2025-11-22,2025-11,Online,Completed,True,P003,Shelf 003,Storage,199.00,4,199.00,0.05,0,,796.00,39.8000,756.2000,0.0000,756.2000,4,0,1544,627,162,4
L001544,O00626,C0161,Customer 0161,West,Consumer,customer161@example.com,2025-11-22,2025-11,Online,Completed,True,P003,Shelf 003,Storage,199.00,5,199.00,0.00,0,,995.00,0.0000,995.0000,0.0000,995.0000,5,0,1545,627,162,4
L001545,O00626,C0161,Customer 0161,West,Consumer,customer161@example.com,2025-11-22,2025-11,Online,Completed,True,P014,Chair 014,Furniture,294.00,1,294.00,0.00,1,2025-12-09,294.00,0.0000,294.0000,294.0000,0.0000,1,1,1546,627,162,15
L001546,O00627,C0110,Customer 0110,West,Consumer,customer110@example.com,2025-04-11,2025-04,Online,Completed,True,P005,Lamp 005,Lighting,65.00,4,65.00,0.05,0,,260.00,13.0000,247.0000,0.0000,247.0000,4,0,1547,628,111,6
L001547,O00627,C0110,Customer 0110,West,Consumer,customer110@example.com,2025-04-11,2025-04,Online,Completed,True,P014,Chair 014,Furniture,294.00,4,294.00,0.10,0,,1176.00,117.6000,1058.4000,0.0000,1058.4000,4,0,1548,628,111,15
L001548,O00628,C0065,Customer 0065,East,Consumer,customer65@example.com,2025-11-15,2025-11,Store,Completed,True,P003,Shelf 003,Storage,199.00,4,199.00,0.05,0,,796.00,39.8000,756.2000,0.0000,756.2000,4,0,1549,629,66,4
L001549,O00628,C0065,Customer 0065,East,Consumer,customer65@example.com,2025-11-15,2025-11,Store,Completed,True,P023,Shelf 023,Storage,68.00,5,68.00,0.20,0,,340.00,68.0000,272.0000,0.0000,272.0000,5,0,1550,629,66,24
L001550,O00628,C0065,Customer 0065,East,Consumer,customer65@example.com,2025-11-15,2025-11,Store,Completed,True,P014,Chair 014,Furniture,294.00,5,294.00,0.00,0,,1470.00,0.0000,1470.0000,0.0000,1470.0000,5,0,1551,629,66,15
L001551,O00628,C0065,Customer 0065,East,Consumer,customer65@example.com,2025-11-15,2025-11,Store,Completed,True,P013,Lamp 013,Lighting,271.00,3,271.00,0.1,0,,813.00,81.300,731.700,0.000,731.700,3,0,1552,629,66,14
L001552,O00629,C0177,Customer 0177,West,Business,customer177@example.com,2025-04-08,2025-04,Store,Completed,True,P015,Shelf 015,Storage,254.00,1,254.00,0.00,0,,254.00,0.0000,254.0000,0.0000,254.0000,1,0,1553,630,178,16
L001553,O00629,C0177,Customer 0177,West,Business,customer177@example.com,2025-04-08,2025-04,Store,Completed,True,P018,Chair 018,Furniture,269.00,4,269.00,0.00,0,,1076.00,0.0000,1076.0000,0.0000,1076.0000,4,0,1554,630,178,19
L001554,O00629,C0177,Customer 0177,West,Business,customer177@example.com,2025-04-08,2025-04,Store,Completed,True,P012,Desk 012,Furniture,134.00,5,134.00,0.10,0,,670.00,67.0000,603.0000,0.0000,603.0000,5,0,1555,630,178,13
L001555,O00630,C0083,Customer 0083,West,Consumer,customer83@example.com,2025-06-22,2025-06,Store,Completed,True,P001,Lamp 001,Lighting,122.00,2,122.00,0.05,0,,244.00,12.2000,231.8000,0.0000,231.8000,2,0,1556,631,84,2
L001556,O00630,C0083,Customer 0083,West,Consumer,customer83@example.com,2025-06-22,2025-06,Store,Completed,True,P019,Shelf 019,Storage,78.00,3,78.00,0.05,0,,234.00,11.7000,222.3000,0.0000,222.3000,3,0,1557,631,84,20
L001557,O00630,C0083,Customer 0083,West,Consumer,customer83@example.com,2025-06-22,2025-06,Store,Completed,True,P001,Lamp 001,Lighting,122.00,2,122.00,0.00,0,,244.00,0.0000,244.0000,0.0000,244.0000,2,0,1558,631,84,2
L001558,O00630,C0083,Customer 0083,West,Consumer,customer83@example.com,2025-06-22,2025-06,Store,Completed,True,P017,Lamp 017,Lighting,300.00,3,300.00,0.05,0,,900.00,45.0000,855.0000,0.0000,855.0000,3,0,1559,631,84,18
L001559,O00631,C0202,Customer 0202,South,Business,customer202@example.com,2025-03-28,2025-03,Store,Completed,True,P014,Chair 014,Furniture,294.00,2,294.00,0.05,0,,588.00,29.4000,558.6000,0.0000,558.6000,2,0,1560,632,203,15
L001560,O00631,C0202,Customer 0202,South,Business,customer202@example.com,2025-03-28,2025-03,Store,Completed,True,P012,Desk 012,Furniture,134.00,2,134.00,0.00,0,,268.00,0.0000,268.0000,0.0000,268.0000,2,0,1561,632,203,13
L001561,O00631,C0202,Customer 0202,South,Business,customer202@example.com,2025-03-28,2025-03,Store,Completed,True,P011,Shelf 011,Storage,80.00,1,80.00,0.10,0,,80.00,8.0000,72.0000,0.0000,72.0000,1,0,1562,632,203,12
L001562,O00631,C0202,Customer 0202,South,Business,customer202@example.com,2025-03-28,2025-03,Store,Completed,True,P014,Chair 014,Furniture,294.00,1,294.00,0.10,0,,294.00,29.4000,264.6000,0.0000,264.6000,1,0,1563,632,203,15
L001563,O00632,C0268,Customer 0268,North,Consumer,customer268@example.com,2025-09-20,2025-09,Store,Completed,True,P018,Chair 018,Furniture,269.00,2,269.00,0.10,0,,538.00,53.8000,484.2000,0.0000,484.2000,2,0,1564,633,269,19
L001564,O00632,C0268,Customer 0268,North,Consumer,customer268@example.com,2025-09-20,2025-09,Store,Completed,True,P011,Shelf 011,Storage,80.00,2,80.00,0.00,0,,160.00,0.0000,160.0000,0.0000,160.0000,2,0,1565,633,269,12
L001565,O00632,C0268,Customer 0268,North,Consumer,customer268@example.com,2025-09-20,2025-09,Store,Completed,True,P012,Desk 012,Furniture,134.00,2,134.00,0.20,0,,268.00,53.6000,214.4000,0.0000,214.4000,2,0,1566,633,269,13
L001566,O00632,C0268,Customer 0268,North,Consumer,customer268@example.com,2025-09-20,2025-09,Store,Completed,True,P019,Shelf 019,Storage,78.00,3,78.00,0.05,0,,234.00,11.7000,222.3000,0.0000,222.3000,3,0,1567,633,269,20
L001567,O00633,C0038,Customer 0038,South,Consumer,customer38@example.com,2025-12-29,2025-12,Store,Completed,True,P011,Shelf 011,Storage,80.00,4,80.00,0.05,0,,320.00,16.0000,304.0000,0.0000,304.0000,4,0,1568,634,39,12
L001568,O00633,C0038,Customer 0038,South,Consumer,customer38@example.com,2025-12-29,2025-12,Store,Completed,True,P024,Desk 024,Furniture,81.00,1,81.00,0.20,0,,81.00,16.2000,64.8000,0.0000,64.8000,1,0,1569,634,39,25
L001569,O00633,C0038,Customer 0038,South,Consumer,customer38@example.com,2025-12-29,2025-12,Store,Completed,True,P014,Chair 014,Furniture,294.00,3,294.00,0.05,1,2026-01-17,882.00,44.1000,837.9000,558.6000,279.3000,3,2,1570,634,39,15
L001570,O00634,C0187,Customer 0187,North,Business,customer187@example.com,2025-12-18,2025-12,Store,Completed,True,P006,Chair 006,Furniture,196.00,1,196.00,0.20,0,,196.00,39.2000,156.8000,0.0000,156.8000,1,0,1571,635,188,7
L001571,O00635,C0126,Customer 0126,South,Business,customer126@example.com,2025-09-14,2025-09,Online,Completed,True,P015,Shelf 015,Storage,254.00,2,254.00,0.05,1,2025-09-16,508.00,25.4000,482.6000,482.6000,0.0000,2,2,1572,636,127,16
L001572,O00635,C0126,Customer 0126,South,Business,customer126@example.com,2025-09-14,2025-09,Online,Completed,True,P013,Lamp 013,Lighting,271.00,2,271.00,0.10,0,,542.00,54.2000,487.8000,0.0000,487.8000,2,0,1573,636,127,14
L001573,O00635,C0126,Customer 0126,South,Business,customer126@example.com,2025-09-14,2025-09,Online,Completed,True,P009,Lamp 009,Lighting,93.00,5,93.00,0.00,0,,465.00,0.0000,465.0000,0.0000,465.0000,5,0,1574,636,127,10
L001574,O00635,C0126,Customer 0126,South,Business,customer126@example.com,2025-09-14,2025-09,Online,Completed,True,P009,Lamp 009,Lighting,93.00,4,93.00,0.05,0,,372.00,18.6000,353.4000,0.0000,353.4000,4,0,1575,636,127,10
L001575,O00636,C0052,Customer 0052,North,Consumer,,2025-08-28,2025-08,Online,Completed,True,P017,Lamp 017,Lighting,300.00,1,300.00,0.05,1,2025-09-26,300.00,15.0000,285.0000,285.0000,0.0000,1,1,1576,637,53,18
L001576,O00637,C0231,Customer 0231,West,Business,customer231@example.com,2025-08-01,2025-08,Store,Completed,True,P002,Chair 002,Furniture,284.00,3,284.00,0.20,0,,852.00,170.4000,681.6000,0.0000,681.6000,3,0,1577,638,232,3
L001577,O00637,C0231,Customer 0231,West,Business,customer231@example.com,2025-08-01,2025-08,Store,Completed,True,P023,Shelf 023,Storage,68.00,4,68.00,0.00,0,,272.00,0.0000,272.0000,0.0000,272.0000,4,0,1578,638,232,24
L001578,O00637,C0231,Customer 0231,West,Business,customer231@example.com,2025-08-01,2025-08,Store,Completed,True,P005,Lamp 005,Lighting,65.00,5,65.00,0.00,0,,325.00,0.0000,325.0000,0.0000,325.0000,5,0,1579,638,232,6
L001579,O00637,C0231,Customer 0231,West,Business,customer231@example.com,2025-08-01,2025-08,Store,Completed,True,P016,Desk 016,Furniture,231.00,4,231.00,0.05,0,,924.00,46.2000,877.8000,0.0000,877.8000,4,0,1580,638,232,17
L001580,O00638,C0085,Customer 0085,South,Consumer,customer85@example.com,2025-12-08,2025-12,Store,Completed,True,P017,Lamp 017,Lighting,300.00,5,300.00,0.00,1,2025-12-29,1500.00,0.0000,1500.0000,1500.0000,0.0000,5,5,1581,639,86,18
L001581,O00638,C0085,Customer 0085,South,Consumer,customer85@example.com,2025-12-08,2025-12,Store,Completed,True,P024,Desk 024,Furniture,81.00,4,81.00,0.20,0,,324.00,64.8000,259.2000,0.0000,259.2000,4,0,1582,639,86,25
L001582,O00638,C0085,Customer 0085,South,Consumer,customer85@example.com,2025-12-08,2025-12,Store,Completed,True,P019,Shelf 019,Storage,78.00,3,78.00,0.05,0,,234.00,11.7000,222.3000,0.0000,222.3000,3,0,1583,639,86,20
L001583,O00639,C0170,Customer 0170,East,Business,customer170@example.com,2025-06-09,2025-06,Online,Completed,True,P014,Chair 014,Furniture,294.00,4,294.00,0.10,0,,1176.00,117.6000,1058.4000,0.0000,1058.4000,4,0,1584,640,171,15
L001584,O00640,C0136,Customer 0136,West,Consumer,customer136@example.com,2025-12-24,2025-12,Online,Completed,True,P021,Lamp 021,Lighting,249.00,1,249.00,0.05,0,,249.00,12.4500,236.5500,0.0000,236.5500,1,0,1585,641,137,22
L001585,O00640,C0136,Customer 0136,West,Consumer,customer136@example.com,2025-12-24,2025-12,Online,Completed,True,P012,Desk 012,Furniture,134.00,1,134.00,0.00,0,,134.00,0.0000,134.0000,0.0000,134.0000,1,0,1586,641,137,13
L001586,O00641,C0101,Customer 0101,South,Business,customer101@example.com,2025-09-19,2025-09,Store,Completed,True,P012,Desk 012,Furniture,134.00,4,134.00,0.00,0,,536.00,0.0000,536.0000,0.0000,536.0000,4,0,1587,642,102,13
L001587,O00641,C0101,Customer 0101,South,Business,customer101@example.com,2025-09-19,2025-09,Store,Completed,True,P019,Shelf 019,Storage,78.00,1,78.00,0.00,0,,78.00,0.0000,78.0000,0.0000,78.0000,1,0,1588,642,102,20
L001588,O00641,C0101,Customer 0101,South,Business,customer101@example.com,2025-09-19,2025-09,Store,Completed,True,P023,Shelf 023,Storage,68.00,2,68.00,0.20,0,,136.00,27.2000,108.8000,0.0000,108.8000,2,0,1589,642,102,24
L001589,O00641,C0101,Customer 0101,South,Business,customer101@example.com,2025-09-19,2025-09,Store,Completed,True,P019,Shelf 019,Storage,78.00,1,78.00,0.10,0,,78.00,7.8000,70.2000,0.0000,70.2000,1,0,1590,642,102,20
L001590,O00642,C0286,Customer 0286,West,Business,customer286@example.com,2025-02-24,2025-02,Store,Completed,True,P005,Lamp 005,Lighting,65.00,5,65.00,0.10,0,,325.00,32.5000,292.5000,0.0000,292.5000,5,0,1591,643,287,6
L001591,O00642,C0286,Customer 0286,West,Business,customer286@example.com,2025-02-24,2025-02,Store,Completed,True,P003,Shelf 003,Storage,199.00,5,199.00,0.00,0,,995.00,0.0000,995.0000,0.0000,995.0000,5,0,1592,643,287,4
L001592,O00642,C0286,Customer 0286,West,Business,customer286@example.com,2025-02-24,2025-02,Store,Completed,True,P023,Shelf 023,Storage,68.00,2,68.00,0.05,0,,136.00,6.8000,129.2000,0.0000,129.2000,2,0,1593,643,287,24
L001593,O00642,C0286,Customer 0286,West,Business,customer286@example.com,2025-02-24,2025-02,Store,Completed,True,P010,Chair 010,Furniture,211.00,5,211.00,0.20,1,2025-03-18,1055.00,211.0000,844.0000,675.2000,168.8000,5,4,1594,643,287,11
L001594,O00643,C0169,Customer 0169,North,Consumer,customer169@example.com,2025-09-06,2025-09,Online,Completed,True,P004,Desk 004,Furniture,123.00,4,123.00,0.00,0,,492.00,0.0000,492.0000,0.0000,492.0000,4,0,1595,644,170,5
L001595,O00643,C0169,Customer 0169,North,Consumer,customer169@example.com,2025-09-06,2025-09,Online,Completed,True,P003,Shelf 003,Storage,199.00,5,199.00,0.20,0,,995.00,199.0000,796.0000,0.0000,796.0000,5,0,1596,644,170,4
L001596,O00643,C0169,Customer 0169,North,Consumer,customer169@example.com,2025-09-06,2025-09,Online,Completed,True,P019,Shelf 019,Storage,78.00,4,78.00,0.10,0,,312.00,31.2000,280.8000,0.0000,280.8000,4,0,1597,644,170,20
L001597,O00644,C0183,Customer 0183,East,Consumer,customer183@example.com,2025-10-09,2025-10,Store,Completed,True,P005,Lamp 005,Lighting,65.00,5,65.00,0.00,1,2025-10-28,325.00,0.0000,325.0000,130.0000,195.0000,5,2,1598,645,184,6
L001598,O00644,C0183,Customer 0183,East,Consumer,customer183@example.com,2025-10-09,2025-10,Store,Completed,True,P020,Desk 020,Furniture,189.00,4,189.00,0.20,0,,756.00,151.2000,604.8000,0.0000,604.8000,4,0,1599,645,184,21
L001599,O00644,C0183,Customer 0183,East,Consumer,customer183@example.com,2025-10-09,2025-10,Store,Completed,True,P015,Shelf 015,Storage,254.00,2,254.00,0.10,0,,508.00,50.8000,457.2000,0.0000,457.2000,2,0,1600,645,184,16
L001600,O00645,C0266,Customer 0266,North,Business,customer266@example.com,2025-10-18,2025-10,Store,Completed,True,P006,Chair 006,Furniture,196.00,2,196.00,0.20,0,,392.00,78.4000,313.6000,0.0000,313.6000,2,0,1601,646,267,7
L001601,O00645,C0266,Customer 0266,North,Business,customer266@example.com,2025-10-18,2025-10,Store,Completed,True,P002,Chair 002,Furniture,284.00,4,284.00,0.10,0,,1136.00,113.6000,1022.4000,0.0000,1022.4000,4,0,1602,646,267,3
L001602,O00645,C0266,Customer 0266,North,Business,customer266@example.com,2025-10-18,2025-10,Store,Completed,True,P015,Shelf 015,Storage,254.00,5,254.00,0.05,0,,1270.00,63.5000,1206.5000,0.0000,1206.5000,5,0,1603,646,267,16
L001603,O00646,C0232,Customer 0232,East,Business,customer232@example.com,2025-08-16,2025-08,Online,Completed,True,P007,Shelf 007,Storage,35.00,5,35.00,0.05,0,,175.00,8.7500,166.2500,0.0000,166.2500,5,0,1604,647,233,8
L001604,O00647,C0287,Customer 0287,South,Consumer,customer287@example.com,2025-03-05,2025-03,Store,Completed,True,P007,Shelf 007,Storage,35.00,4,35.00,0.05,0,,140.00,7.0000,133.0000,0.0000,133.0000,4,0,1605,648,288,8
L001605,O00647,C0287,Customer 0287,South,Consumer,customer287@example.com,2025-03-05,2025-03,Store,Completed,True,P015,Shelf 015,Storage,254.00,5,254.00,0.20,0,,1270.00,254.0000,1016.0000,0.0000,1016.0000,5,0,1606,648,288,16
L001606,O00647,C0287,Customer 0287,South,Consumer,customer287@example.com,2025-03-05,2025-03,Store,Completed,True,P005,Lamp 005,Lighting,65.00,3,65.00,0.05,0,,195.00,9.7500,185.2500,0.0000,185.2500,3,0,1607,648,288,6
L001607,O00648,C0082,Customer 0082,North,Business,customer82@example.com,2025-01-28,2025-01,Online,Completed,True,P004,Desk 004,Furniture,123.00,1,123.00,0.10,0,,123.00,12.3000,110.7000,0.0000,110.7000,1,0,1608,649,83,5
L001608,O00648,C0082,Customer 0082,North,Business,customer82@example.com,2025-01-28,2025-01,Online,Completed,True,P012,Desk 012,Furniture,134.00,5,134.00,0.20,0,,670.00,134.0000,536.0000,0.0000,536.0000,5,0,1609,649,83,13
L001609,O00649,C0231,Customer 0231,West,Business,customer231@example.com,2025-01-25,2025-01,Store,Completed,True,P004,Desk 004,Furniture,123.00,3,123.00,0.20,0,,369.00,73.8000,295.2000,0.0000,295.2000,3,0,1610,650,232,5
L001610,O00649,C0231,Customer 0231,West,Business,customer231@example.com,2025-01-25,2025-01,Store,Completed,True,P014,Chair 014,Furniture,294.00,4,294.00,0.20,0,,1176.00,235.2000,940.8000,0.0000,940.8000,4,0,1611,650,232,15
L001611,O00649,C0231,Customer 0231,West,Business,customer231@example.com,2025-01-25,2025-01,Store,Completed,True,P002,Chair 002,Furniture,284.00,2,284.00,0.05,0,,568.00,28.4000,539.6000,0.0000,539.6000,2,0,1612,650,232,3
L001612,O00650,C0098,Customer 0098,West,Business,customer98@example.com,2025-08-26,2025-08,Store,Completed,True,P002,Chair 002,Furniture,284.00,2,284.00,0.05,0,,568.00,28.4000,539.6000,0.0000,539.6000,2,0,1613,651,99,3
L001613,O00650,C0098,Customer 0098,West,Business,customer98@example.com,2025-08-26,2025-08,Store,Completed,True,P012,Desk 012,Furniture,134.00,3,134.00,0.2,0,,402.00,80.400,321.600,0.000,321.600,3,0,1614,651,99,13
L001614,O00651,C0148,Customer 0148,East,Consumer,customer148@example.com,2025-08-26,2025-08,Online,Completed,True,P003,Shelf 003,Storage,199.00,5,199.00,0.00,0,,995.00,0.0000,995.0000,0.0000,995.0000,5,0,1615,652,149,4
L001615,O00652,C0235,Customer 0235,North,Business,customer235@example.com,2025-09-02,2025-09,Store,Completed,True,P010,Chair 010,Furniture,211.00,3,211.00,0.05,1,2025-09-14,633.00,31.6500,601.3500,601.3500,0.0000,3,3,1616,653,236,11
L001616,O00653,C0107,Customer 0107,South,Consumer,customer107@example.com,2025-09-16,2025-09,Online,Completed,True,P017,Lamp 017,Lighting,300.00,2,300.00,0.10,0,,600.00,60.0000,540.0000,0.0000,540.0000,2,0,1617,654,108,18
L001617,O00653,C0107,Customer 0107,South,Consumer,customer107@example.com,2025-09-16,2025-09,Online,Completed,True,P010,Chair 010,Furniture,211.00,3,211.00,0.00,0,,633.00,0.0000,633.0000,0.0000,633.0000,3,0,1618,654,108,11
L001618,O00654,C0021,Customer 0021,West,Business,customer21@example.com,2025-06-25,2025-06,Online,Completed,True,P023,Shelf 023,Storage,68.00,5,68.00,0.05,0,,340.00,17.0000,323.0000,0.0000,323.0000,5,0,1619,655,22,24
L001619,O00654,C0021,Customer 0021,West,Business,customer21@example.com,2025-06-25,2025-06,Online,Completed,True,P016,Desk 016,Furniture,231.00,5,231.00,0.10,0,,1155.00,115.5000,1039.5000,0.0000,1039.5000,5,0,1620,655,22,17
L001620,O00654,C0021,Customer 0021,West,Business,customer21@example.com,2025-06-25,2025-06,Online,Completed,True,P020,Desk 020,Furniture,189.00,3,189.00,0.20,0,,567.00,113.4000,453.6000,0.0000,453.6000,3,0,1621,655,22,21
L001621,O00655,C0174,Customer 0174,South,Consumer,customer174@example.com,2025-10-27,2025-10,Store,Completed,True,P020,Desk 020,Furniture,189.00,3,189.00,0.05,0,,567.00,28.3500,538.6500,0.0000,538.6500,3,0,1622,656,175,21
L001622,O00655,C0174,Customer 0174,South,Consumer,customer174@example.com,2025-10-27,2025-10,Store,Completed,True,P001,Lamp 001,Lighting,122.00,2,122.00,0.00,0,,244.00,0.0000,244.0000,0.0000,244.0000,2,0,1623,656,175,2
L001623,O00656,C0265,Customer 0265,West,Consumer,customer265@example.com,2025-01-25,2025-01,Store,Completed,True,P012,Desk 012,Furniture,134.00,4,134.00,0.05,0,,536.00,26.8000,509.2000,0.0000,509.2000,4,0,1624,657,266,13
L001624,O00657,C0270,Customer 0270,East,Business,customer270@example.com,2025-10-15,2025-10,Store,Completed,True,P004,Desk 004,Furniture,123.00,2,123.00,0.05,0,,246.00,12.3000,233.7000,0.0000,233.7000,2,0,1625,658,271,5
L001625,O00658,C0121,Customer 0121,West,Business,customer121@example.com,2025-01-30,2025-01,Online,Cancelled,False,P009,Lamp 009,Lighting,93.00,1,93.00,0.10,0,,93.00,9.3000,83.7000,0.0000,83.7000,1,0,1626,659,122,10
L001626,O00658,C0121,Customer 0121,West,Business,customer121@example.com,2025-01-30,2025-01,Online,Cancelled,False,P002,Chair 002,Furniture,284.00,4,284.00,0.10,0,,1136.00,113.6000,1022.4000,0.0000,1022.4000,4,0,1627,659,122,3
L001627,O00658,C0121,Customer 0121,West,Business,customer121@example.com,2025-01-30,2025-01,Online,Cancelled,False,P002,Chair 002,Furniture,284.00,5,284.00,0.20,0,,1420.00,284.0000,1136.0000,0.0000,1136.0000,5,0,1628,659,122,3
L001628,O00658,C0121,Customer 0121,West,Business,customer121@example.com,2025-01-30,2025-01,Online,Cancelled,False,P011,Shelf 011,Storage,80.00,5,80.00,0.00,0,,400.00,0.0000,400.0000,0.0000,400.0000,5,0,1629,659,122,12
L001629,O00659,C0003,Customer 0003,North,Business,customer3@example.com,2025-01-05,2025-01,Store,Completed,True,P006,Chair 006,Furniture,196.00,4,196.00,0.00,1,2025-01-16,784.00,0.0000,784.0000,392.0000,392.0000,4,2,1630,660,4,7
L001630,O00659,C0003,Customer 0003,North,Business,customer3@example.com,2025-01-05,2025-01,Store,Completed,True,P015,Shelf 015,Storage,254.00,3,254.00,0.00,0,,762.00,0.0000,762.0000,0.0000,762.0000,3,0,1631,660,4,16
L001631,O00660,C0064,Customer 0064,North,Business,customer64@example.com,2025-12-12,2025-12,Online,Cancelled,False,P004,Desk 004,Furniture,123.00,1,123.00,0.10,0,,123.00,12.3000,110.7000,0.0000,110.7000,1,0,1632,661,65,5
L001632,O00661,C0062,Customer 0062,West,Business,customer62@example.com,2025-08-18,2025-08,Online,Completed,True,P017,Lamp 017,Lighting,300.00,4,300.00,0.10,0,,1200.00,120.0000,1080.0000,0.0000,1080.0000,4,0,1633,662,63,18
L001633,O00661,C0062,Customer 0062,West,Business,customer62@example.com,2025-08-18,2025-08,Online,Completed,True,P015,Shelf 015,Storage,254.00,4,254.00,0.00,0,,1016.00,0.0000,1016.0000,0.0000,1016.0000,4,0,1634,662,63,16
L001634,O00661,C0062,Customer 0062,West,Business,customer62@example.com,2025-08-18,2025-08,Online,Completed,True,P008,Desk 008,Furniture,188.00,2,188.00,0.00,1,2025-08-22,376.00,0.0000,376.0000,188.0000,188.0000,2,1,1635,662,63,9
L001635,O00662,C0185,Customer 0185,North,Consumer,customer185@example.com,2025-04-19,2025-04,Online,Completed,True,P006,Chair 006,Furniture,196.00,4,196.00,0.20,0,,784.00,156.8000,627.2000,0.0000,627.2000,4,0,1636,663,186,7
L001636,O00662,C0185,Customer 0185,North,Consumer,customer185@example.com,2025-04-19,2025-04,Online,Completed,True,P011,Shelf 011,Storage,80.00,4,80.00,0.00,0,,320.00,0.0000,320.0000,0.0000,320.0000,4,0,1637,663,186,12
L001637,O00663,C0195,Customer 0195,West,Business,customer195@example.com,2025-12-01,2025-12,Store,Completed,True,P004,Desk 004,Furniture,123.00,3,123.00,0.20,0,,369.00,73.8000,295.2000,0.0000,295.2000,3,0,1638,664,196,5
L001638,O00663,C0195,Customer 0195,West,Business,customer195@example.com,2025-12-01,2025-12,Store,Completed,True,P008,Desk 008,Furniture,188.00,1,188.00,0.20,0,,188.00,37.6000,150.4000,0.0000,150.4000,1,0,1639,664,196,9
L001639,O00663,C0195,Customer 0195,West,Business,customer195@example.com,2025-12-01,2025-12,Store,Completed,True,P019,Shelf 019,Storage,78.00,5,78.00,0.00,0,,390.00,0.0000,390.0000,0.0000,390.0000,5,0,1640,664,196,20
L001640,O00664,C0230,Customer 0230,East,Consumer,customer230@example.com,2025-10-01,2025-10,Store,Completed,True,P003,Shelf 003,Storage,199.00,4,199.00,0.10,0,,796.00,79.6000,716.4000,0.0000,716.4000,4,0,1641,665,231,4
L001641,O00665,C0240,Customer 0240,West,Business,customer240@example.com,2025-07-30,2025-07,Online,Completed,True,P003,Shelf 003,Storage,199.00,4,199.00,0.05,0,,796.00,39.8000,756.2000,0.0000,756.2000,4,0,1642,666,241,4
L001642,O00665,C0240,Customer 0240,West,Business,customer240@example.com,2025-07-30,2025-07,Online,Completed,True,P013,Lamp 013,Lighting,271.00,2,271.00,0.20,0,,542.00,108.4000,433.6000,0.0000,433.6000,2,0,1643,666,241,14
L001643,O00665,C0240,Customer 0240,West,Business,customer240@example.com,2025-07-30,2025-07,Online,Completed,True,P015,Shelf 015,Storage,254.00,3,254.00,0.00,0,,762.00,0.0000,762.0000,0.0000,762.0000,3,0,1644,666,241,16
L001644,O00666,C0153,Customer 0153,East,Business,customer153@example.com,2025-05-23,2025-05,Online,Completed,True,P002,Chair 002,Furniture,284.00,1,284.00,0.2,0,,284.00,56.800,227.200,0.000,227.200,1,0,1645,667,154,3
L001645,O00666,C0153,Customer 0153,East,Business,customer153@example.com,2025-05-23,2025-05,Online,Completed,True,P015,Shelf 015,Storage,254.00,2,254.00,0.10,0,,508.00,50.8000,457.2000,0.0000,457.2000,2,0,1646,667,154,16
L001646,O00667,C0253,Customer 0253,North,Consumer,customer253@example.com,2025-11-26,2025-11,Online,Cancelled,False,P021,Lamp 021,Lighting,249.00,3,249.00,0.10,0,,747.00,74.7000,672.3000,0.0000,672.3000,3,0,1647,668,254,22
L001647,O00667,C0253,Customer 0253,North,Consumer,customer253@example.com,2025-11-26,2025-11,Online,Cancelled,False,P001,Lamp 001,Lighting,122.00,4,122.00,0.05,0,,488.00,24.4000,463.6000,0.0000,463.6000,4,0,1648,668,254,2
L001648,O00667,C0253,Customer 0253,North,Consumer,customer253@example.com,2025-11-26,2025-11,Online,Cancelled,False,P010,Chair 010,Furniture,211.00,5,211.00,0.05,0,,1055.00,52.7500,1002.2500,0.0000,1002.2500,5,0,1649,668,254,11
L001649,O00667,C0253,Customer 0253,North,Consumer,customer253@example.com,2025-11-26,2025-11,Online,Cancelled,False,P007,Shelf 007,Storage,35.00,5,35.00,0.20,0,,175.00,35.0000,140.0000,0.0000,140.0000,5,0,1650,668,254,8
L001650,O00668,C0183,Customer 0183,East,Consumer,customer183@example.com,2025-08-14,2025-08,Store,Completed,True,P015,Shelf 015,Storage,254.00,2,254.00,0.10,0,,508.00,50.8000,457.2000,0.0000,457.2000,2,0,1651,669,184,16
L001651,O00669,C0270,Customer 0270,East,Business,customer270@example.com,2025-02-19,2025-02,Store,Completed,True,P018,Chair 018,Furniture,269.00,5,269.00,0.05,0,,1345.00,67.2500,1277.7500,0.0000,1277.7500,5,0,1652,670,271,19
L001652,O00669,C0270,Customer 0270,East,Business,customer270@example.com,2025-02-19,2025-02,Store,Completed,True,P014,Chair 014,Furniture,294.00,4,294.00,0.05,1,2025-03-20,1176.00,58.8000,1117.2000,1117.2000,0.0000,4,4,1653,670,271,15
L001653,O00670,C0091,Customer 0091,North,Business,customer91@example.com,2025-09-20,2025-09,Store,Completed,True,P010,Chair 010,Furniture,211.00,5,211.00,0.20,1,2025-09-26,1055.00,211.0000,844.0000,168.8000,675.2000,5,1,1654,671,92,11
L001654,O00670,C0091,Customer 0091,North,Business,customer91@example.com,2025-09-20,2025-09,Store,Completed,True,P017,Lamp 017,Lighting,300.00,3,300.00,0.05,0,,900.00,45.0000,855.0000,0.0000,855.0000,3,0,1655,671,92,18
L001655,O00671,C0009,Customer 0009,South,Business,customer9@example.com,2025-07-13,2025-07,Store,Completed,True,P016,Desk 016,Furniture,231.00,4,231.00,0.20,0,,924.00,184.8000,739.2000,0.0000,739.2000,4,0,1656,672,10,17
L001656,O00671,C0009,Customer 0009,South,Business,customer9@example.com,2025-07-13,2025-07,Store,Completed,True,P015,Shelf 015,Storage,254.00,5,254.00,0.10,0,,1270.00,127.0000,1143.0000,0.0000,1143.0000,5,0,1657,672,10,16
L001657,O00671,C0009,Customer 0009,South,Business,customer9@example.com,2025-07-13,2025-07,Store,Completed,True,P022,Chair 022,Furniture,134.00,5,134.00,0.00,0,,670.00,0.0000,670.0000,0.0000,670.0000,5,0,1658,672,10,23
L001658,O00671,C0009,Customer 0009,South,Business,customer9@example.com,2025-07-13,2025-07,Store,Completed,True,P017,Lamp 017,Lighting,300.00,3,300.00,0.05,1,2025-07-22,900.00,45.0000,855.0000,855.0000,0.0000,3,3,1659,672,10,18
L001659,O00672,C0061,Customer 0061,East,Business,customer61@example.com,2025-01-22,2025-01,Online,Completed,True,P023,Shelf 023,Storage,68.00,5,68.00,0.20,0,,340.00,68.0000,272.0000,0.0000,272.0000,5,0,1660,673,62,24
L001660,O00672,C0061,Customer 0061,East,Business,customer61@example.com,2025-01-22,2025-01,Online,Completed,True,P015,Shelf 015,Storage,254.00,4,254.00,0.20,0,,1016.00,203.2000,812.8000,0.0000,812.8000,4,0,1661,673,62,16
L001661,O00672,C0061,Customer 0061,East,Business,customer61@example.com,2025-01-22,2025-01,Online,Completed,True,P006,Chair 006,Furniture,196.00,4,196.00,0.05,0,,784.00,39.2000,744.8000,0.0000,744.8000,4,0,1662,673,62,7
L001662,O00673,C0101,Customer 0101,South,Business,customer101@example.com,2025-01-06,2025-01,Online,Completed,True,P005,Lamp 005,Lighting,65.00,3,65.00,0.05,0,,195.00,9.7500,185.2500,0.0000,185.2500,3,0,1663,674,102,6
L001663,O00673,C0101,Customer 0101,South,Business,customer101@example.com,2025-01-06,2025-01,Online,Completed,True,P018,Chair 018,Furniture,269.00,2,269.00,0.00,0,,538.00,0.0000,538.0000,0.0000,538.0000,2,0,1664,674,102,19
L001664,O00674,C0250,Customer 0250,West,Consumer,customer250@example.com,2025-08-14,2025-08,Online,Completed,True,P023,Shelf 023,Storage,68.00,5,68.00,0.10,0,,340.00,34.0000,306.0000,0.0000,306.0000,5,0,1665,675,251,24
L001665,O00675,C0080,Customer 0080,East,Consumer,customer80@example.com,2025-11-22,2025-11,Store,Completed,True,P022,Chair 022,Furniture,134.00,3,134.00,0.00,0,,402.00,0.0000,402.0000,0.0000,402.0000,3,0,1666,676,81,23
L001666,O00675,C0080,Customer 0080,East,Consumer,customer80@example.com,2025-11-22,2025-11,Store,Completed,True,P004,Desk 004,Furniture,123.00,1,123.00,0.10,0,,123.00,12.3000,110.7000,0.0000,110.7000,1,0,1667,676,81,5
L001667,O00676,C0272,Customer 0272,West,Business,customer272@example.com,2025-11-16,2025-11,Store,Completed,True,P019,Shelf 019,Storage,78.00,1,78.00,0.00,0,,78.00,0.0000,78.0000,0.0000,78.0000,1,0,1668,677,273,20
L001668,O00676,C0272,Customer 0272,West,Business,customer272@example.com,2025-11-16,2025-11,Store,Completed,True,P018,Chair 018,Furniture,269.00,3,269.00,0.00,0,,807.00,0.0000,807.0000,0.0000,807.0000,3,0,1669,677,273,19
L001669,O00676,C0272,Customer 0272,West,Business,customer272@example.com,2025-11-16,2025-11,Store,Completed,True,P017,Lamp 017,Lighting,300.00,3,300.00,0.10,0,,900.00,90.0000,810.0000,0.0000,810.0000,3,0,1670,677,273,18
L001670,O00677,C0266,Customer 0266,North,Business,customer266@example.com,2025-06-14,2025-06,Online,Completed,True,P020,Desk 020,Furniture,189.00,4,189.00,0.00,0,,756.00,0.0000,756.0000,0.0000,756.0000,4,0,1671,678,267,21
L001671,O00677,C0266,Customer 0266,North,Business,customer266@example.com,2025-06-14,2025-06,Online,Completed,True,P006,Chair 006,Furniture,196.00,2,196.00,0.00,0,,392.00,0.0000,392.0000,0.0000,392.0000,2,0,1672,678,267,7
L001672,O00678,C0122,Customer 0122,North,Business,customer122@example.com,2025-12-11,2025-12,Store,Completed,True,P017,Lamp 017,Lighting,300.00,4,300.00,0.00,0,,1200.00,0.0000,1200.0000,0.0000,1200.0000,4,0,1673,679,123,18
L001673,O00678,C0122,Customer 0122,North,Business,customer122@example.com,2025-12-11,2025-12,Store,Completed,True,P006,Chair 006,Furniture,196.00,5,196.00,0.10,0,,980.00,98.0000,882.0000,0.0000,882.0000,5,0,1674,679,123,7
L001674,O00679,C0081,Customer 0081,North,Consumer,customer81@example.com,2025-11-08,2025-11,Store,Completed,True,P002,Chair 002,Furniture,284.00,3,284.00,0.20,0,,852.00,170.4000,681.6000,0.0000,681.6000,3,0,1675,680,82,3
L001675,O00679,C0081,Customer 0081,North,Consumer,customer81@example.com,2025-11-08,2025-11,Store,Completed,True,P005,Lamp 005,Lighting,65.00,4,65.00,0.1,0,,260.00,26.000,234.000,0.000,234.000,4,0,1676,680,82,6
L001676,O00680,C0221,Customer 0221,West,Business,customer221@example.com,2025-09-22,2025-09,Online,Completed,True,P011,Shelf 011,Storage,80.00,4,80.00,0.00,0,,320.00,0.0000,320.0000,0.0000,320.0000,4,0,1677,681,222,12
L001677,O00681,C0262,Customer 0262,West,Business,customer262@example.com,2025-05-25,2025-05,Store,Completed,True,P021,Lamp 021,Lighting,249.00,4,249.00,0.20,0,,996.00,199.2000,796.8000,0.0000,796.8000,4,0,1678,682,263,22
L001678,O00681,C0262,Customer 0262,West,Business,customer262@example.com,2025-05-25,2025-05,Store,Completed,True,P006,Chair 006,Furniture,196.00,4,196.00,0.20,0,,784.00,156.8000,627.2000,0.0000,627.2000,4,0,1679,682,263,7
L001679,O00681,C0262,Customer 0262,West,Business,customer262@example.com,2025-05-25,2025-05,Store,Completed,True,P005,Lamp 005,Lighting,65.00,1,65.00,0.20,0,,65.00,13.0000,52.0000,0.0000,52.0000,1,0,1680,682,263,6
L001680,O00681,C0262,Customer 0262,West,Business,customer262@example.com,2025-05-25,2025-05,Store,Completed,True,P017,Lamp 017,Lighting,300.00,5,300.00,0.05,0,,1500.00,75.0000,1425.0000,0.0000,1425.0000,5,0,1681,682,263,18
L001681,O00682,C0266,Customer 0266,North,Business,customer266@example.com,2025-08-28,2025-08,Store,Completed,True,P013,Lamp 013,Lighting,271.00,2,271.00,0.00,0,,542.00,0.0000,542.0000,0.0000,542.0000,2,0,1682,683,267,14
L001682,O00682,C0266,Customer 0266,North,Business,customer266@example.com,2025-08-28,2025-08,Store,Completed,True,P004,Desk 004,Furniture,123.00,3,123.00,0.20,0,,369.00,73.8000,295.2000,0.0000,295.2000,3,0,1683,683,267,5
L001683,O00682,C0266,Customer 0266,North,Business,customer266@example.com,2025-08-28,2025-08,Store,Completed,True,P010,Chair 010,Furniture,211.00,2,211.00,0.00,0,,422.00,0.0000,422.0000,0.0000,422.0000,2,0,1684,683,267,11
L001684,O00683,C0174,Customer 0174,South,Consumer,customer174@example.com,2025-10-22,2025-10,Store,Completed,True,P002,Chair 002,Furniture,284.00,2,284.00,0.20,0,,568.00,113.6000,454.4000,0.0000,454.4000,2,0,1685,684,175,3
L001685,O00684,C0230,Customer 0230,East,Consumer,customer230@example.com,2025-03-02,2025-03,Store,Completed,True,P005,Lamp 005,Lighting,65.00,4,65.00,0.00,0,,260.00,0.0000,260.0000,0.0000,260.0000,4,0,1686,685,231,6
L001686,O00684,C0230,Customer 0230,East,Consumer,customer230@example.com,2025-03-02,2025-03,Store,Completed,True,P005,Lamp 005,Lighting,65.00,5,65.00,0.05,0,,325.00,16.2500,308.7500,0.0000,308.7500,5,0,1687,685,231,6
L001687,O00684,C0230,Customer 0230,East,Consumer,customer230@example.com,2025-03-02,2025-03,Store,Completed,True,P019,Shelf 019,Storage,78.00,4,78.00,0.10,0,,312.00,31.2000,280.8000,0.0000,280.8000,4,0,1688,685,231,20
L001688,O00684,C0230,Customer 0230,East,Consumer,customer230@example.com,2025-03-02,2025-03,Store,Completed,True,P021,Lamp 021,Lighting,249.00,5,249.00,0.20,0,,1245.00,249.0000,996.0000,0.0000,996.0000,5,0,1689,685,231,22
L001689,O00685,C0068,Customer 0068,West,Consumer,customer68@example.com,2025-01-22,2025-01,Online,Completed,True,P009,Lamp 009,Lighting,93.00,2,93.00,0.20,0,,186.00,37.2000,148.8000,0.0000,148.8000,2,0,1690,686,69,10
L001690,O00685,C0068,Customer 0068,West,Consumer,customer68@example.com,2025-01-22,2025-01,Online,Completed,True,P022,Chair 022,Furniture,134.00,3,134.00,0.00,0,,402.00,0.0000,402.0000,0.0000,402.0000,3,0,1691,686,69,23
L001691,O00686,C0227,Customer 0227,East,Consumer,customer227@example.com,2025-10-09,2025-10,Store,Completed,True,P007,Shelf 007,Storage,35.00,4,35.00,0.20,0,,140.00,28.0000,112.0000,0.0000,112.0000,4,0,1692,687,228,8
L001692,O00686,C0227,Customer 0227,East,Consumer,customer227@example.com,2025-10-09,2025-10,Store,Completed,True,P016,Desk 016,Furniture,231.00,3,231.00,0.00,0,,693.00,0.0000,693.0000,0.0000,693.0000,3,0,1693,687,228,17
L001693,O00686,C0227,Customer 0227,East,Consumer,customer227@example.com,2025-10-09,2025-10,Store,Completed,True,P013,Lamp 013,Lighting,271.00,2,271.00,0.10,0,,542.00,54.2000,487.8000,0.0000,487.8000,2,0,1694,687,228,14
L001694,O00687,C0056,Customer 0056,North,Consumer,customer56@example.com,2025-06-19,2025-06,Online,Completed,True,P008,Desk 008,Furniture,188.00,1,188.00,0.00,0,,188.00,0.0000,188.0000,0.0000,188.0000,1,0,1695,688,57,9
L001695,O00687,C0056,Customer 0056,North,Consumer,customer56@example.com,2025-06-19,2025-06,Online,Completed,True,P002,Chair 002,Furniture,284.00,2,284.00,0.05,1,2025-07-04,568.00,28.4000,539.6000,539.6000,0.0000,2,2,1696,688,57,3
L001696,O00687,C0056,Customer 0056,North,Consumer,customer56@example.com,2025-06-19,2025-06,Online,Completed,True,P007,Shelf 007,Storage,35.00,2,35.00,0.05,0,,70.00,3.5000,66.5000,0.0000,66.5000,2,0,1697,688,57,8
L001697,O00687,C0056,Customer 0056,North,Consumer,customer56@example.com,2025-06-19,2025-06,Online,Completed,True,P012,Desk 012,Furniture,134.00,2,134.00,0.20,0,,268.00,53.6000,214.4000,0.0000,214.4000,2,0,1698,688,57,13
L001698,O00688,C0097,Customer 0097,West,Business,customer97@example.com,2025-09-09,2025-09,Store,Completed,True,P012,Desk 012,Furniture,134.00,3,134.00,0.20,0,,402.00,80.4000,321.6000,0.0000,321.6000,3,0,1699,689,98,13
L001699,O00688,C0097,Customer 0097,West,Business,customer97@example.com,2025-09-09,2025-09,Store,Completed,True,P014,Chair 014,Furniture,294.00,3,294.00,0.00,0,,882.00,0.0000,882.0000,0.0000,882.0000,3,0,1700,689,98,15
L001700,O00688,C0097,Customer 0097,West,Business,customer97@example.com,2025-09-09,2025-09,Store,Completed,True,P021,Lamp 021,Lighting,249.00,1,249.00,0.00,1,2025-10-04,249.00,0.0000,249.0000,249.0000,0.0000,1,1,1701,689,98,22
L001701,O00689,C0291,Customer 0291,North,Consumer,customer291@example.com,2025-05-25,2025-05,Online,Completed,True,P014,Chair 014,Furniture,294.00,3,294.00,0.05,0,,882.00,44.1000,837.9000,0.0000,837.9000,3,0,1702,690,292,15
L001702,O00690,C0219,Customer 0219,East,Consumer,customer219@example.com,2025-01-16,2025-01,Online,Completed,True,P016,Desk 016,Furniture,231.00,4,231.00,0.05,0,,924.00,46.2000,877.8000,0.0000,877.8000,4,0,1703,691,220,17
L001703,O00690,C0219,Customer 0219,East,Consumer,customer219@example.com,2025-01-16,2025-01,Online,Completed,True,P010,Chair 010,Furniture,211.00,5,211.00,0.20,0,,1055.00,211.0000,844.0000,0.0000,844.0000,5,0,1704,691,220,11
L001704,O00690,C0219,Customer 0219,East,Consumer,customer219@example.com,2025-01-16,2025-01,Online,Completed,True,P001,Lamp 001,Lighting,122.00,4,122.00,0.20,0,,488.00,97.6000,390.4000,0.0000,390.4000,4,0,1705,691,220,2
L001705,O00691,C0254,Customer 0254,East,Business,customer254@example.com,2025-03-06,2025-03,Online,Completed,True,P004,Desk 004,Furniture,123.00,1,123.00,0.00,0,,123.00,0.0000,123.0000,0.0000,123.0000,1,0,1706,692,255,5
L001706,O00691,C0254,Customer 0254,East,Business,customer254@example.com,2025-03-06,2025-03,Online,Completed,True,P006,Chair 006,Furniture,196.00,2,196.00,0,0,,392.00,0.00,392.00,0.00,392.00,2,0,1707,692,255,7
L001707,O00691,C0254,Customer 0254,East,Business,customer254@example.com,2025-03-06,2025-03,Online,Completed,True,P017,Lamp 017,Lighting,300.00,1,300.00,0.20,0,,300.00,60.0000,240.0000,0.0000,240.0000,1,0,1708,692,255,18
L001708,O00692,C0129,Customer 0129,North,Business,customer129@example.com,2025-02-11,2025-02,Store,Completed,True,P016,Desk 016,Furniture,231.00,4,231.00,0.05,0,,924.00,46.2000,877.8000,0.0000,877.8000,4,0,1709,693,130,17
L001709,O00692,C0129,Customer 0129,North,Business,customer129@example.com,2025-02-11,2025-02,Store,Completed,True,P003,Shelf 003,Storage,199.00,5,199.00,0.10,0,,995.00,99.5000,895.5000,0.0000,895.5000,5,0,1710,693,130,4
L001710,O00693,C0056,Customer 0056,North,Consumer,customer56@example.com,2025-03-28,2025-03,Online,Cancelled,False,P015,Shelf 015,Storage,254.00,3,254.00,0.05,0,,762.00,38.1000,723.9000,0.0000,723.9000,3,0,1711,694,57,16
L001711,O00693,C0056,Customer 0056,North,Consumer,customer56@example.com,2025-03-28,2025-03,Online,Cancelled,False,P001,Lamp 001,Lighting,122.00,4,122.00,0.20,0,,488.00,97.6000,390.4000,0.0000,390.4000,4,0,1712,694,57,2
L001712,O00694,C0154,Customer 0154,North,Business,,2025-10-26,2025-10,Online,Completed,True,P002,Chair 002,Furniture,284.00,1,284.00,0.00,0,,284.00,0.0000,284.0000,0.0000,284.0000,1,0,1713,695,155,3
L001713,O00694,C0154,Customer 0154,North,Business,,2025-10-26,2025-10,Online,Completed,True,P012,Desk 012,Furniture,134.00,5,134.00,0.10,0,,670.00,67.0000,603.0000,0.0000,603.0000,5,0,1714,695,155,13
L001714,O00695,C0200,Customer 0200,West,Consumer,customer200@example.com,2025-11-18,2025-11,Store,Completed,True,P019,Shelf 019,Storage,78.00,2,78.00,0.10,0,,156.00,15.6000,140.4000,0.0000,140.4000,2,0,1715,696,201,20
L001715,O00696,C0241,Customer 0241,North,Consumer,customer241@example.com,2025-11-07,2025-11,Online,Cancelled,False,P005,Lamp 005,Lighting,65.00,2,65.00,0.10,0,,130.00,13.0000,117.0000,0.0000,117.0000,2,0,1716,697,242,6
L001716,O00697,C0114,Customer 0114,North,Business,customer114@example.com,2025-02-18,2025-02,Store,Completed,True,P003,Shelf 003,Storage,199.00,1,199.00,0.00,0,,199.00,0.0000,199.0000,0.0000,199.0000,1,0,1717,698,115,4
L001717,O00697,C0114,Customer 0114,North,Business,customer114@example.com,2025-02-18,2025-02,Store,Completed,True,P024,Desk 024,Furniture,81.00,3,81.00,0.05,0,,243.00,12.1500,230.8500,0.0000,230.8500,3,0,1718,698,115,25
L001718,O00697,C0114,Customer 0114,North,Business,customer114@example.com,2025-02-18,2025-02,Store,Completed,True,P011,Shelf 011,Storage,80.00,5,80.00,0.20,0,,400.00,80.0000,320.0000,0.0000,320.0000,5,0,1719,698,115,12
L001719,O00698,C0207,Customer 0207,South,Consumer,customer207@example.com,2025-11-10,2025-11,Store,Completed,True,P021,Lamp 021,Lighting,249.00,4,249.00,0.10,0,,996.00,99.6000,896.4000,0.0000,896.4000,4,0,1720,699,208,22
L001720,O00698,C0207,Customer 0207,South,Consumer,customer207@example.com,2025-11-10,2025-11,Store,Completed,True,P010,Chair 010,Furniture,211.00,5,211.00,0.05,0,,1055.00,52.7500,1002.2500,0.0000,1002.2500,5,0,1721,699,208,11
L001721,O00698,C0207,Customer 0207,South,Consumer,customer207@example.com,2025-11-10,2025-11,Store,Completed,True,P013,Lamp 013,Lighting,271.00,1,271.00,0.20,0,,271.00,54.2000,216.8000,0.0000,216.8000,1,0,1722,699,208,14
L001722,O00698,C0207,Customer 0207,South,Consumer,customer207@example.com,2025-11-10,2025-11,Store,Completed,True,P013,Lamp 013,Lighting,271.00,4,271.00,0.00,0,,1084.00,0.0000,1084.0000,0.0000,1084.0000,4,0,1723,699,208,14
L001723,O00699,C0261,Customer 0261,West,Consumer,customer261@example.com,2025-10-28,2025-10,Store,Completed,True,P016,Desk 016,Furniture,231.00,5,231.00,0.00,0,,1155.00,0.0000,1155.0000,0.0000,1155.0000,5,0,1724,700,262,17
L001724,O00699,C0261,Customer 0261,West,Consumer,customer261@example.com,2025-10-28,2025-10,Store,Completed,True,P001,Lamp 001,Lighting,122.00,5,122.00,0.10,0,,610.00,61.0000,549.0000,0.0000,549.0000,5,0,1725,700,262,2
L001725,O00700,C0114,Customer 0114,North,Business,customer114@example.com,2025-08-11,2025-08,Store,Completed,True,P002,Chair 002,Furniture,284.00,1,284.00,0.20,0,,284.00,56.8000,227.2000,0.0000,227.2000,1,0,1726,701,115,3
L001726,O00701,C0279,Customer 0279,South,Business,customer279@example.com,2025-04-11,2025-04,Store,Completed,True,P001,Lamp 001,Lighting,122.00,5,122.00,0.00,0,,610.00,0.0000,610.0000,0.0000,610.0000,5,0,1727,702,280,2
L001727,O00701,C0279,Customer 0279,South,Business,customer279@example.com,2025-04-11,2025-04,Store,Completed,True,P002,Chair 002,Furniture,284.00,2,284.00,0.20,0,,568.00,113.6000,454.4000,0.0000,454.4000,2,0,1728,702,280,3
L001728,O00702,C0112,Customer 0112,South,Business,customer112@example.com,2025-09-03,2025-09,Store,Completed,True,P001,Lamp 001,Lighting,122.00,5,122.00,0.20,0,,610.00,122.0000,488.0000,0.0000,488.0000,5,0,1729,703,113,2
L001729,O00702,C0112,Customer 0112,South,Business,customer112@example.com,2025-09-03,2025-09,Store,Completed,True,P006,Chair 006,Furniture,196.00,1,196.00,0.20,0,,196.00,39.2000,156.8000,0.0000,156.8000,1,0,1730,703,113,7
L001730,O00703,C0063,Customer 0063,West,Consumer,customer63@example.com,2025-08-22,2025-08,Online,Completed,True,P004,Desk 004,Furniture,123.00,2,123.00,0.10,0,,246.00,24.6000,221.4000,0.0000,221.4000,2,0,1731,704,64,5
L001731,O00703,C0063,Customer 0063,West,Consumer,customer63@example.com,2025-08-22,2025-08,Online,Completed,True,P003,Shelf 003,Storage,199.00,1,199.00,0.05,0,,199.00,9.9500,189.0500,0.0000,189.0500,1,0,1732,704,64,4
L001732,O00704,C0037,Customer 0037,East,Business,customer37@example.com,2025-06-04,2025-06,Online,Completed,True,P008,Desk 008,Furniture,188.00,4,188.00,0.10,0,,752.00,75.2000,676.8000,0.0000,676.8000,4,0,1733,705,38,9
L001733,O00704,C0037,Customer 0037,East,Business,customer37@example.com,2025-06-04,2025-06,Online,Completed,True,P014,Chair 014,Furniture,294.00,2,294.00,0.20,0,,588.00,117.6000,470.4000,0.0000,470.4000,2,0,1734,705,38,15
L001734,O00705,C0253,Customer 0253,North,Consumer,customer253@example.com,2025-06-07,2025-06,Online,Completed,True,P011,Shelf 011,Storage,80.00,2,80.00,0.10,0,,160.00,16.0000,144.0000,0.0000,144.0000,2,0,1735,706,254,12
L001735,O00705,C0253,Customer 0253,North,Consumer,customer253@example.com,2025-06-07,2025-06,Online,Completed,True,P022,Chair 022,Furniture,134.00,5,134.00,0.00,0,,670.00,0.0000,670.0000,0.0000,670.0000,5,0,1736,706,254,23
L001736,O00706,C0229,Customer 0229,East,Consumer,customer229@example.com,2025-11-24,2025-11,Online,Completed,True,P008,Desk 008,Furniture,188.00,3,188.00,0.20,0,,564.00,112.8000,451.2000,0.0000,451.2000,3,0,1737,707,230,9
L001737,O00706,C0229,Customer 0229,East,Consumer,customer229@example.com,2025-11-24,2025-11,Online,Completed,True,P002,Chair 002,Furniture,284.00,4,284.00,0.1,0,,1136.00,113.600,1022.400,0.000,1022.400,4,0,1738,707,230,3
L001738,O00707,C0210,Customer 0210,North,Consumer,customer210@example.com,2025-09-10,2025-09,Store,Completed,True,P001,Lamp 001,Lighting,122.00,3,122.00,0.00,0,,366.00,0.0000,366.0000,0.0000,366.0000,3,0,1739,708,211,2
L001739,O00707,C0210,Customer 0210,North,Consumer,customer210@example.com,2025-09-10,2025-09,Store,Completed,True,P013,Lamp 013,Lighting,271.00,4,271.00,0.10,0,,1084.00,108.4000,975.6000,0.0000,975.6000,4,0,1740,708,211,14
L001740,O00707,C0210,Customer 0210,North,Consumer,customer210@example.com,2025-09-10,2025-09,Store,Completed,True,P005,Lamp 005,Lighting,65.00,2,65.00,0.00,0,,130.00,0.0000,130.0000,0.0000,130.0000,2,0,1741,708,211,6
L001741,O00708,C0021,Customer 0021,West,Business,customer21@example.com,2025-04-25,2025-04,Store,Cancelled,False,P004,Desk 004,Furniture,123.00,4,123.00,0.00,0,,492.00,0.0000,492.0000,0.0000,492.0000,4,0,1742,709,22,5
L001742,O00709,C0164,Customer 0164,East,Consumer,customer164@example.com,2025-02-07,2025-02,Store,Completed,True,P019,Shelf 019,Storage,78.00,2,78.00,0.20,0,,156.00,31.2000,124.8000,0.0000,124.8000,2,0,1743,710,165,20
L001743,O00709,C0164,Customer 0164,East,Consumer,customer164@example.com,2025-02-07,2025-02,Store,Completed,True,P015,Shelf 015,Storage,254.00,5,254.00,0.20,0,,1270.00,254.0000,1016.0000,0.0000,1016.0000,5,0,1744,710,165,16
L001744,O00709,C0164,Customer 0164,East,Consumer,customer164@example.com,2025-02-07,2025-02,Store,Completed,True,P005,Lamp 005,Lighting,65.00,3,65.00,0.20,0,,195.00,39.0000,156.0000,0.0000,156.0000,3,0,1745,710,165,6
L001745,O00710,C0033,Customer 0033,South,Business,customer33@example.com,2025-03-11,2025-03,Online,Completed,True,P019,Shelf 019,Storage,78.00,2,78.00,0.00,1,2025-03-30,156.00,0.0000,156.0000,156.0000,0.0000,2,2,1746,711,34,20
L001746,O00710,C0033,Customer 0033,South,Business,customer33@example.com,2025-03-11,2025-03,Online,Completed,True,P017,Lamp 017,Lighting,300.00,4,300.00,0.00,0,,1200.00,0.0000,1200.0000,0.0000,1200.0000,4,0,1747,711,34,18
L001747,O00710,C0033,Customer 0033,South,Business,customer33@example.com,2025-03-11,2025-03,Online,Completed,True,P010,Chair 010,Furniture,211.00,5,211.00,0.05,0,,1055.00,52.7500,1002.2500,0.0000,1002.2500,5,0,1748,711,34,11
L001748,O00711,C0177,Customer 0177,West,Business,customer177@example.com,2025-12-27,2025-12,Online,Completed,True,P006,Chair 006,Furniture,196.00,3,196.00,0.10,0,,588.00,58.8000,529.2000,0.0000,529.2000,3,0,1749,712,178,7
L001749,O00712,C0037,Customer 0037,East,Business,customer37@example.com,2025-08-31,2025-08,Store,Completed,True,P008,Desk 008,Furniture,188.00,3,188.00,0.10,0,,564.00,56.4000,507.6000,0.0000,507.6000,3,0,1750,713,38,9
L001750,O00712,C0037,Customer 0037,East,Business,customer37@example.com,2025-08-31,2025-08,Store,Completed,True,P004,Desk 004,Furniture,123.00,2,123.00,0.00,0,,246.00,0.0000,246.0000,0.0000,246.0000,2,0,1751,713,38,5
L001751,O00712,C0037,Customer 0037,East,Business,customer37@example.com,2025-08-31,2025-08,Store,Completed,True,P014,Chair 014,Furniture,294.00,3,294.00,0.05,0,,882.00,44.1000,837.9000,0.0000,837.9000,3,0,1752,713,38,15
L001752,O00712,C0037,Customer 0037,East,Business,customer37@example.com,2025-08-31,2025-08,Store,Completed,True,P003,Shelf 003,Storage,199.00,3,199.00,0.10,0,,597.00,59.7000,537.3000,0.0000,537.3000,3,0,1753,713,38,4
L001753,O00713,C0046,Customer 0046,West,Consumer,customer46@example.com,2025-09-28,2025-09,Online,Completed,True,P019,Shelf 019,Storage,78.00,3,78.00,0.20,0,,234.00,46.8000,187.2000,0.0000,187.2000,3,0,1754,714,47,20
L001754,O00714,C0121,Customer 0121,West,Business,customer121@example.com,2025-02-06,2025-02,Online,Completed,True,P014,Chair 014,Furniture,294.00,1,294.00,0.20,0,,294.00,58.8000,235.2000,0.0000,235.2000,1,0,1755,715,122,15
L001755,O00714,C0121,Customer 0121,West,Business,customer121@example.com,2025-02-06,2025-02,Online,Completed,True,P019,Shelf 019,Storage,78.00,2,78.00,0.00,0,,156.00,0.0000,156.0000,0.0000,156.0000,2,0,1756,715,122,20
L001756,O00714,C0121,Customer 0121,West,Business,customer121@example.com,2025-02-06,2025-02,Online,Completed,True,P010,Chair 010,Furniture,211.00,3,211.00,0.20,1,2025-02-09,633.00,126.6000,506.4000,168.8000,337.6000,3,1,1757,715,122,11
L001757,O00714,C0121,Customer 0121,West,Business,customer121@example.com,2025-02-06,2025-02,Online,Completed,True,P010,Chair 010,Furniture,211.00,3,211.00,0.20,0,,633.00,126.6000,506.4000,0.0000,506.4000,3,0,1758,715,122,11
L001758,O00715,C0085,Customer 0085,South,Consumer,customer85@example.com,2025-05-05,2025-05,Store,Completed,True,P008,Desk 008,Furniture,188.00,3,188.00,0.20,0,,564.00,112.8000,451.2000,0.0000,451.2000,3,0,1759,716,86,9
L001759,O00715,C0085,Customer 0085,South,Consumer,customer85@example.com,2025-05-05,2025-05,Store,Completed,True,P019,Shelf 019,Storage,78.00,1,78.00,0.10,0,,78.00,7.8000,70.2000,0.0000,70.2000,1,0,1760,716,86,20
L001760,O00716,C0113,Customer 0113,South,Consumer,customer113@example.com,2025-07-15,2025-07,Store,Completed,True,P016,Desk 016,Furniture,231.00,5,231.00,0.20,0,,1155.00,231.0000,924.0000,0.0000,924.0000,5,0,1761,717,114,17
L001761,O00716,C0113,Customer 0113,South,Consumer,customer113@example.com,2025-07-15,2025-07,Store,Completed,True,P024,Desk 024,Furniture,81.00,4,81.00,0.20,0,,324.00,64.8000,259.2000,0.0000,259.2000,4,0,1762,717,114,25
L001762,O00717,C0124,Customer 0124,East,Consumer,customer124@example.com,2025-08-28,2025-08,Store,Completed,True,P008,Desk 008,Furniture,188.00,3,188.00,0.10,0,,564.00,56.4000,507.6000,0.0000,507.6000,3,0,1763,718,125,9
L001763,O00717,C0124,Customer 0124,East,Consumer,customer124@example.com,2025-08-28,2025-08,Store,Completed,True,P017,Lamp 017,Lighting,300.00,1,300.00,0.00,0,,300.00,0.0000,300.0000,0.0000,300.0000,1,0,1764,718,125,18
L001764,O00717,C0124,Customer 0124,East,Consumer,customer124@example.com,2025-08-28,2025-08,Store,Completed,True,P003,Shelf 003,Storage,199.00,1,199.00,0.20,0,,199.00,39.8000,159.2000,0.0000,159.2000,1,0,1765,718,125,4
L001765,O00718,C0259,Customer 0259,North,Business,customer259@example.com,2025-06-13,2025-06,Online,Completed,True,P007,Shelf 007,Storage,35.00,5,35.00,0.05,0,,175.00,8.7500,166.2500,0.0000,166.2500,5,0,1766,719,260,8
L001766,O00718,C0259,Customer 0259,North,Business,customer259@example.com,2025-06-13,2025-06,Online,Completed,True,P024,Desk 024,Furniture,81.00,5,81.00,0.05,0,,405.00,20.2500,384.7500,0.0000,384.7500,5,0,1767,719,260,25
L001767,O00718,C0259,Customer 0259,North,Business,customer259@example.com,2025-06-13,2025-06,Online,Completed,True,P007,Shelf 007,Storage,35.00,1,35.00,0.05,0,,35.00,1.7500,33.2500,0.0000,33.2500,1,0,1768,719,260,8
L001768,O00719,C0247,Customer 0247,North,Consumer,customer247@example.com,2025-07-17,2025-07,Online,Completed,True,P017,Lamp 017,Lighting,300.00,1,300.00,0.2,0,,300.00,60.000,240.000,0.000,240.000,1,0,1769,720,248,18
L001769,O00719,C0247,Customer 0247,North,Consumer,customer247@example.com,2025-07-17,2025-07,Online,Completed,True,P024,Desk 024,Furniture,81.00,4,81.00,0.00,0,,324.00,0.0000,324.0000,0.0000,324.0000,4,0,1770,720,248,25
L001770,O00719,C0247,Customer 0247,North,Consumer,customer247@example.com,2025-07-17,2025-07,Online,Completed,True,P024,Desk 024,Furniture,81.00,5,81.00,0.00,0,,405.00,0.0000,405.0000,0.0000,405.0000,5,0,1771,720,248,25
L001771,O00719,C0247,Customer 0247,North,Consumer,customer247@example.com,2025-07-17,2025-07,Online,Completed,True,P006,Chair 006,Furniture,196.00,5,196.00,0.20,0,,980.00,196.0000,784.0000,0.0000,784.0000,5,0,1772,720,248,7
L001772,O00720,C0046,Customer 0046,West,Consumer,customer46@example.com,2025-03-02,2025-03,Online,Completed,True,P023,Shelf 023,Storage,68.00,5,68.00,0.20,0,,340.00,68.0000,272.0000,0.0000,272.0000,5,0,1773,721,47,24
L001773,O00720,C0046,Customer 0046,West,Consumer,customer46@example.com,2025-03-02,2025-03,Online,Completed,True,P014,Chair 014,Furniture,294.00,3,294.00,0.10,0,,882.00,88.2000,793.8000,0.0000,793.8000,3,0,1774,721,47,15
L001774,O00721,C0123,Customer 0123,East,Consumer,customer123@example.com,2025-11-25,2025-11,Online,Completed,True,P018,Chair 018,Furniture,269.00,1,269.00,0.05,0,,269.00,13.4500,255.5500,0.0000,255.5500,1,0,1775,722,124,19
L001775,O00721,C0123,Customer 0123,East,Consumer,customer123@example.com,2025-11-25,2025-11,Online,Completed,True,P005,Lamp 005,Lighting,65.00,4,65.00,0.20,0,,260.00,52.0000,208.0000,0.0000,208.0000,4,0,1776,722,124,6
L001776,O00721,C0123,Customer 0123,East,Consumer,customer123@example.com,2025-11-25,2025-11,Online,Completed,True,P005,Lamp 005,Lighting,65.00,1,65.00,0.00,0,,65.00,0.0000,65.0000,0.0000,65.0000,1,0,1777,722,124,6
L001777,O00722,C0260,Customer 0260,South,Consumer,customer260@example.com,2025-04-19,2025-04,Online,Completed,True,P007,Shelf 007,Storage,35.00,4,35.00,0.10,0,,140.00,14.0000,126.0000,0.0000,126.0000,4,0,1778,723,261,8
L001778,O00722,C0260,Customer 0260,South,Consumer,customer260@example.com,2025-04-19,2025-04,Online,Completed,True,P012,Desk 012,Furniture,134.00,4,134.00,0.10,0,,536.00,53.6000,482.4000,0.0000,482.4000,4,0,1779,723,261,13
L001779,O00723,C0196,Customer 0196,West,Consumer,customer196@example.com,2025-12-11,2025-12,Online,Completed,True,P012,Desk 012,Furniture,134.00,2,134.00,0.05,0,,268.00,13.4000,254.6000,0.0000,254.6000,2,0,1780,724,197,13
L001780,O00723,C0196,Customer 0196,West,Consumer,customer196@example.com,2025-12-11,2025-12,Online,Completed,True,P023,Shelf 023,Storage,68.00,3,68.00,0.00,0,,204.00,0.0000,204.0000,0.0000,204.0000,3,0,1781,724,197,24
L001781,O00724,C0058,Customer 0058,North,Consumer,customer58@example.com,2025-12-17,2025-12,Store,Completed,True,P021,Lamp 021,Lighting,249.00,1,249.00,0.05,0,,249.00,12.4500,236.5500,0.0000,236.5500,1,0,1782,725,59,22
L001782,O00724,C0058,Customer 0058,North,Consumer,customer58@example.com,2025-12-17,2025-12,Store,Completed,True,P014,Chair 014,Furniture,294.00,4,294.00,0.10,0,,1176.00,117.6000,1058.4000,0.0000,1058.4000,4,0,1783,725,59,15
L001783,O00724,C0058,Customer 0058,North,Consumer,customer58@example.com,2025-12-17,2025-12,Store,Completed,True,P024,Desk 024,Furniture,81.00,4,81.00,0.05,0,,324.00,16.2000,307.8000,0.0000,307.8000,4,0,1784,725,59,25
L001784,O00724,C0058,Customer 0058,North,Consumer,customer58@example.com,2025-12-17,2025-12,Store,Completed,True,P014,Chair 014,Furniture,294.00,2,294.00,0.00,0,,588.00,0.0000,588.0000,0.0000,588.0000,2,0,1785,725,59,15
L001785,O00725,C0036,Customer 0036,West,Consumer,customer36@example.com,2025-11-30,2025-11,Store,Completed,True,P008,Desk 008,Furniture,188.00,1,188.00,0.10,0,,188.00,18.8000,169.2000,0.0000,169.2000,1,0,1786,726,37,9
L001786,O00726,C0010,Customer 0010,West,Consumer,customer10@example.com,2025-02-20,2025-02,Store,Completed,True,P024,Desk 024,Furniture,81.00,1,81.00,0.05,0,,81.00,4.0500,76.9500,0.0000,76.9500,1,0,1787,727,11,25
L001787,O00726,C0010,Customer 0010,West,Consumer,customer10@example.com,2025-02-20,2025-02,Store,Completed,True,P014,Chair 014,Furniture,294.00,1,294.00,0.10,0,,294.00,29.4000,264.6000,0.0000,264.6000,1,0,1788,727,11,15
L001788,O00727,C0264,Customer 0264,South,Business,customer264@example.com,2025-06-04,2025-06,Store,Completed,True,P011,Shelf 011,Storage,80.00,1,80.00,0.10,0,,80.00,8.0000,72.0000,0.0000,72.0000,1,0,1789,728,265,12
L001789,O00728,C0069,Customer 0069,South,Business,,2025-05-06,2025-05,Store,Completed,True,P006,Chair 006,Furniture,196.00,2,196.00,0.05,0,,392.00,19.6000,372.4000,0.0000,372.4000,2,0,1790,729,70,7
L001790,O00728,C0069,Customer 0069,South,Business,,2025-05-06,2025-05,Store,Completed,True,P023,Shelf 023,Storage,68.00,5,68.00,0.05,0,,340.00,17.0000,323.0000,0.0000,323.0000,5,0,1791,729,70,24
L001791,O00728,C0069,Customer 0069,South,Business,,2025-05-06,2025-05,Store,Completed,True,P014,Chair 014,Furniture,294.00,5,294.00,0.10,0,,1470.00,147.0000,1323.0000,0.0000,1323.0000,5,0,1792,729,70,15
L001792,O00729,C0294,Customer 0294,South,Consumer,customer294@example.com,2025-09-08,2025-09,Store,Completed,True,P019,Shelf 019,Storage,78.00,3,78.00,0.05,0,,234.00,11.7000,222.3000,0.0000,222.3000,3,0,1793,730,295,20
L001793,O00730,C0278,Customer 0278,North,Consumer,customer278@example.com,2025-01-17,2025-01,Store,Completed,True,P010,Chair 010,Furniture,211.00,5,211.00,0.00,1,2025-02-07,1055.00,0.0000,1055.0000,422.0000,633.0000,5,2,1794,731,279,11
L001794,O00730,C0278,Customer 0278,North,Consumer,customer278@example.com,2025-01-17,2025-01,Store,Completed,True,P020,Desk 020,Furniture,189.00,4,189.00,0.10,0,,756.00,75.6000,680.4000,0.0000,680.4000,4,0,1795,731,279,21
L001795,O00730,C0278,Customer 0278,North,Consumer,customer278@example.com,2025-01-17,2025-01,Store,Completed,True,P008,Desk 008,Furniture,188.00,2,188.00,0.20,1,2025-01-20,376.00,75.2000,300.8000,150.4000,150.4000,2,1,1796,731,279,9
L001796,O00730,C0278,Customer 0278,North,Consumer,customer278@example.com,2025-01-17,2025-01,Store,Completed,True,P021,Lamp 021,Lighting,249.00,4,249.00,0.20,0,,996.00,199.2000,796.8000,0.0000,796.8000,4,0,1797,731,279,22
L001797,O00731,C0062,Customer 0062,West,Business,customer62@example.com,2025-07-21,2025-07,Store,Completed,True,P008,Desk 008,Furniture,188.00,1,188.00,0.20,0,,188.00,37.6000,150.4000,0.0000,150.4000,1,0,1798,732,63,9
L001798,O00731,C0062,Customer 0062,West,Business,customer62@example.com,2025-07-21,2025-07,Store,Completed,True,P009,Lamp 009,Lighting,93.00,1,93.00,0.00,0,,93.00,0.0000,93.0000,0.0000,93.0000,1,0,1799,732,63,10
L001799,O00732,C0280,Customer 0280,North,Business,customer280@example.com,2025-10-01,2025-10,Store,Completed,True,P003,Shelf 003,Storage,199.00,5,199.00,0.2,0,,995.00,199.000,796.000,0.000,796.000,5,0,1800,733,281,4
L001800,O00732,C0280,Customer 0280,North,Business,customer280@example.com,2025-10-01,2025-10,Store,Completed,True,P006,Chair 006,Furniture,196.00,3,196.00,0.10,0,,588.00,58.8000,529.2000,0.0000,529.2000,3,0,1801,733,281,7
L001801,O00732,C0280,Customer 0280,North,Business,customer280@example.com,2025-10-01,2025-10,Store,Completed,True,P008,Desk 008,Furniture,188.00,1,188.00,0.20,0,,188.00,37.6000,150.4000,0.0000,150.4000,1,0,1802,733,281,9
L001802,O00733,C0188,Customer 0188,South,Business,,2025-10-17,2025-10,Store,Completed,True,P004,Desk 004,Furniture,123.00,5,123.00,0.00,0,,615.00,0.0000,615.0000,0.0000,615.0000,5,0,1803,734,189,5
L001803,O00733,C0188,Customer 0188,South,Business,,2025-10-17,2025-10,Store,Completed,True,P005,Lamp 005,Lighting,65.00,3,65.00,0.00,0,,195.00,0.0000,195.0000,0.0000,195.0000,3,0,1804,734,189,6
L001804,O00733,C0188,Customer 0188,South,Business,,2025-10-17,2025-10,Store,Completed,True,P023,Shelf 023,Storage,68.00,2,68.00,0.05,0,,136.00,6.8000,129.2000,0.0000,129.2000,2,0,1805,734,189,24
L001805,O00733,C0188,Customer 0188,South,Business,,2025-10-17,2025-10,Store,Completed,True,P014,Chair 014,Furniture,294.00,4,294.00,0.00,0,,1176.00,0.0000,1176.0000,0.0000,1176.0000,4,0,1806,734,189,15
L001806,O00734,C0040,Customer 0040,North,Consumer,customer40@example.com,2025-10-02,2025-10,Online,Completed,True,P016,Desk 016,Furniture,231.00,1,231.00,0.10,1,2025-10-11,231.00,23.1000,207.9000,207.9000,0.0000,1,1,1807,735,41,17
L001807,O00734,C0040,Customer 0040,North,Consumer,customer40@example.com,2025-10-02,2025-10,Online,Completed,True,P009,Lamp 009,Lighting,93.00,1,93.00,0.10,0,,93.00,9.3000,83.7000,0.0000,83.7000,1,0,1808,735,41,10
L001808,O00734,C0040,Customer 0040,North,Consumer,customer40@example.com,2025-10-02,2025-10,Online,Completed,True,P013,Lamp 013,Lighting,271.00,4,271.00,0.10,0,,1084.00,108.4000,975.6000,0.0000,975.6000,4,0,1809,735,41,14
L001809,O00734,C0040,Customer 0040,North,Consumer,customer40@example.com,2025-10-02,2025-10,Online,Completed,True,P017,Lamp 017,Lighting,300.00,3,300.00,0.10,0,,900.00,90.0000,810.0000,0.0000,810.0000,3,0,1810,735,41,18
L001810,O00735,C0123,Customer 0123,East,Consumer,customer123@example.com,2025-01-19,2025-01,Online,Completed,True,P007,Shelf 007,Storage,35.00,4,35.00,0.05,0,,140.00,7.0000,133.0000,0.0000,133.0000,4,0,1811,736,124,8
L001811,O00735,C0123,Customer 0123,East,Consumer,customer123@example.com,2025-01-19,2025-01,Online,Completed,True,P018,Chair 018,Furniture,269.00,5,269.00,0.10,0,,1345.00,134.5000,1210.5000,0.0000,1210.5000,5,0,1812,736,124,19
L001812,O00735,C0123,Customer 0123,East,Consumer,customer123@example.com,2025-01-19,2025-01,Online,Completed,True,P008,Desk 008,Furniture,188.00,2,188.00,0.10,0,,376.00,37.6000,338.4000,0.0000,338.4000,2,0,1813,736,124,9
L001813,O00736,C0039,Customer 0039,North,Business,customer39@example.com,2025-06-19,2025-06,Store,Completed,True,P021,Lamp 021,Lighting,249.00,3,249.00,0.20,0,,747.00,149.4000,597.6000,0.0000,597.6000,3,0,1814,737,40,22
L001814,O00736,C0039,Customer 0039,North,Business,customer39@example.com,2025-06-19,2025-06,Store,Completed,True,P006,Chair 006,Furniture,196.00,4,196.00,0.10,0,,784.00,78.4000,705.6000,0.0000,705.6000,4,0,1815,737,40,7
L001815,O00736,C0039,Customer 0039,North,Business,customer39@example.com,2025-06-19,2025-06,Store,Completed,True,P007,Shelf 007,Storage,35.00,1,35.00,0.00,1,2025-06-30,35.00,0.0000,35.0000,35.0000,0.0000,1,1,1816,737,40,8
L001816,O00737,C0161,Customer 0161,West,Consumer,customer161@example.com,2025-10-20,2025-10,Store,Completed,True,P022,Chair 022,Furniture,134.00,4,134.00,0.05,0,,536.00,26.8000,509.2000,0.0000,509.2000,4,0,1817,738,162,23
L001817,O00737,C0161,Customer 0161,West,Consumer,customer161@example.com,2025-10-20,2025-10,Store,Completed,True,P008,Desk 008,Furniture,188.00,3,188.00,0.00,0,,564.00,0.0000,564.0000,0.0000,564.0000,3,0,1818,738,162,9
L001818,O00737,C0161,Customer 0161,West,Consumer,customer161@example.com,2025-10-20,2025-10,Store,Completed,True,P019,Shelf 019,Storage,78.00,1,78.00,0.05,0,,78.00,3.9000,74.1000,0.0000,74.1000,1,0,1819,738,162,20
L001819,O00737,C0161,Customer 0161,West,Consumer,customer161@example.com,2025-10-20,2025-10,Store,Completed,True,P007,Shelf 007,Storage,35.00,2,35.00,0.05,0,,70.00,3.5000,66.5000,0.0000,66.5000,2,0,1820,738,162,8
L001820,O00738,C0204,Customer 0204,South,Consumer,customer204@example.com,2025-10-14,2025-10,Store,Completed,True,P001,Lamp 001,Lighting,122.00,5,122.00,0.20,1,2025-10-22,610.00,122.0000,488.0000,390.4000,97.6000,5,4,1821,739,205,2
L001821,O00739,C0153,Customer 0153,East,Business,customer153@example.com,2025-08-11,2025-08,Online,Completed,True,P010,Chair 010,Furniture,211.00,2,211.00,0.10,0,,422.00,42.2000,379.8000,0.0000,379.8000,2,0,1822,740,154,11
L001822,O00740,C0174,Customer 0174,South,Consumer,customer174@example.com,2025-05-21,2025-05,Online,Completed,True,P013,Lamp 013,Lighting,271.00,2,271.00,0.20,0,,542.00,108.4000,433.6000,0.0000,433.6000,2,0,1823,741,175,14
L001823,O00740,C0174,Customer 0174,South,Consumer,customer174@example.com,2025-05-21,2025-05,Online,Completed,True,P013,Lamp 013,Lighting,271.00,3,271.00,0.00,0,,813.00,0.0000,813.0000,0.0000,813.0000,3,0,1824,741,175,14
L001824,O00741,C0108,Customer 0108,East,Business,customer108@example.com,2025-10-20,2025-10,Online,Completed,True,P002,Chair 002,Furniture,284.00,2,284.00,0.10,0,,568.00,56.8000,511.2000,0.0000,511.2000,2,0,1825,742,109,3
L001825,O00741,C0108,Customer 0108,East,Business,customer108@example.com,2025-10-20,2025-10,Online,Completed,True,P004,Desk 004,Furniture,123.00,1,123.00,0.05,0,,123.00,6.1500,116.8500,0.0000,116.8500,1,0,1826,742,109,5
L001826,O00741,C0108,Customer 0108,East,Business,customer108@example.com,2025-10-20,2025-10,Online,Completed,True,P018,Chair 018,Furniture,269.00,2,269.00,0.20,1,2025-10-24,538.00,107.6000,430.4000,430.4000,0.0000,2,2,1827,742,109,19
L001827,O00742,C0283,Customer 0283,East,Business,customer283@example.com,2025-07-15,2025-07,Online,Completed,True,P015,Shelf 015,Storage,254.00,2,254.00,0.20,0,,508.00,101.6000,406.4000,0.0000,406.4000,2,0,1828,743,284,16
L001828,O00743,C0285,Customer 0285,East,Consumer,customer285@example.com,2025-10-23,2025-10,Store,Completed,True,P024,Desk 024,Furniture,81.00,1,81.00,0.20,1,2025-10-27,81.00,16.2000,64.8000,64.8000,0.0000,1,1,1829,744,286,25
L001829,O00743,C0285,Customer 0285,East,Consumer,customer285@example.com,2025-10-23,2025-10,Store,Completed,True,P019,Shelf 019,Storage,78.00,2,78.00,0.20,0,,156.00,31.2000,124.8000,0.0000,124.8000,2,0,1830,744,286,20
L001830,O00743,C0285,Customer 0285,East,Consumer,customer285@example.com,2025-10-23,2025-10,Store,Completed,True,P014,Chair 014,Furniture,294.00,1,294.00,0,1,2025-11-12,294.00,0.00,294.00,294.00,0.00,1,1,1831,744,286,15
L001831,O00744,C0138,Customer 0138,South,Business,customer138@example.com,2025-08-15,2025-08,Store,Completed,True,P011,Shelf 011,Storage,80.00,3,80.00,0.00,0,,240.00,0.0000,240.0000,0.0000,240.0000,3,0,1832,745,139,12
L001832,O00744,C0138,Customer 0138,South,Business,customer138@example.com,2025-08-15,2025-08,Store,Completed,True,P003,Shelf 003,Storage,199.00,2,199.00,0.20,0,,398.00,79.6000,318.4000,0.0000,318.4000,2,0,1833,745,139,4
L001833,O00744,C0138,Customer 0138,South,Business,customer138@example.com,2025-08-15,2025-08,Store,Completed,True,P002,Chair 002,Furniture,284.00,1,284.00,0.20,0,,284.00,56.8000,227.2000,0.0000,227.2000,1,0,1834,745,139,3
L001834,O00745,C0079,Customer 0079,West,Business,customer79@example.com,2025-07-26,2025-07,Online,Completed,True,P019,Shelf 019,Storage,78.00,5,78.00,0.10,0,,390.00,39.0000,351.0000,0.0000,351.0000,5,0,1835,746,80,20
L001835,O00746,C0216,Customer 0216,North,Consumer,customer216@example.com,2025-07-31,2025-07,Store,Completed,True,P004,Desk 004,Furniture,123.00,2,123.00,0.10,0,,246.00,24.6000,221.4000,0.0000,221.4000,2,0,1836,747,217,5
L001836,O00746,C0216,Customer 0216,North,Consumer,customer216@example.com,2025-07-31,2025-07,Store,Completed,True,P021,Lamp 021,Lighting,249.00,5,249.00,0.00,1,2025-08-12,1245.00,0.0000,1245.0000,498.0000,747.0000,5,2,1837,747,217,22
L001837,O00747,C0128,Customer 0128,West,Business,customer128@example.com,2025-07-22,2025-07,Online,Completed,True,P002,Chair 002,Furniture,284.00,2,284.00,0.05,0,,568.00,28.4000,539.6000,0.0000,539.6000,2,0,1838,748,129,3
L001838,O00747,C0128,Customer 0128,West,Business,customer128@example.com,2025-07-22,2025-07,Online,Completed,True,P010,Chair 010,Furniture,211.00,5,211.00,0.00,0,,1055.00,0.0000,1055.0000,0.0000,1055.0000,5,0,1839,748,129,11
L001839,O00747,C0128,Customer 0128,West,Business,customer128@example.com,2025-07-22,2025-07,Online,Completed,True,P017,Lamp 017,Lighting,300.00,3,300.00,0.00,0,,900.00,0.0000,900.0000,0.0000,900.0000,3,0,1840,748,129,18
L001840,O00748,C0254,Customer 0254,East,Business,customer254@example.com,2025-03-15,2025-03,Online,Cancelled,False,P011,Shelf 011,Storage,80.00,3,80.00,0.05,0,,240.00,12.0000,228.0000,0.0000,228.0000,3,0,1841,749,255,12
L001841,O00749,C0285,Customer 0285,East,Consumer,customer285@example.com,2025-08-13,2025-08,Store,Completed,True,P007,Shelf 007,Storage,35.00,4,35.00,0.20,0,,140.00,28.0000,112.0000,0.0000,112.0000,4,0,1842,750,286,8
L001842,O00749,C0285,Customer 0285,East,Consumer,customer285@example.com,2025-08-13,2025-08,Store,Completed,True,P024,Desk 024,Furniture,81.00,5,81.00,0.20,0,,405.00,81.0000,324.0000,0.0000,324.0000,5,0,1843,750,286,25
L001843,O00750,C0144,Customer 0144,North,Consumer,customer144@example.com,2025-08-07,2025-08,Store,Cancelled,False,P018,Chair 018,Furniture,269.00,3,269.00,0.00,0,,807.00,0.0000,807.0000,0.0000,807.0000,3,0,1844,751,145,19
L001844,O00751,C0023,Customer 0023,South,Consumer,customer23@example.com,2025-06-12,2025-06,Store,Completed,True,P014,Chair 014,Furniture,294.00,1,294.00,0.05,0,,294.00,14.7000,279.3000,0.0000,279.3000,1,0,1845,752,24,15
L001845,O00751,C0023,Customer 0023,South,Consumer,customer23@example.com,2025-06-12,2025-06,Store,Completed,True,P019,Shelf 019,Storage,78.00,5,78.00,0.00,0,,390.00,0.0000,390.0000,0.0000,390.0000,5,0,1846,752,24,20
L001846,O00751,C0023,Customer 0023,South,Consumer,customer23@example.com,2025-06-12,2025-06,Store,Completed,True,P021,Lamp 021,Lighting,249.00,3,249.00,0.05,0,,747.00,37.3500,709.6500,0.0000,709.6500,3,0,1847,752,24,22
L001847,O00751,C0023,Customer 0023,South,Consumer,customer23@example.com,2025-06-12,2025-06,Store,Completed,True,P024,Desk 024,Furniture,81.00,3,81.00,0.20,0,,243.00,48.6000,194.4000,0.0000,194.4000,3,0,1848,752,24,25
L001848,O00752,C0300,Customer 0300,West,Consumer,customer300@example.com,2025-07-12,2025-07,Online,Completed,True,P007,Shelf 007,Storage,35.00,3,35.00,0.00,0,,105.00,0.0000,105.0000,0.0000,105.0000,3,0,1849,753,301,8
L001849,O00752,C0300,Customer 0300,West,Consumer,customer300@example.com,2025-07-12,2025-07,Online,Completed,True,P002,Chair 002,Furniture,284.00,1,284.00,0.05,0,,284.00,14.2000,269.8000,0.0000,269.8000,1,0,1850,753,301,3
L001850,O00752,C0300,Customer 0300,West,Consumer,customer300@example.com,2025-07-12,2025-07,Online,Completed,True,P020,Desk 020,Furniture,189.00,1,189.00,0.05,0,,189.00,9.4500,179.5500,0.0000,179.5500,1,0,1851,753,301,21
L001851,O00753,C0268,Customer 0268,North,Consumer,customer268@example.com,2025-02-22,2025-02,Store,Completed,True,P007,Shelf 007,Storage,35.00,4,35.00,0.10,0,,140.00,14.0000,126.0000,0.0000,126.0000,4,0,1852,754,269,8
L001852,O00753,C0268,Customer 0268,North,Consumer,customer268@example.com,2025-02-22,2025-02,Store,Completed,True,P016,Desk 016,Furniture,231.00,4,231.00,0.05,0,,924.00,46.2000,877.8000,0.0000,877.8000,4,0,1853,754,269,17
L001853,O00753,C0268,Customer 0268,North,Consumer,customer268@example.com,2025-02-22,2025-02,Store,Completed,True,P020,Desk 020,Furniture,189.00,4,189.00,0.20,0,,756.00,151.2000,604.8000,0.0000,604.8000,4,0,1854,754,269,21
L001854,O00753,C0268,Customer 0268,North,Consumer,customer268@example.com,2025-02-22,2025-02,Store,Completed,True,P021,Lamp 021,Lighting,249.00,1,249.00,0.00,0,,249.00,0.0000,249.0000,0.0000,249.0000,1,0,1855,754,269,22
L001855,O00754,C0129,Customer 0129,North,Business,customer129@example.com,2025-03-11,2025-03,Online,Completed,True,P004,Desk 004,Furniture,123.00,5,123.00,0.10,0,,615.00,61.5000,553.5000,0.0000,553.5000,5,0,1856,755,130,5
L001856,O00754,C0129,Customer 0129,North,Business,customer129@example.com,2025-03-11,2025-03,Online,Completed,True,P014,Chair 014,Furniture,294.00,5,294.00,0.00,0,,1470.00,0.0000,1470.0000,0.0000,1470.0000,5,0,1857,755,130,15
L001857,O00754,C0129,Customer 0129,North,Business,customer129@example.com,2025-03-11,2025-03,Online,Completed,True,P003,Shelf 003,Storage,199.00,2,199.00,0.00,0,,398.00,0.0000,398.0000,0.0000,398.0000,2,0,1858,755,130,4
L001858,O00754,C0129,Customer 0129,North,Business,customer129@example.com,2025-03-11,2025-03,Online,Completed,True,P006,Chair 006,Furniture,196.00,1,196.00,0.05,0,,196.00,9.8000,186.2000,0.0000,186.2000,1,0,1859,755,130,7
L001859,O00755,C0161,Customer 0161,West,Consumer,customer161@example.com,2025-08-20,2025-08,Store,Completed,True,P006,Chair 006,Furniture,196.00,2,196.00,0.05,0,,392.00,19.6000,372.4000,0.0000,372.4000,2,0,1860,756,162,7
L001860,O00755,C0161,Customer 0161,West,Consumer,customer161@example.com,2025-08-20,2025-08,Store,Completed,True,P017,Lamp 017,Lighting,300.00,3,300.00,0.05,1,2025-09-15,900.00,45.0000,855.0000,285.0000,570.0000,3,1,1861,756,162,18
L001861,O00755,C0161,Customer 0161,West,Consumer,customer161@example.com,2025-08-20,2025-08,Store,Completed,True,P011,Shelf 011,Storage,80.00,5,80.00,0.2,0,,400.00,80.000,320.000,0.000,320.000,5,0,1862,756,162,12
L001862,O00755,C0161,Customer 0161,West,Consumer,customer161@example.com,2025-08-20,2025-08,Store,Completed,True,P021,Lamp 021,Lighting,249.00,3,249.00,0.10,0,,747.00,74.7000,672.3000,0.0000,672.3000,3,0,1863,756,162,22
L001863,O00756,C0091,Customer 0091,North,Business,customer91@example.com,2025-07-24,2025-07,Store,Completed,True,P018,Chair 018,Furniture,269.00,4,269.00,0.10,0,,1076.00,107.6000,968.4000,0.0000,968.4000,4,0,1864,757,92,19
L001864,O00756,C0091,Customer 0091,North,Business,customer91@example.com,2025-07-24,2025-07,Store,Completed,True,P001,Lamp 001,Lighting,122.00,4,122.00,0.00,1,2025-08-12,488.00,0.0000,488.0000,122.0000,366.0000,4,1,1865,757,92,2
L001865,O00756,C0091,Customer 0091,North,Business,customer91@example.com,2025-07-24,2025-07,Store,Completed,True,P019,Shelf 019,Storage,78.00,4,78.00,0.10,0,,312.00,31.2000,280.8000,0.0000,280.8000,4,0,1866,757,92,20
L001866,O00756,C0091,Customer 0091,North,Business,customer91@example.com,2025-07-24,2025-07,Store,Completed,True,P007,Shelf 007,Storage,35.00,1,35.00,0.10,0,,35.00,3.5000,31.5000,0.0000,31.5000,1,0,1867,757,92,8
L001867,O00757,C0010,Customer 0010,West,Consumer,customer10@example.com,2025-04-23,2025-04,Store,Completed,True,P001,Lamp 001,Lighting,122.00,5,122.00,0.20,0,,610.00,122.0000,488.0000,0.0000,488.0000,5,0,1868,758,11,2
L001868,O00757,C0010,Customer 0010,West,Consumer,customer10@example.com,2025-04-23,2025-04,Store,Completed,True,P020,Desk 020,Furniture,189.00,2,189.00,0.05,0,,378.00,18.9000,359.1000,0.0000,359.1000,2,0,1869,758,11,21
L001869,O00757,C0010,Customer 0010,West,Consumer,customer10@example.com,2025-04-23,2025-04,Store,Completed,True,P013,Lamp 013,Lighting,271.00,4,271.00,0.10,0,,1084.00,108.4000,975.6000,0.0000,975.6000,4,0,1870,758,11,14
L001870,O00757,C0010,Customer 0010,West,Consumer,customer10@example.com,2025-04-23,2025-04,Store,Completed,True,P024,Desk 024,Furniture,81.00,5,81.00,0.00,0,,405.00,0.0000,405.0000,0.0000,405.0000,5,0,1871,758,11,25
L001871,O00758,C0168,Customer 0168,North,Business,customer168@example.com,2025-10-21,2025-10,Store,Completed,True,P004,Desk 004,Furniture,123.00,5,123.00,0.05,0,,615.00,30.7500,584.2500,0.0000,584.2500,5,0,1872,759,169,5
L001872,O00759,C0126,Customer 0126,South,Business,customer126@example.com,2025-12-23,2025-12,Online,Completed,True,P004,Desk 004,Furniture,123.00,3,123.00,0.05,0,,369.00,18.4500,350.5500,0.0000,350.5500,3,0,1873,760,127,5
L001873,O00760,C0259,Customer 0259,North,Business,customer259@example.com,2025-10-15,2025-10,Store,Completed,True,P017,Lamp 017,Lighting,300.00,5,300.00,0.20,0,,1500.00,300.0000,1200.0000,0.0000,1200.0000,5,0,1874,761,260,18
L001874,O00760,C0259,Customer 0259,North,Business,customer259@example.com,2025-10-15,2025-10,Store,Completed,True,P023,Shelf 023,Storage,68.00,5,68.00,0.10,0,,340.00,34.0000,306.0000,0.0000,306.0000,5,0,1875,761,260,24
L001875,O00761,C0067,Customer 0067,East,Business,customer67@example.com,2025-12-20,2025-12,Store,Completed,True,P009,Lamp 009,Lighting,93.00,4,93.00,0.10,0,,372.00,37.2000,334.8000,0.0000,334.8000,4,0,1876,762,68,10
L001876,O00762,C0245,Customer 0245,North,Consumer,customer245@example.com,2025-09-22,2025-09,Store,Completed,True,P014,Chair 014,Furniture,294.00,5,294.00,0.20,0,,1470.00,294.0000,1176.0000,0.0000,1176.0000,5,0,1877,763,246,15
L001877,O00763,C0043,Customer 0043,West,Business,customer43@example.com,2025-11-27,2025-11,Online,Completed,True,P008,Desk 008,Furniture,188.00,4,188.00,0.00,0,,752.00,0.0000,752.0000,0.0000,752.0000,4,0,1878,764,44,9
L001878,O00763,C0043,Customer 0043,West,Business,customer43@example.com,2025-11-27,2025-11,Online,Completed,True,P017,Lamp 017,Lighting,300.00,5,300.00,0.00,0,,1500.00,0.0000,1500.0000,0.0000,1500.0000,5,0,1879,764,44,18
L001879,O00764,C0147,Customer 0147,East,Business,customer147@example.com,2025-08-24,2025-08,Store,Completed,True,P011,Shelf 011,Storage,80.00,1,80.00,0.00,0,,80.00,0.0000,80.0000,0.0000,80.0000,1,0,1880,765,148,12
L001880,O00765,C0196,Customer 0196,West,Consumer,customer196@example.com,2025-12-13,2025-12,Store,Completed,True,P015,Shelf 015,Storage,254.00,1,254.00,0.00,0,,254.00,0.0000,254.0000,0.0000,254.0000,1,0,1881,766,197,16
L001881,O00766,C0220,Customer 0220,North,Business,customer220@example.com,2025-12-01,2025-12,Online,Completed,True,P008,Desk 008,Furniture,188.00,3,188.00,0.20,0,,564.00,112.8000,451.2000,0.0000,451.2000,3,0,1882,767,221,9
L001882,O00766,C0220,Customer 0220,North,Business,customer220@example.com,2025-12-01,2025-12,Online,Completed,True,P005,Lamp 005,Lighting,65.00,4,65.00,0.05,0,,260.00,13.0000,247.0000,0.0000,247.0000,4,0,1883,767,221,6
L001883,O00767,C0132,Customer 0132,North,Consumer,customer132@example.com,2025-06-18,2025-06,Store,Completed,True,P007,Shelf 007,Storage,35.00,3,35.00,0.00,0,,105.00,0.0000,105.0000,0.0000,105.0000,3,0,1884,768,133,8
L001884,O00767,C0132,Customer 0132,North,Consumer,customer132@example.com,2025-06-18,2025-06,Store,Completed,True,P016,Desk 016,Furniture,231.00,1,231.00,0.20,0,,231.00,46.2000,184.8000,0.0000,184.8000,1,0,1885,768,133,17
L001885,O00768,C0287,Customer 0287,South,Consumer,customer287@example.com,2025-08-13,2025-08,Store,Completed,True,P024,Desk 024,Furniture,81.00,2,81.00,0.20,0,,162.00,32.4000,129.6000,0.0000,129.6000,2,0,1886,769,288,25
L001886,O00769,C0107,Customer 0107,South,Consumer,customer107@example.com,2025-08-21,2025-08,Online,Completed,True,P006,Chair 006,Furniture,196.00,2,196.00,0.10,1,2025-08-26,392.00,39.2000,352.8000,352.8000,0.0000,2,2,1887,770,108,7
L001887,O00769,C0107,Customer 0107,South,Consumer,customer107@example.com,2025-08-21,2025-08,Online,Completed,True,P018,Chair 018,Furniture,269.00,5,269.00,0.10,0,,1345.00,134.5000,1210.5000,0.0000,1210.5000,5,0,1888,770,108,19
L001888,O00770,C0265,Customer 0265,West,Consumer,customer265@example.com,2025-04-04,2025-04,Store,Completed,True,P010,Chair 010,Furniture,211.00,1,211.00,0.05,0,,211.00,10.5500,200.4500,0.0000,200.4500,1,0,1889,771,266,11
L001889,O00771,C0066,Customer 0066,North,Business,customer66@example.com,2025-07-14,2025-07,Online,Completed,True,P009,Lamp 009,Lighting,93.00,5,93.00,0.20,0,,465.00,93.0000,372.0000,0.0000,372.0000,5,0,1890,772,67,10
L001890,O00771,C0066,Customer 0066,North,Business,customer66@example.com,2025-07-14,2025-07,Online,Completed,True,P023,Shelf 023,Storage,68.00,3,68.00,0.05,0,,204.00,10.2000,193.8000,0.0000,193.8000,3,0,1891,772,67,24
L001891,O00771,C0066,Customer 0066,North,Business,customer66@example.com,2025-07-14,2025-07,Online,Completed,True,P014,Chair 014,Furniture,294.00,2,294.00,0.05,0,,588.00,29.4000,558.6000,0.0000,558.6000,2,0,1892,772,67,15
L001892,O00772,C0289,Customer 0289,West,Business,customer289@example.com,2025-04-15,2025-04,Store,Completed,True,P001,Lamp 001,Lighting,122.00,2,122.00,0.1,0,,244.00,24.400,219.600,0.000,219.600,2,0,1893,773,290,2
L001893,O00772,C0289,Customer 0289,West,Business,customer289@example.com,2025-04-15,2025-04,Store,Completed,True,P003,Shelf 003,Storage,199.00,4,199.00,0.20,0,,796.00,159.2000,636.8000,0.0000,636.8000,4,0,1894,773,290,4
L001894,O00772,C0289,Customer 0289,West,Business,customer289@example.com,2025-04-15,2025-04,Store,Completed,True,P014,Chair 014,Furniture,294.00,1,294.00,0.05,1,2025-04-19,294.00,14.7000,279.3000,279.3000,0.0000,1,1,1895,773,290,15
L001895,O00772,C0289,Customer 0289,West,Business,customer289@example.com,2025-04-15,2025-04,Store,Completed,True,P015,Shelf 015,Storage,254.00,3,254.00,0.20,0,,762.00,152.4000,609.6000,0.0000,609.6000,3,0,1896,773,290,16
L001896,O00773,C0227,Customer 0227,East,Consumer,customer227@example.com,2025-10-03,2025-10,Online,Completed,True,P023,Shelf 023,Storage,68.00,3,68.00,0.20,0,,204.00,40.8000,163.2000,0.0000,163.2000,3,0,1897,774,228,24
L001897,O00774,C0222,Customer 0222,East,Consumer,,2025-01-26,2025-01,Online,Cancelled,False,P011,Shelf 011,Storage,80.00,5,80.00,0.05,0,,400.00,20.0000,380.0000,0.0000,380.0000,5,0,1898,775,223,12
L001898,O00774,C0222,Customer 0222,East,Consumer,,2025-01-26,2025-01,Online,Cancelled,False,P024,Desk 024,Furniture,81.00,4,81.00,0.00,0,,324.00,0.0000,324.0000,0.0000,324.0000,4,0,1899,775,223,25
L001899,O00774,C0222,Customer 0222,East,Consumer,,2025-01-26,2025-01,Online,Cancelled,False,P008,Desk 008,Furniture,188.00,4,188.00,0.05,0,,752.00,37.6000,714.4000,0.0000,714.4000,4,0,1900,775,223,9
L001900,O00775,C0030,Customer 0030,South,Business,customer30@example.com,2025-04-12,2025-04,Online,Completed,True,P008,Desk 008,Furniture,188.00,5,188.00,0.10,0,,940.00,94.0000,846.0000,0.0000,846.0000,5,0,1901,776,31,9
L001901,O00775,C0030,Customer 0030,South,Business,customer30@example.com,2025-04-12,2025-04,Online,Completed,True,P006,Chair 006,Furniture,196.00,2,196.00,0.00,1,2025-04-22,392.00,0.0000,392.0000,196.0000,196.0000,2,1,1902,776,31,7
L001902,O00775,C0030,Customer 0030,South,Business,customer30@example.com,2025-04-12,2025-04,Online,Completed,True,P017,Lamp 017,Lighting,300.00,5,300.00,0.05,0,,1500.00,75.0000,1425.0000,0.0000,1425.0000,5,0,1903,776,31,18
L001903,O00775,C0030,Customer 0030,South,Business,customer30@example.com,2025-04-12,2025-04,Online,Completed,True,P021,Lamp 021,Lighting,249.00,4,249.00,0.00,0,,996.00,0.0000,996.0000,0.0000,996.0000,4,0,1904,776,31,22
L001904,O00776,C0034,Customer 0034,East,Consumer,customer34@example.com,2025-02-08,2025-02,Online,Completed,True,P003,Shelf 003,Storage,199.00,3,199.00,0.10,0,,597.00,59.7000,537.3000,0.0000,537.3000,3,0,1905,777,35,4
L001905,O00777,C0029,Customer 0029,East,Consumer,customer29@example.com,2025-12-24,2025-12,Store,Completed,True,P001,Lamp 001,Lighting,122.00,1,122.00,0.10,0,,122.00,12.2000,109.8000,0.0000,109.8000,1,0,1906,778,30,2
L001906,O00777,C0029,Customer 0029,East,Consumer,customer29@example.com,2025-12-24,2025-12,Store,Completed,True,P001,Lamp 001,Lighting,122.00,2,122.00,0.00,0,,244.00,0.0000,244.0000,0.0000,244.0000,2,0,1907,778,30,2
L001907,O00777,C0029,Customer 0029,East,Consumer,customer29@example.com,2025-12-24,2025-12,Store,Completed,True,P022,Chair 022,Furniture,134.00,1,134.00,0.10,0,,134.00,13.4000,120.6000,0.0000,120.6000,1,0,1908,778,30,23
L001908,O00778,C0161,Customer 0161,West,Consumer,customer161@example.com,2025-04-14,2025-04,Store,Completed,True,P004,Desk 004,Furniture,123.00,2,123.00,0.00,0,,246.00,0.0000,246.0000,0.0000,246.0000,2,0,1909,779,162,5
L001909,O00778,C0161,Customer 0161,West,Consumer,customer161@example.com,2025-04-14,2025-04,Store,Completed,True,P016,Desk 016,Furniture,231.00,3,231.00,0.20,0,,693.00,138.6000,554.4000,0.0000,554.4000,3,0,1910,779,162,17
L001910,O00778,C0161,Customer 0161,West,Consumer,customer161@example.com,2025-04-14,2025-04,Store,Completed,True,P014,Chair 014,Furniture,294.00,2,294.00,0.10,0,,588.00,58.8000,529.2000,0.0000,529.2000,2,0,1911,779,162,15
L001911,O00778,C0161,Customer 0161,West,Consumer,customer161@example.com,2025-04-14,2025-04,Store,Completed,True,P012,Desk 012,Furniture,134.00,3,134.00,0.10,0,,402.00,40.2000,361.8000,0.0000,361.8000,3,0,1912,779,162,13
L001912,O00779,C0187,Customer 0187,North,Business,customer187@example.com,2025-11-11,2025-11,Online,Cancelled,False,P008,Desk 008,Furniture,188.00,2,188.00,0.05,0,,376.00,18.8000,357.2000,0.0000,357.2000,2,0,1913,780,188,9
L001913,O00779,C0187,Customer 0187,North,Business,customer187@example.com,2025-11-11,2025-11,Online,Cancelled,False,P011,Shelf 011,Storage,80.00,1,80.00,0.05,0,,80.00,4.0000,76.0000,0.0000,76.0000,1,0,1914,780,188,12
L001914,O00779,C0187,Customer 0187,North,Business,customer187@example.com,2025-11-11,2025-11,Online,Cancelled,False,P019,Shelf 019,Storage,78.00,1,78.00,0.20,0,,78.00,15.6000,62.4000,0.0000,62.4000,1,0,1915,780,188,20
L001915,O00780,C0080,Customer 0080,East,Consumer,customer80@example.com,2025-03-06,2025-03,Online,Completed,True,P015,Shelf 015,Storage,254.00,3,254.00,0.10,0,,762.00,76.2000,685.8000,0.0000,685.8000,3,0,1916,781,81,16
L001916,O00781,C0252,Customer 0252,West,Business,customer252@example.com,2025-01-01,2025-01,Online,Completed,True,P013,Lamp 013,Lighting,271.00,2,271.00,0.05,0,,542.00,27.1000,514.9000,0.0000,514.9000,2,0,1917,782,253,14
L001917,O00782,C0042,Customer 0042,South,Consumer,customer42@example.com,2025-11-18,2025-11,Store,Completed,True,P018,Chair 018,Furniture,269.00,2,269.00,0.00,0,,538.00,0.0000,538.0000,0.0000,538.0000,2,0,1918,783,43,19
L001918,O00782,C0042,Customer 0042,South,Consumer,customer42@example.com,2025-11-18,2025-11,Store,Completed,True,P001,Lamp 001,Lighting,122.00,2,122.00,0.10,0,,244.00,24.4000,219.6000,0.0000,219.6000,2,0,1919,783,43,2
L001919,O00782,C0042,Customer 0042,South,Consumer,customer42@example.com,2025-11-18,2025-11,Store,Completed,True,P014,Chair 014,Furniture,294.00,2,294.00,0.20,0,,588.00,117.6000,470.4000,0.0000,470.4000,2,0,1920,783,43,15
L001920,O00782,C0042,Customer 0042,South,Consumer,customer42@example.com,2025-11-18,2025-11,Store,Completed,True,P021,Lamp 021,Lighting,249.00,5,249.00,0.05,0,,1245.00,62.2500,1182.7500,0.0000,1182.7500,5,0,1921,783,43,22
L001921,O00783,C0183,Customer 0183,East,Consumer,customer183@example.com,2025-09-17,2025-09,Online,Completed,True,P022,Chair 022,Furniture,134.00,5,134.00,0.20,0,,670.00,134.0000,536.0000,0.0000,536.0000,5,0,1922,784,184,23
L001922,O00783,C0183,Customer 0183,East,Consumer,customer183@example.com,2025-09-17,2025-09,Online,Completed,True,P004,Desk 004,Furniture,123.00,3,123.00,0.00,0,,369.00,0.0000,369.0000,0.0000,369.0000,3,0,1923,784,184,5
L001923,O00784,C0167,Customer 0167,West,Consumer,customer167@example.com,2025-06-02,2025-06,Online,Completed,True,P005,Lamp 005,Lighting,65.00,1,65.00,0.05,0,,65.00,3.2500,61.7500,0.0000,61.7500,1,0,1924,785,168,6
L001924,O00784,C0167,Customer 0167,West,Consumer,customer167@example.com,2025-06-02,2025-06,Online,Completed,True,P017,Lamp 017,Lighting,300.00,3,300.00,0.05,0,,900.00,45.0000,855.0000,0.0000,855.0000,3,0,1925,785,168,18
L001925,O00784,C0167,Customer 0167,West,Consumer,customer167@example.com,2025-06-02,2025-06,Online,Completed,True,P010,Chair 010,Furniture,211.00,1,211.00,0.05,0,,211.00,10.5500,200.4500,0.0000,200.4500,1,0,1926,785,168,11
L001926,O00785,C0204,Customer 0204,South,Consumer,customer204@example.com,2025-09-28,2025-09,Online,Completed,True,P017,Lamp 017,Lighting,300.00,2,300.00,0.20,0,,600.00,120.0000,480.0000,0.0000,480.0000,2,0,1927,786,205,18
L001927,O00785,C0204,Customer 0204,South,Consumer,customer204@example.com,2025-09-28,2025-09,Online,Completed,True,P020,Desk 020,Furniture,189.00,2,189.00,0.10,0,,378.00,37.8000,340.2000,0.0000,340.2000,2,0,1928,786,205,21
L001928,O00785,C0204,Customer 0204,South,Consumer,customer204@example.com,2025-09-28,2025-09,Online,Completed,True,P007,Shelf 007,Storage,35.00,5,35.00,0.20,0,,175.00,35.0000,140.0000,0.0000,140.0000,5,0,1929,786,205,8
L001929,O00785,C0204,Customer 0204,South,Consumer,customer204@example.com,2025-09-28,2025-09,Online,Completed,True,P019,Shelf 019,Storage,78.00,1,78.00,0.00,0,,78.00,0.0000,78.0000,0.0000,78.0000,1,0,1930,786,205,20
L001930,O00786,C0064,Customer 0064,North,Business,customer64@example.com,2025-11-18,2025-11,Store,Completed,True,P003,Shelf 003,Storage,199.00,4,199.00,0.05,0,,796.00,39.8000,756.2000,0.0000,756.2000,4,0,1931,787,65,4
L001931,O00786,C0064,Customer 0064,North,Business,customer64@example.com,2025-11-18,2025-11,Store,Completed,True,P020,Desk 020,Furniture,189.00,5,189.00,0.10,0,,945.00,94.5000,850.5000,0.0000,850.5000,5,0,1932,787,65,21
L001932,O00786,C0064,Customer 0064,North,Business,customer64@example.com,2025-11-18,2025-11,Store,Completed,True,P010,Chair 010,Furniture,211.00,1,211.00,0.20,0,,211.00,42.2000,168.8000,0.0000,168.8000,1,0,1933,787,65,11
L001933,O00787,C0254,Customer 0254,East,Business,customer254@example.com,2025-04-30,2025-04,Store,Cancelled,False,P008,Desk 008,Furniture,188.00,3,188.00,0.20,0,,564.00,112.8000,451.2000,0.0000,451.2000,3,0,1934,788,255,9
L001934,O00788,C0272,Customer 0272,West,Business,customer272@example.com,2025-12-15,2025-12,Store,Completed,True,P020,Desk 020,Furniture,189.00,4,189.00,0.05,0,,756.00,37.8000,718.2000,0.0000,718.2000,4,0,1935,789,273,21
L001935,O00789,C0066,Customer 0066,North,Business,customer66@example.com,2025-02-02,2025-02,Online,Completed,True,P002,Chair 002,Furniture,284.00,2,284.00,0.20,0,,568.00,113.6000,454.4000,0.0000,454.4000,2,0,1936,790,67,3
L001936,O00789,C0066,Customer 0066,North,Business,customer66@example.com,2025-02-02,2025-02,Online,Completed,True,P016,Desk 016,Furniture,231.00,2,231.00,0.10,0,,462.00,46.2000,415.8000,0.0000,415.8000,2,0,1937,790,67,17
L001937,O00790,C0090,Customer 0090,West,Business,customer90@example.com,2025-07-09,2025-07,Online,Completed,True,P004,Desk 004,Furniture,123.00,1,123.00,0.00,1,2025-08-01,123.00,0.0000,123.0000,123.0000,0.0000,1,1,1938,791,91,5
L001938,O00790,C0090,Customer 0090,West,Business,customer90@example.com,2025-07-09,2025-07,Online,Completed,True,P024,Desk 024,Furniture,81.00,3,81.00,0.00,0,,243.00,0.0000,243.0000,0.0000,243.0000,3,0,1939,791,91,25
L001939,O00791,C0171,Customer 0171,South,Business,,2025-12-29,2025-12,Store,Completed,True,P007,Shelf 007,Storage,35.00,3,35.00,0.00,0,,105.00,0.0000,105.0000,0.0000,105.0000,3,0,1940,792,172,8
L001940,O00791,C0171,Customer 0171,South,Business,,2025-12-29,2025-12,Store,Completed,True,P021,Lamp 021,Lighting,249.00,2,249.00,0.00,1,2026-01-06,498.00,0.0000,498.0000,249.0000,249.0000,2,1,1941,792,172,22
L001941,O00791,C0171,Customer 0171,South,Business,,2025-12-29,2025-12,Store,Completed,True,P007,Shelf 007,Storage,35.00,1,35.00,0.10,0,,35.00,3.5000,31.5000,0.0000,31.5000,1,0,1942,792,172,8
L001942,O00791,C0171,Customer 0171,South,Business,,2025-12-29,2025-12,Store,Completed,True,P004,Desk 004,Furniture,123.00,3,123.00,0.10,0,,369.00,36.9000,332.1000,0.0000,332.1000,3,0,1943,792,172,5
L001943,O00792,C0195,Customer 0195,West,Business,customer195@example.com,2025-10-05,2025-10,Online,Completed,True,P017,Lamp 017,Lighting,300.00,2,300.00,0.00,0,,600.00,0.0000,600.0000,0.0000,600.0000,2,0,1944,793,196,18
L001944,O00792,C0195,Customer 0195,West,Business,customer195@example.com,2025-10-05,2025-10,Online,Completed,True,P007,Shelf 007,Storage,35.00,4,35.00,0.20,1,2025-10-26,140.00,28.0000,112.0000,56.0000,56.0000,4,2,1945,793,196,8
L001945,O00792,C0195,Customer 0195,West,Business,customer195@example.com,2025-10-05,2025-10,Online,Completed,True,P008,Desk 008,Furniture,188.00,5,188.00,0.20,0,,940.00,188.0000,752.0000,0.0000,752.0000,5,0,1946,793,196,9
L001946,O00792,C0195,Customer 0195,West,Business,customer195@example.com,2025-10-05,2025-10,Online,Completed,True,P022,Chair 022,Furniture,134.00,1,134.00,0.05,1,2025-10-17,134.00,6.7000,127.3000,127.3000,0.0000,1,1,1947,793,196,23
L001947,O00793,C0085,Customer 0085,South,Consumer,customer85@example.com,2025-06-19,2025-06,Online,Completed,True,P023,Shelf 023,Storage,68.00,4,68.00,0.10,0,,272.00,27.2000,244.8000,0.0000,244.8000,4,0,1948,794,86,24
L001948,O00793,C0085,Customer 0085,South,Consumer,customer85@example.com,2025-06-19,2025-06,Online,Completed,True,P015,Shelf 015,Storage,254.00,3,254.00,0.20,0,,762.00,152.4000,609.6000,0.0000,609.6000,3,0,1949,794,86,16
L001949,O00793,C0085,Customer 0085,South,Consumer,customer85@example.com,2025-06-19,2025-06,Online,Completed,True,P022,Chair 022,Furniture,134.00,3,134.00,0.10,0,,402.00,40.2000,361.8000,0.0000,361.8000,3,0,1950,794,86,23
L001950,O00793,C0085,Customer 0085,South,Consumer,customer85@example.com,2025-06-19,2025-06,Online,Completed,True,P019,Shelf 019,Storage,78.00,2,78.00,0.05,0,,156.00,7.8000,148.2000,0.0000,148.2000,2,0,1951,794,86,20
L001951,O00794,C0192,Customer 0192,South,Business,customer192@example.com,2025-02-01,2025-02,Store,Completed,True,P011,Shelf 011,Storage,80.00,1,80.00,0.20,0,,80.00,16.0000,64.0000,0.0000,64.0000,1,0,1952,795,193,12
L001952,O00795,C0060,Customer 0060,South,Business,customer60@example.com,2025-09-16,2025-09,Online,Completed,True,P014,Chair 014,Furniture,294.00,3,294.00,0.05,0,,882.00,44.1000,837.9000,0.0000,837.9000,3,0,1953,796,61,15
L001953,O00795,C0060,Customer 0060,South,Business,customer60@example.com,2025-09-16,2025-09,Online,Completed,True,P013,Lamp 013,Lighting,271.00,1,271.00,0.20,0,,271.00,54.2000,216.8000,0.0000,216.8000,1,0,1954,796,61,14
L001954,O00795,C0060,Customer 0060,South,Business,customer60@example.com,2025-09-16,2025-09,Online,Completed,True,P004,Desk 004,Furniture,123.00,1,123.00,0.2,0,,123.00,24.600,98.400,0.000,98.400,1,0,1955,796,61,5
L001955,O00796,C0201,Customer 0201,East,Consumer,customer201@example.com,2025-01-05,2025-01,Online,Completed,True,P019,Shelf 019,Storage,78.00,4,78.00,0.10,0,,312.00,31.2000,280.8000,0.0000,280.8000,4,0,1956,797,202,20
L001956,O00797,C0055,Customer 0055,East,Consumer,customer55@example.com,2025-09-10,2025-09,Online,Completed,True,P006,Chair 006,Furniture,196.00,5,196.00,0.20,0,,980.00,196.0000,784.0000,0.0000,784.0000,5,0,1957,798,56,7
L001957,O00798,C0100,Customer 0100,West,Consumer,customer100@example.com,2025-04-11,2025-04,Online,Completed,True,P014,Chair 014,Furniture,294.00,4,294.00,0.20,0,,1176.00,235.2000,940.8000,0.0000,940.8000,4,0,1958,799,101,15
L001958,O00798,C0100,Customer 0100,West,Consumer,customer100@example.com,2025-04-11,2025-04,Online,Completed,True,P017,Lamp 017,Lighting,300.00,2,300.00,0.05,0,,600.00,30.0000,570.0000,0.0000,570.0000,2,0,1959,799,101,18
L001959,O00798,C0100,Customer 0100,West,Consumer,customer100@example.com,2025-04-11,2025-04,Online,Completed,True,P024,Desk 024,Furniture,81.00,4,81.00,0.05,0,,324.00,16.2000,307.8000,0.0000,307.8000,4,0,1960,799,101,25
L001960,O00799,C0249,Customer 0249,North,Consumer,customer249@example.com,2025-01-11,2025-01,Store,Completed,True,P006,Chair 006,Furniture,196.00,5,196.00,0.05,0,,980.00,49.0000,931.0000,0.0000,931.0000,5,0,1961,800,250,7
L001961,O00800,C0107,Customer 0107,South,Consumer,customer107@example.com,2025-05-22,2025-05,Store,Completed,True,P009,Lamp 009,Lighting,93.00,4,93.00,0.10,0,,372.00,37.2000,334.8000,0.0000,334.8000,4,0,1962,801,108,10
L001962,O00800,C0107,Customer 0107,South,Consumer,customer107@example.com,2025-05-22,2025-05,Store,Completed,True,P001,Lamp 001,Lighting,122.00,3,122.00,0.20,0,,366.00,73.2000,292.8000,0.0000,292.8000,3,0,1963,801,108,2
L001963,O00800,C0107,Customer 0107,South,Consumer,customer107@example.com,2025-05-22,2025-05,Store,Completed,True,P005,Lamp 005,Lighting,65.00,1,65.00,0.10,0,,65.00,6.5000,58.5000,0.0000,58.5000,1,0,1964,801,108,6
L001964,O00801,C0137,Customer 0137,South,Consumer,,2025-07-30,2025-07,Store,Completed,True,P017,Lamp 017,Lighting,300.00,2,300.00,0.10,0,,600.00,60.0000,540.0000,0.0000,540.0000,2,0,1965,802,138,18
L001965,O00801,C0137,Customer 0137,South,Consumer,,2025-07-30,2025-07,Store,Completed,True,P014,Chair 014,Furniture,294.00,3,294.00,0.20,0,,882.00,176.4000,705.6000,0.0000,705.6000,3,0,1966,802,138,15
L001966,O00801,C0137,Customer 0137,South,Consumer,,2025-07-30,2025-07,Store,Completed,True,P007,Shelf 007,Storage,35.00,2,35.00,0.10,0,,70.00,7.0000,63.0000,0.0000,63.0000,2,0,1967,802,138,8
L001967,O00801,C0137,Customer 0137,South,Consumer,,2025-07-30,2025-07,Store,Completed,True,P003,Shelf 003,Storage,199.00,5,199.00,0.10,0,,995.00,99.5000,895.5000,0.0000,895.5000,5,0,1968,802,138,4
L001968,O00802,C0156,Customer 0156,South,Consumer,customer156@example.com,2025-12-08,2025-12,Online,Completed,True,P010,Chair 010,Furniture,211.00,3,211.00,0.20,0,,633.00,126.6000,506.4000,0.0000,506.4000,3,0,1969,803,157,11
L001969,O00802,C0156,Customer 0156,South,Consumer,customer156@example.com,2025-12-08,2025-12,Online,Completed,True,P018,Chair 018,Furniture,269.00,5,269.00,0.10,0,,1345.00,134.5000,1210.5000,0.0000,1210.5000,5,0,1970,803,157,19
L001970,O00802,C0156,Customer 0156,South,Consumer,customer156@example.com,2025-12-08,2025-12,Online,Completed,True,P009,Lamp 009,Lighting,93.00,5,93.00,0.10,0,,465.00,46.5000,418.5000,0.0000,418.5000,5,0,1971,803,157,10
L001971,O00802,C0156,Customer 0156,South,Consumer,customer156@example.com,2025-12-08,2025-12,Online,Completed,True,P021,Lamp 021,Lighting,249.00,3,249.00,0.05,0,,747.00,37.3500,709.6500,0.0000,709.6500,3,0,1972,803,157,22
L001972,O00803,C0105,Customer 0105,South,Business,customer105@example.com,2025-02-25,2025-02,Store,Completed,True,P002,Chair 002,Furniture,284.00,4,284.00,0.20,0,,1136.00,227.2000,908.8000,0.0000,908.8000,4,0,1973,804,106,3
L001973,O00803,C0105,Customer 0105,South,Business,customer105@example.com,2025-02-25,2025-02,Store,Completed,True,P015,Shelf 015,Storage,254.00,1,254.00,0.20,0,,254.00,50.8000,203.2000,0.0000,203.2000,1,0,1974,804,106,16
L001974,O00803,C0105,Customer 0105,South,Business,customer105@example.com,2025-02-25,2025-02,Store,Completed,True,P002,Chair 002,Furniture,284.00,5,284.00,0.20,0,,1420.00,284.0000,1136.0000,0.0000,1136.0000,5,0,1975,804,106,3
L001975,O00803,C0105,Customer 0105,South,Business,customer105@example.com,2025-02-25,2025-02,Store,Completed,True,P005,Lamp 005,Lighting,65.00,3,65.00,0.05,0,,195.00,9.7500,185.2500,0.0000,185.2500,3,0,1976,804,106,6
L001976,O00804,C0267,Customer 0267,West,Business,customer267@example.com,2025-12-09,2025-12,Store,Completed,True,P002,Chair 002,Furniture,284.00,3,284.00,0.10,0,,852.00,85.2000,766.8000,0.0000,766.8000,3,0,1977,805,268,3
L001977,O00804,C0267,Customer 0267,West,Business,customer267@example.com,2025-12-09,2025-12,Store,Completed,True,P003,Shelf 003,Storage,199.00,5,199.00,0.00,0,,995.00,0.0000,995.0000,0.0000,995.0000,5,0,1978,805,268,4
L001978,O00805,C0241,Customer 0241,North,Consumer,customer241@example.com,2025-10-05,2025-10,Online,Completed,True,P022,Chair 022,Furniture,134.00,3,134.00,0.00,0,,402.00,0.0000,402.0000,0.0000,402.0000,3,0,1979,806,242,23
L001979,O00806,C0025,Customer 0025,East,Business,customer25@example.com,2025-08-05,2025-08,Online,Completed,True,P017,Lamp 017,Lighting,300.00,3,300.00,0.05,0,,900.00,45.0000,855.0000,0.0000,855.0000,3,0,1980,807,26,18
L001980,O00807,C0180,Customer 0180,West,Consumer,customer180@example.com,2025-10-19,2025-10,Store,Completed,True,P007,Shelf 007,Storage,35.00,3,35.00,0.20,1,2025-11-08,105.00,21.0000,84.0000,56.0000,28.0000,3,2,1981,808,181,8
L001981,O00808,C0159,Customer 0159,West,Business,customer159@example.com,2025-06-16,2025-06,Store,Completed,True,P009,Lamp 009,Lighting,93.00,5,93.00,0.05,0,,465.00,23.2500,441.7500,0.0000,441.7500,5,0,1982,809,160,10
L001982,O00808,C0159,Customer 0159,West,Business,customer159@example.com,2025-06-16,2025-06,Store,Completed,True,P003,Shelf 003,Storage,199.00,3,199.00,0.10,0,,597.00,59.7000,537.3000,0.0000,537.3000,3,0,1983,809,160,4
L001983,O00808,C0159,Customer 0159,West,Business,customer159@example.com,2025-06-16,2025-06,Store,Completed,True,P020,Desk 020,Furniture,189.00,2,189.00,0.00,0,,378.00,0.0000,378.0000,0.0000,378.0000,2,0,1984,809,160,21
L001984,O00809,C0097,Customer 0097,West,Business,customer97@example.com,2025-05-17,2025-05,Online,Completed,True,P014,Chair 014,Furniture,294.00,5,294.00,0.20,0,,1470.00,294.0000,1176.0000,0.0000,1176.0000,5,0,1985,810,98,15
L001985,O00810,C0101,Customer 0101,South,Business,customer101@example.com,2025-01-24,2025-01,Store,Completed,True,P019,Shelf 019,Storage,78.00,2,78.00,0.2,0,,156.00,31.200,124.800,0.000,124.800,2,0,1986,811,102,20
L001986,O00810,C0101,Customer 0101,South,Business,customer101@example.com,2025-01-24,2025-01,Store,Completed,True,P015,Shelf 015,Storage,254.00,2,254.00,0.10,0,,508.00,50.8000,457.2000,0.0000,457.2000,2,0,1987,811,102,16
L001987,O00811,C0136,Customer 0136,West,Consumer,customer136@example.com,2025-06-13,2025-06,Store,Completed,True,P001,Lamp 001,Lighting,122.00,5,122.00,0.00,0,,610.00,0.0000,610.0000,0.0000,610.0000,5,0,1988,812,137,2
L001988,O00811,C0136,Customer 0136,West,Consumer,customer136@example.com,2025-06-13,2025-06,Store,Completed,True,P011,Shelf 011,Storage,80.00,4,80.00,0.10,0,,320.00,32.0000,288.0000,0.0000,288.0000,4,0,1989,812,137,12
L001989,O00811,C0136,Customer 0136,West,Consumer,customer136@example.com,2025-06-13,2025-06,Store,Completed,True,P013,Lamp 013,Lighting,271.00,4,271.00,0.10,0,,1084.00,108.4000,975.6000,0.0000,975.6000,4,0,1990,812,137,14
L001990,O00812,C0264,Customer 0264,South,Business,customer264@example.com,2025-01-27,2025-01,Store,Completed,True,P024,Desk 024,Furniture,81.00,1,81.00,0.20,1,2025-02-07,81.00,16.2000,64.8000,64.8000,0.0000,1,1,1991,813,265,25
L001991,O00812,C0264,Customer 0264,South,Business,customer264@example.com,2025-01-27,2025-01,Store,Completed,True,P002,Chair 002,Furniture,284.00,5,284.00,0.00,0,,1420.00,0.0000,1420.0000,0.0000,1420.0000,5,0,1992,813,265,3
L001992,O00813,C0119,Customer 0119,North,Business,customer119@example.com,2025-11-17,2025-11,Store,Completed,True,P007,Shelf 007,Storage,35.00,1,35.00,0.05,0,,35.00,1.7500,33.2500,0.0000,33.2500,1,0,1993,814,120,8
L001993,O00813,C0119,Customer 0119,North,Business,customer119@example.com,2025-11-17,2025-11,Store,Completed,True,P017,Lamp 017,Lighting,300.00,1,300.00,0.00,0,,300.00,0.0000,300.0000,0.0000,300.0000,1,0,1994,814,120,18
L001994,O00814,C0098,Customer 0098,West,Business,customer98@example.com,2025-11-28,2025-11,Online,Completed,True,P023,Shelf 023,Storage,68.00,3,68.00,0.00,0,,204.00,0.0000,204.0000,0.0000,204.0000,3,0,1995,815,99,24
L001995,O00815,C0180,Customer 0180,West,Consumer,customer180@example.com,2025-08-15,2025-08,Online,Completed,True,P005,Lamp 005,Lighting,65.00,4,65.00,0.00,0,,260.00,0.0000,260.0000,0.0000,260.0000,4,0,1996,816,181,6
L001996,O00815,C0180,Customer 0180,West,Consumer,customer180@example.com,2025-08-15,2025-08,Online,Completed,True,P012,Desk 012,Furniture,134.00,5,134.00,0.05,0,,670.00,33.5000,636.5000,0.0000,636.5000,5,0,1997,816,181,13
L001997,O00816,C0245,Customer 0245,North,Consumer,customer245@example.com,2025-06-26,2025-06,Store,Completed,True,P004,Desk 004,Furniture,123.00,3,123.00,0.00,0,,369.00,0.0000,369.0000,0.0000,369.0000,3,0,1998,817,246,5
L001998,O00816,C0245,Customer 0245,North,Consumer,customer245@example.com,2025-06-26,2025-06,Store,Completed,True,P022,Chair 022,Furniture,134.00,1,134.00,0.05,0,,134.00,6.7000,127.3000,0.0000,127.3000,1,0,1999,817,246,23
L001999,O00816,C0245,Customer 0245,North,Consumer,customer245@example.com,2025-06-26,2025-06,Store,Completed,True,P011,Shelf 011,Storage,80.00,1,80.00,0.10,0,,80.00,8.0000,72.0000,0.0000,72.0000,1,0,2000,817,246,12
L002000,O00817,C0258,Customer 0258,South,Business,customer258@example.com,2025-03-18,2025-03,Store,Completed,True,P022,Chair 022,Furniture,134.00,1,134.00,0.00,1,2025-03-24,134.00,0.0000,134.0000,134.0000,0.0000,1,1,2001,818,259,23
L002001,O00817,C0258,Customer 0258,South,Business,customer258@example.com,2025-03-18,2025-03,Store,Completed,True,P012,Desk 012,Furniture,134.00,4,134.00,0.20,0,,536.00,107.2000,428.8000,0.0000,428.8000,4,0,2002,818,259,13
L002002,O00818,C0067,Customer 0067,East,Business,customer67@example.com,2025-10-10,2025-10,Store,Completed,True,P021,Lamp 021,Lighting,249.00,3,249.00,0.10,0,,747.00,74.7000,672.3000,0.0000,672.3000,3,0,2003,819,68,22
L002003,O00818,C0067,Customer 0067,East,Business,customer67@example.com,2025-10-10,2025-10,Store,Completed,True,P005,Lamp 005,Lighting,65.00,3,65.00,0.10,0,,195.00,19.5000,175.5000,0.0000,175.5000,3,0,2004,819,68,6
L002004,O00818,C0067,Customer 0067,East,Business,customer67@example.com,2025-10-10,2025-10,Store,Completed,True,P019,Shelf 019,Storage,78.00,3,78.00,0.10,0,,234.00,23.4000,210.6000,0.0000,210.6000,3,0,2005,819,68,20
L002005,O00819,C0252,Customer 0252,West,Business,customer252@example.com,2025-05-21,2025-05,Online,Cancelled,False,P013,Lamp 013,Lighting,271.00,2,271.00,0.20,0,,542.00,108.4000,433.6000,0.0000,433.6000,2,0,2006,820,253,14
L002006,O00819,C0252,Customer 0252,West,Business,customer252@example.com,2025-05-21,2025-05,Online,Cancelled,False,P009,Lamp 009,Lighting,93.00,5,93.00,0.05,0,,465.00,23.2500,441.7500,0.0000,441.7500,5,0,2007,820,253,10
L002007,O00820,C0286,Customer 0286,West,Business,customer286@example.com,2025-12-09,2025-12,Online,Completed,True,P009,Lamp 009,Lighting,93.00,1,93.00,0.10,0,,93.00,9.3000,83.7000,0.0000,83.7000,1,0,2008,821,287,10
L002008,O00820,C0286,Customer 0286,West,Business,customer286@example.com,2025-12-09,2025-12,Online,Completed,True,P017,Lamp 017,Lighting,300.00,5,300.00,0.00,0,,1500.00,0.0000,1500.0000,0.0000,1500.0000,5,0,2009,821,287,18
L002009,O00820,C0286,Customer 0286,West,Business,customer286@example.com,2025-12-09,2025-12,Online,Completed,True,P002,Chair 002,Furniture,284.00,5,284.00,0.05,0,,1420.00,71.0000,1349.0000,0.0000,1349.0000,5,0,2010,821,287,3
L002010,O00820,C0286,Customer 0286,West,Business,customer286@example.com,2025-12-09,2025-12,Online,Completed,True,P002,Chair 002,Furniture,284.00,1,284.00,0.05,0,,284.00,14.2000,269.8000,0.0000,269.8000,1,0,2011,821,287,3
L002011,O00821,C0180,Customer 0180,West,Consumer,customer180@example.com,2025-04-19,2025-04,Store,Completed,True,P020,Desk 020,Furniture,189.00,4,189.00,0.00,0,,756.00,0.0000,756.0000,0.0000,756.0000,4,0,2012,822,181,21
L002012,O00821,C0180,Customer 0180,West,Consumer,customer180@example.com,2025-04-19,2025-04,Store,Completed,True,P001,Lamp 001,Lighting,122.00,4,122.00,0.20,0,,488.00,97.6000,390.4000,0.0000,390.4000,4,0,2013,822,181,2
L002013,O00822,C0184,Customer 0184,West,Business,customer184@example.com,2025-11-01,2025-11,Store,Completed,True,P017,Lamp 017,Lighting,300.00,2,300.00,0.00,0,,600.00,0.0000,600.0000,0.0000,600.0000,2,0,2014,823,185,18
L002014,O00822,C0184,Customer 0184,West,Business,customer184@example.com,2025-11-01,2025-11,Store,Completed,True,P005,Lamp 005,Lighting,65.00,4,65.00,0.05,0,,260.00,13.0000,247.0000,0.0000,247.0000,4,0,2015,823,185,6
L002015,O00823,C0067,Customer 0067,East,Business,customer67@example.com,2025-12-04,2025-12,Store,Completed,True,P011,Shelf 011,Storage,80.00,2,80.00,0.00,0,,160.00,0.0000,160.0000,0.0000,160.0000,2,0,2016,824,68,12
L002016,O00824,C0065,Customer 0065,East,Consumer,customer65@example.com,2025-03-21,2025-03,Store,Completed,True,P023,Shelf 023,Storage,68.00,2,68.00,0.1,0,,136.00,13.600,122.400,0.000,122.400,2,0,2017,825,66,24
L002017,O00825,C0109,Customer 0109,West,Business,customer109@example.com,2025-07-14,2025-07,Store,Completed,True,P020,Desk 020,Furniture,189.00,5,189.00,0.20,0,,945.00,189.0000,756.0000,0.0000,756.0000,5,0,2018,826,110,21
L002018,O00826,C0235,Customer 0235,North,Business,customer235@example.com,2025-04-20,2025-04,Store,Completed,True,P015,Shelf 015,Storage,254.00,1,254.00,0.05,0,,254.00,12.7000,241.3000,0.0000,241.3000,1,0,2019,827,236,16
L002019,O00826,C0235,Customer 0235,North,Business,customer235@example.com,2025-04-20,2025-04,Store,Completed,True,P012,Desk 012,Furniture,134.00,2,134.00,0.10,0,,268.00,26.8000,241.2000,0.0000,241.2000,2,0,2020,827,236,13
L002020,O00826,C0235,Customer 0235,North,Business,customer235@example.com,2025-04-20,2025-04,Store,Completed,True,P021,Lamp 021,Lighting,249.00,3,249.00,0.05,0,,747.00,37.3500,709.6500,0.0000,709.6500,3,0,2021,827,236,22
L002021,O00826,C0235,Customer 0235,North,Business,customer235@example.com,2025-04-20,2025-04,Store,Completed,True,P009,Lamp 009,Lighting,93.00,1,93.00,0.10,0,,93.00,9.3000,83.7000,0.0000,83.7000,1,0,2022,827,236,10
L002022,O00827,C0238,Customer 0238,East,Consumer,customer238@example.com,2025-07-31,2025-07,Store,Completed,True,P011,Shelf 011,Storage,80.00,5,80.00,0.00,0,,400.00,0.0000,400.0000,0.0000,400.0000,5,0,2023,828,239,12
L002023,O00827,C0238,Customer 0238,East,Consumer,customer238@example.com,2025-07-31,2025-07,Store,Completed,True,P005,Lamp 005,Lighting,65.00,2,65.00,0.10,0,,130.00,13.0000,117.0000,0.0000,117.0000,2,0,2024,828,239,6
L002024,O00828,C0075,Customer 0075,South,Business,customer75@example.com,2025-07-28,2025-07,Online,Completed,True,P012,Desk 012,Furniture,134.00,3,134.00,0.20,0,,402.00,80.4000,321.6000,0.0000,321.6000,3,0,2025,829,76,13
L002025,O00828,C0075,Customer 0075,South,Business,customer75@example.com,2025-07-28,2025-07,Online,Completed,True,P019,Shelf 019,Storage,78.00,2,78.00,0.00,0,,156.00,0.0000,156.0000,0.0000,156.0000,2,0,2026,829,76,20
L002026,O00828,C0075,Customer 0075,South,Business,customer75@example.com,2025-07-28,2025-07,Online,Completed,True,P020,Desk 020,Furniture,189.00,4,189.00,0.05,0,,756.00,37.8000,718.2000,0.0000,718.2000,4,0,2027,829,76,21
L002027,O00829,C0192,Customer 0192,South,Business,customer192@example.com,2025-11-21,2025-11,Online,Completed,True,P024,Desk 024,Furniture,81.00,3,81.00,0.20,0,,243.00,48.6000,194.4000,0.0000,194.4000,3,0,2028,830,193,25
L002028,O00829,C0192,Customer 0192,South,Business,customer192@example.com,2025-11-21,2025-11,Online,Completed,True,P020,Desk 020,Furniture,189.00,5,189.00,0.05,0,,945.00,47.2500,897.7500,0.0000,897.7500,5,0,2029,830,193,21
L002029,O00829,C0192,Customer 0192,South,Business,customer192@example.com,2025-11-21,2025-11,Online,Completed,True,P006,Chair 006,Furniture,196.00,1,196.00,0.20,1,2025-12-15,196.00,39.2000,156.8000,156.8000,0.0000,1,1,2030,830,193,7
L002030,O00829,C0192,Customer 0192,South,Business,customer192@example.com,2025-11-21,2025-11,Online,Completed,True,P001,Lamp 001,Lighting,122.00,5,122.00,0.10,0,,610.00,61.0000,549.0000,0.0000,549.0000,5,0,2031,830,193,2
L002031,O00830,C0255,Customer 0255,South,Business,customer255@example.com,2025-06-24,2025-06,Online,Completed,True,P023,Shelf 023,Storage,68.00,2,68.00,0.05,0,,136.00,6.8000,129.2000,0.0000,129.2000,2,0,2032,831,256,24
L002032,O00830,C0255,Customer 0255,South,Business,customer255@example.com,2025-06-24,2025-06,Online,Completed,True,P023,Shelf 023,Storage,68.00,1,68.00,0.00,0,,68.00,0.0000,68.0000,0.0000,68.0000,1,0,2033,831,256,24
L002033,O00830,C0255,Customer 0255,South,Business,customer255@example.com,2025-06-24,2025-06,Online,Completed,True,P024,Desk 024,Furniture,81.00,5,81.00,0.20,0,,405.00,81.0000,324.0000,0.0000,324.0000,5,0,2034,831,256,25
L002034,O00831,C0089,Customer 0089,South,Business,customer89@example.com,2025-07-05,2025-07,Online,Completed,True,P015,Shelf 015,Storage,254.00,5,254.00,0.05,0,,1270.00,63.5000,1206.5000,0.0000,1206.5000,5,0,2035,832,90,16
L002035,O00831,C0089,Customer 0089,South,Business,customer89@example.com,2025-07-05,2025-07,Online,Completed,True,P015,Shelf 015,Storage,254.00,2,254.00,0.05,0,,508.00,25.4000,482.6000,0.0000,482.6000,2,0,2036,832,90,16
L002036,O00831,C0089,Customer 0089,South,Business,customer89@example.com,2025-07-05,2025-07,Online,Completed,True,P015,Shelf 015,Storage,254.00,2,254.00,0.20,0,,508.00,101.6000,406.4000,0.0000,406.4000,2,0,2037,832,90,16
L002037,O00832,C0095,Customer 0095,East,Consumer,customer95@example.com,2025-03-15,2025-03,Online,Completed,True,P023,Shelf 023,Storage,68.00,5,68.00,0.05,1,2025-03-23,340.00,17.0000,323.0000,258.4000,64.6000,5,4,2038,833,96,24
L002038,O00832,C0095,Customer 0095,East,Consumer,customer95@example.com,2025-03-15,2025-03,Online,Completed,True,P023,Shelf 023,Storage,68.00,5,68.00,0.10,0,,340.00,34.0000,306.0000,0.0000,306.0000,5,0,2039,833,96,24
L002039,O00832,C0095,Customer 0095,East,Consumer,customer95@example.com,2025-03-15,2025-03,Online,Completed,True,P018,Chair 018,Furniture,269.00,3,269.00,0.20,0,,807.00,161.4000,645.6000,0.0000,645.6000,3,0,2040,833,96,19
L002040,O00832,C0095,Customer 0095,East,Consumer,customer95@example.com,2025-03-15,2025-03,Online,Completed,True,P018,Chair 018,Furniture,269.00,3,269.00,0.05,0,,807.00,40.3500,766.6500,0.0000,766.6500,3,0,2041,833,96,19
L002041,O00833,C0056,Customer 0056,North,Consumer,customer56@example.com,2025-04-29,2025-04,Store,Completed,True,P004,Desk 004,Furniture,123.00,2,123.00,0.05,0,,246.00,12.3000,233.7000,0.0000,233.7000,2,0,2042,834,57,5
L002042,O00833,C0056,Customer 0056,North,Consumer,customer56@example.com,2025-04-29,2025-04,Store,Completed,True,P021,Lamp 021,Lighting,249.00,4,249.00,0.00,0,,996.00,0.0000,996.0000,0.0000,996.0000,4,0,2043,834,57,22
L002043,O00833,C0056,Customer 0056,North,Consumer,customer56@example.com,2025-04-29,2025-04,Store,Completed,True,P019,Shelf 019,Storage,78.00,4,78.00,0.10,0,,312.00,31.2000,280.8000,0.0000,280.8000,4,0,2044,834,57,20
L002044,O00834,C0107,Customer 0107,South,Consumer,customer107@example.com,2025-06-16,2025-06,Online,Cancelled,False,P021,Lamp 021,Lighting,249.00,1,249.00,0.05,0,,249.00,12.4500,236.5500,0.0000,236.5500,1,0,2045,835,108,22
L002045,O00834,C0107,Customer 0107,South,Consumer,customer107@example.com,2025-06-16,2025-06,Online,Cancelled,False,P005,Lamp 005,Lighting,65.00,4,65.00,0.10,0,,260.00,26.0000,234.0000,0.0000,234.0000,4,0,2046,835,108,6
L002046,O00834,C0107,Customer 0107,South,Consumer,customer107@example.com,2025-06-16,2025-06,Online,Cancelled,False,P013,Lamp 013,Lighting,271.00,4,271.00,0.20,0,,1084.00,216.8000,867.2000,0.0000,867.2000,4,0,2047,835,108,14
L002047,O00835,C0145,Customer 0145,West,Business,customer145@example.com,2025-09-04,2025-09,Online,Completed,True,P005,Lamp 005,Lighting,65.00,2,65.00,0.1,0,,130.00,13.000,117.000,0.000,117.000,2,0,2048,836,146,6
L002048,O00836,C0291,Customer 0291,North,Consumer,customer291@example.com,2025-10-12,2025-10,Store,Completed,True,P006,Chair 006,Furniture,196.00,2,196.00,0.00,0,,392.00,0.0000,392.0000,0.0000,392.0000,2,0,2049,837,292,7
L002049,O00836,C0291,Customer 0291,North,Consumer,customer291@example.com,2025-10-12,2025-10,Store,Completed,True,P021,Lamp 021,Lighting,249.00,5,249.00,0.05,0,,1245.00,62.2500,1182.7500,0.0000,1182.7500,5,0,2050,837,292,22
L002050,O00836,C0291,Customer 0291,North,Consumer,customer291@example.com,2025-10-12,2025-10,Store,Completed,True,P014,Chair 014,Furniture,294.00,5,294.00,0.20,0,,1470.00,294.0000,1176.0000,0.0000,1176.0000,5,0,2051,837,292,15
L002051,O00836,C0291,Customer 0291,North,Consumer,customer291@example.com,2025-10-12,2025-10,Store,Completed,True,P005,Lamp 005,Lighting,65.00,3,65.00,0.10,0,,195.00,19.5000,175.5000,0.0000,175.5000,3,0,2052,837,292,6
L002052,O00837,C0038,Customer 0038,South,Consumer,customer38@example.com,2025-02-23,2025-02,Store,Cancelled,False,P006,Chair 006,Furniture,196.00,2,196.00,0.10,0,,392.00,39.2000,352.8000,0.0000,352.8000,2,0,2053,838,39,7
L002053,O00837,C0038,Customer 0038,South,Consumer,customer38@example.com,2025-02-23,2025-02,Store,Cancelled,False,P011,Shelf 011,Storage,80.00,5,80.00,0.00,0,,400.00,0.0000,400.0000,0.0000,400.0000,5,0,2054,838,39,12
L002054,O00837,C0038,Customer 0038,South,Consumer,customer38@example.com,2025-02-23,2025-02,Store,Cancelled,False,P008,Desk 008,Furniture,188.00,2,188.00,0.00,0,,376.00,0.0000,376.0000,0.0000,376.0000,2,0,2055,838,39,9
L002055,O00838,C0224,Customer 0224,West,Consumer,customer224@example.com,2025-08-05,2025-08,Store,Completed,True,P014,Chair 014,Furniture,294.00,5,294.00,0.05,0,,1470.00,73.5000,1396.5000,0.0000,1396.5000,5,0,2056,839,225,15
L002056,O00838,C0224,Customer 0224,West,Consumer,customer224@example.com,2025-08-05,2025-08,Store,Completed,True,P020,Desk 020,Furniture,189.00,4,189.00,0.10,0,,756.00,75.6000,680.4000,0.0000,680.4000,4,0,2057,839,225,21
L002057,O00839,C0217,Customer 0217,South,Business,customer217@example.com,2025-06-17,2025-06,Store,Completed,True,P008,Desk 008,Furniture,188.00,5,188.00,0.10,0,,940.00,94.0000,846.0000,0.0000,846.0000,5,0,2058,840,218,9
L002058,O00839,C0217,Customer 0217,South,Business,customer217@example.com,2025-06-17,2025-06,Store,Completed,True,P013,Lamp 013,Lighting,271.00,2,271.00,0.00,0,,542.00,0.0000,542.0000,0.0000,542.0000,2,0,2059,840,218,14
L002059,O00840,C0017,Customer 0017,South,Consumer,customer17@example.com,2025-11-22,2025-11,Store,Completed,True,P004,Desk 004,Furniture,123.00,3,123.00,0.00,0,,369.00,0.0000,369.0000,0.0000,369.0000,3,0,2060,841,18,5
L002060,O00841,C0141,Customer 0141,East,Consumer,customer141@example.com,2025-03-31,2025-03,Online,Completed,True,P008,Desk 008,Furniture,188.00,1,188.00,0.00,0,,188.00,0.0000,188.0000,0.0000,188.0000,1,0,2061,842,142,9
L002061,O00842,C0251,Customer 0251,North,Consumer,customer251@example.com,2025-11-01,2025-11,Store,Completed,True,P015,Shelf 015,Storage,254.00,2,254.00,0.10,0,,508.00,50.8000,457.2000,0.0000,457.2000,2,0,2062,843,252,16
L002062,O00842,C0251,Customer 0251,North,Consumer,customer251@example.com,2025-11-01,2025-11,Store,Completed,True,P006,Chair 006,Furniture,196.00,4,196.00,0.05,0,,784.00,39.2000,744.8000,0.0000,744.8000,4,0,2063,843,252,7
L002063,O00842,C0251,Customer 0251,North,Consumer,customer251@example.com,2025-11-01,2025-11,Store,Completed,True,P022,Chair 022,Furniture,134.00,3,134.00,0.05,0,,402.00,20.1000,381.9000,0.0000,381.9000,3,0,2064,843,252,23
L002064,O00842,C0251,Customer 0251,North,Consumer,customer251@example.com,2025-11-01,2025-11,Store,Completed,True,P003,Shelf 003,Storage,199.00,1,199.00,0.05,0,,199.00,9.9500,189.0500,0.0000,189.0500,1,0,2065,843,252,4
L002065,O00843,C0062,Customer 0062,West,Business,customer62@example.com,2025-11-08,2025-11,Online,Completed,True,P009,Lamp 009,Lighting,93.00,2,93.00,0.10,0,,186.00,18.6000,167.4000,0.0000,167.4000,2,0,2066,844,63,10
L002066,O00843,C0062,Customer 0062,West,Business,customer62@example.com,2025-11-08,2025-11,Online,Completed,True,P023,Shelf 023,Storage,68.00,5,68.00,0.05,0,,340.00,17.0000,323.0000,0.0000,323.0000,5,0,2067,844,63,24
L002067,O00843,C0062,Customer 0062,West,Business,customer62@example.com,2025-11-08,2025-11,Online,Completed,True,P016,Desk 016,Furniture,231.00,4,231.00,0.00,0,,924.00,0.0000,924.0000,0.0000,924.0000,4,0,2068,844,63,17
L002068,O00843,C0062,Customer 0062,West,Business,customer62@example.com,2025-11-08,2025-11,Online,Completed,True,P012,Desk 012,Furniture,134.00,4,134.00,0.00,0,,536.00,0.0000,536.0000,0.0000,536.0000,4,0,2069,844,63,13
L002069,O00844,C0026,Customer 0026,South,Consumer,customer26@example.com,2025-12-26,2025-12,Online,Completed,True,P013,Lamp 013,Lighting,271.00,5,271.00,0.00,0,,1355.00,0.0000,1355.0000,0.0000,1355.0000,5,0,2070,845,27,14
L002070,O00844,C0026,Customer 0026,South,Consumer,customer26@example.com,2025-12-26,2025-12,Online,Completed,True,P009,Lamp 009,Lighting,93.00,5,93.00,0.00,0,,465.00,0.0000,465.0000,0.0000,465.0000,5,0,2071,845,27,10
L002071,O00844,C0026,Customer 0026,South,Consumer,customer26@example.com,2025-12-26,2025-12,Online,Completed,True,P008,Desk 008,Furniture,188.00,3,188.00,0.00,1,2026-01-02,564.00,0.0000,564.0000,188.0000,376.0000,3,1,2072,845,27,9
L002072,O00845,C0066,Customer 0066,North,Business,customer66@example.com,2025-12-05,2025-12,Online,Completed,True,P015,Shelf 015,Storage,254.00,3,254.00,0.20,0,,762.00,152.4000,609.6000,0.0000,609.6000,3,0,2073,846,67,16
L002073,O00845,C0066,Customer 0066,North,Business,customer66@example.com,2025-12-05,2025-12,Online,Completed,True,P006,Chair 006,Furniture,196.00,4,196.00,0.20,0,,784.00,156.8000,627.2000,0.0000,627.2000,4,0,2074,846,67,7
L002074,O00846,C0227,Customer 0227,East,Consumer,customer227@example.com,2025-03-23,2025-03,Store,Completed,True,P006,Chair 006,Furniture,196.00,1,196.00,0.10,0,,196.00,19.6000,176.4000,0.0000,176.4000,1,0,2075,847,228,7
L002075,O00846,C0227,Customer 0227,East,Consumer,customer227@example.com,2025-03-23,2025-03,Store,Completed,True,P019,Shelf 019,Storage,78.00,1,78.00,0.00,0,,78.00,0.0000,78.0000,0.0000,78.0000,1,0,2076,847,228,20
L002076,O00846,C0227,Customer 0227,East,Consumer,customer227@example.com,2025-03-23,2025-03,Store,Completed,True,P021,Lamp 021,Lighting,249.00,1,249.00,0.10,0,,249.00,24.9000,224.1000,0.0000,224.1000,1,0,2077,847,228,22
L002077,O00847,C0187,Customer 0187,North,Business,customer187@example.com,2025-04-18,2025-04,Online,Completed,True,P008,Desk 008,Furniture,188.00,3,188.00,0.05,0,,564.00,28.2000,535.8000,0.0000,535.8000,3,0,2078,848,188,9
L002078,O00847,C0187,Customer 0187,North,Business,customer187@example.com,2025-04-18,2025-04,Online,Completed,True,P008,Desk 008,Furniture,188.00,1,188.00,0,0,,188.00,0.00,188.00,0.00,188.00,1,0,2079,848,188,9
L002079,O00848,C0101,Customer 0101,South,Business,customer101@example.com,2025-05-19,2025-05,Online,Completed,True,P004,Desk 004,Furniture,123.00,2,123.00,0.05,0,,246.00,12.3000,233.7000,0.0000,233.7000,2,0,2080,849,102,5
L002080,O00849,C0292,Customer 0292,East,Business,customer292@example.com,2025-02-25,2025-02,Store,Completed,True,P016,Desk 016,Furniture,231.00,1,231.00,0.05,0,,231.00,11.5500,219.4500,0.0000,219.4500,1,0,2081,850,293,17
L002081,O00849,C0292,Customer 0292,East,Business,customer292@example.com,2025-02-25,2025-02,Store,Completed,True,P002,Chair 002,Furniture,284.00,2,284.00,0.10,0,,568.00,56.8000,511.2000,0.0000,511.2000,2,0,2082,850,293,3
L002082,O00850,C0011,Customer 0011,North,Business,customer11@example.com,2025-11-18,2025-11,Online,Completed,True,P024,Desk 024,Furniture,81.00,4,81.00,0.05,0,,324.00,16.2000,307.8000,0.0000,307.8000,4,0,2083,851,12,25
L002083,O00850,C0011,Customer 0011,North,Business,customer11@example.com,2025-11-18,2025-11,Online,Completed,True,P014,Chair 014,Furniture,294.00,5,294.00,0.05,0,,1470.00,73.5000,1396.5000,0.0000,1396.5000,5,0,2084,851,12,15
L002084,O00851,C0006,Customer 0006,East,Consumer,customer6@example.com,2025-09-19,2025-09,Store,Completed,True,P008,Desk 008,Furniture,188.00,5,188.00,0.10,0,,940.00,94.0000,846.0000,0.0000,846.0000,5,0,2085,852,7,9
L002085,O00851,C0006,Customer 0006,East,Consumer,customer6@example.com,2025-09-19,2025-09,Store,Completed,True,P004,Desk 004,Furniture,123.00,5,123.00,0.20,0,,615.00,123.0000,492.0000,0.0000,492.0000,5,0,2086,852,7,5
L002086,O00852,C0039,Customer 0039,North,Business,customer39@example.com,2025-11-26,2025-11,Online,Cancelled,False,P013,Lamp 013,Lighting,271.00,4,271.00,0.05,0,,1084.00,54.2000,1029.8000,0.0000,1029.8000,4,0,2087,853,40,14
L002087,O00852,C0039,Customer 0039,North,Business,customer39@example.com,2025-11-26,2025-11,Online,Cancelled,False,P011,Shelf 011,Storage,80.00,5,80.00,0.20,0,,400.00,80.0000,320.0000,0.0000,320.0000,5,0,2088,853,40,12
L002088,O00853,C0151,Customer 0151,South,Business,customer151@example.com,2025-12-08,2025-12,Online,Completed,True,P001,Lamp 001,Lighting,122.00,3,122.00,0.00,0,,366.00,0.0000,366.0000,0.0000,366.0000,3,0,2089,854,152,2
L002089,O00854,C0121,Customer 0121,West,Business,customer121@example.com,2025-09-02,2025-09,Online,Completed,True,P008,Desk 008,Furniture,188.00,3,188.00,0.00,0,,564.00,0.0000,564.0000,0.0000,564.0000,3,0,2090,855,122,9
L002090,O00854,C0121,Customer 0121,West,Business,customer121@example.com,2025-09-02,2025-09,Online,Completed,True,P024,Desk 024,Furniture,81.00,3,81.00,0.00,0,,243.00,0.0000,243.0000,0.0000,243.0000,3,0,2091,855,122,25
L002091,O00855,C0244,Customer 0244,South,Consumer,customer244@example.com,2025-04-05,2025-04,Online,Completed,True,P020,Desk 020,Furniture,189.00,2,189.00,0.00,0,,378.00,0.0000,378.0000,0.0000,378.0000,2,0,2092,856,245,21
L002092,O00855,C0244,Customer 0244,South,Consumer,customer244@example.com,2025-04-05,2025-04,Online,Completed,True,P008,Desk 008,Furniture,188.00,4,188.00,0.00,0,,752.00,0.0000,752.0000,0.0000,752.0000,4,0,2093,856,245,9
L002093,O00855,C0244,Customer 0244,South,Consumer,customer244@example.com,2025-04-05,2025-04,Online,Completed,True,P005,Lamp 005,Lighting,65.00,3,65.00,0.05,0,,195.00,9.7500,185.2500,0.0000,185.2500,3,0,2094,856,245,6
L002094,O00855,C0244,Customer 0244,South,Consumer,customer244@example.com,2025-04-05,2025-04,Online,Completed,True,P024,Desk 024,Furniture,81.00,4,81.00,0.05,0,,324.00,16.2000,307.8000,0.0000,307.8000,4,0,2095,856,245,25
L002095,O00856,C0151,Customer 0151,South,Business,customer151@example.com,2025-05-04,2025-05,Store,Completed,True,P014,Chair 014,Furniture,294.00,3,294.00,0.10,0,,882.00,88.2000,793.8000,0.0000,793.8000,3,0,2096,857,152,15
L002096,O00856,C0151,Customer 0151,South,Business,customer151@example.com,2025-05-04,2025-05,Store,Completed,True,P018,Chair 018,Furniture,269.00,5,269.00,0.20,0,,1345.00,269.0000,1076.0000,0.0000,1076.0000,5,0,2097,857,152,19
L002097,O00856,C0151,Customer 0151,South,Business,customer151@example.com,2025-05-04,2025-05,Store,Completed,True,P020,Desk 020,Furniture,189.00,4,189.00,0.05,0,,756.00,37.8000,718.2000,0.0000,718.2000,4,0,2098,857,152,21
L002098,O00857,C0032,Customer 0032,North,Business,customer32@example.com,2025-06-01,2025-06,Online,Completed,True,P014,Chair 014,Furniture,294.00,5,294.00,0.05,0,,1470.00,73.5000,1396.5000,0.0000,1396.5000,5,0,2099,858,33,15
L002099,O00857,C0032,Customer 0032,North,Business,customer32@example.com,2025-06-01,2025-06,Online,Completed,True,P019,Shelf 019,Storage,78.00,3,78.00,0.00,0,,234.00,0.0000,234.0000,0.0000,234.0000,3,0,2100,858,33,20
L002100,O00857,C0032,Customer 0032,North,Business,customer32@example.com,2025-06-01,2025-06,Online,Completed,True,P022,Chair 022,Furniture,134.00,2,134.00,0.10,0,,268.00,26.8000,241.2000,0.0000,241.2000,2,0,2101,858,33,23
L002101,O00858,C0091,Customer 0091,North,Business,customer91@example.com,2025-12-01,2025-12,Store,Completed,True,P008,Desk 008,Furniture,188.00,3,188.00,0.10,0,,564.00,56.4000,507.6000,0.0000,507.6000,3,0,2102,859,92,9
L002102,O00858,C0091,Customer 0091,North,Business,customer91@example.com,2025-12-01,2025-12,Store,Completed,True,P007,Shelf 007,Storage,35.00,3,35.00,0.05,0,,105.00,5.2500,99.7500,0.0000,99.7500,3,0,2103,859,92,8
L002103,O00858,C0091,Customer 0091,North,Business,customer91@example.com,2025-12-01,2025-12,Store,Completed,True,P004,Desk 004,Furniture,123.00,4,123.00,0.10,0,,492.00,49.2000,442.8000,0.0000,442.8000,4,0,2104,859,92,5
L002104,O00858,C0091,Customer 0091,North,Business,customer91@example.com,2025-12-01,2025-12,Store,Completed,True,P003,Shelf 003,Storage,199.00,4,199.00,0.10,0,,796.00,79.6000,716.4000,0.0000,716.4000,4,0,2105,859,92,4
L002105,O00859,C0004,Customer 0004,North,Consumer,customer4@example.com,2025-10-10,2025-10,Online,Cancelled,False,P001,Lamp 001,Lighting,122.00,1,122.00,0.20,0,,122.00,24.4000,97.6000,0.0000,97.6000,1,0,2106,860,5,2
L002106,O00859,C0004,Customer 0004,North,Consumer,customer4@example.com,2025-10-10,2025-10,Online,Cancelled,False,P017,Lamp 017,Lighting,300.00,4,300.00,0.20,0,,1200.00,240.0000,960.0000,0.0000,960.0000,4,0,2107,860,5,18
L002107,O00859,C0004,Customer 0004,North,Consumer,customer4@example.com,2025-10-10,2025-10,Online,Cancelled,False,P023,Shelf 023,Storage,68.00,5,68.00,0.00,0,,340.00,0.0000,340.0000,0.0000,340.0000,5,0,2108,860,5,24
L002108,O00860,C0140,Customer 0140,East,Consumer,customer140@example.com,2025-01-08,2025-01,Online,Completed,True,P016,Desk 016,Furniture,231.00,3,231.00,0.20,0,,693.00,138.6000,554.4000,0.0000,554.4000,3,0,2109,861,141,17
L002109,O00861,C0102,Customer 0102,North,Consumer,customer102@example.com,2025-10-07,2025-10,Online,Completed,True,P012,Desk 012,Furniture,134.00,2,134.00,0,0,,268.00,0.00,268.00,0.00,268.00,2,0,2110,862,103,13
L002110,O00861,C0102,Customer 0102,North,Consumer,customer102@example.com,2025-10-07,2025-10,Online,Completed,True,P020,Desk 020,Furniture,189.00,1,189.00,0.10,0,,189.00,18.9000,170.1000,0.0000,170.1000,1,0,2111,862,103,21
L002111,O00861,C0102,Customer 0102,North,Consumer,customer102@example.com,2025-10-07,2025-10,Online,Completed,True,P004,Desk 004,Furniture,123.00,3,123.00,0.05,0,,369.00,18.4500,350.5500,0.0000,350.5500,3,0,2112,862,103,5
L002112,O00861,C0102,Customer 0102,North,Consumer,customer102@example.com,2025-10-07,2025-10,Online,Completed,True,P019,Shelf 019,Storage,78.00,2,78.00,0.10,0,,156.00,15.6000,140.4000,0.0000,140.4000,2,0,2113,862,103,20
L002113,O00862,C0257,Customer 0257,North,Business,customer257@example.com,2025-09-04,2025-09,Online,Completed,True,P014,Chair 014,Furniture,294.00,2,294.00,0.20,0,,588.00,117.6000,470.4000,0.0000,470.4000,2,0,2114,863,258,15
L002114,O00863,C0047,Customer 0047,West,Consumer,customer47@example.com,2025-05-16,2025-05,Store,Completed,True,P011,Shelf 011,Storage,80.00,1,80.00,0.20,0,,80.00,16.0000,64.0000,0.0000,64.0000,1,0,2115,864,48,12
L002115,O00863,C0047,Customer 0047,West,Consumer,customer47@example.com,2025-05-16,2025-05,Store,Completed,True,P014,Chair 014,Furniture,294.00,1,294.00,0.10,1,2025-05-30,294.00,29.4000,264.6000,264.6000,0.0000,1,1,2116,864,48,15
L002116,O00864,C0173,Customer 0173,West,Consumer,customer173@example.com,2025-02-17,2025-02,Store,Completed,True,P008,Desk 008,Furniture,188.00,1,188.00,0.05,0,,188.00,9.4000,178.6000,0.0000,178.6000,1,0,2117,865,174,9
L002117,O00864,C0173,Customer 0173,West,Consumer,customer173@example.com,2025-02-17,2025-02,Store,Completed,True,P002,Chair 002,Furniture,284.00,3,284.00,0.00,0,,852.00,0.0000,852.0000,0.0000,852.0000,3,0,2118,865,174,3
L002118,O00865,C0226,Customer 0226,South,Business,customer226@example.com,2025-04-19,2025-04,Store,Completed,True,P008,Desk 008,Furniture,188.00,4,188.00,0.05,0,,752.00,37.6000,714.4000,0.0000,714.4000,4,0,2119,866,227,9
L002119,O00866,C0278,Customer 0278,North,Consumer,customer278@example.com,2025-05-28,2025-05,Online,Completed,True,P018,Chair 018,Furniture,269.00,2,269.00,0.10,1,2025-06-16,538.00,53.8000,484.2000,242.1000,242.1000,2,1,2120,867,279,19
L002120,O00867,C0194,Customer 0194,North,Consumer,customer194@example.com,2025-08-12,2025-08,Store,Completed,True,P015,Shelf 015,Storage,254.00,5,254.00,0.05,0,,1270.00,63.5000,1206.5000,0.0000,1206.5000,5,0,2121,868,195,16
L002121,O00867,C0194,Customer 0194,North,Consumer,customer194@example.com,2025-08-12,2025-08,Store,Completed,True,P012,Desk 012,Furniture,134.00,4,134.00,0.00,0,,536.00,0.0000,536.0000,0.0000,536.0000,4,0,2122,868,195,13
L002122,O00867,C0194,Customer 0194,North,Consumer,customer194@example.com,2025-08-12,2025-08,Store,Completed,True,P004,Desk 004,Furniture,123.00,1,123.00,0.00,0,,123.00,0.0000,123.0000,0.0000,123.0000,1,0,2123,868,195,5
L002123,O00868,C0196,Customer 0196,West,Consumer,customer196@example.com,2025-05-23,2025-05,Online,Completed,True,P011,Shelf 011,Storage,80.00,5,80.00,0.20,0,,400.00,80.0000,320.0000,0.0000,320.0000,5,0,2124,869,197,12
L002124,O00868,C0196,Customer 0196,West,Consumer,customer196@example.com,2025-05-23,2025-05,Online,Completed,True,P024,Desk 024,Furniture,81.00,1,81.00,0.10,0,,81.00,8.1000,72.9000,0.0000,72.9000,1,0,2125,869,197,25
L002125,O00869,C0210,Customer 0210,North,Consumer,customer210@example.com,2025-10-11,2025-10,Online,Completed,True,P020,Desk 020,Furniture,189.00,1,189.00,0.00,0,,189.00,0.0000,189.0000,0.0000,189.0000,1,0,2126,870,211,21
L002126,O00869,C0210,Customer 0210,North,Consumer,customer210@example.com,2025-10-11,2025-10,Online,Completed,True,P016,Desk 016,Furniture,231.00,2,231.00,0.00,0,,462.00,0.0000,462.0000,0.0000,462.0000,2,0,2127,870,211,17
L002127,O00869,C0210,Customer 0210,North,Consumer,customer210@example.com,2025-10-11,2025-10,Online,Completed,True,P017,Lamp 017,Lighting,300.00,3,300.00,0.10,0,,900.00,90.0000,810.0000,0.0000,810.0000,3,0,2128,870,211,18
L002128,O00869,C0210,Customer 0210,North,Consumer,customer210@example.com,2025-10-11,2025-10,Online,Completed,True,P024,Desk 024,Furniture,81.00,1,81.00,0.00,0,,81.00,0.0000,81.0000,0.0000,81.0000,1,0,2129,870,211,25
L002129,O00870,C0266,Customer 0266,North,Business,customer266@example.com,2025-06-08,2025-06,Store,Completed,True,P014,Chair 014,Furniture,294.00,3,294.00,0.05,0,,882.00,44.1000,837.9000,0.0000,837.9000,3,0,2130,871,267,15
L002130,O00870,C0266,Customer 0266,North,Business,customer266@example.com,2025-06-08,2025-06,Store,Completed,True,P015,Shelf 015,Storage,254.00,3,254.00,0.20,0,,762.00,152.4000,609.6000,0.0000,609.6000,3,0,2131,871,267,16
L002131,O00871,C0017,Customer 0017,South,Consumer,customer17@example.com,2025-11-21,2025-11,Store,Completed,True,P022,Chair 022,Furniture,134.00,2,134.00,0.20,0,,268.00,53.6000,214.4000,0.0000,214.4000,2,0,2132,872,18,23
L002132,O00872,C0299,Customer 0299,North,Consumer,customer299@example.com,2025-09-04,2025-09,Store,Completed,True,P009,Lamp 009,Lighting,93.00,1,93.00,0.10,0,,93.00,9.3000,83.7000,0.0000,83.7000,1,0,2133,873,300,10
L002133,O00872,C0299,Customer 0299,North,Consumer,customer299@example.com,2025-09-04,2025-09,Store,Completed,True,P022,Chair 022,Furniture,134.00,4,134.00,0.00,0,,536.00,0.0000,536.0000,0.0000,536.0000,4,0,2134,873,300,23
L002134,O00872,C0299,Customer 0299,North,Consumer,customer299@example.com,2025-09-04,2025-09,Store,Completed,True,P005,Lamp 005,Lighting,65.00,2,65.00,0.10,0,,130.00,13.0000,117.0000,0.0000,117.0000,2,0,2135,873,300,6
L002135,O00872,C0299,Customer 0299,North,Consumer,customer299@example.com,2025-09-04,2025-09,Store,Completed,True,P001,Lamp 001,Lighting,122.00,5,122.00,0.10,0,,610.00,61.0000,549.0000,0.0000,549.0000,5,0,2136,873,300,2
L002136,O00873,C0063,Customer 0063,West,Consumer,customer63@example.com,2025-02-22,2025-02,Online,Completed,True,P008,Desk 008,Furniture,188.00,3,188.00,0.00,0,,564.00,0.0000,564.0000,0.0000,564.0000,3,0,2137,874,64,9
L002137,O00873,C0063,Customer 0063,West,Consumer,customer63@example.com,2025-02-22,2025-02,Online,Completed,True,P014,Chair 014,Furniture,294.00,4,294.00,0.00,0,,1176.00,0.0000,1176.0000,0.0000,1176.0000,4,0,2138,874,64,15
L002138,O00873,C0063,Customer 0063,West,Consumer,customer63@example.com,2025-02-22,2025-02,Online,Completed,True,P017,Lamp 017,Lighting,300.00,5,300.00,0.10,0,,1500.00,150.0000,1350.0000,0.0000,1350.0000,5,0,2139,874,64,18
L002139,O00874,C0207,Customer 0207,South,Consumer,customer207@example.com,2025-04-04,2025-04,Store,Completed,True,P013,Lamp 013,Lighting,271.00,3,271.00,0.20,0,,813.00,162.6000,650.4000,0.0000,650.4000,3,0,2140,875,208,14
L002140,O00874,C0207,Customer 0207,South,Consumer,customer207@example.com,2025-04-04,2025-04,Store,Completed,True,P024,Desk 024,Furniture,81.00,2,81.00,0.05,0,,162.00,8.1000,153.9000,0.0000,153.9000,2,0,2141,875,208,25
L002141,O00875,C0173,Customer 0173,West,Consumer,customer173@example.com,2025-01-11,2025-01,Online,Completed,True,P004,Desk 004,Furniture,123.00,5,123.00,0.20,0,,615.00,123.0000,492.0000,0.0000,492.0000,5,0,2142,876,174,5
L002142,O00875,C0173,Customer 0173,West,Consumer,customer173@example.com,2025-01-11,2025-01,Online,Completed,True,P012,Desk 012,Furniture,134.00,5,134.00,0.10,0,,670.00,67.0000,603.0000,0.0000,603.0000,5,0,2143,876,174,13
L002143,O00875,C0173,Customer 0173,West,Consumer,customer173@example.com,2025-01-11,2025-01,Online,Completed,True,P001,Lamp 001,Lighting,122.00,5,122.00,0.10,0,,610.00,61.0000,549.0000,0.0000,549.0000,5,0,2144,876,174,2
L002144,O00876,C0122,Customer 0122,North,Business,customer122@example.com,2025-08-11,2025-08,Online,Completed,True,P006,Chair 006,Furniture,196.00,1,196.00,0.00,1,2025-09-08,196.00,0.0000,196.0000,196.0000,0.0000,1,1,2145,877,123,7
L002145,O00876,C0122,Customer 0122,North,Business,customer122@example.com,2025-08-11,2025-08,Online,Completed,True,P010,Chair 010,Furniture,211.00,4,211.00,0.00,0,,844.00,0.0000,844.0000,0.0000,844.0000,4,0,2146,877,123,11
L002146,O00876,C0122,Customer 0122,North,Business,customer122@example.com,2025-08-11,2025-08,Online,Completed,True,P018,Chair 018,Furniture,269.00,4,269.00,0.05,0,,1076.00,53.8000,1022.2000,0.0000,1022.2000,4,0,2147,877,123,19
L002147,O00876,C0122,Customer 0122,North,Business,customer122@example.com,2025-08-11,2025-08,Online,Completed,True,P017,Lamp 017,Lighting,300.00,3,300.00,0.00,0,,900.00,0.0000,900.0000,0.0000,900.0000,3,0,2148,877,123,18
L002148,O00877,C0199,Customer 0199,North,Consumer,customer199@example.com,2025-09-07,2025-09,Store,Completed,True,P016,Desk 016,Furniture,231.00,3,231.00,0.20,0,,693.00,138.6000,554.4000,0.0000,554.4000,3,0,2149,878,200,17
L002149,O00878,C0011,Customer 0011,North,Business,customer11@example.com,2025-04-09,2025-04,Store,Completed,True,P009,Lamp 009,Lighting,93.00,5,93.00,0.20,0,,465.00,93.0000,372.0000,0.0000,372.0000,5,0,2150,879,12,10
L002150,O00878,C0011,Customer 0011,North,Business,customer11@example.com,2025-04-09,2025-04,Store,Completed,True,P006,Chair 006,Furniture,196.00,1,196.00,0.20,0,,196.00,39.2000,156.8000,0.0000,156.8000,1,0,2151,879,12,7
L002151,O00878,C0011,Customer 0011,North,Business,customer11@example.com,2025-04-09,2025-04,Store,Completed,True,P005,Lamp 005,Lighting,65.00,1,65.00,0.05,0,,65.00,3.2500,61.7500,0.0000,61.7500,1,0,2152,879,12,6
L002152,O00879,C0088,Customer 0088,West,Business,customer88@example.com,2025-11-10,2025-11,Store,Completed,True,P011,Shelf 011,Storage,80.00,2,80.00,0.05,0,,160.00,8.0000,152.0000,0.0000,152.0000,2,0,2153,880,89,12
L002153,O00880,C0128,Customer 0128,West,Business,customer128@example.com,2025-02-11,2025-02,Online,Completed,True,P001,Lamp 001,Lighting,122.00,1,122.00,0.20,0,,122.00,24.4000,97.6000,0.0000,97.6000,1,0,2154,881,129,2
L002154,O00881,C0249,Customer 0249,North,Consumer,customer249@example.com,2025-08-29,2025-08,Online,Completed,True,P019,Shelf 019,Storage,78.00,4,78.00,0.10,0,,312.00,31.2000,280.8000,0.0000,280.8000,4,0,2155,882,250,20
L002155,O00882,C0230,Customer 0230,East,Consumer,customer230@example.com,2025-06-29,2025-06,Store,Completed,True,P023,Shelf 023,Storage,68.00,1,68.00,0.20,0,,68.00,13.6000,54.4000,0.0000,54.4000,1,0,2156,883,231,24
L002156,O00882,C0230,Customer 0230,East,Consumer,customer230@example.com,2025-06-29,2025-06,Store,Completed,True,P021,Lamp 021,Lighting,249.00,2,249.00,0.05,0,,498.00,24.9000,473.1000,0.0000,473.1000,2,0,2157,883,231,22
L002157,O00883,C0205,Customer 0205,West,Business,,2025-05-31,2025-05,Store,Completed,True,P022,Chair 022,Furniture,134.00,1,134.00,0.20,0,,134.00,26.8000,107.2000,0.0000,107.2000,1,0,2158,884,206,23
L002158,O00884,C0125,Customer 0125,South,Business,customer125@example.com,2025-10-27,2025-10,Online,Cancelled,False,P014,Chair 014,Furniture,294.00,5,294.00,0.00,0,,1470.00,0.0000,1470.0000,0.0000,1470.0000,5,0,2159,885,126,15
L002159,O00884,C0125,Customer 0125,South,Business,customer125@example.com,2025-10-27,2025-10,Online,Cancelled,False,P003,Shelf 003,Storage,199.00,3,199.00,0.00,0,,597.00,0.0000,597.0000,0.0000,597.0000,3,0,2160,885,126,4
L002160,O00885,C0099,Customer 0099,West,Consumer,customer99@example.com,2025-03-12,2025-03,Store,Completed,True,P014,Chair 014,Furniture,294.00,1,294.00,0.05,1,2025-03-19,294.00,14.7000,279.3000,279.3000,0.0000,1,1,2161,886,100,15
L002161,O00886,C0130,Customer 0130,West,Business,customer130@example.com,2025-02-26,2025-02,Online,Completed,True,P009,Lamp 009,Lighting,93.00,4,93.00,0.20,0,,372.00,74.4000,297.6000,0.0000,297.6000,4,0,2162,887,131,10
L002162,O00886,C0130,Customer 0130,West,Business,customer130@example.com,2025-02-26,2025-02,Online,Completed,True,P020,Desk 020,Furniture,189.00,5,189.00,0.05,0,,945.00,47.2500,897.7500,0.0000,897.7500,5,0,2163,887,131,21
L002163,O00886,C0130,Customer 0130,West,Business,customer130@example.com,2025-02-26,2025-02,Online,Completed,True,P020,Desk 020,Furniture,189.00,2,189.00,0.20,1,2025-02-27,378.00,75.6000,302.4000,302.4000,0.0000,2,2,2164,887,131,21
L002164,O00887,C0247,Customer 0247,North,Consumer,customer247@example.com,2025-07-13,2025-07,Online,Completed,True,P017,Lamp 017,Lighting,300.00,2,300.00,0.05,0,,600.00,30.0000,570.0000,0.0000,570.0000,2,0,2165,888,248,18
L002165,O00887,C0247,Customer 0247,North,Consumer,customer247@example.com,2025-07-13,2025-07,Online,Completed,True,P014,Chair 014,Furniture,294.00,3,294.00,0.10,0,,882.00,88.2000,793.8000,0.0000,793.8000,3,0,2166,888,248,15
L002166,O00887,C0247,Customer 0247,North,Consumer,customer247@example.com,2025-07-13,2025-07,Online,Completed,True,P018,Chair 018,Furniture,269.00,1,269.00,0.05,0,,269.00,13.4500,255.5500,0.0000,255.5500,1,0,2167,888,248,19
L002167,O00888,C0224,Customer 0224,West,Consumer,customer224@example.com,2025-03-02,2025-03,Store,Completed,True,P007,Shelf 007,Storage,35.00,1,35.00,0.05,0,,35.00,1.7500,33.2500,0.0000,33.2500,1,0,2168,889,225,8
L002168,O00888,C0224,Customer 0224,West,Consumer,customer224@example.com,2025-03-02,2025-03,Store,Completed,True,P015,Shelf 015,Storage,254.00,4,254.00,0.05,1,2025-03-29,1016.00,50.8000,965.2000,482.6000,482.6000,4,2,2169,889,225,16
L002169,O00888,C0224,Customer 0224,West,Consumer,customer224@example.com,2025-03-02,2025-03,Store,Completed,True,P008,Desk 008,Furniture,188.00,2,188.00,0.00,0,,376.00,0.0000,376.0000,0.0000,376.0000,2,0,2170,889,225,9
L002170,O00888,C0224,Customer 0224,West,Consumer,customer224@example.com,2025-03-02,2025-03,Store,Completed,True,P015,Shelf 015,Storage,254.00,4,254.00,0.10,0,,1016.00,101.6000,914.4000,0.0000,914.4000,4,0,2171,889,225,16
L002171,O00889,C0177,Customer 0177,West,Business,customer177@example.com,2025-09-10,2025-09,Store,Completed,True,P004,Desk 004,Furniture,123.00,4,123.00,0,0,,492.00,0.00,492.00,0.00,492.00,4,0,2172,890,178,5
L002172,O00890,C0107,Customer 0107,South,Consumer,customer107@example.com,2025-09-10,2025-09,Online,Completed,True,P010,Chair 010,Furniture,211.00,1,211.00,0.05,0,,211.00,10.5500,200.4500,0.0000,200.4500,1,0,2173,891,108,11
L002173,O00890,C0107,Customer 0107,South,Consumer,customer107@example.com,2025-09-10,2025-09,Online,Completed,True,P010,Chair 010,Furniture,211.00,2,211.00,0.00,0,,422.00,0.0000,422.0000,0.0000,422.0000,2,0,2174,891,108,11
L002174,O00890,C0107,Customer 0107,South,Consumer,customer107@example.com,2025-09-10,2025-09,Online,Completed,True,P020,Desk 020,Furniture,189.00,5,189.00,0.05,0,,945.00,47.2500,897.7500,0.0000,897.7500,5,0,2175,891,108,21
L002175,O00891,C0197,Customer 0197,East,Business,customer197@example.com,2025-06-17,2025-06,Store,Completed,True,P024,Desk 024,Furniture,81.00,5,81.00,0.00,0,,405.00,0.0000,405.0000,0.0000,405.0000,5,0,2176,892,198,25
L002176,O00892,C0104,Customer 0104,North,Business,customer104@example.com,2025-12-25,2025-12,Online,Completed,True,P006,Chair 006,Furniture,196.00,5,196.00,0.10,0,,980.00,98.0000,882.0000,0.0000,882.0000,5,0,2177,893,105,7
L002177,O00892,C0104,Customer 0104,North,Business,customer104@example.com,2025-12-25,2025-12,Online,Completed,True,P010,Chair 010,Furniture,211.00,4,211.00,0.20,0,,844.00,168.8000,675.2000,0.0000,675.2000,4,0,2178,893,105,11
L002178,O00892,C0104,Customer 0104,North,Business,customer104@example.com,2025-12-25,2025-12,Online,Completed,True,P021,Lamp 021,Lighting,249.00,3,249.00,0.00,0,,747.00,0.0000,747.0000,0.0000,747.0000,3,0,2179,893,105,22
L002179,O00893,C0191,Customer 0191,North,Consumer,customer191@example.com,2025-11-20,2025-11,Store,Completed,True,P003,Shelf 003,Storage,199.00,2,199.00,0.00,0,,398.00,0.0000,398.0000,0.0000,398.0000,2,0,2180,894,192,4
L002180,O00894,C0063,Customer 0063,West,Consumer,customer63@example.com,2025-12-20,2025-12,Store,Completed,True,P009,Lamp 009,Lighting,93.00,4,93.00,0.05,0,,372.00,18.6000,353.4000,0.0000,353.4000,4,0,2181,895,64,10
L002181,O00894,C0063,Customer 0063,West,Consumer,customer63@example.com,2025-12-20,2025-12,Store,Completed,True,P003,Shelf 003,Storage,199.00,5,199.00,0.05,0,,995.00,49.7500,945.2500,0.0000,945.2500,5,0,2182,895,64,4
L002182,O00894,C0063,Customer 0063,West,Consumer,customer63@example.com,2025-12-20,2025-12,Store,Completed,True,P020,Desk 020,Furniture,189.00,2,189.00,0.00,0,,378.00,0.0000,378.0000,0.0000,378.0000,2,0,2183,895,64,21
L002183,O00895,C0029,Customer 0029,East,Consumer,customer29@example.com,2025-02-23,2025-02,Store,Completed,True,P016,Desk 016,Furniture,231.00,2,231.00,0.10,0,,462.00,46.2000,415.8000,0.0000,415.8000,2,0,2184,896,30,17
L002184,O00896,C0041,Customer 0041,West,Business,customer41@example.com,2025-02-28,2025-02,Store,Completed,True,P006,Chair 006,Furniture,196.00,2,196.00,0.05,0,,392.00,19.6000,372.4000,0.0000,372.4000,2,0,2185,897,42,7
L002185,O00896,C0041,Customer 0041,West,Business,customer41@example.com,2025-02-28,2025-02,Store,Completed,True,P013,Lamp 013,Lighting,271.00,2,271.00,0.00,0,,542.00,0.0000,542.0000,0.0000,542.0000,2,0,2186,897,42,14
L002186,O00897,C0075,Customer 0075,South,Business,customer75@example.com,2025-01-25,2025-01,Store,Completed,True,P013,Lamp 013,Lighting,271.00,3,271.00,0.00,1,2025-02-05,813.00,0.0000,813.0000,271.0000,542.0000,3,1,2187,898,76,14
L002187,O00897,C0075,Customer 0075,South,Business,customer75@example.com,2025-01-25,2025-01,Store,Completed,True,P017,Lamp 017,Lighting,300.00,5,300.00,0.00,0,,1500.00,0.0000,1500.0000,0.0000,1500.0000,5,0,2188,898,76,18
L002188,O00897,C0075,Customer 0075,South,Business,customer75@example.com,2025-01-25,2025-01,Store,Completed,True,P005,Lamp 005,Lighting,65.00,3,65.00,0.00,0,,195.00,0.0000,195.0000,0.0000,195.0000,3,0,2189,898,76,6
L002189,O00898,C0160,Customer 0160,West,Business,customer160@example.com,2025-01-04,2025-01,Online,Completed,True,P013,Lamp 013,Lighting,271.00,3,271.00,0.20,0,,813.00,162.6000,650.4000,0.0000,650.4000,3,0,2190,899,161,14
L002190,O00898,C0160,Customer 0160,West,Business,customer160@example.com,2025-01-04,2025-01,Online,Completed,True,P007,Shelf 007,Storage,35.00,1,35.00,0.10,0,,35.00,3.5000,31.5000,0.0000,31.5000,1,0,2191,899,161,8
L002191,O00898,C0160,Customer 0160,West,Business,customer160@example.com,2025-01-04,2025-01,Online,Completed,True,P012,Desk 012,Furniture,134.00,5,134.00,0.20,1,2025-01-26,670.00,134.0000,536.0000,107.2000,428.8000,5,1,2192,899,161,13
L002192,O00899,C0286,Customer 0286,West,Business,customer286@example.com,2025-12-10,2025-12,Store,Completed,True,P021,Lamp 021,Lighting,249.00,1,249.00,0.10,0,,249.00,24.9000,224.1000,0.0000,224.1000,1,0,2193,900,287,22
L002193,O00900,C0243,Customer 0243,East,Business,customer243@example.com,2025-06-19,2025-06,Online,Completed,True,P023,Shelf 023,Storage,68.00,4,68.00,0.00,0,,272.00,0.0000,272.0000,0.0000,272.0000,4,0,2194,901,244,24
L002194,O00901,C0054,Customer 0054,East,Business,customer54@example.com,2025-08-12,2025-08,Store,Completed,True,P024,Desk 024,Furniture,81.00,4,81.00,0.00,0,,324.00,0.0000,324.0000,0.0000,324.0000,4,0,2195,902,55,25
L002195,O00901,C0054,Customer 0054,East,Business,customer54@example.com,2025-08-12,2025-08,Store,Completed,True,P012,Desk 012,Furniture,134.00,4,134.00,0.05,0,,536.00,26.8000,509.2000,0.0000,509.2000,4,0,2196,902,55,13
L002196,O00901,C0054,Customer 0054,East,Business,customer54@example.com,2025-08-12,2025-08,Store,Completed,True,P020,Desk 020,Furniture,189.00,4,189.00,0.05,0,,756.00,37.8000,718.2000,0.0000,718.2000,4,0,2197,902,55,21
L002197,O00901,C0054,Customer 0054,East,Business,customer54@example.com,2025-08-12,2025-08,Store,Completed,True,P014,Chair 014,Furniture,294.00,4,294.00,0.00,0,,1176.00,0.0000,1176.0000,0.0000,1176.0000,4,0,2198,902,55,15
L002198,O00902,C0030,Customer 0030,South,Business,customer30@example.com,2025-06-23,2025-06,Online,Completed,True,P017,Lamp 017,Lighting,300.00,2,300.00,0.05,0,,600.00,30.0000,570.0000,0.0000,570.0000,2,0,2199,903,31,18
L002199,O00902,C0030,Customer 0030,South,Business,customer30@example.com,2025-06-23,2025-06,Online,Completed,True,P016,Desk 016,Furniture,231.00,2,231.00,0.00,0,,462.00,0.0000,462.0000,0.0000,462.0000,2,0,2200,903,31,17
L002200,O00902,C0030,Customer 0030,South,Business,customer30@example.com,2025-06-23,2025-06,Online,Completed,True,P019,Shelf 019,Storage,78.00,5,78.00,0.10,1,2025-07-03,390.00,39.0000,351.0000,70.2000,280.8000,5,1,2201,903,31,20
L002201,O00903,C0089,Customer 0089,South,Business,customer89@example.com,2025-06-05,2025-06,Online,Completed,True,P014,Chair 014,Furniture,294.00,2,294.00,0.05,0,,588.00,29.4000,558.6000,0.0000,558.6000,2,0,2202,904,90,15
L002202,O00904,C0182,Customer 0182,West,Business,customer182@example.com,2025-11-26,2025-11,Store,Completed,True,P020,Desk 020,Furniture,189.00,2,189.00,0,0,,378.00,0.00,378.00,0.00,378.00,2,0,2203,905,183,21
L002203,O00905,C0149,Customer 0149,East,Business,customer149@example.com,2025-09-12,2025-09,Store,Completed,True,P014,Chair 014,Furniture,294.00,5,294.00,0.05,0,,1470.00,73.5000,1396.5000,0.0000,1396.5000,5,0,2204,906,150,15
L002204,O00905,C0149,Customer 0149,East,Business,customer149@example.com,2025-09-12,2025-09,Store,Completed,True,P019,Shelf 019,Storage,78.00,2,78.00,0.20,0,,156.00,31.2000,124.8000,0.0000,124.8000,2,0,2205,906,150,20
L002205,O00906,C0253,Customer 0253,North,Consumer,customer253@example.com,2025-10-28,2025-10,Online,Completed,True,P004,Desk 004,Furniture,123.00,1,123.00,0.20,1,2025-11-06,123.00,24.6000,98.4000,98.4000,0.0000,1,1,2206,907,254,5
L002206,O00907,C0287,Customer 0287,South,Consumer,customer287@example.com,2025-04-13,2025-04,Online,Cancelled,False,P001,Lamp 001,Lighting,122.00,2,122.00,0.10,0,,244.00,24.4000,219.6000,0.0000,219.6000,2,0,2207,908,288,2
L002207,O00907,C0287,Customer 0287,South,Consumer,customer287@example.com,2025-04-13,2025-04,Online,Cancelled,False,P009,Lamp 009,Lighting,93.00,4,93.00,0.20,0,,372.00,74.4000,297.6000,0.0000,297.6000,4,0,2208,908,288,10
L002208,O00907,C0287,Customer 0287,South,Consumer,customer287@example.com,2025-04-13,2025-04,Online,Cancelled,False,P007,Shelf 007,Storage,35.00,4,35.00,0.20,0,,140.00,28.0000,112.0000,0.0000,112.0000,4,0,2209,908,288,8
L002209,O00908,C0008,Customer 0008,North,Consumer,customer8@example.com,2025-10-29,2025-10,Online,Completed,True,P011,Shelf 011,Storage,80.00,3,80.00,0.10,0,,240.00,24.0000,216.0000,0.0000,216.0000,3,0,2210,909,9,12
L002210,O00908,C0008,Customer 0008,North,Consumer,customer8@example.com,2025-10-29,2025-10,Online,Completed,True,P002,Chair 002,Furniture,284.00,1,284.00,0.20,0,,284.00,56.8000,227.2000,0.0000,227.2000,1,0,2211,909,9,3
L002211,O00908,C0008,Customer 0008,North,Consumer,customer8@example.com,2025-10-29,2025-10,Online,Completed,True,P011,Shelf 011,Storage,80.00,5,80.00,0.00,0,,400.00,0.0000,400.0000,0.0000,400.0000,5,0,2212,909,9,12
L002212,O00908,C0008,Customer 0008,North,Consumer,customer8@example.com,2025-10-29,2025-10,Online,Completed,True,P003,Shelf 003,Storage,199.00,1,199.00,0.10,0,,199.00,19.9000,179.1000,0.0000,179.1000,1,0,2213,909,9,4
L002213,O00909,C0265,Customer 0265,West,Consumer,customer265@example.com,2025-07-23,2025-07,Online,Completed,True,P005,Lamp 005,Lighting,65.00,5,65.00,0.10,0,,325.00,32.5000,292.5000,0.0000,292.5000,5,0,2214,910,266,6
L002214,O00910,C0062,Customer 0062,West,Business,customer62@example.com,2025-06-13,2025-06,Online,Completed,True,P011,Shelf 011,Storage,80.00,1,80.00,0.05,0,,80.00,4.0000,76.0000,0.0000,76.0000,1,0,2215,911,63,12
L002215,O00910,C0062,Customer 0062,West,Business,customer62@example.com,2025-06-13,2025-06,Online,Completed,True,P012,Desk 012,Furniture,134.00,2,134.00,0.00,0,,268.00,0.0000,268.0000,0.0000,268.0000,2,0,2216,911,63,13
L002216,O00911,C0119,Customer 0119,North,Business,customer119@example.com,2025-10-16,2025-10,Online,Completed,True,P007,Shelf 007,Storage,35.00,5,35.00,0.05,0,,175.00,8.7500,166.2500,0.0000,166.2500,5,0,2217,912,120,8
L002217,O00911,C0119,Customer 0119,North,Business,customer119@example.com,2025-10-16,2025-10,Online,Completed,True,P020,Desk 020,Furniture,189.00,4,189.00,0.10,0,,756.00,75.6000,680.4000,0.0000,680.4000,4,0,2218,912,120,21
L002218,O00911,C0119,Customer 0119,North,Business,customer119@example.com,2025-10-16,2025-10,Online,Completed,True,P024,Desk 024,Furniture,81.00,5,81.00,0.05,0,,405.00,20.2500,384.7500,0.0000,384.7500,5,0,2219,912,120,25
L002219,O00911,C0119,Customer 0119,North,Business,customer119@example.com,2025-10-16,2025-10,Online,Completed,True,P011,Shelf 011,Storage,80.00,3,80.00,0.00,0,,240.00,0.0000,240.0000,0.0000,240.0000,3,0,2220,912,120,12
L002220,O00912,C0036,Customer 0036,West,Consumer,customer36@example.com,2025-10-20,2025-10,Store,Completed,True,P010,Chair 010,Furniture,211.00,3,211.00,0.10,1,2025-10-26,633.00,63.3000,569.7000,379.8000,189.9000,3,2,2221,913,37,11
L002221,O00912,C0036,Customer 0036,West,Consumer,customer36@example.com,2025-10-20,2025-10,Store,Completed,True,P003,Shelf 003,Storage,199.00,5,199.00,0.05,0,,995.00,49.7500,945.2500,0.0000,945.2500,5,0,2222,913,37,4
L002222,O00913,C0069,Customer 0069,South,Business,,2025-08-21,2025-08,Online,Cancelled,False,P019,Shelf 019,Storage,78.00,5,78.00,0.10,0,,390.00,39.0000,351.0000,0.0000,351.0000,5,0,2223,914,70,20
L002223,O00914,C0051,Customer 0051,West,Consumer,customer51@example.com,2025-02-14,2025-02,Online,Completed,True,P007,Shelf 007,Storage,35.00,4,35.00,0.00,0,,140.00,0.0000,140.0000,0.0000,140.0000,4,0,2224,915,52,8
L002224,O00914,C0051,Customer 0051,West,Consumer,customer51@example.com,2025-02-14,2025-02,Online,Completed,True,P004,Desk 004,Furniture,123.00,1,123.00,0.10,0,,123.00,12.3000,110.7000,0.0000,110.7000,1,0,2225,915,52,5
L002225,O00914,C0051,Customer 0051,West,Consumer,customer51@example.com,2025-02-14,2025-02,Online,Completed,True,P024,Desk 024,Furniture,81.00,2,81.00,0.10,0,,162.00,16.2000,145.8000,0.0000,145.8000,2,0,2226,915,52,25
L002226,O00914,C0051,Customer 0051,West,Consumer,customer51@example.com,2025-02-14,2025-02,Online,Completed,True,P002,Chair 002,Furniture,284.00,3,284.00,0.20,0,,852.00,170.4000,681.6000,0.0000,681.6000,3,0,2227,915,52,3
L002227,O00915,C0225,Customer 0225,North,Consumer,customer225@example.com,2025-12-10,2025-12,Store,Completed,True,P004,Desk 004,Furniture,123.00,5,123.00,0.05,0,,615.00,30.7500,584.2500,0.0000,584.2500,5,0,2228,916,226,5
L002228,O00915,C0225,Customer 0225,North,Consumer,customer225@example.com,2025-12-10,2025-12,Store,Completed,True,P010,Chair 010,Furniture,211.00,4,211.00,0.10,0,,844.00,84.4000,759.6000,0.0000,759.6000,4,0,2229,916,226,11
L002229,O00915,C0225,Customer 0225,North,Consumer,customer225@example.com,2025-12-10,2025-12,Store,Completed,True,P018,Chair 018,Furniture,269.00,5,269.00,0.05,0,,1345.00,67.2500,1277.7500,0.0000,1277.7500,5,0,2230,916,226,19
L002230,O00916,C0124,Customer 0124,East,Consumer,customer124@example.com,2025-01-11,2025-01,Online,Completed,True,P006,Chair 006,Furniture,196.00,5,196.00,0.05,0,,980.00,49.0000,931.0000,0.0000,931.0000,5,0,2231,917,125,7
L002231,O00917,C0071,Customer 0071,West,Consumer,customer71@example.com,2025-12-29,2025-12,Store,Completed,True,P004,Desk 004,Furniture,123.00,4,123.00,0.00,0,,492.00,0.0000,492.0000,0.0000,492.0000,4,0,2232,918,72,5
L002232,O00917,C0071,Customer 0071,West,Consumer,customer71@example.com,2025-12-29,2025-12,Store,Completed,True,P012,Desk 012,Furniture,134.00,3,134.00,0.10,0,,402.00,40.2000,361.8000,0.0000,361.8000,3,0,2233,918,72,13
L002233,O00918,C0235,Customer 0235,North,Business,customer235@example.com,2025-11-15,2025-11,Online,Completed,True,P007,Shelf 007,Storage,35.00,3,35.00,0.05,0,,105.00,5.2500,99.7500,0.0000,99.7500,3,0,2234,919,236,8
L002234,O00918,C0235,Customer 0235,North,Business,customer235@example.com,2025-11-15,2025-11,Online,Completed,True,P016,Desk 016,Furniture,231.00,5,231.00,0.00,0,,1155.00,0.0000,1155.0000,0.0000,1155.0000,5,0,2235,919,236,17
L002235,O00919,C0264,Customer 0264,South,Business,customer264@example.com,2025-05-02,2025-05,Online,Completed,True,P019,Shelf 019,Storage,78.00,5,78.00,0.00,0,,390.00,0.0000,390.0000,0.0000,390.0000,5,0,2236,920,265,20
L002236,O00919,C0264,Customer 0264,South,Business,customer264@example.com,2025-05-02,2025-05,Online,Completed,True,P020,Desk 020,Furniture,189.00,5,189.00,0.00,0,,945.00,0.0000,945.0000,0.0000,945.0000,5,0,2237,920,265,21
L002237,O00920,C0214,Customer 0214,West,Business,customer214@example.com,2025-01-26,2025-01,Store,Completed,True,P012,Desk 012,Furniture,134.00,4,134.00,0.00,0,,536.00,0.0000,536.0000,0.0000,536.0000,4,0,2238,921,215,13
L002238,O00920,C0214,Customer 0214,West,Business,customer214@example.com,2025-01-26,2025-01,Store,Completed,True,P004,Desk 004,Furniture,123.00,4,123.00,0.00,0,,492.00,0.0000,492.0000,0.0000,492.0000,4,0,2239,921,215,5
L002239,O00920,C0214,Customer 0214,West,Business,customer214@example.com,2025-01-26,2025-01,Store,Completed,True,P021,Lamp 021,Lighting,249.00,2,249.00,0.10,0,,498.00,49.8000,448.2000,0.0000,448.2000,2,0,2240,921,215,22
L002240,O00921,C0023,Customer 0023,South,Consumer,customer23@example.com,2025-07-15,2025-07,Store,Completed,True,P009,Lamp 009,Lighting,93.00,3,93.00,0.00,0,,279.00,0.0000,279.0000,0.0000,279.0000,3,0,2241,922,24,10
L002241,O00921,C0023,Customer 0023,South,Consumer,customer23@example.com,2025-07-15,2025-07,Store,Completed,True,P018,Chair 018,Furniture,269.00,4,269.00,0.00,0,,1076.00,0.0000,1076.0000,0.0000,1076.0000,4,0,2242,922,24,19
L002242,O00922,C0235,Customer 0235,North,Business,customer235@example.com,2025-06-14,2025-06,Online,Completed,True,P017,Lamp 017,Lighting,300.00,4,300.00,0.10,0,,1200.00,120.0000,1080.0000,0.0000,1080.0000,4,0,2243,923,236,18
L002243,O00922,C0235,Customer 0235,North,Business,customer235@example.com,2025-06-14,2025-06,Online,Completed,True,P020,Desk 020,Furniture,189.00,3,189.00,0.00,0,,567.00,0.0000,567.0000,0.0000,567.0000,3,0,2244,923,236,21
L002244,O00922,C0235,Customer 0235,North,Business,customer235@example.com,2025-06-14,2025-06,Online,Completed,True,P008,Desk 008,Furniture,188.00,1,188.00,0.00,0,,188.00,0.0000,188.0000,0.0000,188.0000,1,0,2245,923,236,9
L002245,O00923,C0131,Customer 0131,West,Business,customer131@example.com,2025-10-29,2025-10,Store,Completed,True,P018,Chair 018,Furniture,269.00,2,269.00,0.05,0,,538.00,26.9000,511.1000,0.0000,511.1000,2,0,2246,924,132,19
L002246,O00924,C0203,Customer 0203,South,Business,customer203@example.com,2025-11-07,2025-11,Store,Completed,True,P002,Chair 002,Furniture,284.00,4,284.00,0.20,0,,1136.00,227.2000,908.8000,0.0000,908.8000,4,0,2247,925,204,3
L002247,O00925,C0005,Customer 0005,South,Business,customer5@example.com,2025-03-24,2025-03,Store,Completed,True,P004,Desk 004,Furniture,123.00,3,123.00,0.05,0,,369.00,18.4500,350.5500,0.0000,350.5500,3,0,2248,926,6,5
L002248,O00925,C0005,Customer 0005,South,Business,customer5@example.com,2025-03-24,2025-03,Store,Completed,True,P022,Chair 022,Furniture,134.00,1,134.00,0.20,0,,134.00,26.8000,107.2000,0.0000,107.2000,1,0,2249,926,6,23
L002249,O00925,C0005,Customer 0005,South,Business,customer5@example.com,2025-03-24,2025-03,Store,Completed,True,P001,Lamp 001,Lighting,122.00,4,122.00,0.00,0,,488.00,0.0000,488.0000,0.0000,488.0000,4,0,2250,926,6,2
L002250,O00925,C0005,Customer 0005,South,Business,customer5@example.com,2025-03-24,2025-03,Store,Completed,True,P005,Lamp 005,Lighting,65.00,5,65.00,0.05,0,,325.00,16.2500,308.7500,0.0000,308.7500,5,0,2251,926,6,6
L002251,O00926,C0300,Customer 0300,West,Consumer,customer300@example.com,2025-03-01,2025-03,Online,Cancelled,False,P022,Chair 022,Furniture,134.00,5,134.00,0.20,0,,670.00,134.0000,536.0000,0.0000,536.0000,5,0,2252,927,301,23
L002252,O00926,C0300,Customer 0300,West,Consumer,customer300@example.com,2025-03-01,2025-03,Online,Cancelled,False,P012,Desk 012,Furniture,134.00,2,134.00,0.20,0,,268.00,53.6000,214.4000,0.0000,214.4000,2,0,2253,927,301,13
L002253,O00927,C0189,Customer 0189,North,Consumer,customer189@example.com,2025-01-03,2025-01,Online,Completed,True,P021,Lamp 021,Lighting,249.00,4,249.00,0.05,0,,996.00,49.8000,946.2000,0.0000,946.2000,4,0,2254,928,190,22
L002254,O00927,C0189,Customer 0189,North,Consumer,customer189@example.com,2025-01-03,2025-01,Online,Completed,True,P017,Lamp 017,Lighting,300.00,1,300.00,0.05,0,,300.00,15.0000,285.0000,0.0000,285.0000,1,0,2255,928,190,18
L002255,O00927,C0189,Customer 0189,North,Consumer,customer189@example.com,2025-01-03,2025-01,Online,Completed,True,P006,Chair 006,Furniture,196.00,1,196.00,0.20,0,,196.00,39.2000,156.8000,0.0000,156.8000,1,0,2256,928,190,7
L002256,O00928,C0175,Customer 0175,North,Consumer,customer175@example.com,2025-01-06,2025-01,Store,Completed,True,P009,Lamp 009,Lighting,93.00,3,93.00,0.00,0,,279.00,0.0000,279.0000,0.0000,279.0000,3,0,2257,929,176,10
L002257,O00928,C0175,Customer 0175,North,Consumer,customer175@example.com,2025-01-06,2025-01,Store,Completed,True,P004,Desk 004,Furniture,123.00,3,123.00,0.00,0,,369.00,0.0000,369.0000,0.0000,369.0000,3,0,2258,929,176,5
L002258,O00928,C0175,Customer 0175,North,Consumer,customer175@example.com,2025-01-06,2025-01,Store,Completed,True,P023,Shelf 023,Storage,68.00,5,68.00,0.20,0,,340.00,68.0000,272.0000,0.0000,272.0000,5,0,2259,929,176,24
L002259,O00929,C0089,Customer 0089,South,Business,customer89@example.com,2025-06-25,2025-06,Online,Completed,True,P023,Shelf 023,Storage,68.00,3,68.00,0.05,0,,204.00,10.2000,193.8000,0.0000,193.8000,3,0,2260,930,90,24
L002260,O00930,C0103,Customer 0103,West,Consumer,,2025-10-31,2025-10,Store,Completed,True,P020,Desk 020,Furniture,189.00,2,189.00,0.00,0,,378.00,0.0000,378.0000,0.0000,378.0000,2,0,2261,931,104,21
L002261,O00930,C0103,Customer 0103,West,Consumer,,2025-10-31,2025-10,Store,Completed,True,P009,Lamp 009,Lighting,93.00,3,93.00,0.05,0,,279.00,13.9500,265.0500,0.0000,265.0500,3,0,2262,931,104,10
L002262,O00931,C0173,Customer 0173,West,Consumer,customer173@example.com,2025-07-01,2025-07,Online,Completed,True,P009,Lamp 009,Lighting,93.00,3,93.00,0.10,0,,279.00,27.9000,251.1000,0.0000,251.1000,3,0,2263,932,174,10
L002263,O00932,C0143,Customer 0143,West,Business,customer143@example.com,2025-05-31,2025-05,Store,Completed,True,P017,Lamp 017,Lighting,300.00,1,300.00,0.00,0,,300.00,0.0000,300.0000,0.0000,300.0000,1,0,2264,933,144,18
L002264,O00933,C0216,Customer 0216,North,Consumer,customer216@example.com,2025-01-18,2025-01,Store,Completed,True,P024,Desk 024,Furniture,81.00,3,81.00,0,0,,243.00,0.00,243.00,0.00,243.00,3,0,2265,934,217,25
L002265,O00933,C0216,Customer 0216,North,Consumer,customer216@example.com,2025-01-18,2025-01,Store,Completed,True,P023,Shelf 023,Storage,68.00,4,68.00,0.00,0,,272.00,0.0000,272.0000,0.0000,272.0000,4,0,2266,934,217,24
L002266,O00934,C0095,Customer 0095,East,Consumer,customer95@example.com,2025-05-02,2025-05,Online,Completed,True,P013,Lamp 013,Lighting,271.00,1,271.00,0.00,0,,271.00,0.0000,271.0000,0.0000,271.0000,1,0,2267,935,96,14
L002267,O00934,C0095,Customer 0095,East,Consumer,customer95@example.com,2025-05-02,2025-05,Online,Completed,True,P015,Shelf 015,Storage,254.00,5,254.00,0.20,0,,1270.00,254.0000,1016.0000,0.0000,1016.0000,5,0,2268,935,96,16
L002268,O00934,C0095,Customer 0095,East,Consumer,customer95@example.com,2025-05-02,2025-05,Online,Completed,True,P001,Lamp 001,Lighting,122.00,2,122.00,0.05,0,,244.00,12.2000,231.8000,0.0000,231.8000,2,0,2269,935,96,2
L002269,O00935,C0273,Customer 0273,South,Business,,2025-12-04,2025-12,Store,Completed,True,P007,Shelf 007,Storage,35.00,3,35.00,0.10,0,,105.00,10.5000,94.5000,0.0000,94.5000,3,0,2270,936,274,8
L002270,O00935,C0273,Customer 0273,South,Business,,2025-12-04,2025-12,Store,Completed,True,P005,Lamp 005,Lighting,65.00,2,65.00,0.10,0,,130.00,13.0000,117.0000,0.0000,117.0000,2,0,2271,936,274,6
L002271,O00935,C0273,Customer 0273,South,Business,,2025-12-04,2025-12,Store,Completed,True,P015,Shelf 015,Storage,254.00,3,254.00,0.20,0,,762.00,152.4000,609.6000,0.0000,609.6000,3,0,2272,936,274,16
L002272,O00935,C0273,Customer 0273,South,Business,,2025-12-04,2025-12,Store,Completed,True,P012,Desk 012,Furniture,134.00,2,134.00,0.20,0,,268.00,53.6000,214.4000,0.0000,214.4000,2,0,2273,936,274,13
L002273,O00936,C0182,Customer 0182,West,Business,customer182@example.com,2025-12-29,2025-12,Online,Completed,True,P019,Shelf 019,Storage,78.00,4,78.00,0.20,0,,312.00,62.4000,249.6000,0.0000,249.6000,4,0,2274,937,183,20
L002274,O00936,C0182,Customer 0182,West,Business,customer182@example.com,2025-12-29,2025-12,Online,Completed,True,P017,Lamp 017,Lighting,300.00,5,300.00,0.05,0,,1500.00,75.0000,1425.0000,0.0000,1425.0000,5,0,2275,937,183,18
L002275,O00937,C0083,Customer 0083,West,Consumer,customer83@example.com,2025-07-20,2025-07,Online,Completed,True,P020,Desk 020,Furniture,189.00,3,189.00,0.20,1,2025-08-16,567.00,113.4000,453.6000,302.4000,151.2000,3,2,2276,938,84,21
L002276,O00937,C0083,Customer 0083,West,Consumer,customer83@example.com,2025-07-20,2025-07,Online,Completed,True,P006,Chair 006,Furniture,196.00,5,196.00,0.10,0,,980.00,98.0000,882.0000,0.0000,882.0000,5,0,2277,938,84,7
L002277,O00937,C0083,Customer 0083,West,Consumer,customer83@example.com,2025-07-20,2025-07,Online,Completed,True,P023,Shelf 023,Storage,68.00,1,68.00,0.10,0,,68.00,6.8000,61.2000,0.0000,61.2000,1,0,2278,938,84,24
L002278,O00937,C0083,Customer 0083,West,Consumer,customer83@example.com,2025-07-20,2025-07,Online,Completed,True,P010,Chair 010,Furniture,211.00,3,211.00,0.05,0,,633.00,31.6500,601.3500,0.0000,601.3500,3,0,2279,938,84,11
L002279,O00938,C0209,Customer 0209,West,Business,customer209@example.com,2025-06-02,2025-06,Store,Completed,True,P003,Shelf 003,Storage,199.00,3,199.00,0.05,0,,597.00,29.8500,567.1500,0.0000,567.1500,3,0,2280,939,210,4
L002280,O00938,C0209,Customer 0209,West,Business,customer209@example.com,2025-06-02,2025-06,Store,Completed,True,P010,Chair 010,Furniture,211.00,4,211.00,0.05,0,,844.00,42.2000,801.8000,0.0000,801.8000,4,0,2281,939,210,11
L002281,O00938,C0209,Customer 0209,West,Business,customer209@example.com,2025-06-02,2025-06,Store,Completed,True,P021,Lamp 021,Lighting,249.00,2,249.00,0.10,0,,498.00,49.8000,448.2000,0.0000,448.2000,2,0,2282,939,210,22
L002282,O00938,C0209,Customer 0209,West,Business,customer209@example.com,2025-06-02,2025-06,Store,Completed,True,P010,Chair 010,Furniture,211.00,3,211.00,0.00,0,,633.00,0.0000,633.0000,0.0000,633.0000,3,0,2283,939,210,11
L002283,O00939,C0155,Customer 0155,South,Business,customer155@example.com,2025-02-23,2025-02,Store,Completed,True,P013,Lamp 013,Lighting,271.00,4,271.00,0.05,0,,1084.00,54.2000,1029.8000,0.0000,1029.8000,4,0,2284,940,156,14
L002284,O00939,C0155,Customer 0155,South,Business,customer155@example.com,2025-02-23,2025-02,Store,Completed,True,P013,Lamp 013,Lighting,271.00,3,271.00,0.00,0,,813.00,0.0000,813.0000,0.0000,813.0000,3,0,2285,940,156,14
L002285,O00940,C0223,Customer 0223,East,Consumer,customer223@example.com,2025-07-05,2025-07,Online,Completed,True,P002,Chair 002,Furniture,284.00,1,284.00,0.10,0,,284.00,28.4000,255.6000,0.0000,255.6000,1,0,2286,941,224,3
L002286,O00940,C0223,Customer 0223,East,Consumer,customer223@example.com,2025-07-05,2025-07,Online,Completed,True,P009,Lamp 009,Lighting,93.00,3,93.00,0.20,0,,279.00,55.8000,223.2000,0.0000,223.2000,3,0,2287,941,224,10
L002287,O00941,C0053,Customer 0053,West,Business,customer53@example.com,2025-12-13,2025-12,Store,Completed,True,P006,Chair 006,Furniture,196.00,3,196.00,0.00,0,,588.00,0.0000,588.0000,0.0000,588.0000,3,0,2288,942,54,7
L002288,O00941,C0053,Customer 0053,West,Business,customer53@example.com,2025-12-13,2025-12,Store,Completed,True,P004,Desk 004,Furniture,123.00,1,123.00,0.05,0,,123.00,6.1500,116.8500,0.0000,116.8500,1,0,2289,942,54,5
L002289,O00942,C0128,Customer 0128,West,Business,customer128@example.com,2025-08-10,2025-08,Store,Completed,True,P005,Lamp 005,Lighting,65.00,1,65.00,0.00,0,,65.00,0.0000,65.0000,0.0000,65.0000,1,0,2290,943,129,6
L002290,O00942,C0128,Customer 0128,West,Business,customer128@example.com,2025-08-10,2025-08,Store,Completed,True,P022,Chair 022,Furniture,134.00,3,134.00,0.05,0,,402.00,20.1000,381.9000,0.0000,381.9000,3,0,2291,943,129,23
L002291,O00942,C0128,Customer 0128,West,Business,customer128@example.com,2025-08-10,2025-08,Store,Completed,True,P007,Shelf 007,Storage,35.00,5,35.00,0.20,0,,175.00,35.0000,140.0000,0.0000,140.0000,5,0,2292,943,129,8
L002292,O00942,C0128,Customer 0128,West,Business,customer128@example.com,2025-08-10,2025-08,Store,Completed,True,P008,Desk 008,Furniture,188.00,1,188.00,0.00,0,,188.00,0.0000,188.0000,0.0000,188.0000,1,0,2293,943,129,9
L002293,O00943,C0190,Customer 0190,North,Business,customer190@example.com,2025-08-07,2025-08,Online,Completed,True,P023,Shelf 023,Storage,68.00,1,68.00,0.00,0,,68.00,0.0000,68.0000,0.0000,68.0000,1,0,2294,944,191,24
L002294,O00943,C0190,Customer 0190,North,Business,customer190@example.com,2025-08-07,2025-08,Online,Completed,True,P017,Lamp 017,Lighting,300.00,2,300.00,0.20,0,,600.00,120.0000,480.0000,0.0000,480.0000,2,0,2295,944,191,18
L002295,O00944,C0061,Customer 0061,East,Business,customer61@example.com,2025-09-29,2025-09,Online,Completed,True,P007,Shelf 007,Storage,35.00,1,35.00,0.1,0,,35.00,3.500,31.500,0.000,31.500,1,0,2296,945,62,8
L002296,O00944,C0061,Customer 0061,East,Business,customer61@example.com,2025-09-29,2025-09,Online,Completed,True,P004,Desk 004,Furniture,123.00,3,123.00,0.10,0,,369.00,36.9000,332.1000,0.0000,332.1000,3,0,2297,945,62,5
L002297,O00945,C0198,Customer 0198,West,Consumer,customer198@example.com,2025-03-03,2025-03,Online,Completed,True,P010,Chair 010,Furniture,211.00,4,211.00,0.05,0,,844.00,42.2000,801.8000,0.0000,801.8000,4,0,2298,946,199,11
L002298,O00945,C0198,Customer 0198,West,Consumer,customer198@example.com,2025-03-03,2025-03,Online,Completed,True,P015,Shelf 015,Storage,254.00,2,254.00,0.10,0,,508.00,50.8000,457.2000,0.0000,457.2000,2,0,2299,946,199,16
L002299,O00946,C0159,Customer 0159,West,Business,customer159@example.com,2025-05-22,2025-05,Store,Completed,True,P024,Desk 024,Furniture,81.00,3,81.00,0.00,0,,243.00,0.0000,243.0000,0.0000,243.0000,3,0,2300,947,160,25
L002300,O00947,C0084,Customer 0084,West,Business,customer84@example.com,2025-12-20,2025-12,Store,Completed,True,P020,Desk 020,Furniture,189.00,3,189.00,0.20,0,,567.00,113.4000,453.6000,0.0000,453.6000,3,0,2301,948,85,21
L002301,O00947,C0084,Customer 0084,West,Business,customer84@example.com,2025-12-20,2025-12,Store,Completed,True,P021,Lamp 021,Lighting,249.00,1,249.00,0.20,0,,249.00,49.8000,199.2000,0.0000,199.2000,1,0,2302,948,85,22
L002302,O00948,C0147,Customer 0147,East,Business,customer147@example.com,2025-05-11,2025-05,Store,Completed,True,P004,Desk 004,Furniture,123.00,3,123.00,0.00,1,2025-05-15,369.00,0.0000,369.0000,369.0000,0.0000,3,3,2303,949,148,5
L002303,O00949,C0085,Customer 0085,South,Consumer,customer85@example.com,2025-11-08,2025-11,Store,Completed,True,P006,Chair 006,Furniture,196.00,4,196.00,0.20,0,,784.00,156.8000,627.2000,0.0000,627.2000,4,0,2304,950,86,7
L002304,O00949,C0085,Customer 0085,South,Consumer,customer85@example.com,2025-11-08,2025-11,Store,Completed,True,P013,Lamp 013,Lighting,271.00,5,271.00,0.05,0,,1355.00,67.7500,1287.2500,0.0000,1287.2500,5,0,2305,950,86,14
L002305,O00949,C0085,Customer 0085,South,Consumer,customer85@example.com,2025-11-08,2025-11,Store,Completed,True,P021,Lamp 021,Lighting,249.00,3,249.00,0.20,0,,747.00,149.4000,597.6000,0.0000,597.6000,3,0,2306,950,86,22
L002306,O00950,C0231,Customer 0231,West,Business,customer231@example.com,2025-11-09,2025-11,Online,Completed,True,P020,Desk 020,Furniture,189.00,3,189.00,0.10,0,,567.00,56.7000,510.3000,0.0000,510.3000,3,0,2307,951,232,21
L002307,O00950,C0231,Customer 0231,West,Business,customer231@example.com,2025-11-09,2025-11,Online,Completed,True,P004,Desk 004,Furniture,123.00,5,123.00,0.00,0,,615.00,0.0000,615.0000,0.0000,615.0000,5,0,2308,951,232,5
L002308,O00950,C0231,Customer 0231,West,Business,customer231@example.com,2025-11-09,2025-11,Online,Completed,True,P003,Shelf 003,Storage,199.00,1,199.00,0.05,0,,199.00,9.9500,189.0500,0.0000,189.0500,1,0,2309,951,232,4
L002309,O00950,C0231,Customer 0231,West,Business,customer231@example.com,2025-11-09,2025-11,Online,Completed,True,P003,Shelf 003,Storage,199.00,3,199.00,0.00,0,,597.00,0.0000,597.0000,0.0000,597.0000,3,0,2310,951,232,4
L002310,O00951,C0066,Customer 0066,North,Business,customer66@example.com,2025-02-18,2025-02,Store,Completed,True,P003,Shelf 003,Storage,199.00,4,199.00,0.05,0,,796.00,39.8000,756.2000,0.0000,756.2000,4,0,2311,952,67,4
L002311,O00951,C0066,Customer 0066,North,Business,customer66@example.com,2025-02-18,2025-02,Store,Completed,True,P002,Chair 002,Furniture,284.00,3,284.00,0.00,0,,852.00,0.0000,852.0000,0.0000,852.0000,3,0,2312,952,67,3
L002312,O00952,C0093,Customer 0093,North,Consumer,customer93@example.com,2025-08-10,2025-08,Online,Completed,True,P021,Lamp 021,Lighting,249.00,3,249.00,0.05,0,,747.00,37.3500,709.6500,0.0000,709.6500,3,0,2313,953,94,22
L002313,O00952,C0093,Customer 0093,North,Consumer,customer93@example.com,2025-08-10,2025-08,Online,Completed,True,P017,Lamp 017,Lighting,300.00,4,300.00,0.05,0,,1200.00,60.0000,1140.0000,0.0000,1140.0000,4,0,2314,953,94,18
L002314,O00952,C0093,Customer 0093,North,Consumer,customer93@example.com,2025-08-10,2025-08,Online,Completed,True,P016,Desk 016,Furniture,231.00,4,231.00,0.10,0,,924.00,92.4000,831.6000,0.0000,831.6000,4,0,2315,953,94,17
L002315,O00953,C0227,Customer 0227,East,Consumer,customer227@example.com,2025-12-31,2025-12,Online,Cancelled,False,P013,Lamp 013,Lighting,271.00,3,271.00,0.05,0,,813.00,40.6500,772.3500,0.0000,772.3500,3,0,2316,954,228,14
L002316,O00953,C0227,Customer 0227,East,Consumer,customer227@example.com,2025-12-31,2025-12,Online,Cancelled,False,P002,Chair 002,Furniture,284.00,1,284.00,0.05,0,,284.00,14.2000,269.8000,0.0000,269.8000,1,0,2317,954,228,3
L002317,O00953,C0227,Customer 0227,East,Consumer,customer227@example.com,2025-12-31,2025-12,Online,Cancelled,False,P004,Desk 004,Furniture,123.00,2,123.00,0.00,0,,246.00,0.0000,246.0000,0.0000,246.0000,2,0,2318,954,228,5
L002318,O00954,C0186,Customer 0186,North,Consumer,customer186@example.com,2025-01-18,2025-01,Store,Completed,True,P005,Lamp 005,Lighting,65.00,1,65.00,0.20,0,,65.00,13.0000,52.0000,0.0000,52.0000,1,0,2319,955,187,6
L002319,O00954,C0186,Customer 0186,North,Consumer,customer186@example.com,2025-01-18,2025-01,Store,Completed,True,P007,Shelf 007,Storage,35.00,5,35.00,0.00,1,2025-02-16,175.00,0.0000,175.0000,175.0000,0.0000,5,5,2320,955,187,8
L002320,O00954,C0186,Customer 0186,North,Consumer,customer186@example.com,2025-01-18,2025-01,Store,Completed,True,P017,Lamp 017,Lighting,300.00,2,300.00,0.00,0,,600.00,0.0000,600.0000,0.0000,600.0000,2,0,2321,955,187,18
L002321,O00954,C0186,Customer 0186,North,Consumer,customer186@example.com,2025-01-18,2025-01,Store,Completed,True,P009,Lamp 009,Lighting,93.00,3,93.00,0.00,0,,279.00,0.0000,279.0000,0.0000,279.0000,3,0,2322,955,187,10
L002322,O00955,C0014,Customer 0014,North,Business,customer14@example.com,2025-06-17,2025-06,Store,Completed,True,P020,Desk 020,Furniture,189.00,1,189.00,0.20,0,,189.00,37.8000,151.2000,0.0000,151.2000,1,0,2323,956,15,21
L002323,O00955,C0014,Customer 0014,North,Business,customer14@example.com,2025-06-17,2025-06,Store,Completed,True,P021,Lamp 021,Lighting,249.00,3,249.00,0.00,0,,747.00,0.0000,747.0000,0.0000,747.0000,3,0,2324,956,15,22
L002324,O00955,C0014,Customer 0014,North,Business,customer14@example.com,2025-06-17,2025-06,Store,Completed,True,P020,Desk 020,Furniture,189.00,2,189.00,0.05,0,,378.00,18.9000,359.1000,0.0000,359.1000,2,0,2325,956,15,21
L002325,O00956,C0132,Customer 0132,North,Consumer,customer132@example.com,2025-06-02,2025-06,Store,Completed,True,P016,Desk 016,Furniture,231.00,1,231.00,0.05,0,,231.00,11.5500,219.4500,0.0000,219.4500,1,0,2326,957,133,17
L002326,O00956,C0132,Customer 0132,North,Consumer,customer132@example.com,2025-06-02,2025-06,Store,Completed,True,P019,Shelf 019,Storage,78.00,1,78.00,0.05,0,,78.00,3.9000,74.1000,0.0000,74.1000,1,0,2327,957,133,20
L002327,O00956,C0132,Customer 0132,North,Consumer,customer132@example.com,2025-06-02,2025-06,Store,Completed,True,P022,Chair 022,Furniture,134.00,1,134.00,0.20,0,,134.00,26.8000,107.2000,0.0000,107.2000,1,0,2328,957,133,23
L002328,O00956,C0132,Customer 0132,North,Consumer,customer132@example.com,2025-06-02,2025-06,Store,Completed,True,P020,Desk 020,Furniture,189.00,3,189.00,0.05,0,,567.00,28.3500,538.6500,0.0000,538.6500,3,0,2329,957,133,21
L002329,O00957,C0160,Customer 0160,West,Business,customer160@example.com,2025-09-02,2025-09,Store,Cancelled,False,P013,Lamp 013,Lighting,271.00,4,271.00,0.00,0,,1084.00,0.0000,1084.0000,0.0000,1084.0000,4,0,2330,958,161,14
L002330,O00957,C0160,Customer 0160,West,Business,customer160@example.com,2025-09-02,2025-09,Store,Cancelled,False,P008,Desk 008,Furniture,188.00,5,188.00,0.00,0,,940.00,0.0000,940.0000,0.0000,940.0000,5,0,2331,958,161,9
L002331,O00957,C0160,Customer 0160,West,Business,customer160@example.com,2025-09-02,2025-09,Store,Cancelled,False,P022,Chair 022,Furniture,134.00,5,134.00,0.20,0,,670.00,134.0000,536.0000,0.0000,536.0000,5,0,2332,958,161,23
L002332,O00957,C0160,Customer 0160,West,Business,customer160@example.com,2025-09-02,2025-09,Store,Cancelled,False,P018,Chair 018,Furniture,269.00,1,269.00,0.10,0,,269.00,26.9000,242.1000,0.0000,242.1000,1,0,2333,958,161,19
L002333,O00958,C0241,Customer 0241,North,Consumer,customer241@example.com,2025-06-05,2025-06,Online,Completed,True,P011,Shelf 011,Storage,80.00,5,80.00,0.20,0,,400.00,80.0000,320.0000,0.0000,320.0000,5,0,2334,959,242,12
L002334,O00959,C0235,Customer 0235,North,Business,customer235@example.com,2025-03-27,2025-03,Online,Completed,True,P024,Desk 024,Furniture,81.00,4,81.00,0.10,0,,324.00,32.4000,291.6000,0.0000,291.6000,4,0,2335,960,236,25
L002335,O00959,C0235,Customer 0235,North,Business,customer235@example.com,2025-03-27,2025-03,Online,Completed,True,P011,Shelf 011,Storage,80.00,4,80.00,0.20,0,,320.00,64.0000,256.0000,0.0000,256.0000,4,0,2336,960,236,12
L002336,O00959,C0235,Customer 0235,North,Business,customer235@example.com,2025-03-27,2025-03,Online,Completed,True,P006,Chair 006,Furniture,196.00,1,196.00,0.05,0,,196.00,9.8000,186.2000,0.0000,186.2000,1,0,2337,960,236,7
L002337,O00960,C0034,Customer 0034,East,Consumer,customer34@example.com,2025-09-09,2025-09,Online,Completed,True,P003,Shelf 003,Storage,199.00,1,199.00,0.20,1,2025-09-26,199.00,39.8000,159.2000,159.2000,0.0000,1,1,2338,961,35,4
L002338,O00960,C0034,Customer 0034,East,Consumer,customer34@example.com,2025-09-09,2025-09,Online,Completed,True,P006,Chair 006,Furniture,196.00,5,196.00,0.00,0,,980.00,0.0000,980.0000,0.0000,980.0000,5,0,2339,961,35,7
L002339,O00960,C0034,Customer 0034,East,Consumer,customer34@example.com,2025-09-09,2025-09,Online,Completed,True,P021,Lamp 021,Lighting,249.00,5,249.00,0.10,0,,1245.00,124.5000,1120.5000,0.0000,1120.5000,5,0,2340,961,35,22
L002340,O00960,C0034,Customer 0034,East,Consumer,customer34@example.com,2025-09-09,2025-09,Online,Completed,True,P005,Lamp 005,Lighting,65.00,4,65.00,0.10,0,,260.00,26.0000,234.0000,0.0000,234.0000,4,0,2341,961,35,6
L002341,O00961,C0179,Customer 0179,East,Consumer,customer179@example.com,2025-04-09,2025-04,Store,Completed,True,P017,Lamp 017,Lighting,300.00,4,300.00,0.00,0,,1200.00,0.0000,1200.0000,0.0000,1200.0000,4,0,2342,962,180,18
L002342,O00961,C0179,Customer 0179,East,Consumer,customer179@example.com,2025-04-09,2025-04,Store,Completed,True,P024,Desk 024,Furniture,81.00,4,81.00,0.00,0,,324.00,0.0000,324.0000,0.0000,324.0000,4,0,2343,962,180,25
L002343,O00961,C0179,Customer 0179,East,Consumer,customer179@example.com,2025-04-09,2025-04,Store,Completed,True,P016,Desk 016,Furniture,231.00,5,231.00,0.05,0,,1155.00,57.7500,1097.2500,0.0000,1097.2500,5,0,2344,962,180,17
L002344,O00961,C0179,Customer 0179,East,Consumer,customer179@example.com,2025-04-09,2025-04,Store,Completed,True,P007,Shelf 007,Storage,35.00,3,35.00,0.00,0,,105.00,0.0000,105.0000,0.0000,105.0000,3,0,2345,962,180,8
L002345,O00962,C0195,Customer 0195,West,Business,customer195@example.com,2025-06-22,2025-06,Online,Completed,True,P001,Lamp 001,Lighting,122.00,5,122.00,0.20,0,,610.00,122.0000,488.0000,0.0000,488.0000,5,0,2346,963,196,2
L002346,O00962,C0195,Customer 0195,West,Business,customer195@example.com,2025-06-22,2025-06,Online,Completed,True,P002,Chair 002,Furniture,284.00,3,284.00,0.20,0,,852.00,170.4000,681.6000,0.0000,681.6000,3,0,2347,963,196,3
L002347,O00962,C0195,Customer 0195,West,Business,customer195@example.com,2025-06-22,2025-06,Online,Completed,True,P013,Lamp 013,Lighting,271.00,4,271.00,0.20,0,,1084.00,216.8000,867.2000,0.0000,867.2000,4,0,2348,963,196,14
L002348,O00963,C0126,Customer 0126,South,Business,customer126@example.com,2025-08-02,2025-08,Online,Completed,True,P021,Lamp 021,Lighting,249.00,4,249.00,0.00,0,,996.00,0.0000,996.0000,0.0000,996.0000,4,0,2349,964,127,22
L002349,O00963,C0126,Customer 0126,South,Business,customer126@example.com,2025-08-02,2025-08,Online,Completed,True,P015,Shelf 015,Storage,254.00,1,254.00,0.20,0,,254.00,50.8000,203.2000,0.0000,203.2000,1,0,2350,964,127,16
L002350,O00963,C0126,Customer 0126,South,Business,customer126@example.com,2025-08-02,2025-08,Online,Completed,True,P019,Shelf 019,Storage,78.00,3,78.00,0.10,0,,234.00,23.4000,210.6000,0.0000,210.6000,3,0,2351,964,127,20
L002351,O00963,C0126,Customer 0126,South,Business,customer126@example.com,2025-08-02,2025-08,Online,Completed,True,P017,Lamp 017,Lighting,300.00,2,300.00,0.05,0,,600.00,30.0000,570.0000,0.0000,570.0000,2,0,2352,964,127,18
L002352,O00964,C0139,Customer 0139,North,Business,customer139@example.com,2025-06-26,2025-06,Store,Completed,True,P019,Shelf 019,Storage,78.00,5,78.00,0.10,1,2025-06-29,390.00,39.0000,351.0000,280.8000,70.2000,5,4,2353,965,140,20
L002353,O00965,C0167,Customer 0167,West,Consumer,customer167@example.com,2025-11-25,2025-11,Online,Completed,True,P004,Desk 004,Furniture,123.00,5,123.00,0.20,0,,615.00,123.0000,492.0000,0.0000,492.0000,5,0,2354,966,168,5
L002354,O00965,C0167,Customer 0167,West,Consumer,customer167@example.com,2025-11-25,2025-11,Online,Completed,True,P017,Lamp 017,Lighting,300.00,1,300.00,0.00,0,,300.00,0.0000,300.0000,0.0000,300.0000,1,0,2355,966,168,18
L002355,O00966,C0275,Customer 0275,East,Business,customer275@example.com,2025-07-28,2025-07,Store,Completed,True,P001,Lamp 001,Lighting,122.00,3,122.00,0.10,0,,366.00,36.6000,329.4000,0.0000,329.4000,3,0,2356,967,276,2
L002356,O00967,C0132,Customer 0132,North,Consumer,customer132@example.com,2025-03-03,2025-03,Online,Completed,True,P022,Chair 022,Furniture,134.00,1,134.00,0.20,0,,134.00,26.8000,107.2000,0.0000,107.2000,1,0,2357,968,133,23
L002357,O00967,C0132,Customer 0132,North,Consumer,customer132@example.com,2025-03-03,2025-03,Online,Completed,True,P006,Chair 006,Furniture,196.00,3,196.00,0.05,0,,588.00,29.4000,558.6000,0.0000,558.6000,3,0,2358,968,133,7
L002358,O00967,C0132,Customer 0132,North,Consumer,customer132@example.com,2025-03-03,2025-03,Online,Completed,True,P018,Chair 018,Furniture,269.00,5,269.00,0.10,0,,1345.00,134.5000,1210.5000,0.0000,1210.5000,5,0,2359,968,133,19
L002359,O00967,C0132,Customer 0132,North,Consumer,customer132@example.com,2025-03-03,2025-03,Online,Completed,True,P001,Lamp 001,Lighting,122.00,1,122.00,0.10,0,,122.00,12.2000,109.8000,0.0000,109.8000,1,0,2360,968,133,2
L002360,O00968,C0087,Customer 0087,North,Business,customer87@example.com,2025-08-24,2025-08,Store,Completed,True,P022,Chair 022,Furniture,134.00,1,134.00,0.00,0,,134.00,0.0000,134.0000,0.0000,134.0000,1,0,2361,969,88,23
L002361,O00968,C0087,Customer 0087,North,Business,customer87@example.com,2025-08-24,2025-08,Store,Completed,True,P021,Lamp 021,Lighting,249.00,5,249.00,0.05,0,,1245.00,62.2500,1182.7500,0.0000,1182.7500,5,0,2362,969,88,22
L002362,O00969,C0149,Customer 0149,East,Business,customer149@example.com,2025-11-29,2025-11,Online,Completed,True,P011,Shelf 011,Storage,80.00,5,80.00,0.20,0,,400.00,80.0000,320.0000,0.0000,320.0000,5,0,2363,970,150,12
L002363,O00969,C0149,Customer 0149,East,Business,customer149@example.com,2025-11-29,2025-11,Online,Completed,True,P024,Desk 024,Furniture,81.00,1,81.00,0.00,0,,81.00,0.0000,81.0000,0.0000,81.0000,1,0,2364,970,150,25
L002364,O00970,C0260,Customer 0260,South,Consumer,customer260@example.com,2025-03-31,2025-03,Online,Completed,True,P002,Chair 002,Furniture,284.00,3,284.00,0.05,0,,852.00,42.6000,809.4000,0.0000,809.4000,3,0,2365,971,261,3
L002365,O00970,C0260,Customer 0260,South,Consumer,customer260@example.com,2025-03-31,2025-03,Online,Completed,True,P018,Chair 018,Furniture,269.00,2,269.00,0.05,0,,538.00,26.9000,511.1000,0.0000,511.1000,2,0,2366,971,261,19
L002366,O00970,C0260,Customer 0260,South,Consumer,customer260@example.com,2025-03-31,2025-03,Online,Completed,True,P012,Desk 012,Furniture,134.00,5,134.00,0.00,0,,670.00,0.0000,670.0000,0.0000,670.0000,5,0,2367,971,261,13
L002367,O00971,C0075,Customer 0075,South,Business,customer75@example.com,2025-09-02,2025-09,Store,Completed,True,P005,Lamp 005,Lighting,65.00,2,65.00,0.05,0,,130.00,6.5000,123.5000,0.0000,123.5000,2,0,2368,972,76,6
L002368,O00971,C0075,Customer 0075,South,Business,customer75@example.com,2025-09-02,2025-09,Store,Completed,True,P017,Lamp 017,Lighting,300.00,2,300.00,0.10,0,,600.00,60.0000,540.0000,0.0000,540.0000,2,0,2369,972,76,18
L002369,O00971,C0075,Customer 0075,South,Business,customer75@example.com,2025-09-02,2025-09,Store,Completed,True,P021,Lamp 021,Lighting,249.00,4,249.00,0.05,0,,996.00,49.8000,946.2000,0.0000,946.2000,4,0,2370,972,76,22
L002370,O00972,C0071,Customer 0071,West,Consumer,customer71@example.com,2025-03-21,2025-03,Store,Completed,True,P021,Lamp 021,Lighting,249.00,2,249.00,0.10,0,,498.00,49.8000,448.2000,0.0000,448.2000,2,0,2371,973,72,22
L002371,O00972,C0071,Customer 0071,West,Consumer,customer71@example.com,2025-03-21,2025-03,Store,Completed,True,P009,Lamp 009,Lighting,93.00,1,93.00,0.05,0,,93.00,4.6500,88.3500,0.0000,88.3500,1,0,2372,973,72,10
L002372,O00972,C0071,Customer 0071,West,Consumer,customer71@example.com,2025-03-21,2025-03,Store,Completed,True,P021,Lamp 021,Lighting,249.00,4,249.00,0.20,0,,996.00,199.2000,796.8000,0.0000,796.8000,4,0,2373,973,72,22
L002373,O00972,C0071,Customer 0071,West,Consumer,customer71@example.com,2025-03-21,2025-03,Store,Completed,True,P015,Shelf 015,Storage,254.00,3,254.00,0.10,0,,762.00,76.2000,685.8000,0.0000,685.8000,3,0,2374,973,72,16
L002374,O00973,C0135,Customer 0135,West,Consumer,customer135@example.com,2025-07-09,2025-07,Online,Completed,True,P001,Lamp 001,Lighting,122.00,4,122.00,0.05,0,,488.00,24.4000,463.6000,0.0000,463.6000,4,0,2375,974,136,2
L002375,O00973,C0135,Customer 0135,West,Consumer,customer135@example.com,2025-07-09,2025-07,Online,Completed,True,P009,Lamp 009,Lighting,93.00,2,93.00,0.10,0,,186.00,18.6000,167.4000,0.0000,167.4000,2,0,2376,974,136,10
L002376,O00973,C0135,Customer 0135,West,Consumer,customer135@example.com,2025-07-09,2025-07,Online,Completed,True,P014,Chair 014,Furniture,294.00,3,294.00,0.20,0,,882.00,176.4000,705.6000,0.0000,705.6000,3,0,2377,974,136,15
L002377,O00973,C0135,Customer 0135,West,Consumer,customer135@example.com,2025-07-09,2025-07,Online,Completed,True,P007,Shelf 007,Storage,35.00,5,35.00,0.00,0,,175.00,0.0000,175.0000,0.0000,175.0000,5,0,2378,974,136,8
L002378,O00974,C0113,Customer 0113,South,Consumer,customer113@example.com,2025-06-17,2025-06,Online,Completed,True,P001,Lamp 001,Lighting,122.00,4,122.00,0.00,0,,488.00,0.0000,488.0000,0.0000,488.0000,4,0,2379,975,114,2
L002379,O00974,C0113,Customer 0113,South,Consumer,customer113@example.com,2025-06-17,2025-06,Online,Completed,True,P010,Chair 010,Furniture,211.00,2,211.00,0.20,0,,422.00,84.4000,337.6000,0.0000,337.6000,2,0,2380,975,114,11
L002380,O00974,C0113,Customer 0113,South,Consumer,customer113@example.com,2025-06-17,2025-06,Online,Completed,True,P021,Lamp 021,Lighting,249.00,5,249.00,0.10,0,,1245.00,124.5000,1120.5000,0.0000,1120.5000,5,0,2381,975,114,22
L002381,O00975,C0264,Customer 0264,South,Business,customer264@example.com,2025-07-13,2025-07,Store,Completed,True,P015,Shelf 015,Storage,254.00,2,254.00,0.05,0,,508.00,25.4000,482.6000,0.0000,482.6000,2,0,2382,976,265,16
L002382,O00975,C0264,Customer 0264,South,Business,customer264@example.com,2025-07-13,2025-07,Store,Completed,True,P019,Shelf 019,Storage,78.00,1,78.00,0.05,0,,78.00,3.9000,74.1000,0.0000,74.1000,1,0,2383,976,265,20
L002383,O00975,C0264,Customer 0264,South,Business,customer264@example.com,2025-07-13,2025-07,Store,Completed,True,P006,Chair 006,Furniture,196.00,3,196.00,0.00,0,,588.00,0.0000,588.0000,0.0000,588.0000,3,0,2384,976,265,7
L002384,O00975,C0264,Customer 0264,South,Business,customer264@example.com,2025-07-13,2025-07,Store,Completed,True,P021,Lamp 021,Lighting,249.00,4,249.00,0.20,0,,996.00,199.2000,796.8000,0.0000,796.8000,4,0,2385,976,265,22
L002385,O00976,C0046,Customer 0046,West,Consumer,customer46@example.com,2025-09-12,2025-09,Store,Completed,True,P020,Desk 020,Furniture,189.00,3,189.00,0.20,0,,567.00,113.4000,453.6000,0.0000,453.6000,3,0,2386,977,47,21
L002386,O00977,C0170,Customer 0170,East,Business,customer170@example.com,2025-08-21,2025-08,Store,Completed,True,P014,Chair 014,Furniture,294.00,3,294.00,0.10,0,,882.00,88.2000,793.8000,0.0000,793.8000,3,0,2387,978,171,15
L002387,O00977,C0170,Customer 0170,East,Business,customer170@example.com,2025-08-21,2025-08,Store,Completed,True,P020,Desk 020,Furniture,189.00,5,189.00,0.20,0,,945.00,189.0000,756.0000,0.0000,756.0000,5,0,2388,978,171,21
L002388,O00977,C0170,Customer 0170,East,Business,customer170@example.com,2025-08-21,2025-08,Store,Completed,True,P024,Desk 024,Furniture,81.00,2,81.00,0.1,0,,162.00,16.200,145.800,0.000,145.800,2,0,2389,978,171,25
L002389,O00978,C0281,Customer 0281,North,Business,customer281@example.com,2025-01-01,2025-01,Online,Completed,True,P018,Chair 018,Furniture,269.00,1,269.00,0.05,0,,269.00,13.4500,255.5500,0.0000,255.5500,1,0,2390,979,282,19
L002390,O00979,C0168,Customer 0168,North,Business,customer168@example.com,2025-08-23,2025-08,Store,Completed,True,P024,Desk 024,Furniture,81.00,4,81.00,0.20,0,,324.00,64.8000,259.2000,0.0000,259.2000,4,0,2391,980,169,25
L002391,O00979,C0168,Customer 0168,North,Business,customer168@example.com,2025-08-23,2025-08,Store,Completed,True,P016,Desk 016,Furniture,231.00,4,231.00,0.10,0,,924.00,92.4000,831.6000,0.0000,831.6000,4,0,2392,980,169,17
L002392,O00979,C0168,Customer 0168,North,Business,customer168@example.com,2025-08-23,2025-08,Store,Completed,True,P010,Chair 010,Furniture,211.00,3,211.00,0.00,0,,633.00,0.0000,633.0000,0.0000,633.0000,3,0,2393,980,169,11
L002393,O00980,C0255,Customer 0255,South,Business,customer255@example.com,2025-03-16,2025-03,Store,Completed,True,P007,Shelf 007,Storage,35.00,2,35.00,0.10,0,,70.00,7.0000,63.0000,0.0000,63.0000,2,0,2394,981,256,8
L002394,O00980,C0255,Customer 0255,South,Business,customer255@example.com,2025-03-16,2025-03,Store,Completed,True,P010,Chair 010,Furniture,211.00,1,211.00,0.20,0,,211.00,42.2000,168.8000,0.0000,168.8000,1,0,2395,981,256,11
L002395,O00980,C0255,Customer 0255,South,Business,customer255@example.com,2025-03-16,2025-03,Store,Completed,True,P007,Shelf 007,Storage,35.00,3,35.00,0.00,0,,105.00,0.0000,105.0000,0.0000,105.0000,3,0,2396,981,256,8
L002396,O00981,C0174,Customer 0174,South,Consumer,customer174@example.com,2025-09-28,2025-09,Online,Completed,True,P020,Desk 020,Furniture,189.00,4,189.00,0.20,0,,756.00,151.2000,604.8000,0.0000,604.8000,4,0,2397,982,175,21
L002397,O00981,C0174,Customer 0174,South,Consumer,customer174@example.com,2025-09-28,2025-09,Online,Completed,True,P021,Lamp 021,Lighting,249.00,2,249.00,0.10,0,,498.00,49.8000,448.2000,0.0000,448.2000,2,0,2398,982,175,22
L002398,O00982,C0207,Customer 0207,South,Consumer,customer207@example.com,2025-10-19,2025-10,Online,Completed,True,P019,Shelf 019,Storage,78.00,2,78.00,0.05,0,,156.00,7.8000,148.2000,0.0000,148.2000,2,0,2399,983,208,20
L002399,O00982,C0207,Customer 0207,South,Consumer,customer207@example.com,2025-10-19,2025-10,Online,Completed,True,P019,Shelf 019,Storage,78.00,3,78.00,0.20,0,,234.00,46.8000,187.2000,0.0000,187.2000,3,0,2400,983,208,20
L002400,O00983,C0064,Customer 0064,North,Business,customer64@example.com,2025-05-26,2025-05,Online,Completed,True,P020,Desk 020,Furniture,189.00,1,189.00,0.05,0,,189.00,9.4500,179.5500,0.0000,179.5500,1,0,2401,984,65,21
L002401,O00983,C0064,Customer 0064,North,Business,customer64@example.com,2025-05-26,2025-05,Online,Completed,True,P017,Lamp 017,Lighting,300.00,2,300.00,0.00,0,,600.00,0.0000,600.0000,0.0000,600.0000,2,0,2402,984,65,18
L002402,O00983,C0064,Customer 0064,North,Business,customer64@example.com,2025-05-26,2025-05,Online,Completed,True,P017,Lamp 017,Lighting,300.00,4,300.00,0.10,0,,1200.00,120.0000,1080.0000,0.0000,1080.0000,4,0,2403,984,65,18
L002403,O00983,C0064,Customer 0064,North,Business,customer64@example.com,2025-05-26,2025-05,Online,Completed,True,P005,Lamp 005,Lighting,65.00,1,65.00,0.10,0,,65.00,6.5000,58.5000,0.0000,58.5000,1,0,2404,984,65,6
L002404,O00984,C0034,Customer 0034,East,Consumer,customer34@example.com,2025-04-11,2025-04,Online,Completed,True,P002,Chair 002,Furniture,284.00,4,284.00,0.05,0,,1136.00,56.8000,1079.2000,0.0000,1079.2000,4,0,2405,985,35,3
L002405,O00984,C0034,Customer 0034,East,Consumer,customer34@example.com,2025-04-11,2025-04,Online,Completed,True,P017,Lamp 017,Lighting,300.00,3,300.00,0.05,0,,900.00,45.0000,855.0000,0.0000,855.0000,3,0,2406,985,35,18
L002406,O00984,C0034,Customer 0034,East,Consumer,customer34@example.com,2025-04-11,2025-04,Online,Completed,True,P012,Desk 012,Furniture,134.00,5,134.00,0.05,0,,670.00,33.5000,636.5000,0.0000,636.5000,5,0,2407,985,35,13
L002407,O00985,C0214,Customer 0214,West,Business,customer214@example.com,2025-10-09,2025-10,Store,Completed,True,P013,Lamp 013,Lighting,271.00,5,271.00,0.00,0,,1355.00,0.0000,1355.0000,0.0000,1355.0000,5,0,2408,986,215,14
L002408,O00985,C0214,Customer 0214,West,Business,customer214@example.com,2025-10-09,2025-10,Store,Completed,True,P010,Chair 010,Furniture,211.00,4,211.00,0.20,0,,844.00,168.8000,675.2000,0.0000,675.2000,4,0,2409,986,215,11
L002409,O00986,C0072,Customer 0072,South,Business,customer72@example.com,2025-04-15,2025-04,Store,Completed,True,P002,Chair 002,Furniture,284.00,4,284.00,0.10,0,,1136.00,113.6000,1022.4000,0.0000,1022.4000,4,0,2410,987,73,3
L002410,O00987,C0204,Customer 0204,South,Consumer,customer204@example.com,2025-07-10,2025-07,Store,Completed,True,P016,Desk 016,Furniture,231.00,3,231.00,0.05,0,,693.00,34.6500,658.3500,0.0000,658.3500,3,0,2411,988,205,17
L002411,O00988,C0134,Customer 0134,North,Consumer,customer134@example.com,2025-04-28,2025-04,Store,Completed,True,P022,Chair 022,Furniture,134.00,1,134.00,0.00,0,,134.00,0.0000,134.0000,0.0000,134.0000,1,0,2412,989,135,23
L002412,O00988,C0134,Customer 0134,North,Consumer,customer134@example.com,2025-04-28,2025-04,Store,Completed,True,P022,Chair 022,Furniture,134.00,2,134.00,0.10,0,,268.00,26.8000,241.2000,0.0000,241.2000,2,0,2413,989,135,23
L002413,O00989,C0226,Customer 0226,South,Business,customer226@example.com,2025-08-03,2025-08,Store,Completed,True,P003,Shelf 003,Storage,199.00,5,199.00,0.05,0,,995.00,49.7500,945.2500,0.0000,945.2500,5,0,2414,990,227,4
L002414,O00989,C0226,Customer 0226,South,Business,customer226@example.com,2025-08-03,2025-08,Store,Completed,True,P023,Shelf 023,Storage,68.00,3,68.00,0.00,0,,204.00,0.0000,204.0000,0.0000,204.0000,3,0,2415,990,227,24
L002415,O00989,C0226,Customer 0226,South,Business,customer226@example.com,2025-08-03,2025-08,Store,Completed,True,P017,Lamp 017,Lighting,300.00,2,300.00,0.00,0,,600.00,0.0000,600.0000,0.0000,600.0000,2,0,2416,990,227,18
L002416,O00989,C0226,Customer 0226,South,Business,customer226@example.com,2025-08-03,2025-08,Store,Completed,True,P023,Shelf 023,Storage,68.00,5,68.00,0.10,0,,340.00,34.0000,306.0000,0.0000,306.0000,5,0,2417,990,227,24
L002417,O00990,C0007,Customer 0007,North,Consumer,customer7@example.com,2025-03-28,2025-03,Online,Completed,True,P013,Lamp 013,Lighting,271.00,5,271.00,0.10,0,,1355.00,135.5000,1219.5000,0.0000,1219.5000,5,0,2418,991,8,14
L002418,O00990,C0007,Customer 0007,North,Consumer,customer7@example.com,2025-03-28,2025-03,Online,Completed,True,P014,Chair 014,Furniture,294.00,5,294.00,0.10,0,,1470.00,147.0000,1323.0000,0.0000,1323.0000,5,0,2419,991,8,15
L002419,O00990,C0007,Customer 0007,North,Consumer,customer7@example.com,2025-03-28,2025-03,Online,Completed,True,P007,Shelf 007,Storage,35.00,4,35.00,0,0,,140.00,0.00,140.00,0.00,140.00,4,0,2420,991,8,8
L002420,O00991,C0062,Customer 0062,West,Business,customer62@example.com,2025-06-26,2025-06,Online,Completed,True,P010,Chair 010,Furniture,211.00,3,211.00,0.00,0,,633.00,0.0000,633.0000,0.0000,633.0000,3,0,2421,992,63,11
L002421,O00991,C0062,Customer 0062,West,Business,customer62@example.com,2025-06-26,2025-06,Online,Completed,True,P012,Desk 012,Furniture,134.00,4,134.00,0.20,0,,536.00,107.2000,428.8000,0.0000,428.8000,4,0,2422,992,63,13
L002422,O00992,C0068,Customer 0068,West,Consumer,customer68@example.com,2025-01-20,2025-01,Store,Cancelled,False,P011,Shelf 011,Storage,80.00,2,80.00,0.20,0,,160.00,32.0000,128.0000,0.0000,128.0000,2,0,2423,993,69,12
L002423,O00992,C0068,Customer 0068,West,Consumer,customer68@example.com,2025-01-20,2025-01,Store,Cancelled,False,P013,Lamp 013,Lighting,271.00,1,271.00,0.00,0,,271.00,0.0000,271.0000,0.0000,271.0000,1,0,2424,993,69,14
L002424,O00992,C0068,Customer 0068,West,Consumer,customer68@example.com,2025-01-20,2025-01,Store,Cancelled,False,P002,Chair 002,Furniture,284.00,1,284.00,0.05,0,,284.00,14.2000,269.8000,0.0000,269.8000,1,0,2425,993,69,3
L002425,O00993,C0090,Customer 0090,West,Business,customer90@example.com,2025-02-27,2025-02,Store,Completed,True,P001,Lamp 001,Lighting,122.00,2,122.00,0.20,0,,244.00,48.8000,195.2000,0.0000,195.2000,2,0,2426,994,91,2
L002426,O00993,C0090,Customer 0090,West,Business,customer90@example.com,2025-02-27,2025-02,Store,Completed,True,P007,Shelf 007,Storage,35.00,1,35.00,0.10,0,,35.00,3.5000,31.5000,0.0000,31.5000,1,0,2427,994,91,8
L002427,O00994,C0194,Customer 0194,North,Consumer,customer194@example.com,2025-12-25,2025-12,Store,Completed,True,P020,Desk 020,Furniture,189.00,3,189.00,0.00,0,,567.00,0.0000,567.0000,0.0000,567.0000,3,0,2428,995,195,21
L002428,O00995,C0109,Customer 0109,West,Business,customer109@example.com,2025-12-02,2025-12,Online,Completed,True,P006,Chair 006,Furniture,196.00,2,196.00,0.10,0,,392.00,39.2000,352.8000,0.0000,352.8000,2,0,2429,996,110,7
L002429,O00995,C0109,Customer 0109,West,Business,customer109@example.com,2025-12-02,2025-12,Online,Completed,True,P014,Chair 014,Furniture,294.00,2,294.00,0.05,0,,588.00,29.4000,558.6000,0.0000,558.6000,2,0,2430,996,110,15
L002430,O00996,C0182,Customer 0182,West,Business,customer182@example.com,2025-03-11,2025-03,Store,Completed,True,P007,Shelf 007,Storage,35.00,1,35.00,0.00,0,,35.00,0.0000,35.0000,0.0000,35.0000,1,0,2431,997,183,8
L002431,O00997,C0079,Customer 0079,West,Business,customer79@example.com,2025-08-27,2025-08,Store,Completed,True,P016,Desk 016,Furniture,231.00,2,231.00,0.20,0,,462.00,92.4000,369.6000,0.0000,369.6000,2,0,2432,998,80,17
L002432,O00998,C0110,Customer 0110,West,Consumer,customer110@example.com,2025-06-20,2025-06,Online,Completed,True,P010,Chair 010,Furniture,211.00,2,211.00,0.20,0,,422.00,84.4000,337.6000,0.0000,337.6000,2,0,2433,999,111,11
L002433,O00999,C0233,Customer 0233,South,Business,customer233@example.com,2025-03-31,2025-03,Store,Completed,True,P011,Shelf 011,Storage,80.00,3,80.00,0.00,0,,240.00,0.0000,240.0000,0.0000,240.0000,3,0,2434,1000,234,12
L002434,O01000,C0171,Customer 0171,South,Business,,2025-08-03,2025-08,Online,Completed,True,P023,Shelf 023,Storage,68.00,3,68.00,0.05,0,,204.00,10.2000,193.8000,0.0000,193.8000,3,0,2435,1001,172,24
L002435,O01000,C0171,Customer 0171,South,Business,,2025-08-03,2025-08,Online,Completed,True,P009,Lamp 009,Lighting,93.00,3,93.00,0.10,0,,279.00,27.9000,251.1000,0.0000,251.1000,3,0,2436,1001,172,10
L002436,O01001,C0256,Customer 0256,North,Consumer,,2025-06-04,2025-06,Online,Completed,True,P023,Shelf 023,Storage,68.00,1,68.00,0.20,1,2025-06-22,68.00,13.6000,54.4000,54.4000,0.0000,1,1,2437,1002,257,24
L002437,O01001,C0256,Customer 0256,North,Consumer,,2025-06-04,2025-06,Online,Completed,True,P005,Lamp 005,Lighting,65.00,1,65.00,0.10,0,,65.00,6.5000,58.5000,0.0000,58.5000,1,0,2438,1002,257,6
L002438,O01001,C0256,Customer 0256,North,Consumer,,2025-06-04,2025-06,Online,Completed,True,P016,Desk 016,Furniture,231.00,3,231.00,0.10,0,,693.00,69.3000,623.7000,0.0000,623.7000,3,0,2439,1002,257,17
L002439,O01002,C0182,Customer 0182,West,Business,customer182@example.com,2025-06-01,2025-06,Store,Completed,True,P019,Shelf 019,Storage,78.00,5,78.00,0.20,0,,390.00,78.0000,312.0000,0.0000,312.0000,5,0,2440,1003,183,20
L002440,O01002,C0182,Customer 0182,West,Business,customer182@example.com,2025-06-01,2025-06,Store,Completed,True,P005,Lamp 005,Lighting,65.00,4,65.00,0.05,0,,260.00,13.0000,247.0000,0.0000,247.0000,4,0,2441,1003,183,6
L002441,O01002,C0182,Customer 0182,West,Business,customer182@example.com,2025-06-01,2025-06,Store,Completed,True,P010,Chair 010,Furniture,211.00,2,211.00,0.05,0,,422.00,21.1000,400.9000,0.0000,400.9000,2,0,2442,1003,183,11
L002442,O01003,C0063,Customer 0063,West,Consumer,customer63@example.com,2025-06-09,2025-06,Store,Completed,True,P021,Lamp 021,Lighting,249.00,5,249.00,0.10,1,2025-06-21,1245.00,124.5000,1120.5000,672.3000,448.2000,5,3,2443,1004,64,22
L002443,O01004,C0267,Customer 0267,West,Business,customer267@example.com,2025-09-12,2025-09,Store,Completed,True,P023,Shelf 023,Storage,68.00,2,68.00,0.05,0,,136.00,6.8000,129.2000,0.0000,129.2000,2,0,2444,1005,268,24
L002444,O01004,C0267,Customer 0267,West,Business,customer267@example.com,2025-09-12,2025-09,Store,Completed,True,P006,Chair 006,Furniture,196.00,2,196.00,0.05,0,,392.00,19.6000,372.4000,0.0000,372.4000,2,0,2445,1005,268,7
L002445,O01004,C0267,Customer 0267,West,Business,customer267@example.com,2025-09-12,2025-09,Store,Completed,True,P005,Lamp 005,Lighting,65.00,4,65.00,0.10,0,,260.00,26.0000,234.0000,0.0000,234.0000,4,0,2446,1005,268,6
L002446,O01005,C0211,Customer 0211,North,Business,customer211@example.com,2025-06-01,2025-06,Online,Completed,True,P008,Desk 008,Furniture,188.00,5,188.00,0.00,0,,940.00,0.0000,940.0000,0.0000,940.0000,5,0,2447,1006,212,9
L002447,O01006,C0186,Customer 0186,North,Consumer,customer186@example.com,2025-04-24,2025-04,Store,Completed,True,P017,Lamp 017,Lighting,300.00,2,300.00,0.00,0,,600.00,0.0000,600.0000,0.0000,600.0000,2,0,2448,1007,187,18
L002448,O01006,C0186,Customer 0186,North,Consumer,customer186@example.com,2025-04-24,2025-04,Store,Completed,True,P016,Desk 016,Furniture,231.00,3,231.00,0.20,0,,693.00,138.6000,554.4000,0.0000,554.4000,3,0,2449,1007,187,17
L002449,O01007,C0242,Customer 0242,South,Business,customer242@example.com,2025-10-07,2025-10,Store,Completed,True,P020,Desk 020,Furniture,189.00,3,189.00,0.10,0,,567.00,56.7000,510.3000,0.0000,510.3000,3,0,2450,1008,243,21
L002450,O01007,C0242,Customer 0242,South,Business,customer242@example.com,2025-10-07,2025-10,Store,Completed,True,P007,Shelf 007,Storage,35.00,1,35.00,0,1,2025-11-02,35.00,0.00,35.00,35.00,0.00,1,1,2451,1008,243,8
L002451,O01008,C0180,Customer 0180,West,Consumer,customer180@example.com,2025-12-16,2025-12,Store,Completed,True,P011,Shelf 011,Storage,80.00,4,80.00,0.05,0,,320.00,16.0000,304.0000,0.0000,304.0000,4,0,2452,1009,181,12
L002452,O01009,C0210,Customer 0210,North,Consumer,customer210@example.com,2025-02-26,2025-02,Online,Completed,True,P008,Desk 008,Furniture,188.00,1,188.00,0.00,0,,188.00,0.0000,188.0000,0.0000,188.0000,1,0,2453,1010,211,9
L002453,O01009,C0210,Customer 0210,North,Consumer,customer210@example.com,2025-02-26,2025-02,Online,Completed,True,P013,Lamp 013,Lighting,271.00,2,271.00,0.10,0,,542.00,54.2000,487.8000,0.0000,487.8000,2,0,2454,1010,211,14
L002454,O01009,C0210,Customer 0210,North,Consumer,customer210@example.com,2025-02-26,2025-02,Online,Completed,True,P009,Lamp 009,Lighting,93.00,5,93.00,0.00,0,,465.00,0.0000,465.0000,0.0000,465.0000,5,0,2455,1010,211,10
L002455,O01009,C0210,Customer 0210,North,Consumer,customer210@example.com,2025-02-26,2025-02,Online,Completed,True,P003,Shelf 003,Storage,199.00,5,199.00,0.00,0,,995.00,0.0000,995.0000,0.0000,995.0000,5,0,2456,1010,211,4
L002456,O01010,C0174,Customer 0174,South,Consumer,customer174@example.com,2025-06-22,2025-06,Store,Completed,True,P005,Lamp 005,Lighting,65.00,3,65.00,0.00,1,2025-07-08,195.00,0.0000,195.0000,65.0000,130.0000,3,1,2457,1011,175,6
L002457,O01010,C0174,Customer 0174,South,Consumer,customer174@example.com,2025-06-22,2025-06,Store,Completed,True,P017,Lamp 017,Lighting,300.00,3,300.00,0.05,0,,900.00,45.0000,855.0000,0.0000,855.0000,3,0,2458,1011,175,18
L002458,O01010,C0174,Customer 0174,South,Consumer,customer174@example.com,2025-06-22,2025-06,Store,Completed,True,P022,Chair 022,Furniture,134.00,5,134.00,0.20,0,,670.00,134.0000,536.0000,0.0000,536.0000,5,0,2459,1011,175,23
L002459,O01011,C0037,Customer 0037,East,Business,customer37@example.com,2025-12-01,2025-12,Store,Cancelled,False,P024,Desk 024,Furniture,81.00,4,81.00,0.10,0,,324.00,32.4000,291.6000,0.0000,291.6000,4,0,2460,1012,38,25
L002460,O01011,C0037,Customer 0037,East,Business,customer37@example.com,2025-12-01,2025-12,Store,Cancelled,False,P015,Shelf 015,Storage,254.00,1,254.00,0.10,0,,254.00,25.4000,228.6000,0.0000,228.6000,1,0,2461,1012,38,16
L002461,O01012,C0248,Customer 0248,East,Business,customer248@example.com,2025-07-07,2025-07,Online,Completed,True,P011,Shelf 011,Storage,80.00,4,80.00,0.00,0,,320.00,0.0000,320.0000,0.0000,320.0000,4,0,2462,1013,249,12
L002462,O01013,C0260,Customer 0260,South,Consumer,customer260@example.com,2025-07-10,2025-07,Store,Completed,True,P008,Desk 008,Furniture,188.00,5,188.00,0.20,0,,940.00,188.0000,752.0000,0.0000,752.0000,5,0,2463,1014,261,9
L002463,O01013,C0260,Customer 0260,South,Consumer,customer260@example.com,2025-07-10,2025-07,Store,Completed,True,P016,Desk 016,Furniture,231.00,2,231.00,0.05,0,,462.00,23.1000,438.9000,0.0000,438.9000,2,0,2464,1014,261,17
L002464,O01014,C0294,Customer 0294,South,Consumer,customer294@example.com,2025-09-10,2025-09,Store,Completed,True,P020,Desk 020,Furniture,189.00,5,189.00,0.00,0,,945.00,0.0000,945.0000,0.0000,945.0000,5,0,2465,1015,295,21
L002465,O01014,C0294,Customer 0294,South,Consumer,customer294@example.com,2025-09-10,2025-09,Store,Completed,True,P002,Chair 002,Furniture,284.00,3,284.00,0.00,0,,852.00,0.0000,852.0000,0.0000,852.0000,3,0,2466,1015,295,3
L002466,O01015,C0233,Customer 0233,South,Business,customer233@example.com,2025-05-02,2025-05,Online,Completed,True,P016,Desk 016,Furniture,231.00,2,231.00,0.10,0,,462.00,46.2000,415.8000,0.0000,415.8000,2,0,2467,1016,234,17
L002467,O01015,C0233,Customer 0233,South,Business,customer233@example.com,2025-05-02,2025-05,Online,Completed,True,P006,Chair 006,Furniture,196.00,2,196.00,0.05,0,,392.00,19.6000,372.4000,0.0000,372.4000,2,0,2468,1016,234,7
L002468,O01015,C0233,Customer 0233,South,Business,customer233@example.com,2025-05-02,2025-05,Online,Completed,True,P012,Desk 012,Furniture,134.00,2,134.00,0.00,0,,268.00,0.0000,268.0000,0.0000,268.0000,2,0,2469,1016,234,13
L002469,O01016,C0030,Customer 0030,South,Business,customer30@example.com,2025-12-13,2025-12,Online,Completed,True,P017,Lamp 017,Lighting,300.00,5,300.00,0.10,0,,1500.00,150.0000,1350.0000,0.0000,1350.0000,5,0,2470,1017,31,18
L002470,O01016,C0030,Customer 0030,South,Business,customer30@example.com,2025-12-13,2025-12,Online,Completed,True,P014,Chair 014,Furniture,294.00,1,294.00,0.05,0,,294.00,14.7000,279.3000,0.0000,279.3000,1,0,2471,1017,31,15
L002471,O01016,C0030,Customer 0030,South,Business,customer30@example.com,2025-12-13,2025-12,Online,Completed,True,P023,Shelf 023,Storage,68.00,1,68.00,0.20,0,,68.00,13.6000,54.4000,0.0000,54.4000,1,0,2472,1017,31,24
L002472,O01016,C0030,Customer 0030,South,Business,customer30@example.com,2025-12-13,2025-12,Online,Completed,True,P010,Chair 010,Furniture,211.00,4,211.00,0.10,0,,844.00,84.4000,759.6000,0.0000,759.6000,4,0,2473,1017,31,11
L002473,O01017,C0075,Customer 0075,South,Business,customer75@example.com,2025-12-19,2025-12,Online,Completed,True,P014,Chair 014,Furniture,294.00,5,294.00,0.20,0,,1470.00,294.0000,1176.0000,0.0000,1176.0000,5,0,2474,1018,76,15
L002474,O01017,C0075,Customer 0075,South,Business,customer75@example.com,2025-12-19,2025-12,Online,Completed,True,P004,Desk 004,Furniture,123.00,2,123.00,0.10,0,,246.00,24.6000,221.4000,0.0000,221.4000,2,0,2475,1018,76,5
L002475,O01017,C0075,Customer 0075,South,Business,customer75@example.com,2025-12-19,2025-12,Online,Completed,True,P019,Shelf 019,Storage,78.00,2,78.00,0.10,0,,156.00,15.6000,140.4000,0.0000,140.4000,2,0,2476,1018,76,20
L002476,O01018,C0003,Customer 0003,North,Business,customer3@example.com,2025-03-26,2025-03,Online,Completed,True,P020,Desk 020,Furniture,189.00,5,189.00,0.05,0,,945.00,47.2500,897.7500,0.0000,897.7500,5,0,2477,1019,4,21
L002477,O01018,C0003,Customer 0003,North,Business,customer3@example.com,2025-03-26,2025-03,Online,Completed,True,P021,Lamp 021,Lighting,249.00,4,249.00,0.20,0,,996.00,199.2000,796.8000,0.0000,796.8000,4,0,2478,1019,4,22
L002478,O01019,C0121,Customer 0121,West,Business,customer121@example.com,2025-07-03,2025-07,Online,Completed,True,P022,Chair 022,Furniture,134.00,5,134.00,0.00,0,,670.00,0.0000,670.0000,0.0000,670.0000,5,0,2479,1020,122,23
L002479,O01019,C0121,Customer 0121,West,Business,customer121@example.com,2025-07-03,2025-07,Online,Completed,True,P016,Desk 016,Furniture,231.00,4,231.00,0.00,0,,924.00,0.0000,924.0000,0.0000,924.0000,4,0,2480,1020,122,17
L002480,O01020,C0242,Customer 0242,South,Business,customer242@example.com,2025-01-12,2025-01,Store,Completed,True,P012,Desk 012,Furniture,134.00,3,134.00,0.00,0,,402.00,0.0000,402.0000,0.0000,402.0000,3,0,2481,1021,243,13
L002481,O01020,C0242,Customer 0242,South,Business,customer242@example.com,2025-01-12,2025-01,Store,Completed,True,P020,Desk 020,Furniture,189.00,4,189.00,0,0,,756.00,0.00,756.00,0.00,756.00,4,0,2482,1021,243,21
L002482,O01020,C0242,Customer 0242,South,Business,customer242@example.com,2025-01-12,2025-01,Store,Completed,True,P022,Chair 022,Furniture,134.00,1,134.00,0.20,0,,134.00,26.8000,107.2000,0.0000,107.2000,1,0,2483,1021,243,23
L002483,O01020,C0242,Customer 0242,South,Business,customer242@example.com,2025-01-12,2025-01,Store,Completed,True,P015,Shelf 015,Storage,254.00,4,254.00,0.20,0,,1016.00,203.2000,812.8000,0.0000,812.8000,4,0,2484,1021,243,16
L002484,O01021,C0201,Customer 0201,East,Consumer,customer201@example.com,2025-07-26,2025-07,Online,Completed,True,P014,Chair 014,Furniture,294.00,2,294.00,0.05,0,,588.00,29.4000,558.6000,0.0000,558.6000,2,0,2485,1022,202,15
L002485,O01021,C0201,Customer 0201,East,Consumer,customer201@example.com,2025-07-26,2025-07,Online,Completed,True,P010,Chair 010,Furniture,211.00,4,211.00,0.20,0,,844.00,168.8000,675.2000,0.0000,675.2000,4,0,2486,1022,202,11
L002486,O01021,C0201,Customer 0201,East,Consumer,customer201@example.com,2025-07-26,2025-07,Online,Completed,True,P006,Chair 006,Furniture,196.00,4,196.00,0.20,0,,784.00,156.8000,627.2000,0.0000,627.2000,4,0,2487,1022,202,7
L002487,O01022,C0112,Customer 0112,South,Business,customer112@example.com,2025-07-03,2025-07,Online,Completed,True,P019,Shelf 019,Storage,78.00,3,78.00,0.20,0,,234.00,46.8000,187.2000,0.0000,187.2000,3,0,2488,1023,113,20
L002488,O01022,C0112,Customer 0112,South,Business,customer112@example.com,2025-07-03,2025-07,Online,Completed,True,P004,Desk 004,Furniture,123.00,5,123.00,0.10,0,,615.00,61.5000,553.5000,0.0000,553.5000,5,0,2489,1023,113,5
L002489,O01022,C0112,Customer 0112,South,Business,customer112@example.com,2025-07-03,2025-07,Online,Completed,True,P005,Lamp 005,Lighting,65.00,5,65.00,0.00,1,2025-07-29,325.00,0.0000,325.0000,325.0000,0.0000,5,5,2490,1023,113,6
L002490,O01023,C0181,Customer 0181,West,Business,customer181@example.com,2025-01-14,2025-01,Store,Completed,True,P010,Chair 010,Furniture,211.00,2,211.00,0.00,0,,422.00,0.0000,422.0000,0.0000,422.0000,2,0,2491,1024,182,11
L002491,O01024,C0124,Customer 0124,East,Consumer,customer124@example.com,2025-09-04,2025-09,Online,Cancelled,False,P023,Shelf 023,Storage,68.00,5,68.00,0.20,0,,340.00,68.0000,272.0000,0.0000,272.0000,5,0,2492,1025,125,24
L002492,O01024,C0124,Customer 0124,East,Consumer,customer124@example.com,2025-09-04,2025-09,Online,Cancelled,False,P023,Shelf 023,Storage,68.00,2,68.00,0.20,0,,136.00,27.2000,108.8000,0.0000,108.8000,2,0,2493,1025,125,24
L002493,O01024,C0124,Customer 0124,East,Consumer,customer124@example.com,2025-09-04,2025-09,Online,Cancelled,False,P023,Shelf 023,Storage,68.00,1,68.00,0.05,0,,68.00,3.4000,64.6000,0.0000,64.6000,1,0,2494,1025,125,24
L002494,O01025,C0060,Customer 0060,South,Business,customer60@example.com,2025-11-22,2025-11,Online,Completed,True,P018,Chair 018,Furniture,269.00,2,269.00,0.00,0,,538.00,0.0000,538.0000,0.0000,538.0000,2,0,2495,1026,61,19
L002495,O01026,C0094,Customer 0094,West,Consumer,customer94@example.com,2025-10-19,2025-10,Store,Completed,True,P003,Shelf 003,Storage,199.00,3,199.00,0.20,0,,597.00,119.4000,477.6000,0.0000,477.6000,3,0,2496,1027,95,4
L002496,O01026,C0094,Customer 0094,West,Consumer,customer94@example.com,2025-10-19,2025-10,Store,Completed,True,P002,Chair 002,Furniture,284.00,2,284.00,0.20,0,,568.00,113.6000,454.4000,0.0000,454.4000,2,0,2497,1027,95,3
L002497,O01026,C0094,Customer 0094,West,Consumer,customer94@example.com,2025-10-19,2025-10,Store,Completed,True,P013,Lamp 013,Lighting,271.00,3,271.00,0.10,0,,813.00,81.3000,731.7000,0.0000,731.7000,3,0,2498,1027,95,14
L002498,O01026,C0094,Customer 0094,West,Consumer,customer94@example.com,2025-10-19,2025-10,Store,Completed,True,P002,Chair 002,Furniture,284.00,5,284.00,0.00,0,,1420.00,0.0000,1420.0000,0.0000,1420.0000,5,0,2499,1027,95,3
L002499,O01027,C0243,Customer 0243,East,Business,customer243@example.com,2025-05-11,2025-05,Online,Cancelled,False,P015,Shelf 015,Storage,254.00,5,254.00,0.05,0,,1270.00,63.5000,1206.5000,0.0000,1206.5000,5,0,2500,1028,244,16
L002500,O01027,C0243,Customer 0243,East,Business,customer243@example.com,2025-05-11,2025-05,Online,Cancelled,False,P004,Desk 004,Furniture,123.00,3,123.00,0.20,0,,369.00,73.8000,295.2000,0.0000,295.2000,3,0,2501,1028,244,5
L002501,O01027,C0243,Customer 0243,East,Business,customer243@example.com,2025-05-11,2025-05,Online,Cancelled,False,P003,Shelf 003,Storage,199.00,4,199.00,0.00,0,,796.00,0.0000,796.0000,0.0000,796.0000,4,0,2502,1028,244,4
L002502,O01027,C0243,Customer 0243,East,Business,customer243@example.com,2025-05-11,2025-05,Online,Cancelled,False,P011,Shelf 011,Storage,80.00,3,80.00,0.20,0,,240.00,48.0000,192.0000,0.0000,192.0000,3,0,2503,1028,244,12
L002503,O01028,C0162,Customer 0162,South,Consumer,customer162@example.com,2025-11-27,2025-11,Online,Completed,True,P005,Lamp 005,Lighting,65.00,1,65.00,0.20,0,,65.00,13.0000,52.0000,0.0000,52.0000,1,0,2504,1029,163,6
L002504,O01028,C0162,Customer 0162,South,Consumer,customer162@example.com,2025-11-27,2025-11,Online,Completed,True,P013,Lamp 013,Lighting,271.00,3,271.00,0.00,0,,813.00,0.0000,813.0000,0.0000,813.0000,3,0,2505,1029,163,14
L002505,O01029,C0017,Customer 0017,South,Consumer,customer17@example.com,2025-11-27,2025-11,Store,Completed,True,P018,Chair 018,Furniture,269.00,4,269.00,0.20,0,,1076.00,215.2000,860.8000,0.0000,860.8000,4,0,2506,1030,18,19
L002506,O01030,C0157,Customer 0157,West,Business,customer157@example.com,2025-06-14,2025-06,Online,Completed,True,P017,Lamp 017,Lighting,300.00,3,300.00,0.05,0,,900.00,45.0000,855.0000,0.0000,855.0000,3,0,2507,1031,158,18
L002507,O01030,C0157,Customer 0157,West,Business,customer157@example.com,2025-06-14,2025-06,Online,Completed,True,P005,Lamp 005,Lighting,65.00,5,65.00,0.00,0,,325.00,0.0000,325.0000,0.0000,325.0000,5,0,2508,1031,158,6
L002508,O01030,C0157,Customer 0157,West,Business,customer157@example.com,2025-06-14,2025-06,Online,Completed,True,P024,Desk 024,Furniture,81.00,1,81.00,0.20,0,,81.00,16.2000,64.8000,0.0000,64.8000,1,0,2509,1031,158,25
L002509,O01030,C0157,Customer 0157,West,Business,customer157@example.com,2025-06-14,2025-06,Online,Completed,True,P010,Chair 010,Furniture,211.00,4,211.00,0.20,0,,844.00,168.8000,675.2000,0.0000,675.2000,4,0,2510,1031,158,11
L002510,O01031,C0230,Customer 0230,East,Consumer,customer230@example.com,2025-08-22,2025-08,Online,Completed,True,P012,Desk 012,Furniture,134.00,1,134.00,0.20,0,,134.00,26.8000,107.2000,0.0000,107.2000,1,0,2511,1032,231,13
L002511,O01031,C0230,Customer 0230,East,Consumer,customer230@example.com,2025-08-22,2025-08,Online,Completed,True,P024,Desk 024,Furniture,81.00,4,81.00,0.10,0,,324.00,32.4000,291.6000,0.0000,291.6000,4,0,2512,1032,231,25
L002512,O01031,C0230,Customer 0230,East,Consumer,customer230@example.com,2025-08-22,2025-08,Online,Completed,True,P008,Desk 008,Furniture,188.00,2,188.00,0.1,0,,376.00,37.600,338.400,0.000,338.400,2,0,2513,1032,231,9
L002513,O01032,C0146,Customer 0146,South,Consumer,customer146@example.com,2025-04-06,2025-04,Store,Completed,True,P015,Shelf 015,Storage,254.00,1,254.00,0.10,0,,254.00,25.4000,228.6000,0.0000,228.6000,1,0,2514,1033,147,16
L002514,O01032,C0146,Customer 0146,South,Consumer,customer146@example.com,2025-04-06,2025-04,Store,Completed,True,P015,Shelf 015,Storage,254.00,5,254.00,0.10,0,,1270.00,127.0000,1143.0000,0.0000,1143.0000,5,0,2515,1033,147,16
L002515,O01032,C0146,Customer 0146,South,Consumer,customer146@example.com,2025-04-06,2025-04,Store,Completed,True,P003,Shelf 003,Storage,199.00,4,199.00,0.10,0,,796.00,79.6000,716.4000,0.0000,716.4000,4,0,2516,1033,147,4
L002516,O01033,C0227,Customer 0227,East,Consumer,customer227@example.com,2025-04-11,2025-04,Online,Completed,True,P023,Shelf 023,Storage,68.00,5,68.00,0.10,0,,340.00,34.0000,306.0000,0.0000,306.0000,5,0,2517,1034,228,24
L002517,O01033,C0227,Customer 0227,East,Consumer,customer227@example.com,2025-04-11,2025-04,Online,Completed,True,P024,Desk 024,Furniture,81.00,3,81.00,0.20,0,,243.00,48.6000,194.4000,0.0000,194.4000,3,0,2518,1034,228,25
L002518,O01034,C0002,Customer 0002,West,Consumer,customer2@example.com,2025-02-10,2025-02,Online,Completed,True,P013,Lamp 013,Lighting,271.00,2,271.00,0.05,0,,542.00,27.1000,514.9000,0.0000,514.9000,2,0,2519,1035,3,14
L002519,O01035,C0279,Customer 0279,South,Business,customer279@example.com,2025-05-02,2025-05,Online,Completed,True,P017,Lamp 017,Lighting,300.00,4,300.00,0.20,0,,1200.00,240.0000,960.0000,0.0000,960.0000,4,0,2520,1036,280,18
L002520,O01036,C0030,Customer 0030,South,Business,customer30@example.com,2025-04-09,2025-04,Store,Completed,True,P022,Chair 022,Furniture,134.00,5,134.00,0.10,0,,670.00,67.0000,603.0000,0.0000,603.0000,5,0,2521,1037,31,23
L002521,O01036,C0030,Customer 0030,South,Business,customer30@example.com,2025-04-09,2025-04,Store,Completed,True,P011,Shelf 011,Storage,80.00,5,80.00,0.10,0,,400.00,40.0000,360.0000,0.0000,360.0000,5,0,2522,1037,31,12
L002522,O01036,C0030,Customer 0030,South,Business,customer30@example.com,2025-04-09,2025-04,Store,Completed,True,P001,Lamp 001,Lighting,122.00,5,122.00,0.05,0,,610.00,30.5000,579.5000,0.0000,579.5000,5,0,2523,1037,31,2
L002523,O01036,C0030,Customer 0030,South,Business,customer30@example.com,2025-04-09,2025-04,Store,Completed,True,P001,Lamp 001,Lighting,122.00,4,122.00,0.05,0,,488.00,24.4000,463.6000,0.0000,463.6000,4,0,2524,1037,31,2
L002524,O01037,C0218,Customer 0218,East,Business,customer218@example.com,2025-11-25,2025-11,Store,Completed,True,P019,Shelf 019,Storage,78.00,4,78.00,0.10,0,,312.00,31.2000,280.8000,0.0000,280.8000,4,0,2525,1038,219,20
L002525,O01037,C0218,Customer 0218,East,Business,customer218@example.com,2025-11-25,2025-11,Store,Completed,True,P006,Chair 006,Furniture,196.00,4,196.00,0.20,0,,784.00,156.8000,627.2000,0.0000,627.2000,4,0,2526,1038,219,7
L002526,O01037,C0218,Customer 0218,East,Business,customer218@example.com,2025-11-25,2025-11,Store,Completed,True,P011,Shelf 011,Storage,80.00,4,80.00,0.20,0,,320.00,64.0000,256.0000,0.0000,256.0000,4,0,2527,1038,219,12
L002527,O01038,C0123,Customer 0123,East,Consumer,customer123@example.com,2025-03-16,2025-03,Store,Completed,True,P002,Chair 002,Furniture,284.00,5,284.00,0.20,0,,1420.00,284.0000,1136.0000,0.0000,1136.0000,5,0,2528,1039,124,3
L002528,O01039,C0243,Customer 0243,East,Business,customer243@example.com,2025-03-20,2025-03,Store,Completed,True,P016,Desk 016,Furniture,231.00,3,231.00,0.00,0,,693.00,0.0000,693.0000,0.0000,693.0000,3,0,2529,1040,244,17
L002529,O01039,C0243,Customer 0243,East,Business,customer243@example.com,2025-03-20,2025-03,Store,Completed,True,P007,Shelf 007,Storage,35.00,1,35.00,0.05,0,,35.00,1.7500,33.2500,0.0000,33.2500,1,0,2530,1040,244,8
L002530,O01039,C0243,Customer 0243,East,Business,customer243@example.com,2025-03-20,2025-03,Store,Completed,True,P005,Lamp 005,Lighting,65.00,5,65.00,0.10,0,,325.00,32.5000,292.5000,0.0000,292.5000,5,0,2531,1040,244,6
L002531,O01039,C0243,Customer 0243,East,Business,customer243@example.com,2025-03-20,2025-03,Store,Completed,True,P001,Lamp 001,Lighting,122.00,5,122.00,0.00,0,,610.00,0.0000,610.0000,0.0000,610.0000,5,0,2532,1040,244,2
L002532,O01040,C0079,Customer 0079,West,Business,customer79@example.com,2025-11-25,2025-11,Store,Completed,True,P006,Chair 006,Furniture,196.00,4,196.00,0.05,0,,784.00,39.2000,744.8000,0.0000,744.8000,4,0,2533,1041,80,7
L002533,O01041,C0079,Customer 0079,West,Business,customer79@example.com,2025-03-03,2025-03,Online,Completed,True,P015,Shelf 015,Storage,254.00,1,254.00,0.00,0,,254.00,0.0000,254.0000,0.0000,254.0000,1,0,2534,1042,80,16
L002534,O01042,C0196,Customer 0196,West,Consumer,customer196@example.com,2025-04-10,2025-04,Store,Completed,True,P024,Desk 024,Furniture,81.00,1,81.00,0.20,0,,81.00,16.2000,64.8000,0.0000,64.8000,1,0,2535,1043,197,25
L002535,O01042,C0196,Customer 0196,West,Consumer,customer196@example.com,2025-04-10,2025-04,Store,Completed,True,P005,Lamp 005,Lighting,65.00,3,65.00,0.00,0,,195.00,0.0000,195.0000,0.0000,195.0000,3,0,2536,1043,197,6
L002536,O01042,C0196,Customer 0196,West,Consumer,customer196@example.com,2025-04-10,2025-04,Store,Completed,True,P004,Desk 004,Furniture,123.00,1,123.00,0.05,0,,123.00,6.1500,116.8500,0.0000,116.8500,1,0,2537,1043,197,5
L002537,O01043,C0053,Customer 0053,West,Business,customer53@example.com,2025-07-05,2025-07,Store,Completed,True,P021,Lamp 021,Lighting,249.00,3,249.00,0.00,0,,747.00,0.0000,747.0000,0.0000,747.0000,3,0,2538,1044,54,22
L002538,O01043,C0053,Customer 0053,West,Business,customer53@example.com,2025-07-05,2025-07,Store,Completed,True,P014,Chair 014,Furniture,294.00,2,294.00,0.20,0,,588.00,117.6000,470.4000,0.0000,470.4000,2,0,2539,1044,54,15
L002539,O01044,C0101,Customer 0101,South,Business,customer101@example.com,2025-12-28,2025-12,Online,Completed,True,P019,Shelf 019,Storage,78.00,2,78.00,0.20,0,,156.00,31.2000,124.8000,0.0000,124.8000,2,0,2540,1045,102,20
L002540,O01044,C0101,Customer 0101,South,Business,customer101@example.com,2025-12-28,2025-12,Online,Completed,True,P001,Lamp 001,Lighting,122.00,5,122.00,0.20,0,,610.00,122.0000,488.0000,0.0000,488.0000,5,0,2541,1045,102,2
L002541,O01045,C0278,Customer 0278,North,Consumer,customer278@example.com,2025-08-21,2025-08,Store,Completed,True,P009,Lamp 009,Lighting,93.00,3,93.00,0.10,0,,279.00,27.9000,251.1000,0.0000,251.1000,3,0,2542,1046,279,10
L002542,O01045,C0278,Customer 0278,North,Consumer,customer278@example.com,2025-08-21,2025-08,Store,Completed,True,P003,Shelf 003,Storage,199.00,1,199.00,0.05,0,,199.00,9.9500,189.0500,0.0000,189.0500,1,0,2543,1046,279,4
L002543,O01046,C0292,Customer 0292,East,Business,customer292@example.com,2025-12-08,2025-12,Online,Completed,True,P001,Lamp 001,Lighting,122.00,2,122.00,0.05,0,,244.00,12.2000,231.8000,0.0000,231.8000,2,0,2544,1047,293,2
L002544,O01046,C0292,Customer 0292,East,Business,customer292@example.com,2025-12-08,2025-12,Online,Completed,True,P022,Chair 022,Furniture,134.00,1,134.00,0.00,0,,134.00,0.0000,134.0000,0.0000,134.0000,1,0,2545,1047,293,23
L002545,O01046,C0292,Customer 0292,East,Business,customer292@example.com,2025-12-08,2025-12,Online,Completed,True,P018,Chair 018,Furniture,269.00,5,269.00,0.20,0,,1345.00,269.0000,1076.0000,0.0000,1076.0000,5,0,2546,1047,293,19
L002546,O01047,C0231,Customer 0231,West,Business,customer231@example.com,2025-05-29,2025-05,Online,Cancelled,False,P008,Desk 008,Furniture,188.00,2,188.00,0.00,0,,376.00,0.0000,376.0000,0.0000,376.0000,2,0,2547,1048,232,9
L002547,O01047,C0231,Customer 0231,West,Business,customer231@example.com,2025-05-29,2025-05,Online,Cancelled,False,P007,Shelf 007,Storage,35.00,2,35.00,0.00,0,,70.00,0.0000,70.0000,0.0000,70.0000,2,0,2548,1048,232,8
L002548,O01048,C0129,Customer 0129,North,Business,customer129@example.com,2025-08-31,2025-08,Store,Completed,True,P005,Lamp 005,Lighting,65.00,1,65.00,0.10,0,,65.00,6.5000,58.5000,0.0000,58.5000,1,0,2549,1049,130,6
L002549,O01048,C0129,Customer 0129,North,Business,customer129@example.com,2025-08-31,2025-08,Store,Completed,True,P013,Lamp 013,Lighting,271.00,5,271.00,0.20,0,,1355.00,271.0000,1084.0000,0.0000,1084.0000,5,0,2550,1049,130,14
L002550,O01048,C0129,Customer 0129,North,Business,customer129@example.com,2025-08-31,2025-08,Store,Completed,True,P022,Chair 022,Furniture,134.00,5,134.00,0.20,0,,670.00,134.0000,536.0000,0.0000,536.0000,5,0,2551,1049,130,23
L002551,O01049,C0045,Customer 0045,North,Consumer,customer45@example.com,2025-12-12,2025-12,Store,Completed,True,P020,Desk 020,Furniture,189.00,2,189.00,0.20,0,,378.00,75.6000,302.4000,0.0000,302.4000,2,0,2552,1050,46,21
L002552,O01050,C0234,Customer 0234,West,Business,customer234@example.com,2025-05-27,2025-05,Store,Completed,True,P010,Chair 010,Furniture,211.00,3,211.00,0.10,0,,633.00,63.3000,569.7000,0.0000,569.7000,3,0,2553,1051,235,11
L002553,O01050,C0234,Customer 0234,West,Business,customer234@example.com,2025-05-27,2025-05,Store,Completed,True,P004,Desk 004,Furniture,123.00,1,123.00,0.05,0,,123.00,6.1500,116.8500,0.0000,116.8500,1,0,2554,1051,235,5
L002554,O01050,C0234,Customer 0234,West,Business,customer234@example.com,2025-05-27,2025-05,Store,Completed,True,P006,Chair 006,Furniture,196.00,1,196.00,0.10,0,,196.00,19.6000,176.4000,0.0000,176.4000,1,0,2555,1051,235,7
L002555,O01051,C0037,Customer 0037,East,Business,customer37@example.com,2025-07-01,2025-07,Store,Completed,True,P009,Lamp 009,Lighting,93.00,1,93.00,0.20,0,,93.00,18.6000,74.4000,0.0000,74.4000,1,0,2556,1052,38,10
L002556,O01051,C0037,Customer 0037,East,Business,customer37@example.com,2025-07-01,2025-07,Store,Completed,True,P007,Shelf 007,Storage,35.00,4,35.00,0.05,0,,140.00,7.0000,133.0000,0.0000,133.0000,4,0,2557,1052,38,8
L002557,O01051,C0037,Customer 0037,East,Business,customer37@example.com,2025-07-01,2025-07,Store,Completed,True,P021,Lamp 021,Lighting,249.00,4,249.00,0.00,0,,996.00,0.0000,996.0000,0.0000,996.0000,4,0,2558,1052,38,22
L002558,O01052,C0108,Customer 0108,East,Business,customer108@example.com,2025-09-13,2025-09,Online,Completed,True,P013,Lamp 013,Lighting,271.00,4,271.00,0.05,0,,1084.00,54.2000,1029.8000,0.0000,1029.8000,4,0,2559,1053,109,14
L002559,O01052,C0108,Customer 0108,East,Business,customer108@example.com,2025-09-13,2025-09,Online,Completed,True,P006,Chair 006,Furniture,196.00,4,196.00,0.00,0,,784.00,0.0000,784.0000,0.0000,784.0000,4,0,2560,1053,109,7
L002560,O01052,C0108,Customer 0108,East,Business,customer108@example.com,2025-09-13,2025-09,Online,Completed,True,P008,Desk 008,Furniture,188.00,3,188.00,0.05,0,,564.00,28.2000,535.8000,0.0000,535.8000,3,0,2561,1053,109,9
L002561,O01052,C0108,Customer 0108,East,Business,customer108@example.com,2025-09-13,2025-09,Online,Completed,True,P004,Desk 004,Furniture,123.00,2,123.00,0.10,0,,246.00,24.6000,221.4000,0.0000,221.4000,2,0,2562,1053,109,5
L002562,O01053,C0183,Customer 0183,East,Consumer,customer183@example.com,2025-01-15,2025-01,Online,Completed,True,P021,Lamp 021,Lighting,249.00,5,249.00,0.05,0,,1245.00,62.2500,1182.7500,0.0000,1182.7500,5,0,2563,1054,184,22
L002563,O01053,C0183,Customer 0183,East,Consumer,customer183@example.com,2025-01-15,2025-01,Online,Completed,True,P017,Lamp 017,Lighting,300.00,1,300.00,0.20,0,,300.00,60.0000,240.0000,0.0000,240.0000,1,0,2564,1054,184,18
L002564,O01054,C0219,Customer 0219,East,Consumer,customer219@example.com,2025-10-07,2025-10,Store,Completed,True,P015,Shelf 015,Storage,254.00,2,254.00,0.20,1,2025-10-21,508.00,101.6000,406.4000,203.2000,203.2000,2,1,2565,1055,220,16
L002565,O01054,C0219,Customer 0219,East,Consumer,customer219@example.com,2025-10-07,2025-10,Store,Completed,True,P015,Shelf 015,Storage,254.00,3,254.00,0.20,0,,762.00,152.4000,609.6000,0.0000,609.6000,3,0,2566,1055,220,16
L002566,O01054,C0219,Customer 0219,East,Consumer,customer219@example.com,2025-10-07,2025-10,Store,Completed,True,P019,Shelf 019,Storage,78.00,5,78.00,0.20,0,,390.00,78.0000,312.0000,0.0000,312.0000,5,0,2567,1055,220,20
L002567,O01055,C0272,Customer 0272,West,Business,customer272@example.com,2025-04-05,2025-04,Store,Completed,True,P013,Lamp 013,Lighting,271.00,5,271.00,0.05,0,,1355.00,67.7500,1287.2500,0.0000,1287.2500,5,0,2568,1056,273,14
L002568,O01055,C0272,Customer 0272,West,Business,customer272@example.com,2025-04-05,2025-04,Store,Completed,True,P019,Shelf 019,Storage,78.00,5,78.00,0.10,1,2025-04-23,390.00,39.0000,351.0000,140.4000,210.6000,5,2,2569,1056,273,20
L002569,O01055,C0272,Customer 0272,West,Business,customer272@example.com,2025-04-05,2025-04,Store,Completed,True,P020,Desk 020,Furniture,189.00,1,189.00,0.05,0,,189.00,9.4500,179.5500,0.0000,179.5500,1,0,2570,1056,273,21
L002570,O01055,C0272,Customer 0272,West,Business,customer272@example.com,2025-04-05,2025-04,Store,Completed,True,P024,Desk 024,Furniture,81.00,3,81.00,0.10,0,,243.00,24.3000,218.7000,0.0000,218.7000,3,0,2571,1056,273,25
L002571,O01056,C0007,Customer 0007,North,Consumer,customer7@example.com,2025-03-23,2025-03,Store,Completed,True,P012,Desk 012,Furniture,134.00,4,134.00,0.00,0,,536.00,0.0000,536.0000,0.0000,536.0000,4,0,2572,1057,8,13
L002572,O01056,C0007,Customer 0007,North,Consumer,customer7@example.com,2025-03-23,2025-03,Store,Completed,True,P008,Desk 008,Furniture,188.00,5,188.00,0.00,0,,940.00,0.0000,940.0000,0.0000,940.0000,5,0,2573,1057,8,9
L002573,O01056,C0007,Customer 0007,North,Consumer,customer7@example.com,2025-03-23,2025-03,Store,Completed,True,P012,Desk 012,Furniture,134.00,1,134.00,0.05,0,,134.00,6.7000,127.3000,0.0000,127.3000,1,0,2574,1057,8,13
L002574,O01056,C0007,Customer 0007,North,Consumer,customer7@example.com,2025-03-23,2025-03,Store,Completed,True,P001,Lamp 001,Lighting,122.00,3,122.00,0.1,1,2025-04-06,366.00,36.600,329.400,219.600,109.800,3,2,2575,1057,8,2
L002575,O01057,C0074,Customer 0074,South,Business,customer74@example.com,2025-07-16,2025-07,Online,Completed,True,P008,Desk 008,Furniture,188.00,5,188.00,0.00,0,,940.00,0.0000,940.0000,0.0000,940.0000,5,0,2576,1058,75,9
L002576,O01057,C0074,Customer 0074,South,Business,customer74@example.com,2025-07-16,2025-07,Online,Completed,True,P018,Chair 018,Furniture,269.00,1,269.00,0.00,0,,269.00,0.0000,269.0000,0.0000,269.0000,1,0,2577,1058,75,19
L002577,O01058,C0248,Customer 0248,East,Business,customer248@example.com,2025-08-01,2025-08,Online,Completed,True,P013,Lamp 013,Lighting,271.00,3,271.00,0.10,0,,813.00,81.3000,731.7000,0.0000,731.7000,3,0,2578,1059,249,14
L002578,O01058,C0248,Customer 0248,East,Business,customer248@example.com,2025-08-01,2025-08,Online,Completed,True,P002,Chair 002,Furniture,284.00,5,284.00,0.00,0,,1420.00,0.0000,1420.0000,0.0000,1420.0000,5,0,2579,1059,249,3
L002579,O01058,C0248,Customer 0248,East,Business,customer248@example.com,2025-08-01,2025-08,Online,Completed,True,P005,Lamp 005,Lighting,65.00,3,65.00,0.00,0,,195.00,0.0000,195.0000,0.0000,195.0000,3,0,2580,1059,249,6
L002580,O01059,C0201,Customer 0201,East,Consumer,customer201@example.com,2025-07-28,2025-07,Online,Completed,True,P018,Chair 018,Furniture,269.00,1,269.00,0.05,0,,269.00,13.4500,255.5500,0.0000,255.5500,1,0,2581,1060,202,19
L002581,O01060,C0105,Customer 0105,South,Business,customer105@example.com,2025-12-19,2025-12,Online,Completed,True,P013,Lamp 013,Lighting,271.00,4,271.00,0.20,0,,1084.00,216.8000,867.2000,0.0000,867.2000,4,0,2582,1061,106,14
L002582,O01061,C0288,Customer 0288,East,Consumer,customer288@example.com,2025-01-19,2025-01,Store,Completed,True,P013,Lamp 013,Lighting,271.00,5,271.00,0.10,1,2025-01-20,1355.00,135.5000,1219.5000,1219.5000,0.0000,5,5,2583,1062,289,14
L002583,O01061,C0288,Customer 0288,East,Consumer,customer288@example.com,2025-01-19,2025-01,Store,Completed,True,P004,Desk 004,Furniture,123.00,5,123.00,0.20,1,2025-02-15,615.00,123.0000,492.0000,492.0000,0.0000,5,5,2584,1062,289,5
L002584,O01061,C0288,Customer 0288,East,Consumer,customer288@example.com,2025-01-19,2025-01,Store,Completed,True,P014,Chair 014,Furniture,294.00,3,294.00,0.20,0,,882.00,176.4000,705.6000,0.0000,705.6000,3,0,2585,1062,289,15
L002585,O01062,C0230,Customer 0230,East,Consumer,customer230@example.com,2025-07-02,2025-07,Online,Completed,True,P013,Lamp 013,Lighting,271.00,4,271.00,0.05,0,,1084.00,54.2000,1029.8000,0.0000,1029.8000,4,0,2586,1063,231,14
L002586,O01062,C0230,Customer 0230,East,Consumer,customer230@example.com,2025-07-02,2025-07,Online,Completed,True,P024,Desk 024,Furniture,81.00,1,81.00,0.20,0,,81.00,16.2000,64.8000,0.0000,64.8000,1,0,2587,1063,231,25
L002587,O01062,C0230,Customer 0230,East,Consumer,customer230@example.com,2025-07-02,2025-07,Online,Completed,True,P005,Lamp 005,Lighting,65.00,5,65.00,0.05,0,,325.00,16.2500,308.7500,0.0000,308.7500,5,0,2588,1063,231,6
L002588,O01063,C0129,Customer 0129,North,Business,customer129@example.com,2025-01-17,2025-01,Store,Completed,True,P013,Lamp 013,Lighting,271.00,1,271.00,0.10,0,,271.00,27.1000,243.9000,0.0000,243.9000,1,0,2589,1064,130,14
L002589,O01063,C0129,Customer 0129,North,Business,customer129@example.com,2025-01-17,2025-01,Store,Completed,True,P007,Shelf 007,Storage,35.00,1,35.00,0.20,0,,35.00,7.0000,28.0000,0.0000,28.0000,1,0,2590,1064,130,8
L002590,O01063,C0129,Customer 0129,North,Business,customer129@example.com,2025-01-17,2025-01,Store,Completed,True,P012,Desk 012,Furniture,134.00,1,134.00,0.00,0,,134.00,0.0000,134.0000,0.0000,134.0000,1,0,2591,1064,130,13
L002591,O01063,C0129,Customer 0129,North,Business,customer129@example.com,2025-01-17,2025-01,Store,Completed,True,P010,Chair 010,Furniture,211.00,4,211.00,0.10,0,,844.00,84.4000,759.6000,0.0000,759.6000,4,0,2592,1064,130,11
L002592,O01064,C0014,Customer 0014,North,Business,customer14@example.com,2025-07-15,2025-07,Online,Completed,True,P010,Chair 010,Furniture,211.00,1,211.00,0.00,0,,211.00,0.0000,211.0000,0.0000,211.0000,1,0,2593,1065,15,11
L002593,O01064,C0014,Customer 0014,North,Business,customer14@example.com,2025-07-15,2025-07,Online,Completed,True,P022,Chair 022,Furniture,134.00,1,134.00,0.00,0,,134.00,0.0000,134.0000,0.0000,134.0000,1,0,2594,1065,15,23
L002594,O01064,C0014,Customer 0014,North,Business,customer14@example.com,2025-07-15,2025-07,Online,Completed,True,P002,Chair 002,Furniture,284.00,2,284.00,0.00,0,,568.00,0.0000,568.0000,0.0000,568.0000,2,0,2595,1065,15,3
L002595,O01065,C0196,Customer 0196,West,Consumer,customer196@example.com,2025-02-17,2025-02,Store,Completed,True,P012,Desk 012,Furniture,134.00,3,134.00,0.05,0,,402.00,20.1000,381.9000,0.0000,381.9000,3,0,2596,1066,197,13
L002596,O01065,C0196,Customer 0196,West,Consumer,customer196@example.com,2025-02-17,2025-02,Store,Completed,True,P005,Lamp 005,Lighting,65.00,2,65.00,0.05,1,2025-03-11,130.00,6.5000,123.5000,61.7500,61.7500,2,1,2597,1066,197,6
L002597,O01065,C0196,Customer 0196,West,Consumer,customer196@example.com,2025-02-17,2025-02,Store,Completed,True,P013,Lamp 013,Lighting,271.00,3,271.00,0.20,0,,813.00,162.6000,650.4000,0.0000,650.4000,3,0,2598,1066,197,14
L002598,O01065,C0196,Customer 0196,West,Consumer,customer196@example.com,2025-02-17,2025-02,Store,Completed,True,P017,Lamp 017,Lighting,300.00,4,300.00,0.05,0,,1200.00,60.0000,1140.0000,0.0000,1140.0000,4,0,2599,1066,197,18
L002599,O01066,C0111,Customer 0111,South,Business,customer111@example.com,2025-10-23,2025-10,Online,Cancelled,False,P008,Desk 008,Furniture,188.00,4,188.00,0.20,0,,752.00,150.4000,601.6000,0.0000,601.6000,4,0,2600,1067,112,9
L002600,O01066,C0111,Customer 0111,South,Business,customer111@example.com,2025-10-23,2025-10,Online,Cancelled,False,P013,Lamp 013,Lighting,271.00,1,271.00,0.05,0,,271.00,13.5500,257.4500,0.0000,257.4500,1,0,2601,1067,112,14
L002601,O01067,C0287,Customer 0287,South,Consumer,customer287@example.com,2025-06-13,2025-06,Store,Completed,True,P023,Shelf 023,Storage,68.00,4,68.00,0.00,0,,272.00,0.0000,272.0000,0.0000,272.0000,4,0,2602,1068,288,24
L002602,O01067,C0287,Customer 0287,South,Consumer,customer287@example.com,2025-06-13,2025-06,Store,Completed,True,P017,Lamp 017,Lighting,300.00,4,300.00,0.10,0,,1200.00,120.0000,1080.0000,0.0000,1080.0000,4,0,2603,1068,288,18
L002603,O01067,C0287,Customer 0287,South,Consumer,customer287@example.com,2025-06-13,2025-06,Store,Completed,True,P011,Shelf 011,Storage,80.00,3,80.00,0.10,0,,240.00,24.0000,216.0000,0.0000,216.0000,3,0,2604,1068,288,12
L002604,O01067,C0287,Customer 0287,South,Consumer,customer287@example.com,2025-06-13,2025-06,Store,Completed,True,P018,Chair 018,Furniture,269.00,3,269.00,0.20,1,2025-06-19,807.00,161.4000,645.6000,215.2000,430.4000,3,1,2605,1068,288,19
L002605,O01068,C0197,Customer 0197,East,Business,customer197@example.com,2025-10-29,2025-10,Store,Completed,True,P011,Shelf 011,Storage,80.00,4,80.00,0.1,0,,320.00,32.000,288.000,0.000,288.000,4,0,2606,1069,198,12
L002606,O01069,C0162,Customer 0162,South,Consumer,customer162@example.com,2025-10-15,2025-10,Store,Completed,True,P024,Desk 024,Furniture,81.00,3,81.00,0.10,0,,243.00,24.3000,218.7000,0.0000,218.7000,3,0,2607,1070,163,25
L002607,O01069,C0162,Customer 0162,South,Consumer,customer162@example.com,2025-10-15,2025-10,Store,Completed,True,P010,Chair 010,Furniture,211.00,2,211.00,0.05,0,,422.00,21.1000,400.9000,0.0000,400.9000,2,0,2608,1070,163,11
L002608,O01069,C0162,Customer 0162,South,Consumer,customer162@example.com,2025-10-15,2025-10,Store,Completed,True,P016,Desk 016,Furniture,231.00,4,231.00,0.05,1,2025-10-20,924.00,46.2000,877.8000,658.3500,219.4500,4,3,2609,1070,163,17
L002609,O01069,C0162,Customer 0162,South,Consumer,customer162@example.com,2025-10-15,2025-10,Store,Completed,True,P019,Shelf 019,Storage,78.00,3,78.00,0.00,0,,234.00,0.0000,234.0000,0.0000,234.0000,3,0,2610,1070,163,20
L002610,O01070,C0059,Customer 0059,South,Business,customer59@example.com,2025-10-26,2025-10,Store,Completed,True,P022,Chair 022,Furniture,134.00,3,134.00,0.20,0,,402.00,80.4000,321.6000,0.0000,321.6000,3,0,2611,1071,60,23
L002611,O01070,C0059,Customer 0059,South,Business,customer59@example.com,2025-10-26,2025-10,Store,Completed,True,P019,Shelf 019,Storage,78.00,4,78.00,0.00,0,,312.00,0.0000,312.0000,0.0000,312.0000,4,0,2612,1071,60,20
L002612,O01070,C0059,Customer 0059,South,Business,customer59@example.com,2025-10-26,2025-10,Store,Completed,True,P001,Lamp 001,Lighting,122.00,5,122.00,0.05,0,,610.00,30.5000,579.5000,0.0000,579.5000,5,0,2613,1071,60,2
L002613,O01071,C0117,Customer 0117,North,Consumer,customer117@example.com,2025-03-12,2025-03,Store,Cancelled,False,P021,Lamp 021,Lighting,249.00,4,249.00,0.00,0,,996.00,0.0000,996.0000,0.0000,996.0000,4,0,2614,1072,118,22
L002614,O01072,C0196,Customer 0196,West,Consumer,customer196@example.com,2025-12-10,2025-12,Online,Completed,True,P001,Lamp 001,Lighting,122.00,1,122.00,0.20,0,,122.00,24.4000,97.6000,0.0000,97.6000,1,0,2615,1073,197,2
L002615,O01072,C0196,Customer 0196,West,Consumer,customer196@example.com,2025-12-10,2025-12,Online,Completed,True,P014,Chair 014,Furniture,294.00,4,294.00,0.05,0,,1176.00,58.8000,1117.2000,0.0000,1117.2000,4,0,2616,1073,197,15
L002616,O01073,C0226,Customer 0226,South,Business,customer226@example.com,2025-07-07,2025-07,Online,Completed,True,P011,Shelf 011,Storage,80.00,5,80.00,0.10,0,,400.00,40.0000,360.0000,0.0000,360.0000,5,0,2617,1074,227,12
L002617,O01073,C0226,Customer 0226,South,Business,customer226@example.com,2025-07-07,2025-07,Online,Completed,True,P009,Lamp 009,Lighting,93.00,5,93.00,0.00,1,2025-07-26,465.00,0.0000,465.0000,372.0000,93.0000,5,4,2618,1074,227,10
L002618,O01073,C0226,Customer 0226,South,Business,customer226@example.com,2025-07-07,2025-07,Online,Completed,True,P008,Desk 008,Furniture,188.00,2,188.00,0.00,0,,376.00,0.0000,376.0000,0.0000,376.0000,2,0,2619,1074,227,9
L002619,O01074,C0066,Customer 0066,North,Business,customer66@example.com,2025-07-15,2025-07,Store,Completed,True,P022,Chair 022,Furniture,134.00,4,134.00,0.20,0,,536.00,107.2000,428.8000,0.0000,428.8000,4,0,2620,1075,67,23
L002620,O01074,C0066,Customer 0066,North,Business,customer66@example.com,2025-07-15,2025-07,Store,Completed,True,P024,Desk 024,Furniture,81.00,2,81.00,0.20,0,,162.00,32.4000,129.6000,0.0000,129.6000,2,0,2621,1075,67,25
L002621,O01075,C0088,Customer 0088,West,Business,customer88@example.com,2025-05-21,2025-05,Store,Completed,True,P014,Chair 014,Furniture,294.00,3,294.00,0.20,0,,882.00,176.4000,705.6000,0.0000,705.6000,3,0,2622,1076,89,15
L002622,O01075,C0088,Customer 0088,West,Business,customer88@example.com,2025-05-21,2025-05,Store,Completed,True,P015,Shelf 015,Storage,254.00,2,254.00,0.00,0,,508.00,0.0000,508.0000,0.0000,508.0000,2,0,2623,1076,89,16
L002623,O01075,C0088,Customer 0088,West,Business,customer88@example.com,2025-05-21,2025-05,Store,Completed,True,P015,Shelf 015,Storage,254.00,2,254.00,0.10,0,,508.00,50.8000,457.2000,0.0000,457.2000,2,0,2624,1076,89,16
L002624,O01075,C0088,Customer 0088,West,Business,customer88@example.com,2025-05-21,2025-05,Store,Completed,True,P024,Desk 024,Furniture,81.00,1,81.00,0.10,0,,81.00,8.1000,72.9000,0.0000,72.9000,1,0,2625,1076,89,25
L002625,O01076,C0184,Customer 0184,West,Business,customer184@example.com,2025-09-02,2025-09,Online,Completed,True,P006,Chair 006,Furniture,196.00,4,196.00,0.05,0,,784.00,39.2000,744.8000,0.0000,744.8000,4,0,2626,1077,185,7
L002626,O01077,C0099,Customer 0099,West,Consumer,customer99@example.com,2025-07-07,2025-07,Online,Completed,True,P016,Desk 016,Furniture,231.00,4,231.00,0.10,0,,924.00,92.4000,831.6000,0.0000,831.6000,4,0,2627,1078,100,17
L002627,O01077,C0099,Customer 0099,West,Consumer,customer99@example.com,2025-07-07,2025-07,Online,Completed,True,P004,Desk 004,Furniture,123.00,5,123.00,0.05,1,2025-07-16,615.00,30.7500,584.2500,350.5500,233.7000,5,3,2628,1078,100,5
L002628,O01078,C0300,Customer 0300,West,Consumer,customer300@example.com,2025-10-28,2025-10,Online,Completed,True,P004,Desk 004,Furniture,123.00,2,123.00,0.20,0,,246.00,49.2000,196.8000,0.0000,196.8000,2,0,2629,1079,301,5
L002629,O01078,C0300,Customer 0300,West,Consumer,customer300@example.com,2025-10-28,2025-10,Online,Completed,True,P021,Lamp 021,Lighting,249.00,5,249.00,0.10,0,,1245.00,124.5000,1120.5000,0.0000,1120.5000,5,0,2630,1079,301,22
L002630,O01078,C0300,Customer 0300,West,Consumer,customer300@example.com,2025-10-28,2025-10,Online,Completed,True,P001,Lamp 001,Lighting,122.00,3,122.00,0.05,0,,366.00,18.3000,347.7000,0.0000,347.7000,3,0,2631,1079,301,2
L002631,O01078,C0300,Customer 0300,West,Consumer,customer300@example.com,2025-10-28,2025-10,Online,Completed,True,P003,Shelf 003,Storage,199.00,5,199.00,0.05,0,,995.00,49.7500,945.2500,0.0000,945.2500,5,0,2632,1079,301,4
L002632,O01079,C0289,Customer 0289,West,Business,customer289@example.com,2025-08-28,2025-08,Store,Completed,True,P009,Lamp 009,Lighting,93.00,3,93.00,0.20,0,,279.00,55.8000,223.2000,0.0000,223.2000,3,0,2633,1080,290,10
L002633,O01079,C0289,Customer 0289,West,Business,customer289@example.com,2025-08-28,2025-08,Store,Completed,True,P024,Desk 024,Furniture,81.00,1,81.00,0.10,0,,81.00,8.1000,72.9000,0.0000,72.9000,1,0,2634,1080,290,25
L002634,O01080,C0239,Customer 0239,South,Consumer,,2025-04-20,2025-04,Store,Completed,True,P014,Chair 014,Furniture,294.00,3,294.00,0.20,0,,882.00,176.4000,705.6000,0.0000,705.6000,3,0,2635,1081,240,15
L002635,O01080,C0239,Customer 0239,South,Consumer,,2025-04-20,2025-04,Store,Completed,True,P005,Lamp 005,Lighting,65.00,1,65.00,0.10,0,,65.00,6.5000,58.5000,0.0000,58.5000,1,0,2636,1081,240,6
L002636,O01081,C0239,Customer 0239,South,Consumer,,2025-01-22,2025-01,Store,Completed,True,P005,Lamp 005,Lighting,65.00,2,65.00,0.1,0,,130.00,13.000,117.000,0.000,117.000,2,0,2637,1082,240,6
L002637,O01081,C0239,Customer 0239,South,Consumer,,2025-01-22,2025-01,Store,Completed,True,P024,Desk 024,Furniture,81.00,1,81.00,0.10,0,,81.00,8.1000,72.9000,0.0000,72.9000,1,0,2638,1082,240,25
L002638,O01081,C0239,Customer 0239,South,Consumer,,2025-01-22,2025-01,Store,Completed,True,P017,Lamp 017,Lighting,300.00,2,300.00,0.20,1,2025-02-07,600.00,120.0000,480.0000,240.0000,240.0000,2,1,2639,1082,240,18
L002639,O01082,C0164,Customer 0164,East,Consumer,customer164@example.com,2025-01-31,2025-01,Online,Completed,True,P001,Lamp 001,Lighting,122.00,1,122.00,0.20,0,,122.00,24.4000,97.6000,0.0000,97.6000,1,0,2640,1083,165,2
L002640,O01082,C0164,Customer 0164,East,Consumer,customer164@example.com,2025-01-31,2025-01,Online,Completed,True,P004,Desk 004,Furniture,123.00,1,123.00,0.05,0,,123.00,6.1500,116.8500,0.0000,116.8500,1,0,2641,1083,165,5
L002641,O01082,C0164,Customer 0164,East,Consumer,customer164@example.com,2025-01-31,2025-01,Online,Completed,True,P002,Chair 002,Furniture,284.00,1,284.00,0.20,0,,284.00,56.8000,227.2000,0.0000,227.2000,1,0,2642,1083,165,3
L002642,O01083,C0127,Customer 0127,East,Business,customer127@example.com,2025-05-30,2025-05,Online,Completed,True,P023,Shelf 023,Storage,68.00,4,68.00,0.05,0,,272.00,13.6000,258.4000,0.0000,258.4000,4,0,2643,1084,128,24
L002643,O01083,C0127,Customer 0127,East,Business,customer127@example.com,2025-05-30,2025-05,Online,Completed,True,P003,Shelf 003,Storage,199.00,1,199.00,0.20,0,,199.00,39.8000,159.2000,0.0000,159.2000,1,0,2644,1084,128,4
L002644,O01084,C0170,Customer 0170,East,Business,customer170@example.com,2025-05-21,2025-05,Store,Completed,True,P008,Desk 008,Furniture,188.00,3,188.00,0.05,0,,564.00,28.2000,535.8000,0.0000,535.8000,3,0,2645,1085,171,9
L002645,O01085,C0068,Customer 0068,West,Consumer,customer68@example.com,2025-04-03,2025-04,Store,Completed,True,P006,Chair 006,Furniture,196.00,2,196.00,0.00,0,,392.00,0.0000,392.0000,0.0000,392.0000,2,0,2646,1086,69,7
L002646,O01085,C0068,Customer 0068,West,Consumer,customer68@example.com,2025-04-03,2025-04,Store,Completed,True,P014,Chair 014,Furniture,294.00,3,294.00,0.10,0,,882.00,88.2000,793.8000,0.0000,793.8000,3,0,2647,1086,69,15
L002647,O01085,C0068,Customer 0068,West,Consumer,customer68@example.com,2025-04-03,2025-04,Store,Completed,True,P003,Shelf 003,Storage,199.00,2,199.00,0.20,1,2025-04-14,398.00,79.6000,318.4000,318.4000,0.0000,2,2,2648,1086,69,4
L002648,O01085,C0068,Customer 0068,West,Consumer,customer68@example.com,2025-04-03,2025-04,Store,Completed,True,P021,Lamp 021,Lighting,249.00,5,249.00,0.20,0,,1245.00,249.0000,996.0000,0.0000,996.0000,5,0,2649,1086,69,22
L002649,O01086,C0187,Customer 0187,North,Business,customer187@example.com,2025-06-04,2025-06,Store,Completed,True,P022,Chair 022,Furniture,134.00,5,134.00,0.05,0,,670.00,33.5000,636.5000,0.0000,636.5000,5,0,2650,1087,188,23
L002650,O01086,C0187,Customer 0187,North,Business,customer187@example.com,2025-06-04,2025-06,Store,Completed,True,P011,Shelf 011,Storage,80.00,2,80.00,0.20,0,,160.00,32.0000,128.0000,0.0000,128.0000,2,0,2651,1087,188,12
L002651,O01086,C0187,Customer 0187,North,Business,customer187@example.com,2025-06-04,2025-06,Store,Completed,True,P024,Desk 024,Furniture,81.00,2,81.00,0.10,1,2025-06-05,162.00,16.2000,145.8000,72.9000,72.9000,2,1,2652,1087,188,25
L002652,O01087,C0046,Customer 0046,West,Consumer,customer46@example.com,2025-12-19,2025-12,Store,Completed,True,P015,Shelf 015,Storage,254.00,2,254.00,0.05,0,,508.00,25.4000,482.6000,0.0000,482.6000,2,0,2653,1088,47,16
L002653,O01087,C0046,Customer 0046,West,Consumer,customer46@example.com,2025-12-19,2025-12,Store,Completed,True,P013,Lamp 013,Lighting,271.00,5,271.00,0.10,0,,1355.00,135.5000,1219.5000,0.0000,1219.5000,5,0,2654,1088,47,14
L002654,O01087,C0046,Customer 0046,West,Consumer,customer46@example.com,2025-12-19,2025-12,Store,Completed,True,P007,Shelf 007,Storage,35.00,2,35.00,0.20,0,,70.00,14.0000,56.0000,0.0000,56.0000,2,0,2655,1088,47,8
L002655,O01088,C0216,Customer 0216,North,Consumer,customer216@example.com,2025-04-17,2025-04,Store,Completed,True,P023,Shelf 023,Storage,68.00,1,68.00,0.10,0,,68.00,6.8000,61.2000,0.0000,61.2000,1,0,2656,1089,217,24
L002656,O01088,C0216,Customer 0216,North,Consumer,customer216@example.com,2025-04-17,2025-04,Store,Completed,True,P013,Lamp 013,Lighting,271.00,5,271.00,0.20,0,,1355.00,271.0000,1084.0000,0.0000,1084.0000,5,0,2657,1089,217,14
L002657,O01088,C0216,Customer 0216,North,Consumer,customer216@example.com,2025-04-17,2025-04,Store,Completed,True,P013,Lamp 013,Lighting,271.00,4,271.00,0.05,0,,1084.00,54.2000,1029.8000,0.0000,1029.8000,4,0,2658,1089,217,14
L002658,O01088,C0216,Customer 0216,North,Consumer,customer216@example.com,2025-04-17,2025-04,Store,Completed,True,P008,Desk 008,Furniture,188.00,1,188.00,0.20,1,2025-04-30,188.00,37.6000,150.4000,150.4000,0.0000,1,1,2659,1089,217,9
L002659,O01089,C0174,Customer 0174,South,Consumer,customer174@example.com,2025-11-05,2025-11,Online,Completed,True,P020,Desk 020,Furniture,189.00,5,189.00,0.05,0,,945.00,47.2500,897.7500,0.0000,897.7500,5,0,2660,1090,175,21
L002660,O01090,C0276,Customer 0276,South,Business,customer276@example.com,2025-03-17,2025-03,Store,Completed,True,P015,Shelf 015,Storage,254.00,4,254.00,0.10,0,,1016.00,101.6000,914.4000,0.0000,914.4000,4,0,2661,1091,277,16
L002661,O01090,C0276,Customer 0276,South,Business,customer276@example.com,2025-03-17,2025-03,Store,Completed,True,P005,Lamp 005,Lighting,65.00,1,65.00,0.20,0,,65.00,13.0000,52.0000,0.0000,52.0000,1,0,2662,1091,277,6
L002662,O01091,C0060,Customer 0060,South,Business,customer60@example.com,2025-02-08,2025-02,Store,Completed,True,P004,Desk 004,Furniture,123.00,3,123.00,0.20,0,,369.00,73.8000,295.2000,0.0000,295.2000,3,0,2663,1092,61,5
L002663,O01092,C0198,Customer 0198,West,Consumer,customer198@example.com,2025-12-19,2025-12,Store,Completed,True,P023,Shelf 023,Storage,68.00,4,68.00,0.10,0,,272.00,27.2000,244.8000,0.0000,244.8000,4,0,2664,1093,199,24
L002664,O01092,C0198,Customer 0198,West,Consumer,customer198@example.com,2025-12-19,2025-12,Store,Completed,True,P018,Chair 018,Furniture,269.00,3,269.00,0.20,0,,807.00,161.4000,645.6000,0.0000,645.6000,3,0,2665,1093,199,19
L002665,O01092,C0198,Customer 0198,West,Consumer,customer198@example.com,2025-12-19,2025-12,Store,Completed,True,P018,Chair 018,Furniture,269.00,4,269.00,0.00,0,,1076.00,0.0000,1076.0000,0.0000,1076.0000,4,0,2666,1093,199,19
L002666,O01092,C0198,Customer 0198,West,Consumer,customer198@example.com,2025-12-19,2025-12,Store,Completed,True,P024,Desk 024,Furniture,81.00,2,81.00,0.00,0,,162.00,0.0000,162.0000,0.0000,162.0000,2,0,2667,1093,199,25
L002667,O01093,C0205,Customer 0205,West,Business,,2025-04-16,2025-04,Store,Completed,True,P001,Lamp 001,Lighting,122.00,3,122.00,0.2,0,,366.00,73.200,292.800,0.000,292.800,3,0,2668,1094,206,2
L002668,O01093,C0205,Customer 0205,West,Business,,2025-04-16,2025-04,Store,Completed,True,P008,Desk 008,Furniture,188.00,4,188.00,0.20,0,,752.00,150.4000,601.6000,0.0000,601.6000,4,0,2669,1094,206,9
L002669,O01093,C0205,Customer 0205,West,Business,,2025-04-16,2025-04,Store,Completed,True,P003,Shelf 003,Storage,199.00,3,199.00,0.05,0,,597.00,29.8500,567.1500,0.0000,567.1500,3,0,2670,1094,206,4
L002670,O01094,C0259,Customer 0259,North,Business,customer259@example.com,2025-11-24,2025-11,Store,Completed,True,P010,Chair 010,Furniture,211.00,3,211.00,0.20,0,,633.00,126.6000,506.4000,0.0000,506.4000,3,0,2671,1095,260,11
L002671,O01094,C0259,Customer 0259,North,Business,customer259@example.com,2025-11-24,2025-11,Store,Completed,True,P014,Chair 014,Furniture,294.00,2,294.00,0.05,0,,588.00,29.4000,558.6000,0.0000,558.6000,2,0,2672,1095,260,15
L002672,O01094,C0259,Customer 0259,North,Business,customer259@example.com,2025-11-24,2025-11,Store,Completed,True,P004,Desk 004,Furniture,123.00,1,123.00,0.10,0,,123.00,12.3000,110.7000,0.0000,110.7000,1,0,2673,1095,260,5
L002673,O01094,C0259,Customer 0259,North,Business,customer259@example.com,2025-11-24,2025-11,Store,Completed,True,P014,Chair 014,Furniture,294.00,5,294.00,0.10,0,,1470.00,147.0000,1323.0000,0.0000,1323.0000,5,0,2674,1095,260,15
L002674,O01095,C0122,Customer 0122,North,Business,customer122@example.com,2025-12-02,2025-12,Online,Completed,True,P002,Chair 002,Furniture,284.00,4,284.00,0.20,0,,1136.00,227.2000,908.8000,0.0000,908.8000,4,0,2675,1096,123,3
L002675,O01095,C0122,Customer 0122,North,Business,customer122@example.com,2025-12-02,2025-12,Online,Completed,True,P023,Shelf 023,Storage,68.00,2,68.00,0.10,0,,136.00,13.6000,122.4000,0.0000,122.4000,2,0,2676,1096,123,24
L002676,O01095,C0122,Customer 0122,North,Business,customer122@example.com,2025-12-02,2025-12,Online,Completed,True,P011,Shelf 011,Storage,80.00,1,80.00,0.05,1,2025-12-05,80.00,4.0000,76.0000,76.0000,0.0000,1,1,2677,1096,123,12
L002677,O01096,C0213,Customer 0213,East,Business,customer213@example.com,2025-03-04,2025-03,Store,Completed,True,P001,Lamp 001,Lighting,122.00,3,122.00,0.00,0,,366.00,0.0000,366.0000,0.0000,366.0000,3,0,2678,1097,214,2
L002678,O01096,C0213,Customer 0213,East,Business,customer213@example.com,2025-03-04,2025-03,Store,Completed,True,P018,Chair 018,Furniture,269.00,3,269.00,0.05,0,,807.00,40.3500,766.6500,0.0000,766.6500,3,0,2679,1097,214,19
L002679,O01096,C0213,Customer 0213,East,Business,customer213@example.com,2025-03-04,2025-03,Store,Completed,True,P002,Chair 002,Furniture,284.00,3,284.00,0.20,0,,852.00,170.4000,681.6000,0.0000,681.6000,3,0,2680,1097,214,3
L002680,O01097,C0147,Customer 0147,East,Business,customer147@example.com,2025-06-03,2025-06,Store,Completed,True,P017,Lamp 017,Lighting,300.00,1,300.00,0.10,0,,300.00,30.0000,270.0000,0.0000,270.0000,1,0,2681,1098,148,18
L002681,O01097,C0147,Customer 0147,East,Business,customer147@example.com,2025-06-03,2025-06,Store,Completed,True,P022,Chair 022,Furniture,134.00,4,134.00,0.05,0,,536.00,26.8000,509.2000,0.0000,509.2000,4,0,2682,1098,148,23
L002682,O01097,C0147,Customer 0147,East,Business,customer147@example.com,2025-06-03,2025-06,Store,Completed,True,P007,Shelf 007,Storage,35.00,5,35.00,0.05,0,,175.00,8.7500,166.2500,0.0000,166.2500,5,0,2683,1098,148,8
L002683,O01098,C0038,Customer 0038,South,Consumer,customer38@example.com,2025-03-24,2025-03,Store,Completed,True,P021,Lamp 021,Lighting,249.00,1,249.00,0.10,0,,249.00,24.9000,224.1000,0.0000,224.1000,1,0,2684,1099,39,22
L002684,O01098,C0038,Customer 0038,South,Consumer,customer38@example.com,2025-03-24,2025-03,Store,Completed,True,P001,Lamp 001,Lighting,122.00,5,122.00,0.10,1,2025-04-10,610.00,61.0000,549.0000,439.2000,109.8000,5,4,2685,1099,39,2
L002685,O01098,C0038,Customer 0038,South,Consumer,customer38@example.com,2025-03-24,2025-03,Store,Completed,True,P003,Shelf 003,Storage,199.00,2,199.00,0.20,0,,398.00,79.6000,318.4000,0.0000,318.4000,2,0,2686,1099,39,4
L002686,O01098,C0038,Customer 0038,South,Consumer,customer38@example.com,2025-03-24,2025-03,Store,Completed,True,P013,Lamp 013,Lighting,271.00,1,271.00,0.10,0,,271.00,27.1000,243.9000,0.0000,243.9000,1,0,2687,1099,39,14
L002687,O01099,C0152,Customer 0152,West,Business,customer152@example.com,2025-10-29,2025-10,Online,Completed,True,P016,Desk 016,Furniture,231.00,4,231.00,0.05,0,,924.00,46.2000,877.8000,0.0000,877.8000,4,0,2688,1100,153,17
L002688,O01100,C0035,Customer 0035,South,Business,,2025-09-04,2025-09,Store,Completed,True,P001,Lamp 001,Lighting,122.00,1,122.00,0.20,0,,122.00,24.4000,97.6000,0.0000,97.6000,1,0,2689,1101,36,2
L002689,O01101,C0258,Customer 0258,South,Business,customer258@example.com,2025-07-08,2025-07,Store,Completed,True,P003,Shelf 003,Storage,199.00,1,199.00,0.10,0,,199.00,19.9000,179.1000,0.0000,179.1000,1,0,2690,1102,259,4
L002690,O01101,C0258,Customer 0258,South,Business,customer258@example.com,2025-07-08,2025-07,Store,Completed,True,P021,Lamp 021,Lighting,249.00,1,249.00,0.10,0,,249.00,24.9000,224.1000,0.0000,224.1000,1,0,2691,1102,259,22
L002691,O01101,C0258,Customer 0258,South,Business,customer258@example.com,2025-07-08,2025-07,Store,Completed,True,P018,Chair 018,Furniture,269.00,3,269.00,0.00,0,,807.00,0.0000,807.0000,0.0000,807.0000,3,0,2692,1102,259,19
L002692,O01102,C0039,Customer 0039,North,Business,customer39@example.com,2025-07-11,2025-07,Store,Completed,True,P009,Lamp 009,Lighting,93.00,3,93.00,0.20,0,,279.00,55.8000,223.2000,0.0000,223.2000,3,0,2693,1103,40,10
L002693,O01102,C0039,Customer 0039,North,Business,customer39@example.com,2025-07-11,2025-07,Store,Completed,True,P008,Desk 008,Furniture,188.00,1,188.00,0.10,0,,188.00,18.8000,169.2000,0.0000,169.2000,1,0,2694,1103,40,9
L002694,O01102,C0039,Customer 0039,North,Business,customer39@example.com,2025-07-11,2025-07,Store,Completed,True,P021,Lamp 021,Lighting,249.00,3,249.00,0.05,0,,747.00,37.3500,709.6500,0.0000,709.6500,3,0,2695,1103,40,22
L002695,O01103,C0182,Customer 0182,West,Business,customer182@example.com,2025-10-22,2025-10,Online,Completed,True,P004,Desk 004,Furniture,123.00,1,123.00,0.10,0,,123.00,12.3000,110.7000,0.0000,110.7000,1,0,2696,1104,183,5
L002696,O01104,C0045,Customer 0045,North,Consumer,customer45@example.com,2025-08-26,2025-08,Store,Completed,True,P008,Desk 008,Furniture,188.00,3,188.00,0.05,0,,564.00,28.2000,535.8000,0.0000,535.8000,3,0,2697,1105,46,9
L002697,O01104,C0045,Customer 0045,North,Consumer,customer45@example.com,2025-08-26,2025-08,Store,Completed,True,P024,Desk 024,Furniture,81.00,4,81.00,0.10,0,,324.00,32.4000,291.6000,0.0000,291.6000,4,0,2698,1105,46,25
L002698,O01104,C0045,Customer 0045,North,Consumer,customer45@example.com,2025-08-26,2025-08,Store,Completed,True,P001,Lamp 001,Lighting,122.00,1,122.00,0.2,0,,122.00,24.400,97.600,0.000,97.600,1,0,2699,1105,46,2
L002699,O01104,C0045,Customer 0045,North,Consumer,customer45@example.com,2025-08-26,2025-08,Store,Completed,True,P007,Shelf 007,Storage,35.00,3,35.00,0.20,0,,105.00,21.0000,84.0000,0.0000,84.0000,3,0,2700,1105,46,8
L002700,O01105,C0229,Customer 0229,East,Consumer,customer229@example.com,2025-02-27,2025-02,Online,Cancelled,False,P015,Shelf 015,Storage,254.00,5,254.00,0.00,0,,1270.00,0.0000,1270.0000,0.0000,1270.0000,5,0,2701,1106,230,16
L002701,O01106,C0162,Customer 0162,South,Consumer,customer162@example.com,2025-04-10,2025-04,Store,Completed,True,P012,Desk 012,Furniture,134.00,1,134.00,0.10,0,,134.00,13.4000,120.6000,0.0000,120.6000,1,0,2702,1107,163,13
L002702,O01106,C0162,Customer 0162,South,Consumer,customer162@example.com,2025-04-10,2025-04,Store,Completed,True,P004,Desk 004,Furniture,123.00,5,123.00,0.00,0,,615.00,0.0000,615.0000,0.0000,615.0000,5,0,2703,1107,163,5
L002703,O01106,C0162,Customer 0162,South,Consumer,customer162@example.com,2025-04-10,2025-04,Store,Completed,True,P007,Shelf 007,Storage,35.00,5,35.00,0.05,0,,175.00,8.7500,166.2500,0.0000,166.2500,5,0,2704,1107,163,8
L002704,O01106,C0162,Customer 0162,South,Consumer,customer162@example.com,2025-04-10,2025-04,Store,Completed,True,P004,Desk 004,Furniture,123.00,1,123.00,0.05,0,,123.00,6.1500,116.8500,0.0000,116.8500,1,0,2705,1107,163,5
L002705,O01107,C0265,Customer 0265,West,Consumer,customer265@example.com,2025-11-15,2025-11,Store,Completed,True,P009,Lamp 009,Lighting,93.00,3,93.00,0.20,0,,279.00,55.8000,223.2000,0.0000,223.2000,3,0,2706,1108,266,10
L002706,O01107,C0265,Customer 0265,West,Consumer,customer265@example.com,2025-11-15,2025-11,Store,Completed,True,P024,Desk 024,Furniture,81.00,2,81.00,0.00,0,,162.00,0.0000,162.0000,0.0000,162.0000,2,0,2707,1108,266,25
L002707,O01107,C0265,Customer 0265,West,Consumer,customer265@example.com,2025-11-15,2025-11,Store,Completed,True,P009,Lamp 009,Lighting,93.00,3,93.00,0.00,0,,279.00,0.0000,279.0000,0.0000,279.0000,3,0,2708,1108,266,10
L002708,O01107,C0265,Customer 0265,West,Consumer,customer265@example.com,2025-11-15,2025-11,Store,Completed,True,P002,Chair 002,Furniture,284.00,5,284.00,0.00,0,,1420.00,0.0000,1420.0000,0.0000,1420.0000,5,0,2709,1108,266,3
L002709,O01108,C0283,Customer 0283,East,Business,customer283@example.com,2025-05-11,2025-05,Online,Completed,True,P015,Shelf 015,Storage,254.00,5,254.00,0.20,0,,1270.00,254.0000,1016.0000,0.0000,1016.0000,5,0,2710,1109,284,16
L002710,O01109,C0289,Customer 0289,West,Business,customer289@example.com,2025-12-26,2025-12,Online,Completed,True,P023,Shelf 023,Storage,68.00,2,68.00,0.20,0,,136.00,27.2000,108.8000,0.0000,108.8000,2,0,2711,1110,290,24
L002711,O01109,C0289,Customer 0289,West,Business,customer289@example.com,2025-12-26,2025-12,Online,Completed,True,P017,Lamp 017,Lighting,300.00,5,300.00,0.00,0,,1500.00,0.0000,1500.0000,0.0000,1500.0000,5,0,2712,1110,290,18
L002712,O01109,C0289,Customer 0289,West,Business,customer289@example.com,2025-12-26,2025-12,Online,Completed,True,P006,Chair 006,Furniture,196.00,4,196.00,0.10,0,,784.00,78.4000,705.6000,0.0000,705.6000,4,0,2713,1110,290,7
L002713,O01109,C0289,Customer 0289,West,Business,customer289@example.com,2025-12-26,2025-12,Online,Completed,True,P018,Chair 018,Furniture,269.00,5,269.00,0.00,0,,1345.00,0.0000,1345.0000,0.0000,1345.0000,5,0,2714,1110,290,19
L002714,O01110,C0270,Customer 0270,East,Business,customer270@example.com,2025-01-06,2025-01,Online,Completed,True,P005,Lamp 005,Lighting,65.00,3,65.00,0.20,0,,195.00,39.0000,156.0000,0.0000,156.0000,3,0,2715,1111,271,6
L002715,O01111,C0036,Customer 0036,West,Consumer,customer36@example.com,2025-05-15,2025-05,Online,Completed,True,P004,Desk 004,Furniture,123.00,5,123.00,0.20,0,,615.00,123.0000,492.0000,0.0000,492.0000,5,0,2716,1112,37,5
L002716,O01111,C0036,Customer 0036,West,Consumer,customer36@example.com,2025-05-15,2025-05,Online,Completed,True,P014,Chair 014,Furniture,294.00,4,294.00,0.05,0,,1176.00,58.8000,1117.2000,0.0000,1117.2000,4,0,2717,1112,37,15
L002717,O01111,C0036,Customer 0036,West,Consumer,customer36@example.com,2025-05-15,2025-05,Online,Completed,True,P022,Chair 022,Furniture,134.00,3,134.00,0.05,0,,402.00,20.1000,381.9000,0.0000,381.9000,3,0,2718,1112,37,23
L002718,O01112,C0221,Customer 0221,West,Business,customer221@example.com,2025-06-02,2025-06,Store,Completed,True,P010,Chair 010,Furniture,211.00,5,211.00,0.05,0,,1055.00,52.7500,1002.2500,0.0000,1002.2500,5,0,2719,1113,222,11
L002719,O01113,C0221,Customer 0221,West,Business,customer221@example.com,2025-05-03,2025-05,Store,Completed,True,P023,Shelf 023,Storage,68.00,1,68.00,0.10,0,,68.00,6.8000,61.2000,0.0000,61.2000,1,0,2720,1114,222,24
L002720,O01113,C0221,Customer 0221,West,Business,customer221@example.com,2025-05-03,2025-05,Store,Completed,True,P015,Shelf 015,Storage,254.00,3,254.00,0.20,0,,762.00,152.4000,609.6000,0.0000,609.6000,3,0,2721,1114,222,16
L002721,O01113,C0221,Customer 0221,West,Business,customer221@example.com,2025-05-03,2025-05,Store,Completed,True,P020,Desk 020,Furniture,189.00,3,189.00,0.00,0,,567.00,0.0000,567.0000,0.0000,567.0000,3,0,2722,1114,222,21
L002722,O01114,C0156,Customer 0156,South,Consumer,customer156@example.com,2025-10-15,2025-10,Store,Completed,True,P013,Lamp 013,Lighting,271.00,5,271.00,0.05,1,2025-10-21,1355.00,67.7500,1287.2500,1029.8000,257.4500,5,4,2723,1115,157,14
L002723,O01114,C0156,Customer 0156,South,Consumer,customer156@example.com,2025-10-15,2025-10,Store,Completed,True,P022,Chair 022,Furniture,134.00,5,134.00,0.10,0,,670.00,67.0000,603.0000,0.0000,603.0000,5,0,2724,1115,157,23
L002724,O01114,C0156,Customer 0156,South,Consumer,customer156@example.com,2025-10-15,2025-10,Store,Completed,True,P006,Chair 006,Furniture,196.00,1,196.00,0.05,0,,196.00,9.8000,186.2000,0.0000,186.2000,1,0,2725,1115,157,7
L002725,O01114,C0156,Customer 0156,South,Consumer,customer156@example.com,2025-10-15,2025-10,Store,Completed,True,P005,Lamp 005,Lighting,65.00,3,65.00,0.00,0,,195.00,0.0000,195.0000,0.0000,195.0000,3,0,2726,1115,157,6
L002726,O01115,C0220,Customer 0220,North,Business,customer220@example.com,2025-03-09,2025-03,Store,Completed,True,P020,Desk 020,Furniture,189.00,1,189.00,0.20,0,,189.00,37.8000,151.2000,0.0000,151.2000,1,0,2727,1116,221,21
L002727,O01115,C0220,Customer 0220,North,Business,customer220@example.com,2025-03-09,2025-03,Store,Completed,True,P004,Desk 004,Furniture,123.00,4,123.00,0.20,0,,492.00,98.4000,393.6000,0.0000,393.6000,4,0,2728,1116,221,5
L002728,O01116,C0258,Customer 0258,South,Business,customer258@example.com,2025-09-13,2025-09,Online,Completed,True,P019,Shelf 019,Storage,78.00,5,78.00,0.10,0,,390.00,39.0000,351.0000,0.0000,351.0000,5,0,2729,1117,259,20
L002729,O01117,C0268,Customer 0268,North,Consumer,customer268@example.com,2025-08-03,2025-08,Store,Completed,True,P020,Desk 020,Furniture,189.00,1,189.00,0.2,0,,189.00,37.800,151.200,0.000,151.200,1,0,2730,1118,269,21
L002730,O01117,C0268,Customer 0268,North,Consumer,customer268@example.com,2025-08-03,2025-08,Store,Completed,True,P020,Desk 020,Furniture,189.00,1,189.00,0.10,0,,189.00,18.9000,170.1000,0.0000,170.1000,1,0,2731,1118,269,21
L002731,O01117,C0268,Customer 0268,North,Consumer,customer268@example.com,2025-08-03,2025-08,Store,Completed,True,P022,Chair 022,Furniture,134.00,5,134.00,0.20,0,,670.00,134.0000,536.0000,0.0000,536.0000,5,0,2732,1118,269,23
L002732,O01118,C0034,Customer 0034,East,Consumer,customer34@example.com,2025-08-02,2025-08,Store,Completed,True,P003,Shelf 003,Storage,199.00,3,199.00,0.10,0,,597.00,59.7000,537.3000,0.0000,537.3000,3,0,2733,1119,35,4
L002733,O01118,C0034,Customer 0034,East,Consumer,customer34@example.com,2025-08-02,2025-08,Store,Completed,True,P012,Desk 012,Furniture,134.00,5,134.00,0.00,0,,670.00,0.0000,670.0000,0.0000,670.0000,5,0,2734,1119,35,13
L002734,O01119,C0066,Customer 0066,North,Business,customer66@example.com,2025-01-12,2025-01,Store,Completed,True,P017,Lamp 017,Lighting,300.00,2,300.00,0.05,0,,600.00,30.0000,570.0000,0.0000,570.0000,2,0,2735,1120,67,18
L002735,O01119,C0066,Customer 0066,North,Business,customer66@example.com,2025-01-12,2025-01,Store,Completed,True,P013,Lamp 013,Lighting,271.00,3,271.00,0.05,0,,813.00,40.6500,772.3500,0.0000,772.3500,3,0,2736,1120,67,14
L002736,O01119,C0066,Customer 0066,North,Business,customer66@example.com,2025-01-12,2025-01,Store,Completed,True,P012,Desk 012,Furniture,134.00,5,134.00,0.20,0,,670.00,134.0000,536.0000,0.0000,536.0000,5,0,2737,1120,67,13
L002737,O01120,C0059,Customer 0059,South,Business,customer59@example.com,2025-09-23,2025-09,Online,Completed,True,P013,Lamp 013,Lighting,271.00,5,271.00,0.20,0,,1355.00,271.0000,1084.0000,0.0000,1084.0000,5,0,2738,1121,60,14
L002738,O01120,C0059,Customer 0059,South,Business,customer59@example.com,2025-09-23,2025-09,Online,Completed,True,P013,Lamp 013,Lighting,271.00,4,271.00,0.20,0,,1084.00,216.8000,867.2000,0.0000,867.2000,4,0,2739,1121,60,14
L002739,O01121,C0150,Customer 0150,West,Business,customer150@example.com,2025-04-11,2025-04,Online,Completed,True,P016,Desk 016,Furniture,231.00,4,231.00,0.05,0,,924.00,46.2000,877.8000,0.0000,877.8000,4,0,2740,1122,151,17
L002740,O01121,C0150,Customer 0150,West,Business,customer150@example.com,2025-04-11,2025-04,Online,Completed,True,P019,Shelf 019,Storage,78.00,1,78.00,0.05,0,,78.00,3.9000,74.1000,0.0000,74.1000,1,0,2741,1122,151,20
L002741,O01121,C0150,Customer 0150,West,Business,customer150@example.com,2025-04-11,2025-04,Online,Completed,True,P020,Desk 020,Furniture,189.00,3,189.00,0.10,1,2025-04-15,567.00,56.7000,510.3000,170.1000,340.2000,3,1,2742,1122,151,21
L002742,O01122,C0057,Customer 0057,South,Business,customer57@example.com,2025-05-13,2025-05,Store,Completed,True,P014,Chair 014,Furniture,294.00,4,294.00,0.05,0,,1176.00,58.8000,1117.2000,0.0000,1117.2000,4,0,2743,1123,58,15
L002743,O01122,C0057,Customer 0057,South,Business,customer57@example.com,2025-05-13,2025-05,Store,Completed,True,P022,Chair 022,Furniture,134.00,5,134.00,0.00,0,,670.00,0.0000,670.0000,0.0000,670.0000,5,0,2744,1123,58,23
L002744,O01122,C0057,Customer 0057,South,Business,customer57@example.com,2025-05-13,2025-05,Store,Completed,True,P023,Shelf 023,Storage,68.00,2,68.00,0.05,0,,136.00,6.8000,129.2000,0.0000,129.2000,2,0,2745,1123,58,24
L002745,O01123,C0044,Customer 0044,West,Business,customer44@example.com,2025-04-30,2025-04,Store,Completed,True,P015,Shelf 015,Storage,254.00,4,254.00,0.05,1,2025-05-29,1016.00,50.8000,965.2000,482.6000,482.6000,4,2,2746,1124,45,16
L002746,O01123,C0044,Customer 0044,West,Business,customer44@example.com,2025-04-30,2025-04,Store,Completed,True,P011,Shelf 011,Storage,80.00,1,80.00,0.05,0,,80.00,4.0000,76.0000,0.0000,76.0000,1,0,2747,1124,45,12
L002747,O01124,C0296,Customer 0296,East,Business,customer296@example.com,2025-10-15,2025-10,Store,Completed,True,P021,Lamp 021,Lighting,249.00,3,249.00,0.20,0,,747.00,149.4000,597.6000,0.0000,597.6000,3,0,2748,1125,297,22
L002748,O01124,C0296,Customer 0296,East,Business,customer296@example.com,2025-10-15,2025-10,Store,Completed,True,P017,Lamp 017,Lighting,300.00,4,300.00,0.00,0,,1200.00,0.0000,1200.0000,0.0000,1200.0000,4,0,2749,1125,297,18
L002749,O01124,C0296,Customer 0296,East,Business,customer296@example.com,2025-10-15,2025-10,Store,Completed,True,P015,Shelf 015,Storage,254.00,1,254.00,0.10,0,,254.00,25.4000,228.6000,0.0000,228.6000,1,0,2750,1125,297,16
L002750,O01125,C0283,Customer 0283,East,Business,customer283@example.com,2025-07-04,2025-07,Online,Completed,True,P005,Lamp 005,Lighting,65.00,2,65.00,0.20,0,,130.00,26.0000,104.0000,0.0000,104.0000,2,0,2751,1126,284,6
L002751,O01125,C0283,Customer 0283,East,Business,customer283@example.com,2025-07-04,2025-07,Online,Completed,True,P007,Shelf 007,Storage,35.00,4,35.00,0.05,0,,140.00,7.0000,133.0000,0.0000,133.0000,4,0,2752,1126,284,8
L002752,O01126,C0089,Customer 0089,South,Business,customer89@example.com,2025-08-20,2025-08,Online,Completed,True,P024,Desk 024,Furniture,81.00,4,81.00,0.20,0,,324.00,64.8000,259.2000,0.0000,259.2000,4,0,2753,1127,90,25
L002753,O01127,C0040,Customer 0040,North,Consumer,customer40@example.com,2025-12-26,2025-12,Online,Cancelled,False,P003,Shelf 003,Storage,199.00,5,199.00,0.10,0,,995.00,99.5000,895.5000,0.0000,895.5000,5,0,2754,1128,41,4
L002754,O01127,C0040,Customer 0040,North,Consumer,customer40@example.com,2025-12-26,2025-12,Online,Cancelled,False,P002,Chair 002,Furniture,284.00,1,284.00,0.05,0,,284.00,14.2000,269.8000,0.0000,269.8000,1,0,2755,1128,41,3
L002755,O01127,C0040,Customer 0040,North,Consumer,customer40@example.com,2025-12-26,2025-12,Online,Cancelled,False,P001,Lamp 001,Lighting,122.00,4,122.00,0.20,0,,488.00,97.6000,390.4000,0.0000,390.4000,4,0,2756,1128,41,2
L002756,O01127,C0040,Customer 0040,North,Consumer,customer40@example.com,2025-12-26,2025-12,Online,Cancelled,False,P008,Desk 008,Furniture,188.00,3,188.00,0.20,0,,564.00,112.8000,451.2000,0.0000,451.2000,3,0,2757,1128,41,9
L002757,O01128,C0181,Customer 0181,West,Business,customer181@example.com,2025-09-30,2025-09,Online,Completed,True,P016,Desk 016,Furniture,231.00,5,231.00,0.10,0,,1155.00,115.5000,1039.5000,0.0000,1039.5000,5,0,2758,1129,182,17
L002758,O01129,C0204,Customer 0204,South,Consumer,customer204@example.com,2025-02-28,2025-02,Store,Completed,True,P013,Lamp 013,Lighting,271.00,5,271.00,0.00,1,2025-03-17,1355.00,0.0000,1355.0000,1084.0000,271.0000,5,4,2759,1130,205,14
L002759,O01129,C0204,Customer 0204,South,Consumer,customer204@example.com,2025-02-28,2025-02,Store,Completed,True,P016,Desk 016,Furniture,231.00,5,231.00,0.00,0,,1155.00,0.0000,1155.0000,0.0000,1155.0000,5,0,2760,1130,205,17
L002760,O01129,C0204,Customer 0204,South,Consumer,customer204@example.com,2025-02-28,2025-02,Store,Completed,True,P007,Shelf 007,Storage,35.00,2,35.00,0.05,0,,70.00,3.5000,66.5000,0.0000,66.5000,2,0,2761,1130,205,8
L002761,O01129,C0204,Customer 0204,South,Consumer,customer204@example.com,2025-02-28,2025-02,Store,Completed,True,P011,Shelf 011,Storage,80.00,3,80.00,0.00,0,,240.00,0.0000,240.0000,0.0000,240.0000,3,0,2762,1130,205,12
L002762,O01130,C0238,Customer 0238,East,Consumer,customer238@example.com,2025-04-03,2025-04,Store,Completed,True,P021,Lamp 021,Lighting,249.00,4,249.00,0.10,0,,996.00,99.6000,896.4000,0.0000,896.4000,4,0,2763,1131,239,22
L002763,O01131,C0077,Customer 0077,West,Consumer,customer77@example.com,2025-01-24,2025-01,Store,Completed,True,P013,Lamp 013,Lighting,271.00,4,271.00,0.20,0,,1084.00,216.8000,867.2000,0.0000,867.2000,4,0,2764,1132,78,14
L002764,O01131,C0077,Customer 0077,West,Consumer,customer77@example.com,2025-01-24,2025-01,Store,Completed,True,P019,Shelf 019,Storage,78.00,1,78.00,0.00,0,,78.00,0.0000,78.0000,0.0000,78.0000,1,0,2765,1132,78,20
L002765,O01131,C0077,Customer 0077,West,Consumer,customer77@example.com,2025-01-24,2025-01,Store,Completed,True,P024,Desk 024,Furniture,81.00,5,81.00,0.00,0,,405.00,0.0000,405.0000,0.0000,405.0000,5,0,2766,1132,78,25
L002766,O01132,C0227,Customer 0227,East,Consumer,customer227@example.com,2025-09-16,2025-09,Online,Completed,True,P021,Lamp 021,Lighting,249.00,2,249.00,0.05,0,,498.00,24.9000,473.1000,0.0000,473.1000,2,0,2767,1133,228,22
L002767,O01133,C0244,Customer 0244,South,Consumer,customer244@example.com,2025-05-08,2025-05,Store,Completed,True,P022,Chair 022,Furniture,134.00,1,134.00,0.20,0,,134.00,26.8000,107.2000,0.0000,107.2000,1,0,2768,1134,245,23
L002768,O01133,C0244,Customer 0244,South,Consumer,customer244@example.com,2025-05-08,2025-05,Store,Completed,True,P024,Desk 024,Furniture,81.00,3,81.00,0.05,0,,243.00,12.1500,230.8500,0.0000,230.8500,3,0,2769,1134,245,25
L002769,O01134,C0182,Customer 0182,West,Business,customer182@example.com,2025-02-17,2025-02,Store,Completed,True,P017,Lamp 017,Lighting,300.00,3,300.00,0.20,0,,900.00,180.0000,720.0000,0.0000,720.0000,3,0,2770,1135,183,18
L002770,O01134,C0182,Customer 0182,West,Business,customer182@example.com,2025-02-17,2025-02,Store,Completed,True,P005,Lamp 005,Lighting,65.00,4,65.00,0.05,0,,260.00,13.0000,247.0000,0.0000,247.0000,4,0,2771,1135,183,6
L002771,O01134,C0182,Customer 0182,West,Business,customer182@example.com,2025-02-17,2025-02,Store,Completed,True,P023,Shelf 023,Storage,68.00,3,68.00,0.20,0,,204.00,40.8000,163.2000,0.0000,163.2000,3,0,2772,1135,183,24
L002772,O01134,C0182,Customer 0182,West,Business,customer182@example.com,2025-02-17,2025-02,Store,Completed,True,P013,Lamp 013,Lighting,271.00,5,271.00,0.05,0,,1355.00,67.7500,1287.2500,0.0000,1287.2500,5,0,2773,1135,183,14
L002773,O01135,C0058,Customer 0058,North,Consumer,customer58@example.com,2025-10-01,2025-10,Store,Completed,True,P020,Desk 020,Furniture,189.00,2,189.00,0.20,0,,378.00,75.6000,302.4000,0.0000,302.4000,2,0,2774,1136,59,21
L002774,O01135,C0058,Customer 0058,North,Consumer,customer58@example.com,2025-10-01,2025-10,Store,Completed,True,P007,Shelf 007,Storage,35.00,1,35.00,0.10,0,,35.00,3.5000,31.5000,0.0000,31.5000,1,0,2775,1136,59,8
L002775,O01135,C0058,Customer 0058,North,Consumer,customer58@example.com,2025-10-01,2025-10,Store,Completed,True,P015,Shelf 015,Storage,254.00,5,254.00,0.05,0,,1270.00,63.5000,1206.5000,0.0000,1206.5000,5,0,2776,1136,59,16
L002776,O01136,C0292,Customer 0292,East,Business,customer292@example.com,2025-10-09,2025-10,Store,Completed,True,P017,Lamp 017,Lighting,300.00,4,300.00,0.05,0,,1200.00,60.0000,1140.0000,0.0000,1140.0000,4,0,2777,1137,293,18
L002777,O01136,C0292,Customer 0292,East,Business,customer292@example.com,2025-10-09,2025-10,Store,Completed,True,P021,Lamp 021,Lighting,249.00,2,249.00,0.10,0,,498.00,49.8000,448.2000,0.0000,448.2000,2,0,2778,1137,293,22
L002778,O01136,C0292,Customer 0292,East,Business,customer292@example.com,2025-10-09,2025-10,Store,Completed,True,P002,Chair 002,Furniture,284.00,4,284.00,0.05,0,,1136.00,56.8000,1079.2000,0.0000,1079.2000,4,0,2779,1137,293,3
L002779,O01136,C0292,Customer 0292,East,Business,customer292@example.com,2025-10-09,2025-10,Store,Completed,True,P009,Lamp 009,Lighting,93.00,1,93.00,0.05,1,2025-10-13,93.00,4.6500,88.3500,88.3500,0.0000,1,1,2780,1137,293,10
L002780,O01137,C0285,Customer 0285,East,Consumer,customer285@example.com,2025-05-07,2025-05,Online,Completed,True,P002,Chair 002,Furniture,284.00,3,284.00,0.20,0,,852.00,170.4000,681.6000,0.0000,681.6000,3,0,2781,1138,286,3
L002781,O01137,C0285,Customer 0285,East,Consumer,customer285@example.com,2025-05-07,2025-05,Online,Completed,True,P001,Lamp 001,Lighting,122.00,5,122.00,0.00,0,,610.00,0.0000,610.0000,0.0000,610.0000,5,0,2782,1138,286,2
L002782,O01137,C0285,Customer 0285,East,Consumer,customer285@example.com,2025-05-07,2025-05,Online,Completed,True,P012,Desk 012,Furniture,134.00,3,134.00,0.20,0,,402.00,80.4000,321.6000,0.0000,321.6000,3,0,2783,1138,286,13
L002783,O01138,C0169,Customer 0169,North,Consumer,customer169@example.com,2025-12-15,2025-12,Online,Cancelled,False,P023,Shelf 023,Storage,68.00,4,68.00,0.05,0,,272.00,13.6000,258.4000,0.0000,258.4000,4,0,2784,1139,170,24
L002784,O01138,C0169,Customer 0169,North,Consumer,customer169@example.com,2025-12-15,2025-12,Online,Cancelled,False,P016,Desk 016,Furniture,231.00,5,231.00,0.10,0,,1155.00,115.5000,1039.5000,0.0000,1039.5000,5,0,2785,1139,170,17
L002785,O01138,C0169,Customer 0169,North,Consumer,customer169@example.com,2025-12-15,2025-12,Online,Cancelled,False,P021,Lamp 021,Lighting,249.00,4,249.00,0.20,0,,996.00,199.2000,796.8000,0.0000,796.8000,4,0,2786,1139,170,22
L002786,O01138,C0169,Customer 0169,North,Consumer,customer169@example.com,2025-12-15,2025-12,Online,Cancelled,False,P006,Chair 006,Furniture,196.00,3,196.00,0.05,0,,588.00,29.4000,558.6000,0.0000,558.6000,3,0,2787,1139,170,7
L002787,O01139,C0231,Customer 0231,West,Business,customer231@example.com,2025-11-11,2025-11,Online,Completed,True,P011,Shelf 011,Storage,80.00,3,80.00,0.05,0,,240.00,12.0000,228.0000,0.0000,228.0000,3,0,2788,1140,232,12
L002788,O01140,C0030,Customer 0030,South,Business,customer30@example.com,2025-09-27,2025-09,Online,Completed,True,P010,Chair 010,Furniture,211.00,2,211.00,0.00,0,,422.00,0.0000,422.0000,0.0000,422.0000,2,0,2789,1141,31,11
L002789,O01140,C0030,Customer 0030,South,Business,customer30@example.com,2025-09-27,2025-09,Online,Completed,True,P011,Shelf 011,Storage,80.00,4,80.00,0.20,0,,320.00,64.0000,256.0000,0.0000,256.0000,4,0,2790,1141,31,12
L002790,O01140,C0030,Customer 0030,South,Business,customer30@example.com,2025-09-27,2025-09,Online,Completed,True,P004,Desk 004,Furniture,123.00,3,123.00,0.20,0,,369.00,73.8000,295.2000,0.0000,295.2000,3,0,2791,1141,31,5
L002791,O01141,C0186,Customer 0186,North,Consumer,customer186@example.com,2025-10-01,2025-10,Store,Completed,True,P002,Chair 002,Furniture,284.00,3,284.00,0.2,0,,852.00,170.400,681.600,0.000,681.600,3,0,2792,1142,187,3
L002792,O01141,C0186,Customer 0186,North,Consumer,customer186@example.com,2025-10-01,2025-10,Store,Completed,True,P006,Chair 006,Furniture,196.00,2,196.00,0.10,0,,392.00,39.2000,352.8000,0.0000,352.8000,2,0,2793,1142,187,7
L002793,O01142,C0095,Customer 0095,East,Consumer,customer95@example.com,2025-05-28,2025-05,Online,Completed,True,P004,Desk 004,Furniture,123.00,3,123.00,0.05,1,2025-05-29,369.00,18.4500,350.5500,116.8500,233.7000,3,1,2794,1143,96,5
L002794,O01142,C0095,Customer 0095,East,Consumer,customer95@example.com,2025-05-28,2025-05,Online,Completed,True,P017,Lamp 017,Lighting,300.00,4,300.00,0.20,1,2025-05-30,1200.00,240.0000,960.0000,720.0000,240.0000,4,3,2795,1143,96,18
L002795,O01142,C0095,Customer 0095,East,Consumer,customer95@example.com,2025-05-28,2025-05,Online,Completed,True,P021,Lamp 021,Lighting,249.00,3,249.00,0.20,0,,747.00,149.4000,597.6000,0.0000,597.6000,3,0,2796,1143,96,22
L002796,O01142,C0095,Customer 0095,East,Consumer,customer95@example.com,2025-05-28,2025-05,Online,Completed,True,P018,Chair 018,Furniture,269.00,2,269.00,0.20,0,,538.00,107.6000,430.4000,0.0000,430.4000,2,0,2797,1143,96,19
L002797,O01143,C0057,Customer 0057,South,Business,customer57@example.com,2025-09-01,2025-09,Online,Completed,True,P021,Lamp 021,Lighting,249.00,4,249.00,0.00,0,,996.00,0.0000,996.0000,0.0000,996.0000,4,0,2798,1144,58,22
L002798,O01143,C0057,Customer 0057,South,Business,customer57@example.com,2025-09-01,2025-09,Online,Completed,True,P014,Chair 014,Furniture,294.00,2,294.00,0.10,0,,588.00,58.8000,529.2000,0.0000,529.2000,2,0,2799,1144,58,15
L002799,O01143,C0057,Customer 0057,South,Business,customer57@example.com,2025-09-01,2025-09,Online,Completed,True,P001,Lamp 001,Lighting,122.00,4,122.00,0.05,0,,488.00,24.4000,463.6000,0.0000,463.6000,4,0,2800,1144,58,2
L002800,O01143,C0057,Customer 0057,South,Business,customer57@example.com,2025-09-01,2025-09,Online,Completed,True,P010,Chair 010,Furniture,211.00,5,211.00,0.10,0,,1055.00,105.5000,949.5000,0.0000,949.5000,5,0,2801,1144,58,11
L002801,O01144,C0198,Customer 0198,West,Consumer,customer198@example.com,2025-10-23,2025-10,Store,Completed,True,P024,Desk 024,Furniture,81.00,5,81.00,0.10,0,,405.00,40.5000,364.5000,0.0000,364.5000,5,0,2802,1145,199,25
L002802,O01144,C0198,Customer 0198,West,Consumer,customer198@example.com,2025-10-23,2025-10,Store,Completed,True,P014,Chair 014,Furniture,294.00,3,294.00,0.00,0,,882.00,0.0000,882.0000,0.0000,882.0000,3,0,2803,1145,199,15
L002803,O01145,C0131,Customer 0131,West,Business,customer131@example.com,2025-09-08,2025-09,Online,Completed,True,P008,Desk 008,Furniture,188.00,1,188.00,0.20,0,,188.00,37.6000,150.4000,0.0000,150.4000,1,0,2804,1146,132,9
L002804,O01145,C0131,Customer 0131,West,Business,customer131@example.com,2025-09-08,2025-09,Online,Completed,True,P004,Desk 004,Furniture,123.00,4,123.00,0.00,0,,492.00,0.0000,492.0000,0.0000,492.0000,4,0,2805,1146,132,5
L002805,O01145,C0131,Customer 0131,West,Business,customer131@example.com,2025-09-08,2025-09,Online,Completed,True,P003,Shelf 003,Storage,199.00,5,199.00,0.10,0,,995.00,99.5000,895.5000,0.0000,895.5000,5,0,2806,1146,132,4
L002806,O01145,C0131,Customer 0131,West,Business,customer131@example.com,2025-09-08,2025-09,Online,Completed,True,P005,Lamp 005,Lighting,65.00,1,65.00,0.10,0,,65.00,6.5000,58.5000,0.0000,58.5000,1,0,2807,1146,132,6
L002807,O01146,C0241,Customer 0241,North,Consumer,customer241@example.com,2025-09-12,2025-09,Online,Cancelled,False,P015,Shelf 015,Storage,254.00,2,254.00,0.00,0,,508.00,0.0000,508.0000,0.0000,508.0000,2,0,2808,1147,242,16
L002808,O01146,C0241,Customer 0241,North,Consumer,customer241@example.com,2025-09-12,2025-09,Online,Cancelled,False,P022,Chair 022,Furniture,134.00,2,134.00,0.10,0,,268.00,26.8000,241.2000,0.0000,241.2000,2,0,2809,1147,242,23
L002809,O01146,C0241,Customer 0241,North,Consumer,customer241@example.com,2025-09-12,2025-09,Online,Cancelled,False,P007,Shelf 007,Storage,35.00,3,35.00,0.05,0,,105.00,5.2500,99.7500,0.0000,99.7500,3,0,2810,1147,242,8
L002810,O01147,C0138,Customer 0138,South,Business,customer138@example.com,2025-10-17,2025-10,Store,Completed,True,P005,Lamp 005,Lighting,65.00,2,65.00,0.20,0,,130.00,26.0000,104.0000,0.0000,104.0000,2,0,2811,1148,139,6
L002811,O01147,C0138,Customer 0138,South,Business,customer138@example.com,2025-10-17,2025-10,Store,Completed,True,P001,Lamp 001,Lighting,122.00,5,122.00,0.20,0,,610.00,122.0000,488.0000,0.0000,488.0000,5,0,2812,1148,139,2
L002812,O01148,C0038,Customer 0038,South,Consumer,customer38@example.com,2025-05-22,2025-05,Store,Completed,True,P010,Chair 010,Furniture,211.00,1,211.00,0.20,0,,211.00,42.2000,168.8000,0.0000,168.8000,1,0,2813,1149,39,11
L002813,O01149,C0253,Customer 0253,North,Consumer,customer253@example.com,2025-10-13,2025-10,Online,Completed,True,P024,Desk 024,Furniture,81.00,4,81.00,0.20,0,,324.00,64.8000,259.2000,0.0000,259.2000,4,0,2814,1150,254,25
L002814,O01149,C0253,Customer 0253,North,Consumer,customer253@example.com,2025-10-13,2025-10,Online,Completed,True,P006,Chair 006,Furniture,196.00,1,196.00,0.10,0,,196.00,19.6000,176.4000,0.0000,176.4000,1,0,2815,1150,254,7
L002815,O01149,C0253,Customer 0253,North,Consumer,customer253@example.com,2025-10-13,2025-10,Online,Completed,True,P001,Lamp 001,Lighting,122.00,4,122.00,0.05,0,,488.00,24.4000,463.6000,0.0000,463.6000,4,0,2816,1150,254,2
L002816,O01149,C0253,Customer 0253,North,Consumer,customer253@example.com,2025-10-13,2025-10,Online,Completed,True,P011,Shelf 011,Storage,80.00,1,80.00,0.05,0,,80.00,4.0000,76.0000,0.0000,76.0000,1,0,2817,1150,254,12
L002817,O01150,C0120,Customer 0120,South,Consumer,,2025-06-22,2025-06,Online,Completed,True,P011,Shelf 011,Storage,80.00,1,80.00,0.00,0,,80.00,0.0000,80.0000,0.0000,80.0000,1,0,2818,1151,121,12
L002818,O01150,C0120,Customer 0120,South,Consumer,,2025-06-22,2025-06,Online,Completed,True,P016,Desk 016,Furniture,231.00,2,231.00,0.05,0,,462.00,23.1000,438.9000,0.0000,438.9000,2,0,2819,1151,121,17
L002819,O01151,C0155,Customer 0155,South,Business,customer155@example.com,2025-12-28,2025-12,Online,Completed,True,P018,Chair 018,Furniture,269.00,2,269.00,0.00,1,2026-01-08,538.00,0.0000,538.0000,269.0000,269.0000,2,1,2820,1152,156,19
L002820,O01151,C0155,Customer 0155,South,Business,customer155@example.com,2025-12-28,2025-12,Online,Completed,True,P024,Desk 024,Furniture,81.00,1,81.00,0.00,0,,81.00,0.0000,81.0000,0.0000,81.0000,1,0,2821,1152,156,25
L002821,O01151,C0155,Customer 0155,South,Business,customer155@example.com,2025-12-28,2025-12,Online,Completed,True,P014,Chair 014,Furniture,294.00,2,294.00,0.05,1,2026-01-23,588.00,29.4000,558.6000,279.3000,279.3000,2,1,2822,1152,156,15
L002822,O01151,C0155,Customer 0155,South,Business,customer155@example.com,2025-12-28,2025-12,Online,Completed,True,P018,Chair 018,Furniture,269.00,4,269.00,0.2,0,,1076.00,215.200,860.800,0.000,860.800,4,0,2823,1152,156,19
L002823,O01152,C0090,Customer 0090,West,Business,customer90@example.com,2025-10-19,2025-10,Online,Cancelled,False,P013,Lamp 013,Lighting,271.00,1,271.00,0.00,0,,271.00,0.0000,271.0000,0.0000,271.0000,1,0,2824,1153,91,14
L002824,O01152,C0090,Customer 0090,West,Business,customer90@example.com,2025-10-19,2025-10,Online,Cancelled,False,P003,Shelf 003,Storage,199.00,4,199.00,0.00,0,,796.00,0.0000,796.0000,0.0000,796.0000,4,0,2825,1153,91,4
L002825,O01153,C0239,Customer 0239,South,Consumer,,2025-07-20,2025-07,Store,Completed,True,P011,Shelf 011,Storage,80.00,5,80.00,0.10,0,,400.00,40.0000,360.0000,0.0000,360.0000,5,0,2826,1154,240,12
L002826,O01153,C0239,Customer 0239,South,Consumer,,2025-07-20,2025-07,Store,Completed,True,P009,Lamp 009,Lighting,93.00,5,93.00,0.20,0,,465.00,93.0000,372.0000,0.0000,372.0000,5,0,2827,1154,240,10
L002827,O01154,C0225,Customer 0225,North,Consumer,customer225@example.com,2025-12-09,2025-12,Online,Completed,True,P007,Shelf 007,Storage,35.00,5,35.00,0.10,0,,175.00,17.5000,157.5000,0.0000,157.5000,5,0,2828,1155,226,8
L002828,O01154,C0225,Customer 0225,North,Consumer,customer225@example.com,2025-12-09,2025-12,Online,Completed,True,P017,Lamp 017,Lighting,300.00,5,300.00,0.00,0,,1500.00,0.0000,1500.0000,0.0000,1500.0000,5,0,2829,1155,226,18
L002829,O01155,C0197,Customer 0197,East,Business,customer197@example.com,2025-07-26,2025-07,Online,Completed,True,P022,Chair 022,Furniture,134.00,3,134.00,0.00,0,,402.00,0.0000,402.0000,0.0000,402.0000,3,0,2830,1156,198,23
L002830,O01155,C0197,Customer 0197,East,Business,customer197@example.com,2025-07-26,2025-07,Online,Completed,True,P016,Desk 016,Furniture,231.00,3,231.00,0.00,0,,693.00,0.0000,693.0000,0.0000,693.0000,3,0,2831,1156,198,17
L002831,O01155,C0197,Customer 0197,East,Business,customer197@example.com,2025-07-26,2025-07,Online,Completed,True,P002,Chair 002,Furniture,284.00,4,284.00,0.05,0,,1136.00,56.8000,1079.2000,0.0000,1079.2000,4,0,2832,1156,198,3
L002832,O01156,C0081,Customer 0081,North,Consumer,customer81@example.com,2025-02-09,2025-02,Store,Completed,True,P011,Shelf 011,Storage,80.00,3,80.00,0.10,0,,240.00,24.0000,216.0000,0.0000,216.0000,3,0,2833,1157,82,12
L002833,O01156,C0081,Customer 0081,North,Consumer,customer81@example.com,2025-02-09,2025-02,Store,Completed,True,P016,Desk 016,Furniture,231.00,3,231.00,0.05,0,,693.00,34.6500,658.3500,0.0000,658.3500,3,0,2834,1157,82,17
L002834,O01157,C0218,Customer 0218,East,Business,customer218@example.com,2025-08-24,2025-08,Store,Completed,True,P022,Chair 022,Furniture,134.00,5,134.00,0.20,0,,670.00,134.0000,536.0000,0.0000,536.0000,5,0,2835,1158,219,23
L002835,O01157,C0218,Customer 0218,East,Business,customer218@example.com,2025-08-24,2025-08,Store,Completed,True,P010,Chair 010,Furniture,211.00,1,211.00,0.10,0,,211.00,21.1000,189.9000,0.0000,189.9000,1,0,2836,1158,219,11
L002836,O01158,C0120,Customer 0120,South,Consumer,,2025-10-26,2025-10,Online,Completed,True,P014,Chair 014,Furniture,294.00,1,294.00,0.20,0,,294.00,58.8000,235.2000,0.0000,235.2000,1,0,2837,1159,121,15
L002837,O01159,C0044,Customer 0044,West,Business,customer44@example.com,2025-08-15,2025-08,Online,Completed,True,P006,Chair 006,Furniture,196.00,4,196.00,0.00,1,2025-08-27,784.00,0.0000,784.0000,196.0000,588.0000,4,1,2838,1160,45,7
L002838,O01159,C0044,Customer 0044,West,Business,customer44@example.com,2025-08-15,2025-08,Online,Completed,True,P023,Shelf 023,Storage,68.00,4,68.00,0.20,0,,272.00,54.4000,217.6000,0.0000,217.6000,4,0,2839,1160,45,24
L002839,O01159,C0044,Customer 0044,West,Business,customer44@example.com,2025-08-15,2025-08,Online,Completed,True,P015,Shelf 015,Storage,254.00,2,254.00,0.10,0,,508.00,50.8000,457.2000,0.0000,457.2000,2,0,2840,1160,45,16
L002840,O01159,C0044,Customer 0044,West,Business,customer44@example.com,2025-08-15,2025-08,Online,Completed,True,P008,Desk 008,Furniture,188.00,2,188.00,0.00,0,,376.00,0.0000,376.0000,0.0000,376.0000,2,0,2841,1160,45,9
L002841,O01160,C0183,Customer 0183,East,Consumer,customer183@example.com,2025-06-27,2025-06,Online,Completed,True,P004,Desk 004,Furniture,123.00,1,123.00,0.10,0,,123.00,12.3000,110.7000,0.0000,110.7000,1,0,2842,1161,184,5
L002842,O01160,C0183,Customer 0183,East,Consumer,customer183@example.com,2025-06-27,2025-06,Online,Completed,True,P007,Shelf 007,Storage,35.00,5,35.00,0.05,0,,175.00,8.7500,166.2500,0.0000,166.2500,5,0,2843,1161,184,8
L002843,O01160,C0183,Customer 0183,East,Consumer,customer183@example.com,2025-06-27,2025-06,Online,Completed,True,P018,Chair 018,Furniture,269.00,1,269.00,0.10,0,,269.00,26.9000,242.1000,0.0000,242.1000,1,0,2844,1161,184,19
L002844,O01160,C0183,Customer 0183,East,Consumer,customer183@example.com,2025-06-27,2025-06,Online,Completed,True,P022,Chair 022,Furniture,134.00,2,134.00,0.20,0,,268.00,53.6000,214.4000,0.0000,214.4000,2,0,2845,1161,184,23
L002845,O01161,C0224,Customer 0224,West,Consumer,customer224@example.com,2025-10-29,2025-10,Online,Completed,True,P005,Lamp 005,Lighting,65.00,4,65.00,0.20,0,,260.00,52.0000,208.0000,0.0000,208.0000,4,0,2846,1162,225,6
L002846,O01161,C0224,Customer 0224,West,Consumer,customer224@example.com,2025-10-29,2025-10,Online,Completed,True,P010,Chair 010,Furniture,211.00,2,211.00,0.10,1,2025-11-28,422.00,42.2000,379.8000,189.9000,189.9000,2,1,2847,1162,225,11
L002847,O01161,C0224,Customer 0224,West,Consumer,customer224@example.com,2025-10-29,2025-10,Online,Completed,True,P024,Desk 024,Furniture,81.00,5,81.00,0.00,0,,405.00,0.0000,405.0000,0.0000,405.0000,5,0,2848,1162,225,25
L002848,O01162,C0041,Customer 0041,West,Business,customer41@example.com,2025-05-01,2025-05,Store,Completed,True,P004,Desk 004,Furniture,123.00,1,123.00,0.00,0,,123.00,0.0000,123.0000,0.0000,123.0000,1,0,2849,1163,42,5
L002849,O01162,C0041,Customer 0041,West,Business,customer41@example.com,2025-05-01,2025-05,Store,Completed,True,P024,Desk 024,Furniture,81.00,5,81.00,0.10,0,,405.00,40.5000,364.5000,0.0000,364.5000,5,0,2850,1163,42,25
L002850,O01162,C0041,Customer 0041,West,Business,customer41@example.com,2025-05-01,2025-05,Store,Completed,True,P018,Chair 018,Furniture,269.00,3,269.00,0.20,0,,807.00,161.4000,645.6000,0.0000,645.6000,3,0,2851,1163,42,19
L002851,O01163,C0151,Customer 0151,South,Business,customer151@example.com,2025-07-13,2025-07,Online,Completed,True,P003,Shelf 003,Storage,199.00,5,199.00,0.10,0,,995.00,99.5000,895.5000,0.0000,895.5000,5,0,2852,1164,152,4
L002852,O01163,C0151,Customer 0151,South,Business,customer151@example.com,2025-07-13,2025-07,Online,Completed,True,P003,Shelf 003,Storage,199.00,3,199.00,0.00,0,,597.00,0.0000,597.0000,0.0000,597.0000,3,0,2853,1164,152,4
L002853,O01164,C0215,Customer 0215,North,Consumer,customer215@example.com,2025-07-12,2025-07,Store,Completed,True,P023,Shelf 023,Storage,68.00,3,68.00,0.2,0,,204.00,40.800,163.200,0.000,163.200,3,0,2854,1165,216,24
L002854,O01164,C0215,Customer 0215,North,Consumer,customer215@example.com,2025-07-12,2025-07,Store,Completed,True,P016,Desk 016,Furniture,231.00,4,231.00,0.00,0,,924.00,0.0000,924.0000,0.0000,924.0000,4,0,2855,1165,216,17
L002855,O01165,C0081,Customer 0081,North,Consumer,customer81@example.com,2025-11-01,2025-11,Store,Completed,True,P013,Lamp 013,Lighting,271.00,3,271.00,0.05,0,,813.00,40.6500,772.3500,0.0000,772.3500,3,0,2856,1166,82,14
L002856,O01165,C0081,Customer 0081,North,Consumer,customer81@example.com,2025-11-01,2025-11,Store,Completed,True,P020,Desk 020,Furniture,189.00,3,189.00,0.10,0,,567.00,56.7000,510.3000,0.0000,510.3000,3,0,2857,1166,82,21
L002857,O01165,C0081,Customer 0081,North,Consumer,customer81@example.com,2025-11-01,2025-11,Store,Completed,True,P021,Lamp 021,Lighting,249.00,2,249.00,0.20,0,,498.00,99.6000,398.4000,0.0000,398.4000,2,0,2858,1166,82,22
L002858,O01165,C0081,Customer 0081,North,Consumer,customer81@example.com,2025-11-01,2025-11,Store,Completed,True,P002,Chair 002,Furniture,284.00,4,284.00,0.00,0,,1136.00,0.0000,1136.0000,0.0000,1136.0000,4,0,2859,1166,82,3
L002859,O01166,C0120,Customer 0120,South,Consumer,,2025-10-25,2025-10,Online,Completed,True,P013,Lamp 013,Lighting,271.00,1,271.00,0.10,0,,271.00,27.1000,243.9000,0.0000,243.9000,1,0,2860,1167,121,14
L002860,O01167,C0222,Customer 0222,East,Consumer,,2025-12-09,2025-12,Store,Completed,True,P009,Lamp 009,Lighting,93.00,5,93.00,0.00,0,,465.00,0.0000,465.0000,0.0000,465.0000,5,0,2861,1168,223,10
L002861,O01167,C0222,Customer 0222,East,Consumer,,2025-12-09,2025-12,Store,Completed,True,P008,Desk 008,Furniture,188.00,3,188.00,0.00,0,,564.00,0.0000,564.0000,0.0000,564.0000,3,0,2862,1168,223,9
L002862,O01168,C0178,Customer 0178,East,Consumer,customer178@example.com,2025-10-20,2025-10,Online,Completed,True,P010,Chair 010,Furniture,211.00,2,211.00,0.05,0,,422.00,21.1000,400.9000,0.0000,400.9000,2,0,2863,1169,179,11
L002863,O01168,C0178,Customer 0178,East,Consumer,customer178@example.com,2025-10-20,2025-10,Online,Completed,True,P012,Desk 012,Furniture,134.00,4,134.00,0.10,0,,536.00,53.6000,482.4000,0.0000,482.4000,4,0,2864,1169,179,13
L002864,O01169,C0150,Customer 0150,West,Business,customer150@example.com,2025-11-07,2025-11,Online,Completed,True,P021,Lamp 021,Lighting,249.00,2,249.00,0.00,0,,498.00,0.0000,498.0000,0.0000,498.0000,2,0,2865,1170,151,22
L002865,O01169,C0150,Customer 0150,West,Business,customer150@example.com,2025-11-07,2025-11,Online,Completed,True,P018,Chair 018,Furniture,269.00,3,269.00,0.10,0,,807.00,80.7000,726.3000,0.0000,726.3000,3,0,2866,1170,151,19
L002866,O01169,C0150,Customer 0150,West,Business,customer150@example.com,2025-11-07,2025-11,Online,Completed,True,P006,Chair 006,Furniture,196.00,2,196.00,0.20,0,,392.00,78.4000,313.6000,0.0000,313.6000,2,0,2867,1170,151,7
L002867,O01169,C0150,Customer 0150,West,Business,customer150@example.com,2025-11-07,2025-11,Online,Completed,True,P019,Shelf 019,Storage,78.00,3,78.00,0.05,0,,234.00,11.7000,222.3000,0.0000,222.3000,3,0,2868,1170,151,20
L002868,O01170,C0076,Customer 0076,East,Consumer,customer76@example.com,2025-03-08,2025-03,Store,Cancelled,False,P013,Lamp 013,Lighting,271.00,1,271.00,0.10,0,,271.00,27.1000,243.9000,0.0000,243.9000,1,0,2869,1171,77,14
L002869,O01170,C0076,Customer 0076,East,Consumer,customer76@example.com,2025-03-08,2025-03,Store,Cancelled,False,P013,Lamp 013,Lighting,271.00,4,271.00,0.00,0,,1084.00,0.0000,1084.0000,0.0000,1084.0000,4,0,2870,1171,77,14
L002870,O01171,C0176,Customer 0176,North,Consumer,customer176@example.com,2025-04-14,2025-04,Store,Completed,True,P015,Shelf 015,Storage,254.00,4,254.00,0.10,0,,1016.00,101.6000,914.4000,0.0000,914.4000,4,0,2871,1172,177,16
L002871,O01171,C0176,Customer 0176,North,Consumer,customer176@example.com,2025-04-14,2025-04,Store,Completed,True,P021,Lamp 021,Lighting,249.00,5,249.00,0.00,0,,1245.00,0.0000,1245.0000,0.0000,1245.0000,5,0,2872,1172,177,22
L002872,O01171,C0176,Customer 0176,North,Consumer,customer176@example.com,2025-04-14,2025-04,Store,Completed,True,P007,Shelf 007,Storage,35.00,3,35.00,0.10,0,,105.00,10.5000,94.5000,0.0000,94.5000,3,0,2873,1172,177,8
L002873,O01171,C0176,Customer 0176,North,Consumer,customer176@example.com,2025-04-14,2025-04,Store,Completed,True,P009,Lamp 009,Lighting,93.00,2,93.00,0.00,0,,186.00,0.0000,186.0000,0.0000,186.0000,2,0,2874,1172,177,10
L002874,O01172,C0116,Customer 0116,West,Business,customer116@example.com,2025-08-22,2025-08,Online,Completed,True,P017,Lamp 017,Lighting,300.00,3,300.00,0.20,0,,900.00,180.0000,720.0000,0.0000,720.0000,3,0,2875,1173,117,18
L002875,O01172,C0116,Customer 0116,West,Business,customer116@example.com,2025-08-22,2025-08,Online,Completed,True,P006,Chair 006,Furniture,196.00,2,196.00,0.20,0,,392.00,78.4000,313.6000,0.0000,313.6000,2,0,2876,1173,117,7
L002876,O01172,C0116,Customer 0116,West,Business,customer116@example.com,2025-08-22,2025-08,Online,Completed,True,P020,Desk 020,Furniture,189.00,4,189.00,0.20,0,,756.00,151.2000,604.8000,0.0000,604.8000,4,0,2877,1173,117,21
L002877,O01173,C0023,Customer 0023,South,Consumer,customer23@example.com,2025-10-01,2025-10,Online,Completed,True,P002,Chair 002,Furniture,284.00,5,284.00,0.20,0,,1420.00,284.0000,1136.0000,0.0000,1136.0000,5,0,2878,1174,24,3
L002878,O01173,C0023,Customer 0023,South,Consumer,customer23@example.com,2025-10-01,2025-10,Online,Completed,True,P014,Chair 014,Furniture,294.00,3,294.00,0.20,0,,882.00,176.4000,705.6000,0.0000,705.6000,3,0,2879,1174,24,15
L002879,O01174,C0219,Customer 0219,East,Consumer,customer219@example.com,2025-08-12,2025-08,Store,Completed,True,P014,Chair 014,Furniture,294.00,2,294.00,0.10,0,,588.00,58.8000,529.2000,0.0000,529.2000,2,0,2880,1175,220,15
L002880,O01175,C0291,Customer 0291,North,Consumer,customer291@example.com,2025-05-03,2025-05,Store,Completed,True,P001,Lamp 001,Lighting,122.00,3,122.00,0.00,0,,366.00,0.0000,366.0000,0.0000,366.0000,3,0,2881,1176,292,2
L002881,O01175,C0291,Customer 0291,North,Consumer,customer291@example.com,2025-05-03,2025-05,Store,Completed,True,P021,Lamp 021,Lighting,249.00,4,249.00,0.00,0,,996.00,0.0000,996.0000,0.0000,996.0000,4,0,2882,1176,292,22
L002882,O01176,C0122,Customer 0122,North,Business,customer122@example.com,2025-08-05,2025-08,Store,Completed,True,P004,Desk 004,Furniture,123.00,3,123.00,0.00,0,,369.00,0.0000,369.0000,0.0000,369.0000,3,0,2883,1177,123,5
L002883,O01176,C0122,Customer 0122,North,Business,customer122@example.com,2025-08-05,2025-08,Store,Completed,True,P010,Chair 010,Furniture,211.00,4,211.00,0.20,0,,844.00,168.8000,675.2000,0.0000,675.2000,4,0,2884,1177,123,11
L002884,O01176,C0122,Customer 0122,North,Business,customer122@example.com,2025-08-05,2025-08,Store,Completed,True,P001,Lamp 001,Lighting,122.00,2,122.00,0,0,,244.00,0.00,244.00,0.00,244.00,2,0,2885,1177,123,2
L002885,O01177,C0015,Customer 0015,West,Consumer,customer15@example.com,2025-08-24,2025-08,Online,Completed,True,P021,Lamp 021,Lighting,249.00,1,249.00,0.20,1,2025-09-23,249.00,49.8000,199.2000,199.2000,0.0000,1,1,2886,1178,16,22
L002886,O01177,C0015,Customer 0015,West,Consumer,customer15@example.com,2025-08-24,2025-08,Online,Completed,True,P013,Lamp 013,Lighting,271.00,4,271.00,0.05,0,,1084.00,54.2000,1029.8000,0.0000,1029.8000,4,0,2887,1178,16,14
L002887,O01178,C0013,Customer 0013,West,Business,customer13@example.com,2025-10-13,2025-10,Store,Completed,True,P022,Chair 022,Furniture,134.00,1,134.00,0.20,0,,134.00,26.8000,107.2000,0.0000,107.2000,1,0,2888,1179,14,23
L002888,O01178,C0013,Customer 0013,West,Business,customer13@example.com,2025-10-13,2025-10,Store,Completed,True,P002,Chair 002,Furniture,284.00,1,284.00,0.00,0,,284.00,0.0000,284.0000,0.0000,284.0000,1,0,2889,1179,14,3
L002889,O01178,C0013,Customer 0013,West,Business,customer13@example.com,2025-10-13,2025-10,Store,Completed,True,P024,Desk 024,Furniture,81.00,1,81.00,0.10,0,,81.00,8.1000,72.9000,0.0000,72.9000,1,0,2890,1179,14,25
L002890,O01179,C0252,Customer 0252,West,Business,customer252@example.com,2025-04-18,2025-04,Online,Completed,True,P018,Chair 018,Furniture,269.00,3,269.00,0.00,0,,807.00,0.0000,807.0000,0.0000,807.0000,3,0,2891,1180,253,19
L002891,O01179,C0252,Customer 0252,West,Business,customer252@example.com,2025-04-18,2025-04,Online,Completed,True,P022,Chair 022,Furniture,134.00,1,134.00,0.05,0,,134.00,6.7000,127.3000,0.0000,127.3000,1,0,2892,1180,253,23
L002892,O01179,C0252,Customer 0252,West,Business,customer252@example.com,2025-04-18,2025-04,Online,Completed,True,P003,Shelf 003,Storage,199.00,3,199.00,0.20,0,,597.00,119.4000,477.6000,0.0000,477.6000,3,0,2893,1180,253,4
L002893,O01179,C0252,Customer 0252,West,Business,customer252@example.com,2025-04-18,2025-04,Online,Completed,True,P003,Shelf 003,Storage,199.00,1,199.00,0.10,0,,199.00,19.9000,179.1000,0.0000,179.1000,1,0,2894,1180,253,4
L002894,O01180,C0009,Customer 0009,South,Business,customer9@example.com,2025-07-01,2025-07,Store,Completed,True,P001,Lamp 001,Lighting,122.00,4,122.00,0.05,0,,488.00,24.4000,463.6000,0.0000,463.6000,4,0,2895,1181,10,2
L002895,O01181,C0148,Customer 0148,East,Consumer,customer148@example.com,2025-12-07,2025-12,Online,Completed,True,P006,Chair 006,Furniture,196.00,5,196.00,0.05,0,,980.00,49.0000,931.0000,0.0000,931.0000,5,0,2896,1182,149,7
L002896,O01181,C0148,Customer 0148,East,Consumer,customer148@example.com,2025-12-07,2025-12,Online,Completed,True,P017,Lamp 017,Lighting,300.00,3,300.00,0.00,0,,900.00,0.0000,900.0000,0.0000,900.0000,3,0,2897,1182,149,18
L002897,O01182,C0216,Customer 0216,North,Consumer,customer216@example.com,2025-08-05,2025-08,Online,Completed,True,P011,Shelf 011,Storage,80.00,5,80.00,0.10,0,,400.00,40.0000,360.0000,0.0000,360.0000,5,0,2898,1183,217,12
L002898,O01182,C0216,Customer 0216,North,Consumer,customer216@example.com,2025-08-05,2025-08,Online,Completed,True,P020,Desk 020,Furniture,189.00,2,189.00,0.10,0,,378.00,37.8000,340.2000,0.0000,340.2000,2,0,2899,1183,217,21
L002899,O01183,C0182,Customer 0182,West,Business,customer182@example.com,2025-10-23,2025-10,Store,Completed,True,P019,Shelf 019,Storage,78.00,4,78.00,0.10,0,,312.00,31.2000,280.8000,0.0000,280.8000,4,0,2900,1184,183,20
L002900,O01183,C0182,Customer 0182,West,Business,customer182@example.com,2025-10-23,2025-10,Store,Completed,True,P009,Lamp 009,Lighting,93.00,5,93.00,0.20,0,,465.00,93.0000,372.0000,0.0000,372.0000,5,0,2901,1184,183,10
L002901,O01183,C0182,Customer 0182,West,Business,customer182@example.com,2025-10-23,2025-10,Store,Completed,True,P021,Lamp 021,Lighting,249.00,1,249.00,0.05,0,,249.00,12.4500,236.5500,0.0000,236.5500,1,0,2902,1184,183,22
L002902,O01183,C0182,Customer 0182,West,Business,customer182@example.com,2025-10-23,2025-10,Store,Completed,True,P004,Desk 004,Furniture,123.00,4,123.00,0.00,0,,492.00,0.0000,492.0000,0.0000,492.0000,4,0,2903,1184,183,5
L002903,O01184,C0106,Customer 0106,East,Business,customer106@example.com,2025-08-26,2025-08,Store,Completed,True,P015,Shelf 015,Storage,254.00,4,254.00,0.00,0,,1016.00,0.0000,1016.0000,0.0000,1016.0000,4,0,2904,1185,107,16
L002904,O01184,C0106,Customer 0106,East,Business,customer106@example.com,2025-08-26,2025-08,Store,Completed,True,P011,Shelf 011,Storage,80.00,5,80.00,0.05,1,2025-09-03,400.00,20.0000,380.0000,228.0000,152.0000,5,3,2905,1185,107,12
L002905,O01184,C0106,Customer 0106,East,Business,customer106@example.com,2025-08-26,2025-08,Store,Completed,True,P011,Shelf 011,Storage,80.00,4,80.00,0.00,1,2025-08-30,320.00,0.0000,320.0000,240.0000,80.0000,4,3,2906,1185,107,12
L002906,O01184,C0106,Customer 0106,East,Business,customer106@example.com,2025-08-26,2025-08,Store,Completed,True,P011,Shelf 011,Storage,80.00,3,80.00,0.20,0,,240.00,48.0000,192.0000,0.0000,192.0000,3,0,2907,1185,107,12
L002907,O01185,C0094,Customer 0094,West,Consumer,customer94@example.com,2025-10-28,2025-10,Online,Completed,True,P011,Shelf 011,Storage,80.00,5,80.00,0.00,0,,400.00,0.0000,400.0000,0.0000,400.0000,5,0,2908,1186,95,12
L002908,O01185,C0094,Customer 0094,West,Consumer,customer94@example.com,2025-10-28,2025-10,Online,Completed,True,P001,Lamp 001,Lighting,122.00,1,122.00,0.00,1,2025-11-05,122.00,0.0000,122.0000,122.0000,0.0000,1,1,2909,1186,95,2
L002909,O01185,C0094,Customer 0094,West,Consumer,customer94@example.com,2025-10-28,2025-10,Online,Completed,True,P015,Shelf 015,Storage,254.00,3,254.00,0.10,0,,762.00,76.2000,685.8000,0.0000,685.8000,3,0,2910,1186,95,16
L002910,O01186,C0236,Customer 0236,West,Business,customer236@example.com,2025-06-13,2025-06,Store,Completed,True,P020,Desk 020,Furniture,189.00,2,189.00,0.05,0,,378.00,18.9000,359.1000,0.0000,359.1000,2,0,2911,1187,237,21
L002911,O01186,C0236,Customer 0236,West,Business,customer236@example.com,2025-06-13,2025-06,Store,Completed,True,P013,Lamp 013,Lighting,271.00,4,271.00,0.10,0,,1084.00,108.4000,975.6000,0.0000,975.6000,4,0,2912,1187,237,14
L002912,O01186,C0236,Customer 0236,West,Business,customer236@example.com,2025-06-13,2025-06,Store,Completed,True,P021,Lamp 021,Lighting,249.00,3,249.00,0.00,0,,747.00,0.0000,747.0000,0.0000,747.0000,3,0,2913,1187,237,22
L002913,O01186,C0236,Customer 0236,West,Business,customer236@example.com,2025-06-13,2025-06,Store,Completed,True,P009,Lamp 009,Lighting,93.00,5,93.00,0.10,0,,465.00,46.5000,418.5000,0.0000,418.5000,5,0,2914,1187,237,10
L002914,O01187,C0292,Customer 0292,East,Business,customer292@example.com,2025-06-09,2025-06,Store,Completed,True,P017,Lamp 017,Lighting,300.00,5,300.00,0.05,0,,1500.00,75.0000,1425.0000,0.0000,1425.0000,5,0,2915,1188,293,18
L002915,O01188,C0088,Customer 0088,West,Business,customer88@example.com,2025-09-17,2025-09,Store,Completed,True,P015,Shelf 015,Storage,254.00,4,254.00,0,0,,1016.00,0.00,1016.00,0.00,1016.00,4,0,2916,1189,89,16
L002916,O01188,C0088,Customer 0088,West,Business,customer88@example.com,2025-09-17,2025-09,Store,Completed,True,P006,Chair 006,Furniture,196.00,5,196.00,0.20,0,,980.00,196.0000,784.0000,0.0000,784.0000,5,0,2917,1189,89,7
L002917,O01188,C0088,Customer 0088,West,Business,customer88@example.com,2025-09-17,2025-09,Store,Completed,True,P016,Desk 016,Furniture,231.00,2,231.00,0.20,0,,462.00,92.4000,369.6000,0.0000,369.6000,2,0,2918,1189,89,17
L002918,O01189,C0146,Customer 0146,South,Consumer,customer146@example.com,2025-02-02,2025-02,Online,Completed,True,P015,Shelf 015,Storage,254.00,5,254.00,0.10,0,,1270.00,127.0000,1143.0000,0.0000,1143.0000,5,0,2919,1190,147,16
L002919,O01190,C0188,Customer 0188,South,Business,,2025-04-03,2025-04,Online,Completed,True,P006,Chair 006,Furniture,196.00,2,196.00,0.05,0,,392.00,19.6000,372.4000,0.0000,372.4000,2,0,2920,1191,189,7
L002920,O01191,C0176,Customer 0176,North,Consumer,customer176@example.com,2025-11-25,2025-11,Online,Completed,True,P002,Chair 002,Furniture,284.00,5,284.00,0.05,0,,1420.00,71.0000,1349.0000,0.0000,1349.0000,5,0,2921,1192,177,3
L002921,O01191,C0176,Customer 0176,North,Consumer,customer176@example.com,2025-11-25,2025-11,Online,Completed,True,P016,Desk 016,Furniture,231.00,1,231.00,0.05,0,,231.00,11.5500,219.4500,0.0000,219.4500,1,0,2922,1192,177,17
L002922,O01191,C0176,Customer 0176,North,Consumer,customer176@example.com,2025-11-25,2025-11,Online,Completed,True,P001,Lamp 001,Lighting,122.00,1,122.00,0.20,0,,122.00,24.4000,97.6000,0.0000,97.6000,1,0,2923,1192,177,2
L002923,O01192,C0260,Customer 0260,South,Consumer,customer260@example.com,2025-08-26,2025-08,Online,Completed,True,P022,Chair 022,Furniture,134.00,4,134.00,0.05,0,,536.00,26.8000,509.2000,0.0000,509.2000,4,0,2924,1193,261,23
L002924,O01192,C0260,Customer 0260,South,Consumer,customer260@example.com,2025-08-26,2025-08,Online,Completed,True,P004,Desk 004,Furniture,123.00,4,123.00,0.20,0,,492.00,98.4000,393.6000,0.0000,393.6000,4,0,2925,1193,261,5
L002925,O01193,C0158,Customer 0158,East,Consumer,customer158@example.com,2025-08-07,2025-08,Online,Completed,True,P021,Lamp 021,Lighting,249.00,2,249.00,0.10,0,,498.00,49.8000,448.2000,0.0000,448.2000,2,0,2926,1194,159,22
L002926,O01194,C0119,Customer 0119,North,Business,customer119@example.com,2025-11-06,2025-11,Online,Completed,True,P009,Lamp 009,Lighting,93.00,2,93.00,0.05,0,,186.00,9.3000,176.7000,0.0000,176.7000,2,0,2927,1195,120,10
L002927,O01195,C0265,Customer 0265,West,Consumer,customer265@example.com,2025-04-13,2025-04,Online,Completed,True,P020,Desk 020,Furniture,189.00,2,189.00,0.20,0,,378.00,75.6000,302.4000,0.0000,302.4000,2,0,2928,1196,266,21
L002928,O01195,C0265,Customer 0265,West,Consumer,customer265@example.com,2025-04-13,2025-04,Online,Completed,True,P017,Lamp 017,Lighting,300.00,2,300.00,0.10,0,,600.00,60.0000,540.0000,0.0000,540.0000,2,0,2929,1196,266,18
L002929,O01196,C0087,Customer 0087,North,Business,customer87@example.com,2025-11-18,2025-11,Online,Completed,True,P014,Chair 014,Furniture,294.00,4,294.00,0.05,0,,1176.00,58.8000,1117.2000,0.0000,1117.2000,4,0,2930,1197,88,15
L002930,O01196,C0087,Customer 0087,North,Business,customer87@example.com,2025-11-18,2025-11,Online,Completed,True,P022,Chair 022,Furniture,134.00,1,134.00,0.05,0,,134.00,6.7000,127.3000,0.0000,127.3000,1,0,2931,1197,88,23
L002931,O01197,C0063,Customer 0063,West,Consumer,customer63@example.com,2025-09-05,2025-09,Store,Completed,True,P013,Lamp 013,Lighting,271.00,3,271.00,0.10,1,2025-10-02,813.00,81.3000,731.7000,243.9000,487.8000,3,1,2932,1198,64,14
L002932,O01197,C0063,Customer 0063,West,Consumer,customer63@example.com,2025-09-05,2025-09,Store,Completed,True,P007,Shelf 007,Storage,35.00,2,35.00,0.10,0,,70.00,7.0000,63.0000,0.0000,63.0000,2,0,2933,1198,64,8
L002933,O01198,C0138,Customer 0138,South,Business,customer138@example.com,2025-12-29,2025-12,Online,Completed,True,P020,Desk 020,Furniture,189.00,2,189.00,0.00,0,,378.00,0.0000,378.0000,0.0000,378.0000,2,0,2934,1199,139,21
L002934,O01198,C0138,Customer 0138,South,Business,customer138@example.com,2025-12-29,2025-12,Online,Completed,True,P022,Chair 022,Furniture,134.00,4,134.00,0.10,0,,536.00,53.6000,482.4000,0.0000,482.4000,4,0,2935,1199,139,23
L002935,O01198,C0138,Customer 0138,South,Business,customer138@example.com,2025-12-29,2025-12,Online,Completed,True,P017,Lamp 017,Lighting,300.00,3,300.00,0.20,0,,900.00,180.0000,720.0000,0.0000,720.0000,3,0,2936,1199,139,18
L002936,O01199,C0083,Customer 0083,West,Consumer,customer83@example.com,2025-05-04,2025-05,Store,Completed,True,P002,Chair 002,Furniture,284.00,1,284.00,0.10,0,,284.00,28.4000,255.6000,0.0000,255.6000,1,0,2937,1200,84,3
L002937,O01200,C0171,Customer 0171,South,Business,,2025-04-03,2025-04,Store,Completed,True,P003,Shelf 003,Storage,199.00,4,199.00,0.10,0,,796.00,79.6000,716.4000,0.0000,716.4000,4,0,2938,1201,172,4
L002938,O01200,C0171,Customer 0171,South,Business,,2025-04-03,2025-04,Store,Completed,True,P022,Chair 022,Furniture,134.00,2,134.00,0.20,0,,268.00,53.6000,214.4000,0.0000,214.4000,2,0,2939,1201,172,23
L002939,O01201,C0183,Customer 0183,East,Consumer,customer183@example.com,2025-04-14,2025-04,Online,Completed,True,P017,Lamp 017,Lighting,300.00,1,300.00,0.00,0,,300.00,0.0000,300.0000,0.0000,300.0000,1,0,2940,1202,184,18
L002940,O01201,C0183,Customer 0183,East,Consumer,customer183@example.com,2025-04-14,2025-04,Online,Completed,True,P014,Chair 014,Furniture,294.00,3,294.00,0.20,0,,882.00,176.4000,705.6000,0.0000,705.6000,3,0,2941,1202,184,15
L002941,O01201,C0183,Customer 0183,East,Consumer,customer183@example.com,2025-04-14,2025-04,Online,Completed,True,P016,Desk 016,Furniture,231.00,3,231.00,0.00,0,,693.00,0.0000,693.0000,0.0000,693.0000,3,0,2942,1202,184,17
L002942,O01202,C0173,Customer 0173,West,Consumer,customer173@example.com,2025-08-28,2025-08,Online,Completed,True,P004,Desk 004,Furniture,123.00,5,123.00,0.05,0,,615.00,30.7500,584.2500,0.0000,584.2500,5,0,2943,1203,174,5
L002943,O01202,C0173,Customer 0173,West,Consumer,customer173@example.com,2025-08-28,2025-08,Online,Completed,True,P003,Shelf 003,Storage,199.00,2,199.00,0.20,0,,398.00,79.6000,318.4000,0.0000,318.4000,2,0,2944,1203,174,4
L002944,O01203,C0073,Customer 0073,South,Business,customer73@example.com,2025-09-11,2025-09,Online,Completed,True,P014,Chair 014,Furniture,294.00,2,294.00,0.05,0,,588.00,29.4000,558.6000,0.0000,558.6000,2,0,2945,1204,74,15
L002945,O01203,C0073,Customer 0073,South,Business,customer73@example.com,2025-09-11,2025-09,Online,Completed,True,P014,Chair 014,Furniture,294.00,5,294.00,0.00,0,,1470.00,0.0000,1470.0000,0.0000,1470.0000,5,0,2946,1204,74,15
L002946,O01204,C0111,Customer 0111,South,Business,customer111@example.com,2025-01-31,2025-01,Online,Completed,True,P018,Chair 018,Furniture,269.00,1,269.00,0.2,0,,269.00,53.800,215.200,0.000,215.200,1,0,2947,1205,112,19
L002947,O01205,C0110,Customer 0110,West,Consumer,customer110@example.com,2025-03-13,2025-03,Online,Completed,True,P002,Chair 002,Furniture,284.00,3,284.00,0.05,0,,852.00,42.6000,809.4000,0.0000,809.4000,3,0,2948,1206,111,3
L002948,O01205,C0110,Customer 0110,West,Consumer,customer110@example.com,2025-03-13,2025-03,Online,Completed,True,P021,Lamp 021,Lighting,249.00,3,249.00,0.10,0,,747.00,74.7000,672.3000,0.0000,672.3000,3,0,2949,1206,111,22
L002949,O01205,C0110,Customer 0110,West,Consumer,customer110@example.com,2025-03-13,2025-03,Online,Completed,True,P010,Chair 010,Furniture,211.00,4,211.00,0.10,0,,844.00,84.4000,759.6000,0.0000,759.6000,4,0,2950,1206,111,11
L002950,O01206,C0227,Customer 0227,East,Consumer,customer227@example.com,2025-10-31,2025-10,Store,Completed,True,P024,Desk 024,Furniture,81.00,4,81.00,0.10,0,,324.00,32.4000,291.6000,0.0000,291.6000,4,0,2951,1207,228,25
L002951,O01206,C0227,Customer 0227,East,Consumer,customer227@example.com,2025-10-31,2025-10,Store,Completed,True,P010,Chair 010,Furniture,211.00,1,211.00,0.05,0,,211.00,10.5500,200.4500,0.0000,200.4500,1,0,2952,1207,228,11
L002952,O01207,C0152,Customer 0152,West,Business,customer152@example.com,2025-07-09,2025-07,Store,Completed,True,P014,Chair 014,Furniture,294.00,2,294.00,0.20,0,,588.00,117.6000,470.4000,0.0000,470.4000,2,0,2953,1208,153,15
L002953,O01208,C0023,Customer 0023,South,Consumer,customer23@example.com,2025-07-26,2025-07,Online,Completed,True,P002,Chair 002,Furniture,284.00,1,284.00,0.00,0,,284.00,0.0000,284.0000,0.0000,284.0000,1,0,2954,1209,24,3
L002954,O01208,C0023,Customer 0023,South,Consumer,customer23@example.com,2025-07-26,2025-07,Online,Completed,True,P023,Shelf 023,Storage,68.00,5,68.00,0.20,0,,340.00,68.0000,272.0000,0.0000,272.0000,5,0,2955,1209,24,24
L002955,O01208,C0023,Customer 0023,South,Consumer,customer23@example.com,2025-07-26,2025-07,Online,Completed,True,P016,Desk 016,Furniture,231.00,5,231.00,0.05,0,,1155.00,57.7500,1097.2500,0.0000,1097.2500,5,0,2956,1209,24,17
L002956,O01208,C0023,Customer 0023,South,Consumer,customer23@example.com,2025-07-26,2025-07,Online,Completed,True,P015,Shelf 015,Storage,254.00,2,254.00,0.20,0,,508.00,101.6000,406.4000,0.0000,406.4000,2,0,2957,1209,24,16
L002957,O01209,C0156,Customer 0156,South,Consumer,customer156@example.com,2025-06-18,2025-06,Store,Completed,True,P010,Chair 010,Furniture,211.00,2,211.00,0.10,1,2025-07-16,422.00,42.2000,379.8000,379.8000,0.0000,2,2,2958,1210,157,11
L002958,O01210,C0139,Customer 0139,North,Business,customer139@example.com,2025-07-26,2025-07,Online,Completed,True,P024,Desk 024,Furniture,81.00,4,81.00,0.00,0,,324.00,0.0000,324.0000,0.0000,324.0000,4,0,2959,1211,140,25
L002959,O01210,C0139,Customer 0139,North,Business,customer139@example.com,2025-07-26,2025-07,Online,Completed,True,P019,Shelf 019,Storage,78.00,1,78.00,0.20,1,2025-08-16,78.00,15.6000,62.4000,62.4000,0.0000,1,1,2960,1211,140,20
L002960,O01210,C0139,Customer 0139,North,Business,customer139@example.com,2025-07-26,2025-07,Online,Completed,True,P024,Desk 024,Furniture,81.00,2,81.00,0.10,0,,162.00,16.2000,145.8000,0.0000,145.8000,2,0,2961,1211,140,25
L002961,O01211,C0158,Customer 0158,East,Consumer,customer158@example.com,2025-01-01,2025-01,Store,Completed,True,P007,Shelf 007,Storage,35.00,4,35.00,0.05,0,,140.00,7.0000,133.0000,0.0000,133.0000,4,0,2962,1212,159,8
L002962,O01211,C0158,Customer 0158,East,Consumer,customer158@example.com,2025-01-01,2025-01,Store,Completed,True,P006,Chair 006,Furniture,196.00,1,196.00,0.00,0,,196.00,0.0000,196.0000,0.0000,196.0000,1,0,2963,1212,159,7
L002963,O01211,C0158,Customer 0158,East,Consumer,customer158@example.com,2025-01-01,2025-01,Store,Completed,True,P020,Desk 020,Furniture,189.00,5,189.00,0.00,0,,945.00,0.0000,945.0000,0.0000,945.0000,5,0,2964,1212,159,21
L002964,O01211,C0158,Customer 0158,East,Consumer,customer158@example.com,2025-01-01,2025-01,Store,Completed,True,P016,Desk 016,Furniture,231.00,1,231.00,0.05,0,,231.00,11.5500,219.4500,0.0000,219.4500,1,0,2965,1212,159,17
L002965,O01212,C0180,Customer 0180,West,Consumer,customer180@example.com,2025-10-03,2025-10,Store,Completed,True,P005,Lamp 005,Lighting,65.00,1,65.00,0.20,0,,65.00,13.0000,52.0000,0.0000,52.0000,1,0,2966,1213,181,6
L002966,O01212,C0180,Customer 0180,West,Consumer,customer180@example.com,2025-10-03,2025-10,Store,Completed,True,P010,Chair 010,Furniture,211.00,1,211.00,0.10,0,,211.00,21.1000,189.9000,0.0000,189.9000,1,0,2967,1213,181,11
L002967,O01212,C0180,Customer 0180,West,Consumer,customer180@example.com,2025-10-03,2025-10,Store,Completed,True,P020,Desk 020,Furniture,189.00,4,189.00,0.20,0,,756.00,151.2000,604.8000,0.0000,604.8000,4,0,2968,1213,181,21
L002968,O01213,C0003,Customer 0003,North,Business,customer3@example.com,2025-01-15,2025-01,Online,Completed,True,P004,Desk 004,Furniture,123.00,3,123.00,0.10,0,,369.00,36.9000,332.1000,0.0000,332.1000,3,0,2969,1214,4,5
L002969,O01214,C0261,Customer 0261,West,Consumer,customer261@example.com,2025-01-28,2025-01,Online,Completed,True,P012,Desk 012,Furniture,134.00,4,134.00,0.05,0,,536.00,26.8000,509.2000,0.0000,509.2000,4,0,2970,1215,262,13
L002970,O01214,C0261,Customer 0261,West,Consumer,customer261@example.com,2025-01-28,2025-01,Online,Completed,True,P001,Lamp 001,Lighting,122.00,2,122.00,0.10,1,2025-01-31,244.00,24.4000,219.6000,109.8000,109.8000,2,1,2971,1215,262,2
L002971,O01214,C0261,Customer 0261,West,Consumer,customer261@example.com,2025-01-28,2025-01,Online,Completed,True,P019,Shelf 019,Storage,78.00,4,78.00,0.05,0,,312.00,15.6000,296.4000,0.0000,296.4000,4,0,2972,1215,262,20
L002972,O01215,C0192,Customer 0192,South,Business,customer192@example.com,2025-01-20,2025-01,Store,Cancelled,False,P022,Chair 022,Furniture,134.00,4,134.00,0.20,0,,536.00,107.2000,428.8000,0.0000,428.8000,4,0,2973,1216,193,23
L002973,O01215,C0192,Customer 0192,South,Business,customer192@example.com,2025-01-20,2025-01,Store,Cancelled,False,P012,Desk 012,Furniture,134.00,1,134.00,0.05,0,,134.00,6.7000,127.3000,0.0000,127.3000,1,0,2974,1216,193,13
L002974,O01215,C0192,Customer 0192,South,Business,customer192@example.com,2025-01-20,2025-01,Store,Cancelled,False,P005,Lamp 005,Lighting,65.00,1,65.00,0.05,0,,65.00,3.2500,61.7500,0.0000,61.7500,1,0,2975,1216,193,6
L002975,O01216,C0163,Customer 0163,South,Consumer,customer163@example.com,2025-05-22,2025-05,Store,Completed,True,P006,Chair 006,Furniture,196.00,5,196.00,0.05,0,,980.00,49.0000,931.0000,0.0000,931.0000,5,0,2976,1217,164,7
L002976,O01216,C0163,Customer 0163,South,Consumer,customer163@example.com,2025-05-22,2025-05,Store,Completed,True,P024,Desk 024,Furniture,81.00,2,81.00,0.10,0,,162.00,16.2000,145.8000,0.0000,145.8000,2,0,2977,1217,164,25
L002977,O01216,C0163,Customer 0163,South,Consumer,customer163@example.com,2025-05-22,2025-05,Store,Completed,True,P015,Shelf 015,Storage,254.00,1,254.00,0.2,0,,254.00,50.800,203.200,0.000,203.200,1,0,2978,1217,164,16
L002978,O01217,C0179,Customer 0179,East,Consumer,customer179@example.com,2025-03-18,2025-03,Online,Completed,True,P021,Lamp 021,Lighting,249.00,4,249.00,0.00,0,,996.00,0.0000,996.0000,0.0000,996.0000,4,0,2979,1218,180,22
L002979,O01217,C0179,Customer 0179,East,Consumer,customer179@example.com,2025-03-18,2025-03,Online,Completed,True,P019,Shelf 019,Storage,78.00,2,78.00,0.00,0,,156.00,0.0000,156.0000,0.0000,156.0000,2,0,2980,1218,180,20
L002980,O01217,C0179,Customer 0179,East,Consumer,customer179@example.com,2025-03-18,2025-03,Online,Completed,True,P022,Chair 022,Furniture,134.00,4,134.00,0.00,0,,536.00,0.0000,536.0000,0.0000,536.0000,4,0,2981,1218,180,23
L002981,O01217,C0179,Customer 0179,East,Consumer,customer179@example.com,2025-03-18,2025-03,Online,Completed,True,P023,Shelf 023,Storage,68.00,3,68.00,0.05,0,,204.00,10.2000,193.8000,0.0000,193.8000,3,0,2982,1218,180,24
L002982,O01218,C0006,Customer 0006,East,Consumer,customer6@example.com,2025-09-17,2025-09,Store,Completed,True,P013,Lamp 013,Lighting,271.00,4,271.00,0.00,0,,1084.00,0.0000,1084.0000,0.0000,1084.0000,4,0,2983,1219,7,14
L002983,O01218,C0006,Customer 0006,East,Consumer,customer6@example.com,2025-09-17,2025-09,Store,Completed,True,P024,Desk 024,Furniture,81.00,5,81.00,0.00,0,,405.00,0.0000,405.0000,0.0000,405.0000,5,0,2984,1219,7,25
L002984,O01218,C0006,Customer 0006,East,Consumer,customer6@example.com,2025-09-17,2025-09,Store,Completed,True,P018,Chair 018,Furniture,269.00,5,269.00,0.05,0,,1345.00,67.2500,1277.7500,0.0000,1277.7500,5,0,2985,1219,7,19
L002985,O01219,C0139,Customer 0139,North,Business,customer139@example.com,2025-03-09,2025-03,Store,Completed,True,P018,Chair 018,Furniture,269.00,1,269.00,0.00,0,,269.00,0.0000,269.0000,0.0000,269.0000,1,0,2986,1220,140,19
L002986,O01220,C0094,Customer 0094,West,Consumer,customer94@example.com,2025-01-07,2025-01,Store,Completed,True,P018,Chair 018,Furniture,269.00,4,269.00,0.20,0,,1076.00,215.2000,860.8000,0.0000,860.8000,4,0,2987,1221,95,19
L002987,O01220,C0094,Customer 0094,West,Consumer,customer94@example.com,2025-01-07,2025-01,Store,Completed,True,P023,Shelf 023,Storage,68.00,3,68.00,0.20,0,,204.00,40.8000,163.2000,0.0000,163.2000,3,0,2988,1221,95,24
L002988,O01220,C0094,Customer 0094,West,Consumer,customer94@example.com,2025-01-07,2025-01,Store,Completed,True,P019,Shelf 019,Storage,78.00,4,78.00,0.05,0,,312.00,15.6000,296.4000,0.0000,296.4000,4,0,2989,1221,95,20
L002989,O01220,C0094,Customer 0094,West,Consumer,customer94@example.com,2025-01-07,2025-01,Store,Completed,True,P002,Chair 002,Furniture,284.00,3,284.00,0.00,0,,852.00,0.0000,852.0000,0.0000,852.0000,3,0,2990,1221,95,3
L002990,O01221,C0178,Customer 0178,East,Consumer,customer178@example.com,2025-07-26,2025-07,Online,Completed,True,P008,Desk 008,Furniture,188.00,4,188.00,0.10,0,,752.00,75.2000,676.8000,0.0000,676.8000,4,0,2991,1222,179,9
L002991,O01221,C0178,Customer 0178,East,Consumer,customer178@example.com,2025-07-26,2025-07,Online,Completed,True,P016,Desk 016,Furniture,231.00,2,231.00,0.00,1,2025-08-17,462.00,0.0000,462.0000,231.0000,231.0000,2,1,2992,1222,179,17
L002992,O01222,C0084,Customer 0084,West,Business,customer84@example.com,2025-07-31,2025-07,Online,Completed,True,P011,Shelf 011,Storage,80.00,1,80.00,0.10,0,,80.00,8.0000,72.0000,0.0000,72.0000,1,0,2993,1223,85,12
L002993,O01222,C0084,Customer 0084,West,Business,customer84@example.com,2025-07-31,2025-07,Online,Completed,True,P015,Shelf 015,Storage,254.00,4,254.00,0.10,0,,1016.00,101.6000,914.4000,0.0000,914.4000,4,0,2994,1223,85,16
L002994,O01223,C0268,Customer 0268,North,Consumer,customer268@example.com,2025-12-14,2025-12,Online,Completed,True,P002,Chair 002,Furniture,284.00,4,284.00,0.05,0,,1136.00,56.8000,1079.2000,0.0000,1079.2000,4,0,2995,1224,269,3
L002995,O01223,C0268,Customer 0268,North,Consumer,customer268@example.com,2025-12-14,2025-12,Online,Completed,True,P006,Chair 006,Furniture,196.00,3,196.00,0.10,0,,588.00,58.8000,529.2000,0.0000,529.2000,3,0,2996,1224,269,7
L002996,O01224,C0076,Customer 0076,East,Consumer,customer76@example.com,2025-10-01,2025-10,Online,Completed,True,P014,Chair 014,Furniture,294.00,4,294.00,0.05,0,,1176.00,58.8000,1117.2000,0.0000,1117.2000,4,0,2997,1225,77,15
L002997,O01224,C0076,Customer 0076,East,Consumer,customer76@example.com,2025-10-01,2025-10,Online,Completed,True,P020,Desk 020,Furniture,189.00,5,189.00,0.10,0,,945.00,94.5000,850.5000,0.0000,850.5000,5,0,2998,1225,77,21
L002998,O01224,C0076,Customer 0076,East,Consumer,customer76@example.com,2025-10-01,2025-10,Online,Completed,True,P013,Lamp 013,Lighting,271.00,3,271.00,0.00,0,,813.00,0.0000,813.0000,0.0000,813.0000,3,0,2999,1225,77,14
L002999,O01224,C0076,Customer 0076,East,Consumer,customer76@example.com,2025-10-01,2025-10,Online,Completed,True,P009,Lamp 009,Lighting,93.00,1,93.00,0.10,0,,93.00,9.3000,83.7000,0.0000,83.7000,1,0,3000,1225,77,10
L003000,O01225,C0214,Customer 0214,West,Business,customer214@example.com,2025-10-13,2025-10,Online,Completed,True,P014,Chair 014,Furniture,294.00,2,294.00,0.00,0,,588.00,0.0000,588.0000,0.0000,588.0000,2,0,3001,1226,215,15
L003001,O01225,C0214,Customer 0214,West,Business,customer214@example.com,2025-10-13,2025-10,Online,Completed,True,P003,Shelf 003,Storage,199.00,3,199.00,0.10,0,,597.00,59.7000,537.3000,0.0000,537.3000,3,0,3002,1226,215,4
L003002,O01225,C0214,Customer 0214,West,Business,customer214@example.com,2025-10-13,2025-10,Online,Completed,True,P002,Chair 002,Furniture,284.00,1,284.00,0.00,1,2025-10-19,284.00,0.0000,284.0000,284.0000,0.0000,1,1,3003,1226,215,3
L003003,O01226,C0295,Customer 0295,West,Business,customer295@example.com,2025-02-09,2025-02,Store,Completed,True,P003,Shelf 003,Storage,199.00,1,199.00,0.00,0,,199.00,0.0000,199.0000,0.0000,199.0000,1,0,3004,1227,296,4
L003004,O01226,C0295,Customer 0295,West,Business,customer295@example.com,2025-02-09,2025-02,Store,Completed,True,P014,Chair 014,Furniture,294.00,2,294.00,0.20,0,,588.00,117.6000,470.4000,0.0000,470.4000,2,0,3005,1227,296,15
L003005,O01226,C0295,Customer 0295,West,Business,customer295@example.com,2025-02-09,2025-02,Store,Completed,True,P018,Chair 018,Furniture,269.00,1,269.00,0.10,0,,269.00,26.9000,242.1000,0.0000,242.1000,1,0,3006,1227,296,19
L003006,O01226,C0295,Customer 0295,West,Business,customer295@example.com,2025-02-09,2025-02,Store,Completed,True,P022,Chair 022,Furniture,134.00,5,134.00,0.00,0,,670.00,0.0000,670.0000,0.0000,670.0000,5,0,3007,1227,296,23
L003007,O01227,C0206,Customer 0206,West,Business,customer206@example.com,2025-10-28,2025-10,Store,Completed,True,P023,Shelf 023,Storage,68.00,4,68.00,0.00,0,,272.00,0.0000,272.0000,0.0000,272.0000,4,0,3008,1228,207,24
L003008,O01227,C0206,Customer 0206,West,Business,customer206@example.com,2025-10-28,2025-10,Store,Completed,True,P018,Chair 018,Furniture,269.00,1,269.00,0.05,0,,269.00,13.4500,255.5500,0.0000,255.5500,1,0,3009,1228,207,19
L003009,O01227,C0206,Customer 0206,West,Business,customer206@example.com,2025-10-28,2025-10,Store,Completed,True,P005,Lamp 005,Lighting,65.00,2,65.00,0.05,0,,130.00,6.5000,123.5000,0.0000,123.5000,2,0,3010,1228,207,6
L003010,O01227,C0206,Customer 0206,West,Business,customer206@example.com,2025-10-28,2025-10,Store,Completed,True,P001,Lamp 001,Lighting,122.00,2,122.00,0.00,0,,244.00,0.0000,244.0000,0.0000,244.0000,2,0,3011,1228,207,2
L003011,O01228,C0105,Customer 0105,South,Business,customer105@example.com,2025-02-11,2025-02,Store,Completed,True,P006,Chair 006,Furniture,196.00,4,196.00,0.10,0,,784.00,78.4000,705.6000,0.0000,705.6000,4,0,3012,1229,106,7
L003012,O01228,C0105,Customer 0105,South,Business,customer105@example.com,2025-02-11,2025-02,Store,Completed,True,P020,Desk 020,Furniture,189.00,2,189.00,0.10,0,,378.00,37.8000,340.2000,0.0000,340.2000,2,0,3013,1229,106,21
L003013,O01228,C0105,Customer 0105,South,Business,customer105@example.com,2025-02-11,2025-02,Store,Completed,True,P022,Chair 022,Furniture,134.00,4,134.00,0.20,0,,536.00,107.2000,428.8000,0.0000,428.8000,4,0,3014,1229,106,23
L003014,O01229,C0004,Customer 0004,North,Consumer,customer4@example.com,2025-06-04,2025-06,Online,Completed,True,P017,Lamp 017,Lighting,300.00,2,300.00,0.00,0,,600.00,0.0000,600.0000,0.0000,600.0000,2,0,3015,1230,5,18
L003015,O01229,C0004,Customer 0004,North,Consumer,customer4@example.com,2025-06-04,2025-06,Online,Completed,True,P002,Chair 002,Furniture,284.00,4,284.00,0.05,0,,1136.00,56.8000,1079.2000,0.0000,1079.2000,4,0,3016,1230,5,3
L003016,O01229,C0004,Customer 0004,North,Consumer,customer4@example.com,2025-06-04,2025-06,Online,Completed,True,P022,Chair 022,Furniture,134.00,2,134.00,0.05,0,,268.00,13.4000,254.6000,0.0000,254.6000,2,0,3017,1230,5,23
L003017,O01229,C0004,Customer 0004,North,Consumer,customer4@example.com,2025-06-04,2025-06,Online,Completed,True,P015,Shelf 015,Storage,254.00,4,254.00,0.10,0,,1016.00,101.6000,914.4000,0.0000,914.4000,4,0,3018,1230,5,16
L003018,O01230,C0256,Customer 0256,North,Consumer,,2025-08-21,2025-08,Online,Completed,True,P004,Desk 004,Furniture,123.00,5,123.00,0.05,0,,615.00,30.7500,584.2500,0.0000,584.2500,5,0,3019,1231,257,5
L003019,O01230,C0256,Customer 0256,North,Consumer,,2025-08-21,2025-08,Online,Completed,True,P017,Lamp 017,Lighting,300.00,2,300.00,0.10,0,,600.00,60.0000,540.0000,0.0000,540.0000,2,0,3020,1231,257,18
L003020,O01231,C0112,Customer 0112,South,Business,customer112@example.com,2025-02-13,2025-02,Online,Completed,True,P003,Shelf 003,Storage,199.00,4,199.00,0.10,0,,796.00,79.6000,716.4000,0.0000,716.4000,4,0,3021,1232,113,4
L003021,O01231,C0112,Customer 0112,South,Business,customer112@example.com,2025-02-13,2025-02,Online,Completed,True,P015,Shelf 015,Storage,254.00,5,254.00,0.00,0,,1270.00,0.0000,1270.0000,0.0000,1270.0000,5,0,3022,1232,113,16
L003022,O01231,C0112,Customer 0112,South,Business,customer112@example.com,2025-02-13,2025-02,Online,Completed,True,P004,Desk 004,Furniture,123.00,4,123.00,0.10,0,,492.00,49.2000,442.8000,0.0000,442.8000,4,0,3023,1232,113,5
L003023,O01231,C0112,Customer 0112,South,Business,customer112@example.com,2025-02-13,2025-02,Online,Completed,True,P008,Desk 008,Furniture,188.00,3,188.00,0.20,0,,564.00,112.8000,451.2000,0.0000,451.2000,3,0,3024,1232,113,9
L003024,O01232,C0271,Customer 0271,West,Consumer,customer271@example.com,2025-12-13,2025-12,Store,Completed,True,P013,Lamp 013,Lighting,271.00,1,271.00,0.05,0,,271.00,13.5500,257.4500,0.0000,257.4500,1,0,3025,1233,272,14
L003025,O01233,C0263,Customer 0263,East,Business,customer263@example.com,2025-08-16,2025-08,Online,Completed,True,P015,Shelf 015,Storage,254.00,2,254.00,0.20,0,,508.00,101.6000,406.4000,0.0000,406.4000,2,0,3026,1234,264,16
L003026,O01233,C0263,Customer 0263,East,Business,customer263@example.com,2025-08-16,2025-08,Online,Completed,True,P014,Chair 014,Furniture,294.00,1,294.00,0.20,0,,294.00,58.8000,235.2000,0.0000,235.2000,1,0,3027,1234,264,15
L003027,O01233,C0263,Customer 0263,East,Business,customer263@example.com,2025-08-16,2025-08,Online,Completed,True,P016,Desk 016,Furniture,231.00,4,231.00,0.00,0,,924.00,0.0000,924.0000,0.0000,924.0000,4,0,3028,1234,264,17
L003028,O01234,C0152,Customer 0152,West,Business,customer152@example.com,2025-08-10,2025-08,Online,Completed,True,P015,Shelf 015,Storage,254.00,2,254.00,0.05,1,2025-08-12,508.00,25.4000,482.6000,482.6000,0.0000,2,2,3029,1235,153,16
L003029,O01234,C0152,Customer 0152,West,Business,customer152@example.com,2025-08-10,2025-08,Online,Completed,True,P014,Chair 014,Furniture,294.00,3,294.00,0.00,1,2025-08-26,882.00,0.0000,882.0000,294.0000,588.0000,3,1,3030,1235,153,15
L003030,O01234,C0152,Customer 0152,West,Business,customer152@example.com,2025-08-10,2025-08,Online,Completed,True,P018,Chair 018,Furniture,269.00,2,269.00,0.20,1,2025-08-27,538.00,107.6000,430.4000,430.4000,0.0000,2,2,3031,1235,153,19
L003031,O01234,C0152,Customer 0152,West,Business,customer152@example.com,2025-08-10,2025-08,Online,Completed,True,P001,Lamp 001,Lighting,122.00,1,122.00,0.05,0,,122.00,6.1000,115.9000,0.0000,115.9000,1,0,3032,1235,153,2
L003032,O01235,C0256,Customer 0256,North,Consumer,,2025-01-24,2025-01,Store,Completed,True,P020,Desk 020,Furniture,189.00,5,189.00,0.20,0,,945.00,189.0000,756.0000,0.0000,756.0000,5,0,3033,1236,257,21
L003033,O01235,C0256,Customer 0256,North,Consumer,,2025-01-24,2025-01,Store,Completed,True,P015,Shelf 015,Storage,254.00,4,254.00,0.10,0,,1016.00,101.6000,914.4000,0.0000,914.4000,4,0,3034,1236,257,16
L003034,O01236,C0276,Customer 0276,South,Business,customer276@example.com,2025-02-02,2025-02,Online,Completed,True,P004,Desk 004,Furniture,123.00,2,123.00,0.05,0,,246.00,12.3000,233.7000,0.0000,233.7000,2,0,3035,1237,277,5
L003035,O01236,C0276,Customer 0276,South,Business,customer276@example.com,2025-02-02,2025-02,Online,Completed,True,P021,Lamp 021,Lighting,249.00,2,249.00,0.05,0,,498.00,24.9000,473.1000,0.0000,473.1000,2,0,3036,1237,277,22
L003036,O01236,C0276,Customer 0276,South,Business,customer276@example.com,2025-02-02,2025-02,Online,Completed,True,P012,Desk 012,Furniture,134.00,1,134.00,0.20,0,,134.00,26.8000,107.2000,0.0000,107.2000,1,0,3037,1237,277,13
L003037,O01236,C0276,Customer 0276,South,Business,customer276@example.com,2025-02-02,2025-02,Online,Completed,True,P016,Desk 016,Furniture,231.00,2,231.00,0.05,0,,462.00,23.1000,438.9000,0.0000,438.9000,2,0,3038,1237,277,17
L003038,O01237,C0147,Customer 0147,East,Business,customer147@example.com,2025-07-24,2025-07,Store,Cancelled,False,P007,Shelf 007,Storage,35.00,2,35.00,0.00,0,,70.00,0.0000,70.0000,0.0000,70.0000,2,0,3039,1238,148,8
L003039,O01237,C0147,Customer 0147,East,Business,customer147@example.com,2025-07-24,2025-07,Store,Cancelled,False,P008,Desk 008,Furniture,188.00,3,188.00,0,0,,564.00,0.00,564.00,0.00,564.00,3,0,3040,1238,148,9
L003040,O01238,C0129,Customer 0129,North,Business,customer129@example.com,2025-05-20,2025-05,Online,Completed,True,P023,Shelf 023,Storage,68.00,5,68.00,0.20,0,,340.00,68.0000,272.0000,0.0000,272.0000,5,0,3041,1239,130,24
L003041,O01238,C0129,Customer 0129,North,Business,customer129@example.com,2025-05-20,2025-05,Online,Completed,True,P017,Lamp 017,Lighting,300.00,3,300.00,0.00,0,,900.00,0.0000,900.0000,0.0000,900.0000,3,0,3042,1239,130,18
L003042,O01239,C0263,Customer 0263,East,Business,customer263@example.com,2025-05-16,2025-05,Online,Completed,True,P006,Chair 006,Furniture,196.00,4,196.00,0.10,0,,784.00,78.4000,705.6000,0.0000,705.6000,4,0,3043,1240,264,7
L003043,O01239,C0263,Customer 0263,East,Business,customer263@example.com,2025-05-16,2025-05,Online,Completed,True,P023,Shelf 023,Storage,68.00,1,68.00,0.05,0,,68.00,3.4000,64.6000,0.0000,64.6000,1,0,3044,1240,264,24
L003044,O01239,C0263,Customer 0263,East,Business,customer263@example.com,2025-05-16,2025-05,Online,Completed,True,P002,Chair 002,Furniture,284.00,1,284.00,0.10,0,,284.00,28.4000,255.6000,0.0000,255.6000,1,0,3045,1240,264,3
L003045,O01239,C0263,Customer 0263,East,Business,customer263@example.com,2025-05-16,2025-05,Online,Completed,True,P018,Chair 018,Furniture,269.00,4,269.00,0.05,0,,1076.00,53.8000,1022.2000,0.0000,1022.2000,4,0,3046,1240,264,19
L003046,O01240,C0063,Customer 0063,West,Consumer,customer63@example.com,2025-12-09,2025-12,Store,Completed,True,P008,Desk 008,Furniture,188.00,5,188.00,0.10,0,,940.00,94.0000,846.0000,0.0000,846.0000,5,0,3047,1241,64,9
L003047,O01240,C0063,Customer 0063,West,Consumer,customer63@example.com,2025-12-09,2025-12,Store,Completed,True,P024,Desk 024,Furniture,81.00,4,81.00,0.20,0,,324.00,64.8000,259.2000,0.0000,259.2000,4,0,3048,1241,64,25
L003048,O01240,C0063,Customer 0063,West,Consumer,customer63@example.com,2025-12-09,2025-12,Store,Completed,True,P001,Lamp 001,Lighting,122.00,4,122.00,0.10,0,,488.00,48.8000,439.2000,0.0000,439.2000,4,0,3049,1241,64,2
L003049,O01241,C0017,Customer 0017,South,Consumer,customer17@example.com,2025-04-04,2025-04,Store,Completed,True,P004,Desk 004,Furniture,123.00,5,123.00,0.00,0,,615.00,0.0000,615.0000,0.0000,615.0000,5,0,3050,1242,18,5
L003050,O01242,C0224,Customer 0224,West,Consumer,customer224@example.com,2025-10-23,2025-10,Online,Completed,True,P022,Chair 022,Furniture,134.00,2,134.00,0.20,0,,268.00,53.6000,214.4000,0.0000,214.4000,2,0,3051,1243,225,23
L003051,O01242,C0224,Customer 0224,West,Consumer,customer224@example.com,2025-10-23,2025-10,Online,Completed,True,P016,Desk 016,Furniture,231.00,2,231.00,0.10,0,,462.00,46.2000,415.8000,0.0000,415.8000,2,0,3052,1243,225,17
L003052,O01242,C0224,Customer 0224,West,Consumer,customer224@example.com,2025-10-23,2025-10,Online,Completed,True,P017,Lamp 017,Lighting,300.00,4,300.00,0.10,0,,1200.00,120.0000,1080.0000,0.0000,1080.0000,4,0,3053,1243,225,18
L003053,O01243,C0079,Customer 0079,West,Business,customer79@example.com,2025-07-09,2025-07,Online,Completed,True,P021,Lamp 021,Lighting,249.00,3,249.00,0.05,0,,747.00,37.3500,709.6500,0.0000,709.6500,3,0,3054,1244,80,22
L003054,O01243,C0079,Customer 0079,West,Business,customer79@example.com,2025-07-09,2025-07,Online,Completed,True,P014,Chair 014,Furniture,294.00,1,294.00,0.05,0,,294.00,14.7000,279.3000,0.0000,279.3000,1,0,3055,1244,80,15
L003055,O01243,C0079,Customer 0079,West,Business,customer79@example.com,2025-07-09,2025-07,Online,Completed,True,P008,Desk 008,Furniture,188.00,2,188.00,0.05,0,,376.00,18.8000,357.2000,0.0000,357.2000,2,0,3056,1244,80,9
L003056,O01243,C0079,Customer 0079,West,Business,customer79@example.com,2025-07-09,2025-07,Online,Completed,True,P016,Desk 016,Furniture,231.00,2,231.00,0.10,0,,462.00,46.2000,415.8000,0.0000,415.8000,2,0,3057,1244,80,17
L003057,O01244,C0245,Customer 0245,North,Consumer,customer245@example.com,2025-11-05,2025-11,Online,Completed,True,P015,Shelf 015,Storage,254.00,3,254.00,0.00,1,2025-11-17,762.00,0.0000,762.0000,762.0000,0.0000,3,3,3058,1245,246,16
L003058,O01244,C0245,Customer 0245,North,Consumer,customer245@example.com,2025-11-05,2025-11,Online,Completed,True,P019,Shelf 019,Storage,78.00,4,78.00,0.10,0,,312.00,31.2000,280.8000,0.0000,280.8000,4,0,3059,1245,246,20
L003059,O01245,C0008,Customer 0008,North,Consumer,customer8@example.com,2025-11-23,2025-11,Store,Completed,True,P013,Lamp 013,Lighting,271.00,3,271.00,0.05,0,,813.00,40.6500,772.3500,0.0000,772.3500,3,0,3060,1246,9,14
L003060,O01245,C0008,Customer 0008,North,Consumer,customer8@example.com,2025-11-23,2025-11,Store,Completed,True,P023,Shelf 023,Storage,68.00,5,68.00,0.05,0,,340.00,17.0000,323.0000,0.0000,323.0000,5,0,3061,1246,9,24
L003061,O01245,C0008,Customer 0008,North,Consumer,customer8@example.com,2025-11-23,2025-11,Store,Completed,True,P003,Shelf 003,Storage,199.00,3,199.00,0.00,0,,597.00,0.0000,597.0000,0.0000,597.0000,3,0,3062,1246,9,4
L003062,O01246,C0251,Customer 0251,North,Consumer,customer251@example.com,2025-12-30,2025-12,Online,Completed,True,P009,Lamp 009,Lighting,93.00,1,93.00,0.10,0,,93.00,9.3000,83.7000,0.0000,83.7000,1,0,3063,1247,252,10
L003063,O01247,C0198,Customer 0198,West,Consumer,customer198@example.com,2025-08-21,2025-08,Store,Completed,True,P016,Desk 016,Furniture,231.00,1,231.00,0.10,0,,231.00,23.1000,207.9000,0.0000,207.9000,1,0,3064,1248,199,17
L003064,O01248,C0278,Customer 0278,North,Consumer,customer278@example.com,2025-04-07,2025-04,Online,Completed,True,P014,Chair 014,Furniture,294.00,5,294.00,0.10,0,,1470.00,147.0000,1323.0000,0.0000,1323.0000,5,0,3065,1249,279,15
L003065,O01248,C0278,Customer 0278,North,Consumer,customer278@example.com,2025-04-07,2025-04,Online,Completed,True,P018,Chair 018,Furniture,269.00,2,269.00,0.00,0,,538.00,0.0000,538.0000,0.0000,538.0000,2,0,3066,1249,279,19
L003066,O01248,C0278,Customer 0278,North,Consumer,customer278@example.com,2025-04-07,2025-04,Online,Completed,True,P007,Shelf 007,Storage,35.00,1,35.00,0.00,0,,35.00,0.0000,35.0000,0.0000,35.0000,1,0,3067,1249,279,8
L003067,O01249,C0226,Customer 0226,South,Business,customer226@example.com,2025-07-20,2025-07,Store,Completed,True,P011,Shelf 011,Storage,80.00,4,80.00,0.05,0,,320.00,16.0000,304.0000,0.0000,304.0000,4,0,3068,1250,227,12
L003068,O01249,C0226,Customer 0226,South,Business,customer226@example.com,2025-07-20,2025-07,Store,Completed,True,P008,Desk 008,Furniture,188.00,3,188.00,0.05,0,,564.00,28.2000,535.8000,0.0000,535.8000,3,0,3069,1250,227,9
L003069,O01249,C0226,Customer 0226,South,Business,customer226@example.com,2025-07-20,2025-07,Store,Completed,True,P003,Shelf 003,Storage,199.00,2,199.00,0.05,1,2025-08-03,398.00,19.9000,378.1000,189.0500,189.0500,2,1,3070,1250,227,4
L003070,O01250,C0172,Customer 0172,North,Consumer,customer172@example.com,2025-03-19,2025-03,Store,Completed,True,P012,Desk 012,Furniture,134.00,4,134.00,0.2,0,,536.00,107.200,428.800,0.000,428.800,4,0,3071,1251,173,13
L003071,O01250,C0172,Customer 0172,North,Consumer,customer172@example.com,2025-03-19,2025-03,Store,Completed,True,P020,Desk 020,Furniture,189.00,4,189.00,0.10,0,,756.00,75.6000,680.4000,0.0000,680.4000,4,0,3072,1251,173,21
L003072,O01250,C0172,Customer 0172,North,Consumer,customer172@example.com,2025-03-19,2025-03,Store,Completed,True,P010,Chair 010,Furniture,211.00,3,211.00,0.00,0,,633.00,0.0000,633.0000,0.0000,633.0000,3,0,3073,1251,173,11
L003073,O01251,C0076,Customer 0076,East,Consumer,customer76@example.com,2025-08-10,2025-08,Store,Completed,True,P014,Chair 014,Furniture,294.00,1,294.00,0.05,0,,294.00,14.7000,279.3000,0.0000,279.3000,1,0,3074,1252,77,15
L003074,O01252,C0119,Customer 0119,North,Business,customer119@example.com,2025-11-08,2025-11,Online,Completed,True,P005,Lamp 005,Lighting,65.00,1,65.00,0.05,0,,65.00,3.2500,61.7500,0.0000,61.7500,1,0,3075,1253,120,6
L003075,O01252,C0119,Customer 0119,North,Business,customer119@example.com,2025-11-08,2025-11,Online,Completed,True,P019,Shelf 019,Storage,78.00,1,78.00,0.05,0,,78.00,3.9000,74.1000,0.0000,74.1000,1,0,3076,1253,120,20
L003076,O01253,C0009,Customer 0009,South,Business,customer9@example.com,2025-07-18,2025-07,Store,Completed,True,P013,Lamp 013,Lighting,271.00,2,271.00,0.00,0,,542.00,0.0000,542.0000,0.0000,542.0000,2,0,3077,1254,10,14
L003077,O01254,C0048,Customer 0048,East,Consumer,customer48@example.com,2025-05-06,2025-05,Online,Completed,True,P010,Chair 010,Furniture,211.00,1,211.00,0.20,0,,211.00,42.2000,168.8000,0.0000,168.8000,1,0,3078,1255,49,11
L003078,O01254,C0048,Customer 0048,East,Consumer,customer48@example.com,2025-05-06,2025-05,Online,Completed,True,P019,Shelf 019,Storage,78.00,2,78.00,0.20,0,,156.00,31.2000,124.8000,0.0000,124.8000,2,0,3079,1255,49,20
L003079,O01254,C0048,Customer 0048,East,Consumer,customer48@example.com,2025-05-06,2025-05,Online,Completed,True,P001,Lamp 001,Lighting,122.00,5,122.00,0.05,0,,610.00,30.5000,579.5000,0.0000,579.5000,5,0,3080,1255,49,2
L003080,O01254,C0048,Customer 0048,East,Consumer,customer48@example.com,2025-05-06,2025-05,Online,Completed,True,P021,Lamp 021,Lighting,249.00,1,249.00,0.00,0,,249.00,0.0000,249.0000,0.0000,249.0000,1,0,3081,1255,49,22
L003081,O01255,C0254,Customer 0254,East,Business,customer254@example.com,2025-07-27,2025-07,Store,Completed,True,P001,Lamp 001,Lighting,122.00,1,122.00,0.10,1,2025-08-22,122.00,12.2000,109.8000,109.8000,0.0000,1,1,3082,1256,255,2
L003082,O01255,C0254,Customer 0254,East,Business,customer254@example.com,2025-07-27,2025-07,Store,Completed,True,P011,Shelf 011,Storage,80.00,5,80.00,0.05,0,,400.00,20.0000,380.0000,0.0000,380.0000,5,0,3083,1256,255,12
L003083,O01255,C0254,Customer 0254,East,Business,customer254@example.com,2025-07-27,2025-07,Store,Completed,True,P012,Desk 012,Furniture,134.00,4,134.00,0.05,0,,536.00,26.8000,509.2000,0.0000,509.2000,4,0,3084,1256,255,13
L003084,O01256,C0082,Customer 0082,North,Business,customer82@example.com,2025-09-01,2025-09,Online,Completed,True,P016,Desk 016,Furniture,231.00,4,231.00,0.05,0,,924.00,46.2000,877.8000,0.0000,877.8000,4,0,3085,1257,83,17
L003085,O01256,C0082,Customer 0082,North,Business,customer82@example.com,2025-09-01,2025-09,Online,Completed,True,P017,Lamp 017,Lighting,300.00,2,300.00,0.10,0,,600.00,60.0000,540.0000,0.0000,540.0000,2,0,3086,1257,83,18
L003086,O01256,C0082,Customer 0082,North,Business,customer82@example.com,2025-09-01,2025-09,Online,Completed,True,P005,Lamp 005,Lighting,65.00,2,65.00,0.20,0,,130.00,26.0000,104.0000,0.0000,104.0000,2,0,3087,1257,83,6
L003087,O01256,C0082,Customer 0082,North,Business,customer82@example.com,2025-09-01,2025-09,Online,Completed,True,P018,Chair 018,Furniture,269.00,5,269.00,0.10,0,,1345.00,134.5000,1210.5000,0.0000,1210.5000,5,0,3088,1257,83,19
L003088,O01257,C0110,Customer 0110,West,Consumer,customer110@example.com,2025-12-20,2025-12,Online,Completed,True,P023,Shelf 023,Storage,68.00,3,68.00,0.00,0,,204.00,0.0000,204.0000,0.0000,204.0000,3,0,3089,1258,111,24
L003089,O01257,C0110,Customer 0110,West,Consumer,customer110@example.com,2025-12-20,2025-12,Online,Completed,True,P006,Chair 006,Furniture,196.00,4,196.00,0.20,0,,784.00,156.8000,627.2000,0.0000,627.2000,4,0,3090,1258,111,7
L003090,O01257,C0110,Customer 0110,West,Consumer,customer110@example.com,2025-12-20,2025-12,Online,Completed,True,P008,Desk 008,Furniture,188.00,1,188.00,0.20,0,,188.00,37.6000,150.4000,0.0000,150.4000,1,0,3091,1258,111,9
L003091,O01257,C0110,Customer 0110,West,Consumer,customer110@example.com,2025-12-20,2025-12,Online,Completed,True,P013,Lamp 013,Lighting,271.00,5,271.00,0.05,0,,1355.00,67.7500,1287.2500,0.0000,1287.2500,5,0,3092,1258,111,14
L003092,O01258,C0088,Customer 0088,West,Business,customer88@example.com,2025-06-06,2025-06,Online,Completed,True,P009,Lamp 009,Lighting,93.00,3,93.00,0.00,0,,279.00,0.0000,279.0000,0.0000,279.0000,3,0,3093,1259,89,10
L003093,O01258,C0088,Customer 0088,West,Business,customer88@example.com,2025-06-06,2025-06,Online,Completed,True,P011,Shelf 011,Storage,80.00,3,80.00,0.05,0,,240.00,12.0000,228.0000,0.0000,228.0000,3,0,3094,1259,89,12
L003094,O01258,C0088,Customer 0088,West,Business,customer88@example.com,2025-06-06,2025-06,Online,Completed,True,P010,Chair 010,Furniture,211.00,4,211.00,0.05,0,,844.00,42.2000,801.8000,0.0000,801.8000,4,0,3095,1259,89,11
L003095,O01259,C0110,Customer 0110,West,Consumer,customer110@example.com,2025-12-10,2025-12,Online,Completed,True,P013,Lamp 013,Lighting,271.00,1,271.00,0.10,0,,271.00,27.1000,243.9000,0.0000,243.9000,1,0,3096,1260,111,14
L003096,O01259,C0110,Customer 0110,West,Consumer,customer110@example.com,2025-12-10,2025-12,Online,Completed,True,P021,Lamp 021,Lighting,249.00,1,249.00,0.20,0,,249.00,49.8000,199.2000,0.0000,199.2000,1,0,3097,1260,111,22
L003097,O01259,C0110,Customer 0110,West,Consumer,customer110@example.com,2025-12-10,2025-12,Online,Completed,True,P021,Lamp 021,Lighting,249.00,1,249.00,0.05,0,,249.00,12.4500,236.5500,0.0000,236.5500,1,0,3098,1260,111,22
L003098,O01260,C0091,Customer 0091,North,Business,customer91@example.com,2025-01-31,2025-01,Online,Completed,True,P013,Lamp 013,Lighting,271.00,4,271.00,0.10,0,,1084.00,108.4000,975.6000,0.0000,975.6000,4,0,3099,1261,92,14
L003099,O01261,C0138,Customer 0138,South,Business,customer138@example.com,2025-10-08,2025-10,Online,Completed,True,P018,Chair 018,Furniture,269.00,1,269.00,0.00,0,,269.00,0.0000,269.0000,0.0000,269.0000,1,0,3100,1262,139,19
L003100,O01261,C0138,Customer 0138,South,Business,customer138@example.com,2025-10-08,2025-10,Online,Completed,True,P009,Lamp 009,Lighting,93.00,4,93.00,0.00,0,,372.00,0.0000,372.0000,0.0000,372.0000,4,0,3101,1262,139,10
L003101,O01262,C0030,Customer 0030,South,Business,customer30@example.com,2025-03-28,2025-03,Store,Completed,True,P013,Lamp 013,Lighting,271.00,3,271.00,0.2,0,,813.00,162.600,650.400,0.000,650.400,3,0,3102,1263,31,14
L003102,O01262,C0030,Customer 0030,South,Business,customer30@example.com,2025-03-28,2025-03,Store,Completed,True,P023,Shelf 023,Storage,68.00,3,68.00,0.05,0,,204.00,10.2000,193.8000,0.0000,193.8000,3,0,3103,1263,31,24
L003103,O01263,C0199,Customer 0199,North,Consumer,customer199@example.com,2025-03-21,2025-03,Store,Completed,True,P014,Chair 014,Furniture,294.00,5,294.00,0.05,1,2025-04-12,1470.00,73.5000,1396.5000,837.9000,558.6000,5,3,3104,1264,200,15
L003104,O01263,C0199,Customer 0199,North,Consumer,customer199@example.com,2025-03-21,2025-03,Store,Completed,True,P012,Desk 012,Furniture,134.00,2,134.00,0.00,1,2025-04-06,268.00,0.0000,268.0000,268.0000,0.0000,2,2,3105,1264,200,13
L003105,O01263,C0199,Customer 0199,North,Consumer,customer199@example.com,2025-03-21,2025-03,Store,Completed,True,P016,Desk 016,Furniture,231.00,1,231.00,0.05,0,,231.00,11.5500,219.4500,0.0000,219.4500,1,0,3106,1264,200,17
L003106,O01263,C0199,Customer 0199,North,Consumer,customer199@example.com,2025-03-21,2025-03,Store,Completed,True,P013,Lamp 013,Lighting,271.00,3,271.00,0.20,1,2025-04-01,813.00,162.6000,650.4000,433.6000,216.8000,3,2,3107,1264,200,14
L003107,O01264,C0269,Customer 0269,East,Business,customer269@example.com,2025-02-01,2025-02,Store,Completed,True,P002,Chair 002,Furniture,284.00,3,284.00,0.05,0,,852.00,42.6000,809.4000,0.0000,809.4000,3,0,3108,1265,270,3
L003108,O01264,C0269,Customer 0269,East,Business,customer269@example.com,2025-02-01,2025-02,Store,Completed,True,P017,Lamp 017,Lighting,300.00,1,300.00,0.20,0,,300.00,60.0000,240.0000,0.0000,240.0000,1,0,3109,1265,270,18
L003109,O01264,C0269,Customer 0269,East,Business,customer269@example.com,2025-02-01,2025-02,Store,Completed,True,P010,Chair 010,Furniture,211.00,1,211.00,0.10,0,,211.00,21.1000,189.9000,0.0000,189.9000,1,0,3110,1265,270,11
L003110,O01265,C0210,Customer 0210,North,Consumer,customer210@example.com,2025-12-06,2025-12,Store,Completed,True,P005,Lamp 005,Lighting,65.00,1,65.00,0.00,0,,65.00,0.0000,65.0000,0.0000,65.0000,1,0,3111,1266,211,6
L003111,O01265,C0210,Customer 0210,North,Consumer,customer210@example.com,2025-12-06,2025-12,Store,Completed,True,P005,Lamp 005,Lighting,65.00,5,65.00,0.05,0,,325.00,16.2500,308.7500,0.0000,308.7500,5,0,3112,1266,211,6
L003112,O01266,C0087,Customer 0087,North,Business,customer87@example.com,2025-04-17,2025-04,Store,Completed,True,P012,Desk 012,Furniture,134.00,5,134.00,0.20,0,,670.00,134.0000,536.0000,0.0000,536.0000,5,0,3113,1267,88,13
L003113,O01266,C0087,Customer 0087,North,Business,customer87@example.com,2025-04-17,2025-04,Store,Completed,True,P017,Lamp 017,Lighting,300.00,2,300.00,0.10,0,,600.00,60.0000,540.0000,0.0000,540.0000,2,0,3114,1267,88,18
L003114,O01267,C0222,Customer 0222,East,Consumer,,2025-03-15,2025-03,Store,Completed,True,P012,Desk 012,Furniture,134.00,1,134.00,0.10,0,,134.00,13.4000,120.6000,0.0000,120.6000,1,0,3115,1268,223,13
L003115,O01267,C0222,Customer 0222,East,Consumer,,2025-03-15,2025-03,Store,Completed,True,P022,Chair 022,Furniture,134.00,4,134.00,0.05,0,,536.00,26.8000,509.2000,0.0000,509.2000,4,0,3116,1268,223,23
L003116,O01267,C0222,Customer 0222,East,Consumer,,2025-03-15,2025-03,Store,Completed,True,P020,Desk 020,Furniture,189.00,1,189.00,0.20,0,,189.00,37.8000,151.2000,0.0000,151.2000,1,0,3117,1268,223,21
L003117,O01268,C0192,Customer 0192,South,Business,customer192@example.com,2025-12-13,2025-12,Online,Completed,True,P012,Desk 012,Furniture,134.00,1,134.00,0.00,0,,134.00,0.0000,134.0000,0.0000,134.0000,1,0,3118,1269,193,13
L003118,O01268,C0192,Customer 0192,South,Business,customer192@example.com,2025-12-13,2025-12,Online,Completed,True,P024,Desk 024,Furniture,81.00,1,81.00,0.05,0,,81.00,4.0500,76.9500,0.0000,76.9500,1,0,3119,1269,193,25
L003119,O01268,C0192,Customer 0192,South,Business,customer192@example.com,2025-12-13,2025-12,Online,Completed,True,P016,Desk 016,Furniture,231.00,5,231.00,0.00,0,,1155.00,0.0000,1155.0000,0.0000,1155.0000,5,0,3120,1269,193,17
L003120,O01269,C0225,Customer 0225,North,Consumer,customer225@example.com,2025-06-09,2025-06,Online,Completed,True,P020,Desk 020,Furniture,189.00,2,189.00,0.10,0,,378.00,37.8000,340.2000,0.0000,340.2000,2,0,3121,1270,226,21
L003121,O01269,C0225,Customer 0225,North,Consumer,customer225@example.com,2025-06-09,2025-06,Online,Completed,True,P022,Chair 022,Furniture,134.00,1,134.00,0.20,0,,134.00,26.8000,107.2000,0.0000,107.2000,1,0,3122,1270,226,23
L003122,O01270,C0238,Customer 0238,East,Consumer,customer238@example.com,2025-09-10,2025-09,Online,Cancelled,False,P023,Shelf 023,Storage,68.00,3,68.00,0.20,0,,204.00,40.8000,163.2000,0.0000,163.2000,3,0,3123,1271,239,24
L003123,O01270,C0238,Customer 0238,East,Consumer,customer238@example.com,2025-09-10,2025-09,Online,Cancelled,False,P011,Shelf 011,Storage,80.00,3,80.00,0.10,0,,240.00,24.0000,216.0000,0.0000,216.0000,3,0,3124,1271,239,12
L003124,O01270,C0238,Customer 0238,East,Consumer,customer238@example.com,2025-09-10,2025-09,Online,Cancelled,False,P003,Shelf 003,Storage,199.00,2,199.00,0.05,0,,398.00,19.9000,378.1000,0.0000,378.1000,2,0,3125,1271,239,4
L003125,O01270,C0238,Customer 0238,East,Consumer,customer238@example.com,2025-09-10,2025-09,Online,Cancelled,False,P012,Desk 012,Furniture,134.00,5,134.00,0.10,0,,670.00,67.0000,603.0000,0.0000,603.0000,5,0,3126,1271,239,13
L003126,O01271,C0054,Customer 0054,East,Business,customer54@example.com,2025-08-24,2025-08,Store,Cancelled,False,P024,Desk 024,Furniture,81.00,4,81.00,0.00,0,,324.00,0.0000,324.0000,0.0000,324.0000,4,0,3127,1272,55,25
L003127,O01272,C0194,Customer 0194,North,Consumer,customer194@example.com,2025-11-14,2025-11,Store,Completed,True,P010,Chair 010,Furniture,211.00,2,211.00,0.20,0,,422.00,84.4000,337.6000,0.0000,337.6000,2,0,3128,1273,195,11
L003128,O01272,C0194,Customer 0194,North,Consumer,customer194@example.com,2025-11-14,2025-11,Store,Completed,True,P006,Chair 006,Furniture,196.00,5,196.00,0.20,0,,980.00,196.0000,784.0000,0.0000,784.0000,5,0,3129,1273,195,7
L003129,O01272,C0194,Customer 0194,North,Consumer,customer194@example.com,2025-11-14,2025-11,Store,Completed,True,P011,Shelf 011,Storage,80.00,4,80.00,0.00,0,,320.00,0.0000,320.0000,0.0000,320.0000,4,0,3130,1273,195,12
L003130,O01273,C0145,Customer 0145,West,Business,customer145@example.com,2025-12-18,2025-12,Store,Completed,True,P003,Shelf 003,Storage,199.00,3,199.00,0.10,0,,597.00,59.7000,537.3000,0.0000,537.3000,3,0,3131,1274,146,4
L003131,O01274,C0099,Customer 0099,West,Consumer,customer99@example.com,2025-06-03,2025-06,Online,Completed,True,P016,Desk 016,Furniture,231.00,3,231.00,0.10,0,,693.00,69.3000,623.7000,0.0000,623.7000,3,0,3132,1275,100,17
L003132,O01274,C0099,Customer 0099,West,Consumer,customer99@example.com,2025-06-03,2025-06,Online,Completed,True,P021,Lamp 021,Lighting,249.00,4,249.00,0,0,,996.00,0.00,996.00,0.00,996.00,4,0,3133,1275,100,22
L003133,O01275,C0129,Customer 0129,North,Business,customer129@example.com,2025-09-12,2025-09,Online,Completed,True,P023,Shelf 023,Storage,68.00,5,68.00,0.05,0,,340.00,17.0000,323.0000,0.0000,323.0000,5,0,3134,1276,130,24
L003134,O01275,C0129,Customer 0129,North,Business,customer129@example.com,2025-09-12,2025-09,Online,Completed,True,P011,Shelf 011,Storage,80.00,2,80.00,0.00,0,,160.00,0.0000,160.0000,0.0000,160.0000,2,0,3135,1276,130,12
L003135,O01276,C0013,Customer 0013,West,Business,customer13@example.com,2025-02-09,2025-02,Online,Completed,True,P007,Shelf 007,Storage,35.00,5,35.00,0.10,0,,175.00,17.5000,157.5000,0.0000,157.5000,5,0,3136,1277,14,8
L003136,O01276,C0013,Customer 0013,West,Business,customer13@example.com,2025-02-09,2025-02,Online,Completed,True,P007,Shelf 007,Storage,35.00,4,35.00,0.20,0,,140.00,28.0000,112.0000,0.0000,112.0000,4,0,3137,1277,14,8
L003137,O01276,C0013,Customer 0013,West,Business,customer13@example.com,2025-02-09,2025-02,Online,Completed,True,P004,Desk 004,Furniture,123.00,1,123.00,0.10,0,,123.00,12.3000,110.7000,0.0000,110.7000,1,0,3138,1277,14,5
L003138,O01276,C0013,Customer 0013,West,Business,customer13@example.com,2025-02-09,2025-02,Online,Completed,True,P007,Shelf 007,Storage,35.00,5,35.00,0.10,0,,175.00,17.5000,157.5000,0.0000,157.5000,5,0,3139,1277,14,8
L003139,O01277,C0004,Customer 0004,North,Consumer,customer4@example.com,2025-02-16,2025-02,Store,Completed,True,P002,Chair 002,Furniture,284.00,5,284.00,0.05,0,,1420.00,71.0000,1349.0000,0.0000,1349.0000,5,0,3140,1278,5,3
L003140,O01278,C0139,Customer 0139,North,Business,customer139@example.com,2025-10-06,2025-10,Store,Completed,True,P013,Lamp 013,Lighting,271.00,1,271.00,0.10,0,,271.00,27.1000,243.9000,0.0000,243.9000,1,0,3141,1279,140,14
L003141,O01279,C0036,Customer 0036,West,Consumer,customer36@example.com,2025-05-20,2025-05,Store,Completed,True,P021,Lamp 021,Lighting,249.00,4,249.00,0.00,0,,996.00,0.0000,996.0000,0.0000,996.0000,4,0,3142,1280,37,22
L003142,O01279,C0036,Customer 0036,West,Consumer,customer36@example.com,2025-05-20,2025-05,Store,Completed,True,P024,Desk 024,Furniture,81.00,5,81.00,0.05,0,,405.00,20.2500,384.7500,0.0000,384.7500,5,0,3143,1280,37,25
L003143,O01280,C0074,Customer 0074,South,Business,customer74@example.com,2025-02-16,2025-02,Online,Cancelled,False,P011,Shelf 011,Storage,80.00,1,80.00,0.05,0,,80.00,4.0000,76.0000,0.0000,76.0000,1,0,3144,1281,75,12
L003144,O01280,C0074,Customer 0074,South,Business,customer74@example.com,2025-02-16,2025-02,Online,Cancelled,False,P023,Shelf 023,Storage,68.00,3,68.00,0.10,0,,204.00,20.4000,183.6000,0.0000,183.6000,3,0,3145,1281,75,24
L003145,O01281,C0171,Customer 0171,South,Business,,2025-09-08,2025-09,Store,Completed,True,P008,Desk 008,Furniture,188.00,1,188.00,0.00,0,,188.00,0.0000,188.0000,0.0000,188.0000,1,0,3146,1282,172,9
L003146,O01281,C0171,Customer 0171,South,Business,,2025-09-08,2025-09,Store,Completed,True,P018,Chair 018,Furniture,269.00,2,269.00,0.00,0,,538.00,0.0000,538.0000,0.0000,538.0000,2,0,3147,1282,172,19
L003147,O01282,C0132,Customer 0132,North,Consumer,customer132@example.com,2025-06-10,2025-06,Online,Completed,True,P009,Lamp 009,Lighting,93.00,5,93.00,0.00,1,2025-07-08,465.00,0.0000,465.0000,465.0000,0.0000,5,5,3148,1283,133,10
L003148,O01283,C0094,Customer 0094,West,Consumer,customer94@example.com,2025-04-07,2025-04,Store,Completed,True,P012,Desk 012,Furniture,134.00,5,134.00,0.10,0,,670.00,67.0000,603.0000,0.0000,603.0000,5,0,3149,1284,95,13
L003149,O01284,C0063,Customer 0063,West,Consumer,customer63@example.com,2025-06-07,2025-06,Store,Completed,True,P022,Chair 022,Furniture,134.00,3,134.00,0.20,0,,402.00,80.4000,321.6000,0.0000,321.6000,3,0,3150,1285,64,23
L003150,O01284,C0063,Customer 0063,West,Consumer,customer63@example.com,2025-06-07,2025-06,Store,Completed,True,P018,Chair 018,Furniture,269.00,2,269.00,0.05,1,2025-06-18,538.00,26.9000,511.1000,511.1000,0.0000,2,2,3151,1285,64,19
L003151,O01284,C0063,Customer 0063,West,Consumer,customer63@example.com,2025-06-07,2025-06,Store,Completed,True,P009,Lamp 009,Lighting,93.00,5,93.00,0.05,1,2025-06-21,465.00,23.2500,441.7500,176.7000,265.0500,5,2,3152,1285,64,10
L003152,O01285,C0241,Customer 0241,North,Consumer,customer241@example.com,2025-10-25,2025-10,Online,Completed,True,P001,Lamp 001,Lighting,122.00,2,122.00,0.10,0,,244.00,24.4000,219.6000,0.0000,219.6000,2,0,3153,1286,242,2
L003153,O01285,C0241,Customer 0241,North,Consumer,customer241@example.com,2025-10-25,2025-10,Online,Completed,True,P005,Lamp 005,Lighting,65.00,1,65.00,0.20,1,2025-11-03,65.00,13.0000,52.0000,52.0000,0.0000,1,1,3154,1286,242,6
L003154,O01285,C0241,Customer 0241,North,Consumer,customer241@example.com,2025-10-25,2025-10,Online,Completed,True,P007,Shelf 007,Storage,35.00,4,35.00,0.10,0,,140.00,14.0000,126.0000,0.0000,126.0000,4,0,3155,1286,242,8
L003155,O01286,C0027,Customer 0027,North,Consumer,customer27@example.com,2025-10-15,2025-10,Store,Completed,True,P001,Lamp 001,Lighting,122.00,2,122.00,0.10,0,,244.00,24.4000,219.6000,0.0000,219.6000,2,0,3156,1287,28,2
L003156,O01287,C0168,Customer 0168,North,Business,customer168@example.com,2025-04-23,2025-04,Store,Completed,True,P013,Lamp 013,Lighting,271.00,2,271.00,0.20,0,,542.00,108.4000,433.6000,0.0000,433.6000,2,0,3157,1288,169,14
L003157,O01288,C0292,Customer 0292,East,Business,customer292@example.com,2025-10-18,2025-10,Store,Completed,True,P021,Lamp 021,Lighting,249.00,2,249.00,0.05,0,,498.00,24.9000,473.1000,0.0000,473.1000,2,0,3158,1289,293,22
L003158,O01289,C0217,Customer 0217,South,Business,customer217@example.com,2025-04-06,2025-04,Store,Completed,True,P008,Desk 008,Furniture,188.00,5,188.00,0.10,0,,940.00,94.0000,846.0000,0.0000,846.0000,5,0,3159,1290,218,9
L003159,O01289,C0217,Customer 0217,South,Business,customer217@example.com,2025-04-06,2025-04,Store,Completed,True,P022,Chair 022,Furniture,134.00,4,134.00,0.00,0,,536.00,0.0000,536.0000,0.0000,536.0000,4,0,3160,1290,218,23
L003160,O01289,C0217,Customer 0217,South,Business,customer217@example.com,2025-04-06,2025-04,Store,Completed,True,P020,Desk 020,Furniture,189.00,5,189.00,0.20,0,,945.00,189.0000,756.0000,0.0000,756.0000,5,0,3161,1290,218,21
L003161,O01289,C0217,Customer 0217,South,Business,customer217@example.com,2025-04-06,2025-04,Store,Completed,True,P023,Shelf 023,Storage,68.00,2,68.00,0.05,0,,136.00,6.8000,129.2000,0.0000,129.2000,2,0,3162,1290,218,24
L003162,O01290,C0252,Customer 0252,West,Business,customer252@example.com,2025-10-06,2025-10,Online,Completed,True,P004,Desk 004,Furniture,123.00,3,123.00,0.20,0,,369.00,73.8000,295.2000,0.0000,295.2000,3,0,3163,1291,253,5
L003163,O01290,C0252,Customer 0252,West,Business,customer252@example.com,2025-10-06,2025-10,Online,Completed,True,P012,Desk 012,Furniture,134.00,4,134.00,0.1,1,2025-10-30,536.00,53.600,482.400,361.800,120.600,4,3,3164,1291,253,13
L003164,O01290,C0252,Customer 0252,West,Business,customer252@example.com,2025-10-06,2025-10,Online,Completed,True,P003,Shelf 003,Storage,199.00,2,199.00,0.20,0,,398.00,79.6000,318.4000,0.0000,318.4000,2,0,3165,1291,253,4
L003165,O01291,C0125,Customer 0125,South,Business,customer125@example.com,2025-09-18,2025-09,Online,Completed,True,P022,Chair 022,Furniture,134.00,2,134.00,0.00,0,,268.00,0.0000,268.0000,0.0000,268.0000,2,0,3166,1292,126,23
L003166,O01291,C0125,Customer 0125,South,Business,customer125@example.com,2025-09-18,2025-09,Online,Completed,True,P003,Shelf 003,Storage,199.00,5,199.00,0.00,0,,995.00,0.0000,995.0000,0.0000,995.0000,5,0,3167,1292,126,4
L003167,O01292,C0159,Customer 0159,West,Business,customer159@example.com,2025-02-09,2025-02,Store,Completed,True,P008,Desk 008,Furniture,188.00,5,188.00,0.10,0,,940.00,94.0000,846.0000,0.0000,846.0000,5,0,3168,1293,160,9
L003168,O01293,C0197,Customer 0197,East,Business,customer197@example.com,2025-04-08,2025-04,Store,Completed,True,P022,Chair 022,Furniture,134.00,4,134.00,0.20,0,,536.00,107.2000,428.8000,0.0000,428.8000,4,0,3169,1294,198,23
L003169,O01293,C0197,Customer 0197,East,Business,customer197@example.com,2025-04-08,2025-04,Store,Completed,True,P020,Desk 020,Furniture,189.00,3,189.00,0.05,0,,567.00,28.3500,538.6500,0.0000,538.6500,3,0,3170,1294,198,21
L003170,O01293,C0197,Customer 0197,East,Business,customer197@example.com,2025-04-08,2025-04,Store,Completed,True,P011,Shelf 011,Storage,80.00,4,80.00,0.20,0,,320.00,64.0000,256.0000,0.0000,256.0000,4,0,3171,1294,198,12
L003171,O01293,C0197,Customer 0197,East,Business,customer197@example.com,2025-04-08,2025-04,Store,Completed,True,P015,Shelf 015,Storage,254.00,2,254.00,0.05,0,,508.00,25.4000,482.6000,0.0000,482.6000,2,0,3172,1294,198,16
L003172,O01294,C0071,Customer 0071,West,Consumer,customer71@example.com,2025-02-02,2025-02,Store,Completed,True,P007,Shelf 007,Storage,35.00,1,35.00,0.05,0,,35.00,1.7500,33.2500,0.0000,33.2500,1,0,3173,1295,72,8
L003173,O01295,C0162,Customer 0162,South,Consumer,customer162@example.com,2025-06-10,2025-06,Store,Completed,True,P018,Chair 018,Furniture,269.00,4,269.00,0.05,0,,1076.00,53.8000,1022.2000,0.0000,1022.2000,4,0,3174,1296,163,19
L003174,O01296,C0293,Customer 0293,North,Business,customer293@example.com,2025-01-06,2025-01,Online,Completed,True,P005,Lamp 005,Lighting,65.00,1,65.00,0.05,0,,65.00,3.2500,61.7500,0.0000,61.7500,1,0,3175,1297,294,6
L003175,O01296,C0293,Customer 0293,North,Business,customer293@example.com,2025-01-06,2025-01,Online,Completed,True,P008,Desk 008,Furniture,188.00,2,188.00,0.10,1,2025-01-07,376.00,37.6000,338.4000,338.4000,0.0000,2,2,3176,1297,294,9
L003176,O01296,C0293,Customer 0293,North,Business,customer293@example.com,2025-01-06,2025-01,Online,Completed,True,P006,Chair 006,Furniture,196.00,1,196.00,0.05,0,,196.00,9.8000,186.2000,0.0000,186.2000,1,0,3177,1297,294,7
L003177,O01296,C0293,Customer 0293,North,Business,customer293@example.com,2025-01-06,2025-01,Online,Completed,True,P010,Chair 010,Furniture,211.00,4,211.00,0.00,0,,844.00,0.0000,844.0000,0.0000,844.0000,4,0,3178,1297,294,11
L003178,O01297,C0261,Customer 0261,West,Consumer,customer261@example.com,2025-10-09,2025-10,Store,Cancelled,False,P022,Chair 022,Furniture,134.00,5,134.00,0.00,0,,670.00,0.0000,670.0000,0.0000,670.0000,5,0,3179,1298,262,23
L003179,O01298,C0179,Customer 0179,East,Consumer,customer179@example.com,2025-10-30,2025-10,Store,Cancelled,False,P023,Shelf 023,Storage,68.00,2,68.00,0.20,0,,136.00,27.2000,108.8000,0.0000,108.8000,2,0,3180,1299,180,24
L003180,O01298,C0179,Customer 0179,East,Consumer,customer179@example.com,2025-10-30,2025-10,Store,Cancelled,False,P012,Desk 012,Furniture,134.00,1,134.00,0.20,0,,134.00,26.8000,107.2000,0.0000,107.2000,1,0,3181,1299,180,13
L003181,O01298,C0179,Customer 0179,East,Consumer,customer179@example.com,2025-10-30,2025-10,Store,Cancelled,False,P008,Desk 008,Furniture,188.00,2,188.00,0.10,0,,376.00,37.6000,338.4000,0.0000,338.4000,2,0,3182,1299,180,9
L003182,O01298,C0179,Customer 0179,East,Consumer,customer179@example.com,2025-10-30,2025-10,Store,Cancelled,False,P018,Chair 018,Furniture,269.00,4,269.00,0.10,0,,1076.00,107.6000,968.4000,0.0000,968.4000,4,0,3183,1299,180,19
L003183,O01299,C0251,Customer 0251,North,Consumer,customer251@example.com,2025-10-17,2025-10,Online,Completed,True,P007,Shelf 007,Storage,35.00,5,35.00,0.10,0,,175.00,17.5000,157.5000,0.0000,157.5000,5,0,3184,1300,252,8
L003184,O01299,C0251,Customer 0251,North,Consumer,customer251@example.com,2025-10-17,2025-10,Online,Completed,True,P022,Chair 022,Furniture,134.00,1,134.00,0.00,0,,134.00,0.0000,134.0000,0.0000,134.0000,1,0,3185,1300,252,23
L003185,O01300,C0061,Customer 0061,East,Business,customer61@example.com,2025-02-09,2025-02,Store,Completed,True,P007,Shelf 007,Storage,35.00,2,35.00,0.00,0,,70.00,0.0000,70.0000,0.0000,70.0000,2,0,3186,1301,62,8
L003186,O01301,C0090,Customer 0090,West,Business,customer90@example.com,2025-12-04,2025-12,Store,Completed,True,P024,Desk 024,Furniture,81.00,2,81.00,0.00,0,,162.00,0.0000,162.0000,0.0000,162.0000,2,0,3187,1302,91,25
L003187,O01302,C0227,Customer 0227,East,Consumer,customer227@example.com,2025-03-24,2025-03,Store,Completed,True,P006,Chair 006,Furniture,196.00,3,196.00,0.00,0,,588.00,0.0000,588.0000,0.0000,588.0000,3,0,3188,1303,228,7
L003188,O01303,C0059,Customer 0059,South,Business,customer59@example.com,2025-05-02,2025-05,Store,Completed,True,P010,Chair 010,Furniture,211.00,1,211.00,0.00,0,,211.00,0.0000,211.0000,0.0000,211.0000,1,0,3189,1304,60,11
L003189,O01303,C0059,Customer 0059,South,Business,customer59@example.com,2025-05-02,2025-05,Store,Completed,True,P005,Lamp 005,Lighting,65.00,5,65.00,0.10,0,,325.00,32.5000,292.5000,0.0000,292.5000,5,0,3190,1304,60,6
L003190,O01303,C0059,Customer 0059,South,Business,customer59@example.com,2025-05-02,2025-05,Store,Completed,True,P008,Desk 008,Furniture,188.00,5,188.00,0.20,0,,940.00,188.0000,752.0000,0.0000,752.0000,5,0,3191,1304,60,9
L003191,O01303,C0059,Customer 0059,South,Business,customer59@example.com,2025-05-02,2025-05,Store,Completed,True,P017,Lamp 017,Lighting,300.00,2,300.00,0.05,1,2025-05-14,600.00,30.0000,570.0000,285.0000,285.0000,2,1,3192,1304,60,18
L003192,O01304,C0277,Customer 0277,West,Consumer,customer277@example.com,2025-11-06,2025-11,Online,Completed,True,P013,Lamp 013,Lighting,271.00,5,271.00,0.10,0,,1355.00,135.5000,1219.5000,0.0000,1219.5000,5,0,3193,1305,278,14
L003193,O01304,C0277,Customer 0277,West,Consumer,customer277@example.com,2025-11-06,2025-11,Online,Completed,True,P006,Chair 006,Furniture,196.00,2,196.00,0.00,0,,392.00,0.0000,392.0000,0.0000,392.0000,2,0,3194,1305,278,7
L003194,O01304,C0277,Customer 0277,West,Consumer,customer277@example.com,2025-11-06,2025-11,Online,Completed,True,P003,Shelf 003,Storage,199.00,2,199.00,0.1,0,,398.00,39.800,358.200,0.000,358.200,2,0,3195,1305,278,4
L003195,O01304,C0277,Customer 0277,West,Consumer,customer277@example.com,2025-11-06,2025-11,Online,Completed,True,P023,Shelf 023,Storage,68.00,5,68.00,0.00,0,,340.00,0.0000,340.0000,0.0000,340.0000,5,0,3196,1305,278,24
L003196,O01305,C0069,Customer 0069,South,Business,,2025-11-04,2025-11,Online,Completed,True,P023,Shelf 023,Storage,68.00,1,68.00,0.00,0,,68.00,0.0000,68.0000,0.0000,68.0000,1,0,3197,1306,70,24
L003197,O01306,C0040,Customer 0040,North,Consumer,customer40@example.com,2025-08-05,2025-08,Store,Completed,True,P007,Shelf 007,Storage,35.00,2,35.00,0.05,0,,70.00,3.5000,66.5000,0.0000,66.5000,2,0,3198,1307,41,8
L003198,O01307,C0013,Customer 0013,West,Business,customer13@example.com,2025-05-27,2025-05,Store,Completed,True,P021,Lamp 021,Lighting,249.00,4,249.00,0.20,0,,996.00,199.2000,796.8000,0.0000,796.8000,4,0,3199,1308,14,22
L003199,O01308,C0193,Customer 0193,East,Consumer,customer193@example.com,2025-10-26,2025-10,Online,Completed,True,P023,Shelf 023,Storage,68.00,1,68.00,0.20,0,,68.00,13.6000,54.4000,0.0000,54.4000,1,0,3200,1309,194,24
L003200,O01308,C0193,Customer 0193,East,Consumer,customer193@example.com,2025-10-26,2025-10,Online,Completed,True,P009,Lamp 009,Lighting,93.00,4,93.00,0.20,0,,372.00,74.4000,297.6000,0.0000,297.6000,4,0,3201,1309,194,10
L003201,O01308,C0193,Customer 0193,East,Consumer,customer193@example.com,2025-10-26,2025-10,Online,Completed,True,P017,Lamp 017,Lighting,300.00,1,300.00,0.10,0,,300.00,30.0000,270.0000,0.0000,270.0000,1,0,3202,1309,194,18
L003202,O01308,C0193,Customer 0193,East,Consumer,customer193@example.com,2025-10-26,2025-10,Online,Completed,True,P022,Chair 022,Furniture,134.00,5,134.00,0.20,1,2025-11-02,670.00,134.0000,536.0000,536.0000,0.0000,5,5,3203,1309,194,23
L003203,O01309,C0092,Customer 0092,East,Consumer,customer92@example.com,2025-02-22,2025-02,Online,Completed,True,P020,Desk 020,Furniture,189.00,2,189.00,0.10,0,,378.00,37.8000,340.2000,0.0000,340.2000,2,0,3204,1310,93,21
L003204,O01309,C0092,Customer 0092,East,Consumer,customer92@example.com,2025-02-22,2025-02,Online,Completed,True,P018,Chair 018,Furniture,269.00,1,269.00,0.20,0,,269.00,53.8000,215.2000,0.0000,215.2000,1,0,3205,1310,93,19
L003205,O01309,C0092,Customer 0092,East,Consumer,customer92@example.com,2025-02-22,2025-02,Online,Completed,True,P020,Desk 020,Furniture,189.00,5,189.00,0.10,0,,945.00,94.5000,850.5000,0.0000,850.5000,5,0,3206,1310,93,21
L003206,O01310,C0140,Customer 0140,East,Consumer,customer140@example.com,2025-10-25,2025-10,Store,Completed,True,P014,Chair 014,Furniture,294.00,2,294.00,0.00,0,,588.00,0.0000,588.0000,0.0000,588.0000,2,0,3207,1311,141,15
L003207,O01310,C0140,Customer 0140,East,Consumer,customer140@example.com,2025-10-25,2025-10,Store,Completed,True,P023,Shelf 023,Storage,68.00,1,68.00,0.20,0,,68.00,13.6000,54.4000,0.0000,54.4000,1,0,3208,1311,141,24
L003208,O01310,C0140,Customer 0140,East,Consumer,customer140@example.com,2025-10-25,2025-10,Store,Completed,True,P013,Lamp 013,Lighting,271.00,4,271.00,0.10,0,,1084.00,108.4000,975.6000,0.0000,975.6000,4,0,3209,1311,141,14
L003209,O01310,C0140,Customer 0140,East,Consumer,customer140@example.com,2025-10-25,2025-10,Store,Completed,True,P015,Shelf 015,Storage,254.00,1,254.00,0.05,0,,254.00,12.7000,241.3000,0.0000,241.3000,1,0,3210,1311,141,16
L003210,O01311,C0162,Customer 0162,South,Consumer,customer162@example.com,2025-07-15,2025-07,Store,Completed,True,P005,Lamp 005,Lighting,65.00,2,65.00,0.20,0,,130.00,26.0000,104.0000,0.0000,104.0000,2,0,3211,1312,163,6
L003211,O01311,C0162,Customer 0162,South,Consumer,customer162@example.com,2025-07-15,2025-07,Store,Completed,True,P003,Shelf 003,Storage,199.00,3,199.00,0.05,0,,597.00,29.8500,567.1500,0.0000,567.1500,3,0,3212,1312,163,4
L003212,O01311,C0162,Customer 0162,South,Consumer,customer162@example.com,2025-07-15,2025-07,Store,Completed,True,P015,Shelf 015,Storage,254.00,2,254.00,0.20,0,,508.00,101.6000,406.4000,0.0000,406.4000,2,0,3213,1312,163,16
L003213,O01312,C0246,Customer 0246,South,Consumer,customer246@example.com,2025-10-20,2025-10,Store,Completed,True,P002,Chair 002,Furniture,284.00,1,284.00,0.10,0,,284.00,28.4000,255.6000,0.0000,255.6000,1,0,3214,1313,247,3
L003214,O01313,C0287,Customer 0287,South,Consumer,customer287@example.com,2025-03-02,2025-03,Online,Completed,True,P016,Desk 016,Furniture,231.00,1,231.00,0.20,0,,231.00,46.2000,184.8000,0.0000,184.8000,1,0,3215,1314,288,17
L003215,O01314,C0008,Customer 0008,North,Consumer,customer8@example.com,2025-08-30,2025-08,Online,Completed,True,P022,Chair 022,Furniture,134.00,5,134.00,0.10,0,,670.00,67.0000,603.0000,0.0000,603.0000,5,0,3216,1315,9,23
L003216,O01314,C0008,Customer 0008,North,Consumer,customer8@example.com,2025-08-30,2025-08,Online,Completed,True,P021,Lamp 021,Lighting,249.00,3,249.00,0.10,0,,747.00,74.7000,672.3000,0.0000,672.3000,3,0,3217,1315,9,22
L003217,O01314,C0008,Customer 0008,North,Consumer,customer8@example.com,2025-08-30,2025-08,Online,Completed,True,P019,Shelf 019,Storage,78.00,5,78.00,0.00,1,2025-09-21,390.00,0.0000,390.0000,312.0000,78.0000,5,4,3218,1315,9,20
L003218,O01314,C0008,Customer 0008,North,Consumer,customer8@example.com,2025-08-30,2025-08,Online,Completed,True,P012,Desk 012,Furniture,134.00,4,134.00,0.20,0,,536.00,107.2000,428.8000,0.0000,428.8000,4,0,3219,1315,9,13
L003219,O01315,C0233,Customer 0233,South,Business,customer233@example.com,2025-09-19,2025-09,Store,Completed,True,P023,Shelf 023,Storage,68.00,1,68.00,0.10,1,2025-09-26,68.00,6.8000,61.2000,61.2000,0.0000,1,1,3220,1316,234,24
L003220,O01315,C0233,Customer 0233,South,Business,customer233@example.com,2025-09-19,2025-09,Store,Completed,True,P011,Shelf 011,Storage,80.00,4,80.00,0.05,0,,320.00,16.0000,304.0000,0.0000,304.0000,4,0,3221,1316,234,12
L003221,O01315,C0233,Customer 0233,South,Business,customer233@example.com,2025-09-19,2025-09,Store,Completed,True,P018,Chair 018,Furniture,269.00,5,269.00,0.00,1,2025-10-10,1345.00,0.0000,1345.0000,1345.0000,0.0000,5,5,3222,1316,234,19
L003222,O01315,C0233,Customer 0233,South,Business,customer233@example.com,2025-09-19,2025-09,Store,Completed,True,P021,Lamp 021,Lighting,249.00,4,249.00,0.05,0,,996.00,49.8000,946.2000,0.0000,946.2000,4,0,3223,1316,234,22
L003223,O01316,C0202,Customer 0202,South,Business,customer202@example.com,2025-03-19,2025-03,Store,Cancelled,False,P022,Chair 022,Furniture,134.00,4,134.00,0.10,0,,536.00,53.6000,482.4000,0.0000,482.4000,4,0,3224,1317,203,23
L003224,O01316,C0202,Customer 0202,South,Business,customer202@example.com,2025-03-19,2025-03,Store,Cancelled,False,P002,Chair 002,Furniture,284.00,3,284.00,0.05,0,,852.00,42.6000,809.4000,0.0000,809.4000,3,0,3225,1317,203,3
L003225,O01316,C0202,Customer 0202,South,Business,customer202@example.com,2025-03-19,2025-03,Store,Cancelled,False,P010,Chair 010,Furniture,211.00,5,211.00,0.1,0,,1055.00,105.500,949.500,0.000,949.500,5,0,3226,1317,203,11
L003226,O01316,C0202,Customer 0202,South,Business,customer202@example.com,2025-03-19,2025-03,Store,Cancelled,False,P010,Chair 010,Furniture,211.00,5,211.00,0.20,0,,1055.00,211.0000,844.0000,0.0000,844.0000,5,0,3227,1317,203,11
L003227,O01317,C0110,Customer 0110,West,Consumer,customer110@example.com,2025-07-24,2025-07,Online,Completed,True,P002,Chair 002,Furniture,284.00,1,284.00,0.00,0,,284.00,0.0000,284.0000,0.0000,284.0000,1,0,3228,1318,111,3
L003228,O01318,C0097,Customer 0097,West,Business,customer97@example.com,2025-12-15,2025-12,Online,Cancelled,False,P001,Lamp 001,Lighting,122.00,5,122.00,0.20,0,,610.00,122.0000,488.0000,0.0000,488.0000,5,0,3229,1319,98,2
L003229,O01318,C0097,Customer 0097,West,Business,customer97@example.com,2025-12-15,2025-12,Online,Cancelled,False,P019,Shelf 019,Storage,78.00,2,78.00,0.00,0,,156.00,0.0000,156.0000,0.0000,156.0000,2,0,3230,1319,98,20
L003230,O01319,C0029,Customer 0029,East,Consumer,customer29@example.com,2025-12-07,2025-12,Online,Completed,True,P019,Shelf 019,Storage,78.00,4,78.00,0.10,0,,312.00,31.2000,280.8000,0.0000,280.8000,4,0,3231,1320,30,20
L003231,O01319,C0029,Customer 0029,East,Consumer,customer29@example.com,2025-12-07,2025-12,Online,Completed,True,P018,Chair 018,Furniture,269.00,1,269.00,0.05,0,,269.00,13.4500,255.5500,0.0000,255.5500,1,0,3232,1320,30,19
L003232,O01319,C0029,Customer 0029,East,Consumer,customer29@example.com,2025-12-07,2025-12,Online,Completed,True,P022,Chair 022,Furniture,134.00,3,134.00,0.05,0,,402.00,20.1000,381.9000,0.0000,381.9000,3,0,3233,1320,30,23
L003233,O01319,C0029,Customer 0029,East,Consumer,customer29@example.com,2025-12-07,2025-12,Online,Completed,True,P013,Lamp 013,Lighting,271.00,4,271.00,0.10,0,,1084.00,108.4000,975.6000,0.0000,975.6000,4,0,3234,1320,30,14
L003234,O01320,C0277,Customer 0277,West,Consumer,customer277@example.com,2025-03-19,2025-03,Online,Completed,True,P023,Shelf 023,Storage,68.00,2,68.00,0.05,0,,136.00,6.8000,129.2000,0.0000,129.2000,2,0,3235,1321,278,24
L003235,O01320,C0277,Customer 0277,West,Consumer,customer277@example.com,2025-03-19,2025-03,Online,Completed,True,P019,Shelf 019,Storage,78.00,5,78.00,0.10,0,,390.00,39.0000,351.0000,0.0000,351.0000,5,0,3236,1321,278,20
L003236,O01320,C0277,Customer 0277,West,Consumer,customer277@example.com,2025-03-19,2025-03,Online,Completed,True,P014,Chair 014,Furniture,294.00,1,294.00,0.00,0,,294.00,0.0000,294.0000,0.0000,294.0000,1,0,3237,1321,278,15
L003237,O01321,C0078,Customer 0078,West,Consumer,customer78@example.com,2025-04-27,2025-04,Online,Completed,True,P014,Chair 014,Furniture,294.00,3,294.00,0.05,1,2025-05-20,882.00,44.1000,837.9000,279.3000,558.6000,3,1,3238,1322,79,15
L003238,O01321,C0078,Customer 0078,West,Consumer,customer78@example.com,2025-04-27,2025-04,Online,Completed,True,P011,Shelf 011,Storage,80.00,5,80.00,0.05,0,,400.00,20.0000,380.0000,0.0000,380.0000,5,0,3239,1322,79,12
L003239,O01321,C0078,Customer 0078,West,Consumer,customer78@example.com,2025-04-27,2025-04,Online,Completed,True,P021,Lamp 021,Lighting,249.00,4,249.00,0.00,0,,996.00,0.0000,996.0000,0.0000,996.0000,4,0,3240,1322,79,22
L003240,O01322,C0276,Customer 0276,South,Business,customer276@example.com,2025-09-09,2025-09,Store,Completed,True,P008,Desk 008,Furniture,188.00,5,188.00,0.05,0,,940.00,47.0000,893.0000,0.0000,893.0000,5,0,3241,1323,277,9
L003241,O01322,C0276,Customer 0276,South,Business,customer276@example.com,2025-09-09,2025-09,Store,Completed,True,P010,Chair 010,Furniture,211.00,4,211.00,0.10,0,,844.00,84.4000,759.6000,0.0000,759.6000,4,0,3242,1323,277,11
L003242,O01322,C0276,Customer 0276,South,Business,customer276@example.com,2025-09-09,2025-09,Store,Completed,True,P023,Shelf 023,Storage,68.00,4,68.00,0.10,0,,272.00,27.2000,244.8000,0.0000,244.8000,4,0,3243,1323,277,24
L003243,O01323,C0071,Customer 0071,West,Consumer,customer71@example.com,2025-01-04,2025-01,Online,Completed,True,P020,Desk 020,Furniture,189.00,3,189.00,0.10,0,,567.00,56.7000,510.3000,0.0000,510.3000,3,0,3244,1324,72,21
L003244,O01324,C0122,Customer 0122,North,Business,customer122@example.com,2025-06-05,2025-06,Online,Completed,True,P006,Chair 006,Furniture,196.00,4,196.00,0.20,0,,784.00,156.8000,627.2000,0.0000,627.2000,4,0,3245,1325,123,7
L003245,O01325,C0198,Customer 0198,West,Consumer,customer198@example.com,2025-06-03,2025-06,Online,Completed,True,P003,Shelf 003,Storage,199.00,5,199.00,0.10,0,,995.00,99.5000,895.5000,0.0000,895.5000,5,0,3246,1326,199,4
L003246,O01325,C0198,Customer 0198,West,Consumer,customer198@example.com,2025-06-03,2025-06,Online,Completed,True,P015,Shelf 015,Storage,254.00,1,254.00,0.10,0,,254.00,25.4000,228.6000,0.0000,228.6000,1,0,3247,1326,199,16
L003247,O01326,C0204,Customer 0204,South,Consumer,customer204@example.com,2025-08-19,2025-08,Store,Completed,True,P008,Desk 008,Furniture,188.00,3,188.00,0.10,0,,564.00,56.4000,507.6000,0.0000,507.6000,3,0,3248,1327,205,9
L003248,O01326,C0204,Customer 0204,South,Consumer,customer204@example.com,2025-08-19,2025-08,Store,Completed,True,P016,Desk 016,Furniture,231.00,4,231.00,0.20,0,,924.00,184.8000,739.2000,0.0000,739.2000,4,0,3249,1327,205,17
L003249,O01327,C0205,Customer 0205,West,Business,,2025-05-13,2025-05,Online,Completed,True,P022,Chair 022,Furniture,134.00,1,134.00,0.20,0,,134.00,26.8000,107.2000,0.0000,107.2000,1,0,3250,1328,206,23
L003250,O01327,C0205,Customer 0205,West,Business,,2025-05-13,2025-05,Online,Completed,True,P005,Lamp 005,Lighting,65.00,4,65.00,0.00,0,,260.00,0.0000,260.0000,0.0000,260.0000,4,0,3251,1328,206,6
L003251,O01327,C0205,Customer 0205,West,Business,,2025-05-13,2025-05,Online,Completed,True,P021,Lamp 021,Lighting,249.00,2,249.00,0.05,0,,498.00,24.9000,473.1000,0.0000,473.1000,2,0,3252,1328,206,22
L003252,O01327,C0205,Customer 0205,West,Business,,2025-05-13,2025-05,Online,Completed,True,P017,Lamp 017,Lighting,300.00,2,300.00,0.10,0,,600.00,60.0000,540.0000,0.0000,540.0000,2,0,3253,1328,206,18
L003253,O01328,C0058,Customer 0058,North,Consumer,customer58@example.com,2025-08-03,2025-08,Store,Completed,True,P019,Shelf 019,Storage,78.00,5,78.00,0.05,0,,390.00,19.5000,370.5000,0.0000,370.5000,5,0,3254,1329,59,20
L003254,O01328,C0058,Customer 0058,North,Consumer,customer58@example.com,2025-08-03,2025-08,Store,Completed,True,P010,Chair 010,Furniture,211.00,2,211.00,0.20,0,,422.00,84.4000,337.6000,0.0000,337.6000,2,0,3255,1329,59,11
L003255,O01328,C0058,Customer 0058,North,Consumer,customer58@example.com,2025-08-03,2025-08,Store,Completed,True,P001,Lamp 001,Lighting,122.00,2,122.00,0.20,0,,244.00,48.8000,195.2000,0.0000,195.2000,2,0,3256,1329,59,2
L003256,O01329,C0079,Customer 0079,West,Business,customer79@example.com,2025-02-15,2025-02,Store,Completed,True,P014,Chair 014,Furniture,294.00,1,294.00,0,0,,294.00,0.00,294.00,0.00,294.00,1,0,3257,1330,80,15
L003257,O01329,C0079,Customer 0079,West,Business,customer79@example.com,2025-02-15,2025-02,Store,Completed,True,P010,Chair 010,Furniture,211.00,4,211.00,0.20,0,,844.00,168.8000,675.2000,0.0000,675.2000,4,0,3258,1330,80,11
L003258,O01330,C0178,Customer 0178,East,Consumer,customer178@example.com,2025-02-13,2025-02,Store,Cancelled,False,P012,Desk 012,Furniture,134.00,4,134.00,0.00,0,,536.00,0.0000,536.0000,0.0000,536.0000,4,0,3259,1331,179,13
L003259,O01330,C0178,Customer 0178,East,Consumer,customer178@example.com,2025-02-13,2025-02,Store,Cancelled,False,P001,Lamp 001,Lighting,122.00,5,122.00,0.00,0,,610.00,0.0000,610.0000,0.0000,610.0000,5,0,3260,1331,179,2
L003260,O01330,C0178,Customer 0178,East,Consumer,customer178@example.com,2025-02-13,2025-02,Store,Cancelled,False,P018,Chair 018,Furniture,269.00,2,269.00,0.10,0,,538.00,53.8000,484.2000,0.0000,484.2000,2,0,3261,1331,179,19
L003261,O01331,C0155,Customer 0155,South,Business,customer155@example.com,2025-08-13,2025-08,Online,Completed,True,P013,Lamp 013,Lighting,271.00,5,271.00,0.20,0,,1355.00,271.0000,1084.0000,0.0000,1084.0000,5,0,3262,1332,156,14
L003262,O01332,C0048,Customer 0048,East,Consumer,customer48@example.com,2025-09-02,2025-09,Online,Completed,True,P022,Chair 022,Furniture,134.00,5,134.00,0.05,0,,670.00,33.5000,636.5000,0.0000,636.5000,5,0,3263,1333,49,23
L003263,O01333,C0028,Customer 0028,West,Consumer,customer28@example.com,2025-07-16,2025-07,Store,Completed,True,P013,Lamp 013,Lighting,271.00,5,271.00,0.20,0,,1355.00,271.0000,1084.0000,0.0000,1084.0000,5,0,3264,1334,29,14
L003264,O01333,C0028,Customer 0028,West,Consumer,customer28@example.com,2025-07-16,2025-07,Store,Completed,True,P020,Desk 020,Furniture,189.00,3,189.00,0.00,0,,567.00,0.0000,567.0000,0.0000,567.0000,3,0,3265,1334,29,21
L003265,O01334,C0128,Customer 0128,West,Business,customer128@example.com,2025-08-16,2025-08,Store,Completed,True,P004,Desk 004,Furniture,123.00,3,123.00,0.10,0,,369.00,36.9000,332.1000,0.0000,332.1000,3,0,3266,1335,129,5
L003266,O01335,C0053,Customer 0053,West,Business,customer53@example.com,2025-02-08,2025-02,Online,Completed,True,P021,Lamp 021,Lighting,249.00,1,249.00,0.10,0,,249.00,24.9000,224.1000,0.0000,224.1000,1,0,3267,1336,54,22
L003267,O01336,C0242,Customer 0242,South,Business,customer242@example.com,2025-09-12,2025-09,Online,Completed,True,P011,Shelf 011,Storage,80.00,3,80.00,0.05,0,,240.00,12.0000,228.0000,0.0000,228.0000,3,0,3268,1337,243,12
L003268,O01337,C0175,Customer 0175,North,Consumer,customer175@example.com,2025-08-19,2025-08,Store,Completed,True,P017,Lamp 017,Lighting,300.00,2,300.00,0.00,0,,600.00,0.0000,600.0000,0.0000,600.0000,2,0,3269,1338,176,18
L003269,O01338,C0288,Customer 0288,East,Consumer,customer288@example.com,2025-01-20,2025-01,Store,Cancelled,False,P020,Desk 020,Furniture,189.00,5,189.00,0.05,0,,945.00,47.2500,897.7500,0.0000,897.7500,5,0,3270,1339,289,21
L003270,O01338,C0288,Customer 0288,East,Consumer,customer288@example.com,2025-01-20,2025-01,Store,Cancelled,False,P018,Chair 018,Furniture,269.00,4,269.00,0.05,0,,1076.00,53.8000,1022.2000,0.0000,1022.2000,4,0,3271,1339,289,19
L003271,O01339,C0028,Customer 0028,West,Consumer,customer28@example.com,2025-10-02,2025-10,Online,Completed,True,P003,Shelf 003,Storage,199.00,2,199.00,0.05,0,,398.00,19.9000,378.1000,0.0000,378.1000,2,0,3272,1340,29,4
L003272,O01339,C0028,Customer 0028,West,Consumer,customer28@example.com,2025-10-02,2025-10,Online,Completed,True,P006,Chair 006,Furniture,196.00,4,196.00,0.05,0,,784.00,39.2000,744.8000,0.0000,744.8000,4,0,3273,1340,29,7
L003273,O01340,C0184,Customer 0184,West,Business,customer184@example.com,2025-06-24,2025-06,Store,Completed,True,P007,Shelf 007,Storage,35.00,2,35.00,0.20,0,,70.00,14.0000,56.0000,0.0000,56.0000,2,0,3274,1341,185,8
L003274,O01340,C0184,Customer 0184,West,Business,customer184@example.com,2025-06-24,2025-06,Store,Completed,True,P010,Chair 010,Furniture,211.00,4,211.00,0.00,0,,844.00,0.0000,844.0000,0.0000,844.0000,4,0,3275,1341,185,11
L003275,O01340,C0184,Customer 0184,West,Business,customer184@example.com,2025-06-24,2025-06,Store,Completed,True,P010,Chair 010,Furniture,211.00,3,211.00,0.10,0,,633.00,63.3000,569.7000,0.0000,569.7000,3,0,3276,1341,185,11
L003276,O01340,C0184,Customer 0184,West,Business,customer184@example.com,2025-06-24,2025-06,Store,Completed,True,P014,Chair 014,Furniture,294.00,3,294.00,0.05,0,,882.00,44.1000,837.9000,0.0000,837.9000,3,0,3277,1341,185,15
L003277,O01341,C0225,Customer 0225,North,Consumer,customer225@example.com,2025-01-28,2025-01,Store,Completed,True,P010,Chair 010,Furniture,211.00,5,211.00,0.05,0,,1055.00,52.7500,1002.2500,0.0000,1002.2500,5,0,3278,1342,226,11
L003278,O01342,C0225,Customer 0225,North,Consumer,customer225@example.com,2025-03-15,2025-03,Online,Completed,True,P015,Shelf 015,Storage,254.00,2,254.00,0.00,0,,508.00,0.0000,508.0000,0.0000,508.0000,2,0,3279,1343,226,16
L003279,O01342,C0225,Customer 0225,North,Consumer,customer225@example.com,2025-03-15,2025-03,Online,Completed,True,P014,Chair 014,Furniture,294.00,2,294.00,0.05,0,,588.00,29.4000,558.6000,0.0000,558.6000,2,0,3280,1343,226,15
L003280,O01343,C0205,Customer 0205,West,Business,,2025-02-25,2025-02,Store,Cancelled,False,P020,Desk 020,Furniture,189.00,2,189.00,0.10,0,,378.00,37.8000,340.2000,0.0000,340.2000,2,0,3281,1344,206,21
L003281,O01343,C0205,Customer 0205,West,Business,,2025-02-25,2025-02,Store,Cancelled,False,P002,Chair 002,Furniture,284.00,3,284.00,0.10,0,,852.00,85.2000,766.8000,0.0000,766.8000,3,0,3282,1344,206,3
L003282,O01343,C0205,Customer 0205,West,Business,,2025-02-25,2025-02,Store,Cancelled,False,P021,Lamp 021,Lighting,249.00,4,249.00,0.05,0,,996.00,49.8000,946.2000,0.0000,946.2000,4,0,3283,1344,206,22
L003283,O01343,C0205,Customer 0205,West,Business,,2025-02-25,2025-02,Store,Cancelled,False,P021,Lamp 021,Lighting,249.00,3,249.00,0.05,0,,747.00,37.3500,709.6500,0.0000,709.6500,3,0,3284,1344,206,22
L003284,O01344,C0119,Customer 0119,North,Business,customer119@example.com,2025-10-18,2025-10,Online,Completed,True,P016,Desk 016,Furniture,231.00,5,231.00,0.10,0,,1155.00,115.5000,1039.5000,0.0000,1039.5000,5,0,3285,1345,120,17
L003285,O01344,C0119,Customer 0119,North,Business,customer119@example.com,2025-10-18,2025-10,Online,Completed,True,P012,Desk 012,Furniture,134.00,4,134.00,0.00,0,,536.00,0.0000,536.0000,0.0000,536.0000,4,0,3286,1345,120,13
L003286,O01344,C0119,Customer 0119,North,Business,customer119@example.com,2025-10-18,2025-10,Online,Completed,True,P005,Lamp 005,Lighting,65.00,1,65.00,0.20,0,,65.00,13.0000,52.0000,0.0000,52.0000,1,0,3287,1345,120,6
L003287,O01344,C0119,Customer 0119,North,Business,customer119@example.com,2025-10-18,2025-10,Online,Completed,True,P003,Shelf 003,Storage,199.00,3,199.00,0,0,,597.00,0.00,597.00,0.00,597.00,3,0,3288,1345,120,4
L003288,O01345,C0027,Customer 0027,North,Consumer,customer27@example.com,2025-01-20,2025-01,Store,Completed,True,P023,Shelf 023,Storage,68.00,5,68.00,0.00,0,,340.00,0.0000,340.0000,0.0000,340.0000,5,0,3289,1346,28,24
L003289,O01345,C0027,Customer 0027,North,Consumer,customer27@example.com,2025-01-20,2025-01,Store,Completed,True,P012,Desk 012,Furniture,134.00,2,134.00,0.10,0,,268.00,26.8000,241.2000,0.0000,241.2000,2,0,3290,1346,28,13
L003290,O01345,C0027,Customer 0027,North,Consumer,customer27@example.com,2025-01-20,2025-01,Store,Completed,True,P010,Chair 010,Furniture,211.00,3,211.00,0.05,0,,633.00,31.6500,601.3500,0.0000,601.3500,3,0,3291,1346,28,11
L003291,O01346,C0133,Customer 0133,South,Consumer,customer133@example.com,2025-10-03,2025-10,Store,Completed,True,P011,Shelf 011,Storage,80.00,5,80.00,0.20,0,,400.00,80.0000,320.0000,0.0000,320.0000,5,0,3292,1347,134,12
L003292,O01346,C0133,Customer 0133,South,Consumer,customer133@example.com,2025-10-03,2025-10,Store,Completed,True,P001,Lamp 001,Lighting,122.00,3,122.00,0.00,0,,366.00,0.0000,366.0000,0.0000,366.0000,3,0,3293,1347,134,2
L003293,O01346,C0133,Customer 0133,South,Consumer,customer133@example.com,2025-10-03,2025-10,Store,Completed,True,P021,Lamp 021,Lighting,249.00,3,249.00,0.05,0,,747.00,37.3500,709.6500,0.0000,709.6500,3,0,3294,1347,134,22
L003294,O01346,C0133,Customer 0133,South,Consumer,customer133@example.com,2025-10-03,2025-10,Store,Completed,True,P003,Shelf 003,Storage,199.00,5,199.00,0.05,0,,995.00,49.7500,945.2500,0.0000,945.2500,5,0,3295,1347,134,4
L003295,O01347,C0047,Customer 0047,West,Consumer,customer47@example.com,2025-07-22,2025-07,Store,Completed,True,P009,Lamp 009,Lighting,93.00,3,93.00,0.10,0,,279.00,27.9000,251.1000,0.0000,251.1000,3,0,3296,1348,48,10
L003296,O01347,C0047,Customer 0047,West,Consumer,customer47@example.com,2025-07-22,2025-07,Store,Completed,True,P007,Shelf 007,Storage,35.00,3,35.00,0.05,0,,105.00,5.2500,99.7500,0.0000,99.7500,3,0,3297,1348,48,8
L003297,O01347,C0047,Customer 0047,West,Consumer,customer47@example.com,2025-07-22,2025-07,Store,Completed,True,P005,Lamp 005,Lighting,65.00,1,65.00,0.10,0,,65.00,6.5000,58.5000,0.0000,58.5000,1,0,3298,1348,48,6
L003298,O01348,C0009,Customer 0009,South,Business,customer9@example.com,2025-07-24,2025-07,Store,Completed,True,P016,Desk 016,Furniture,231.00,1,231.00,0.20,0,,231.00,46.2000,184.8000,0.0000,184.8000,1,0,3299,1349,10,17
L003299,O01348,C0009,Customer 0009,South,Business,customer9@example.com,2025-07-24,2025-07,Store,Completed,True,P021,Lamp 021,Lighting,249.00,2,249.00,0.20,0,,498.00,99.6000,398.4000,0.0000,398.4000,2,0,3300,1349,10,22
L003300,O01348,C0009,Customer 0009,South,Business,customer9@example.com,2025-07-24,2025-07,Store,Completed,True,P011,Shelf 011,Storage,80.00,3,80.00,0.10,0,,240.00,24.0000,216.0000,0.0000,216.0000,3,0,3301,1349,10,12
L003301,O01348,C0009,Customer 0009,South,Business,customer9@example.com,2025-07-24,2025-07,Store,Completed,True,P024,Desk 024,Furniture,81.00,5,81.00,0.05,0,,405.00,20.2500,384.7500,0.0000,384.7500,5,0,3302,1349,10,25
L003302,O01349,C0297,Customer 0297,East,Business,customer297@example.com,2025-07-25,2025-07,Online,Completed,True,P020,Desk 020,Furniture,189.00,5,189.00,0.10,0,,945.00,94.5000,850.5000,0.0000,850.5000,5,0,3303,1350,298,21
L003303,O01349,C0297,Customer 0297,East,Business,customer297@example.com,2025-07-25,2025-07,Online,Completed,True,P016,Desk 016,Furniture,231.00,4,231.00,0.10,0,,924.00,92.4000,831.6000,0.0000,831.6000,4,0,3304,1350,298,17
L003304,O01349,C0297,Customer 0297,East,Business,customer297@example.com,2025-07-25,2025-07,Online,Completed,True,P018,Chair 018,Furniture,269.00,3,269.00,0.10,0,,807.00,80.7000,726.3000,0.0000,726.3000,3,0,3305,1350,298,19
L003305,O01349,C0297,Customer 0297,East,Business,customer297@example.com,2025-07-25,2025-07,Online,Completed,True,P007,Shelf 007,Storage,35.00,4,35.00,0.05,0,,140.00,7.0000,133.0000,0.0000,133.0000,4,0,3306,1350,298,8
L003306,O01350,C0184,Customer 0184,West,Business,customer184@example.com,2025-11-20,2025-11,Store,Completed,True,P007,Shelf 007,Storage,35.00,5,35.00,0.10,1,2025-11-26,175.00,17.5000,157.5000,63.0000,94.5000,5,2,3307,1351,185,8
L003307,O01351,C0255,Customer 0255,South,Business,customer255@example.com,2025-09-07,2025-09,Store,Completed,True,P006,Chair 006,Furniture,196.00,3,196.00,0.20,0,,588.00,117.6000,470.4000,0.0000,470.4000,3,0,3308,1352,256,7
L003308,O01351,C0255,Customer 0255,South,Business,customer255@example.com,2025-09-07,2025-09,Store,Completed,True,P021,Lamp 021,Lighting,249.00,1,249.00,0.00,0,,249.00,0.0000,249.0000,0.0000,249.0000,1,0,3309,1352,256,22
L003309,O01351,C0255,Customer 0255,South,Business,customer255@example.com,2025-09-07,2025-09,Store,Completed,True,P022,Chair 022,Furniture,134.00,3,134.00,0.00,0,,402.00,0.0000,402.0000,0.0000,402.0000,3,0,3310,1352,256,23
L003310,O01352,C0230,Customer 0230,East,Consumer,customer230@example.com,2025-04-26,2025-04,Store,Completed,True,P009,Lamp 009,Lighting,93.00,1,93.00,0.10,0,,93.00,9.3000,83.7000,0.0000,83.7000,1,0,3311,1353,231,10
L003311,O01352,C0230,Customer 0230,East,Consumer,customer230@example.com,2025-04-26,2025-04,Store,Completed,True,P001,Lamp 001,Lighting,122.00,1,122.00,0.10,0,,122.00,12.2000,109.8000,0.0000,109.8000,1,0,3312,1353,231,2
L003312,O01352,C0230,Customer 0230,East,Consumer,customer230@example.com,2025-04-26,2025-04,Store,Completed,True,P013,Lamp 013,Lighting,271.00,5,271.00,0.20,0,,1355.00,271.0000,1084.0000,0.0000,1084.0000,5,0,3313,1353,231,14
L003313,O01352,C0230,Customer 0230,East,Consumer,customer230@example.com,2025-04-26,2025-04,Store,Completed,True,P021,Lamp 021,Lighting,249.00,4,249.00,0.05,0,,996.00,49.8000,946.2000,0.0000,946.2000,4,0,3314,1353,231,22
L003314,O01353,C0023,Customer 0023,South,Consumer,customer23@example.com,2025-03-08,2025-03,Online,Completed,True,P001,Lamp 001,Lighting,122.00,5,122.00,0.00,0,,610.00,0.0000,610.0000,0.0000,610.0000,5,0,3315,1354,24,2
L003315,O01354,C0296,Customer 0296,East,Business,customer296@example.com,2025-09-03,2025-09,Online,Completed,True,P001,Lamp 001,Lighting,122.00,5,122.00,0.10,0,,610.00,61.0000,549.0000,0.0000,549.0000,5,0,3316,1355,297,2
L003316,O01354,C0296,Customer 0296,East,Business,customer296@example.com,2025-09-03,2025-09,Online,Completed,True,P021,Lamp 021,Lighting,249.00,5,249.00,0.20,0,,1245.00,249.0000,996.0000,0.0000,996.0000,5,0,3317,1355,297,22
L003317,O01354,C0296,Customer 0296,East,Business,customer296@example.com,2025-09-03,2025-09,Online,Completed,True,P018,Chair 018,Furniture,269.00,4,269.00,0.05,0,,1076.00,53.8000,1022.2000,0.0000,1022.2000,4,0,3318,1355,297,19
L003318,O01354,C0296,Customer 0296,East,Business,customer296@example.com,2025-09-03,2025-09,Online,Completed,True,P016,Desk 016,Furniture,231.00,4,231.00,0,0,,924.00,0.00,924.00,0.00,924.00,4,0,3319,1355,297,17
L003319,O01355,C0009,Customer 0009,South,Business,customer9@example.com,2025-05-13,2025-05,Online,Completed,True,P018,Chair 018,Furniture,269.00,2,269.00,0.20,0,,538.00,107.6000,430.4000,0.0000,430.4000,2,0,3320,1356,10,19
L003320,O01356,C0161,Customer 0161,West,Consumer,customer161@example.com,2025-02-01,2025-02,Store,Completed,True,P009,Lamp 009,Lighting,93.00,5,93.00,0.20,0,,465.00,93.0000,372.0000,0.0000,372.0000,5,0,3321,1357,162,10
L003321,O01356,C0161,Customer 0161,West,Consumer,customer161@example.com,2025-02-01,2025-02,Store,Completed,True,P003,Shelf 003,Storage,199.00,1,199.00,0.20,0,,199.00,39.8000,159.2000,0.0000,159.2000,1,0,3322,1357,162,4
L003322,O01356,C0161,Customer 0161,West,Consumer,customer161@example.com,2025-02-01,2025-02,Store,Completed,True,P009,Lamp 009,Lighting,93.00,3,93.00,0.05,0,,279.00,13.9500,265.0500,0.0000,265.0500,3,0,3323,1357,162,10
L003323,O01357,C0257,Customer 0257,North,Business,customer257@example.com,2025-07-18,2025-07,Store,Completed,True,P013,Lamp 013,Lighting,271.00,1,271.00,0.10,0,,271.00,27.1000,243.9000,0.0000,243.9000,1,0,3324,1358,258,14
L003324,O01357,C0257,Customer 0257,North,Business,customer257@example.com,2025-07-18,2025-07,Store,Completed,True,P014,Chair 014,Furniture,294.00,5,294.00,0.00,0,,1470.00,0.0000,1470.0000,0.0000,1470.0000,5,0,3325,1358,258,15
L003325,O01358,C0129,Customer 0129,North,Business,customer129@example.com,2025-09-01,2025-09,Store,Cancelled,False,P024,Desk 024,Furniture,81.00,4,81.00,0.20,0,,324.00,64.8000,259.2000,0.0000,259.2000,4,0,3326,1359,130,25
L003326,O01358,C0129,Customer 0129,North,Business,customer129@example.com,2025-09-01,2025-09,Store,Cancelled,False,P024,Desk 024,Furniture,81.00,5,81.00,0.20,0,,405.00,81.0000,324.0000,0.0000,324.0000,5,0,3327,1359,130,25
L003327,O01358,C0129,Customer 0129,North,Business,customer129@example.com,2025-09-01,2025-09,Store,Cancelled,False,P012,Desk 012,Furniture,134.00,4,134.00,0.10,0,,536.00,53.6000,482.4000,0.0000,482.4000,4,0,3328,1359,130,13
L003328,O01359,C0191,Customer 0191,North,Consumer,customer191@example.com,2025-12-19,2025-12,Online,Completed,True,P014,Chair 014,Furniture,294.00,1,294.00,0.05,0,,294.00,14.7000,279.3000,0.0000,279.3000,1,0,3329,1360,192,15
L003329,O01359,C0191,Customer 0191,North,Consumer,customer191@example.com,2025-12-19,2025-12,Online,Completed,True,P008,Desk 008,Furniture,188.00,1,188.00,0.05,0,,188.00,9.4000,178.6000,0.0000,178.6000,1,0,3330,1360,192,9
L003330,O01359,C0191,Customer 0191,North,Consumer,customer191@example.com,2025-12-19,2025-12,Online,Completed,True,P017,Lamp 017,Lighting,300.00,5,300.00,0.10,0,,1500.00,150.0000,1350.0000,0.0000,1350.0000,5,0,3331,1360,192,18
L003331,O01359,C0191,Customer 0191,North,Consumer,customer191@example.com,2025-12-19,2025-12,Online,Completed,True,P020,Desk 020,Furniture,189.00,2,189.00,0.05,0,,378.00,18.9000,359.1000,0.0000,359.1000,2,0,3332,1360,192,21
L003332,O01360,C0142,Customer 0142,West,Business,customer142@example.com,2025-06-08,2025-06,Online,Completed,True,P008,Desk 008,Furniture,188.00,2,188.00,0.00,0,,376.00,0.0000,376.0000,0.0000,376.0000,2,0,3333,1361,143,9
L003333,O01361,C0050,Customer 0050,North,Business,customer50@example.com,2025-07-27,2025-07,Online,Completed,True,P024,Desk 024,Furniture,81.00,2,81.00,0.05,0,,162.00,8.1000,153.9000,0.0000,153.9000,2,0,3334,1362,51,25
L003334,O01361,C0050,Customer 0050,North,Business,customer50@example.com,2025-07-27,2025-07,Online,Completed,True,P015,Shelf 015,Storage,254.00,1,254.00,0.05,0,,254.00,12.7000,241.3000,0.0000,241.3000,1,0,3335,1362,51,16
L003335,O01361,C0050,Customer 0050,North,Business,customer50@example.com,2025-07-27,2025-07,Online,Completed,True,P005,Lamp 005,Lighting,65.00,2,65.00,0.05,0,,130.00,6.5000,123.5000,0.0000,123.5000,2,0,3336,1362,51,6
L003336,O01362,C0245,Customer 0245,North,Consumer,customer245@example.com,2025-05-09,2025-05,Online,Completed,True,P013,Lamp 013,Lighting,271.00,2,271.00,0.20,0,,542.00,108.4000,433.6000,0.0000,433.6000,2,0,3337,1363,246,14
L003337,O01363,C0300,Customer 0300,West,Consumer,customer300@example.com,2025-11-25,2025-11,Online,Completed,True,P008,Desk 008,Furniture,188.00,4,188.00,0.00,0,,752.00,0.0000,752.0000,0.0000,752.0000,4,0,3338,1364,301,9
L003338,O01363,C0300,Customer 0300,West,Consumer,customer300@example.com,2025-11-25,2025-11,Online,Completed,True,P014,Chair 014,Furniture,294.00,1,294.00,0.00,0,,294.00,0.0000,294.0000,0.0000,294.0000,1,0,3339,1364,301,15
L003339,O01363,C0300,Customer 0300,West,Consumer,customer300@example.com,2025-11-25,2025-11,Online,Completed,True,P021,Lamp 021,Lighting,249.00,3,249.00,0.05,0,,747.00,37.3500,709.6500,0.0000,709.6500,3,0,3340,1364,301,22
L003340,O01364,C0117,Customer 0117,North,Consumer,customer117@example.com,2025-08-03,2025-08,Store,Completed,True,P007,Shelf 007,Storage,35.00,2,35.00,0.05,0,,70.00,3.5000,66.5000,0.0000,66.5000,2,0,3341,1365,118,8
L003341,O01364,C0117,Customer 0117,North,Consumer,customer117@example.com,2025-08-03,2025-08,Store,Completed,True,P024,Desk 024,Furniture,81.00,4,81.00,0.05,0,,324.00,16.2000,307.8000,0.0000,307.8000,4,0,3342,1365,118,25
L003342,O01365,C0163,Customer 0163,South,Consumer,customer163@example.com,2025-07-31,2025-07,Store,Completed,True,P009,Lamp 009,Lighting,93.00,2,93.00,0.00,0,,186.00,0.0000,186.0000,0.0000,186.0000,2,0,3343,1366,164,10
L003343,O01365,C0163,Customer 0163,South,Consumer,customer163@example.com,2025-07-31,2025-07,Store,Completed,True,P018,Chair 018,Furniture,269.00,5,269.00,0.10,1,2025-08-14,1345.00,134.5000,1210.5000,1210.5000,0.0000,5,5,3344,1366,164,19
L003344,O01365,C0163,Customer 0163,South,Consumer,customer163@example.com,2025-07-31,2025-07,Store,Completed,True,P024,Desk 024,Furniture,81.00,3,81.00,0.00,1,2025-08-29,243.00,0.0000,243.0000,243.0000,0.0000,3,3,3345,1366,164,25
L003345,O01365,C0163,Customer 0163,South,Consumer,customer163@example.com,2025-07-31,2025-07,Store,Completed,True,P008,Desk 008,Furniture,188.00,1,188.00,0.05,0,,188.00,9.4000,178.6000,0.0000,178.6000,1,0,3346,1366,164,9
L003346,O01366,C0216,Customer 0216,North,Consumer,customer216@example.com,2025-10-26,2025-10,Online,Completed,True,P021,Lamp 021,Lighting,249.00,5,249.00,0.10,0,,1245.00,124.5000,1120.5000,0.0000,1120.5000,5,0,3347,1367,217,22
L003347,O01366,C0216,Customer 0216,North,Consumer,customer216@example.com,2025-10-26,2025-10,Online,Completed,True,P007,Shelf 007,Storage,35.00,3,35.00,0.05,0,,105.00,5.2500,99.7500,0.0000,99.7500,3,0,3348,1367,217,8
L003348,O01366,C0216,Customer 0216,North,Consumer,customer216@example.com,2025-10-26,2025-10,Online,Completed,True,P004,Desk 004,Furniture,123.00,2,123.00,0.10,0,,246.00,24.6000,221.4000,0.0000,221.4000,2,0,3349,1367,217,5
L003349,O01366,C0216,Customer 0216,North,Consumer,customer216@example.com,2025-10-26,2025-10,Online,Completed,True,P004,Desk 004,Furniture,123.00,4,123.00,0,0,,492.00,0.00,492.00,0.00,492.00,4,0,3350,1367,217,5
L003350,O01367,C0035,Customer 0035,South,Business,,2025-04-02,2025-04,Online,Completed,True,P013,Lamp 013,Lighting,271.00,5,271.00,0.05,0,,1355.00,67.7500,1287.2500,0.0000,1287.2500,5,0,3351,1368,36,14
L003351,O01368,C0060,Customer 0060,South,Business,customer60@example.com,2025-08-22,2025-08,Store,Completed,True,P021,Lamp 021,Lighting,249.00,4,249.00,0.20,0,,996.00,199.2000,796.8000,0.0000,796.8000,4,0,3352,1369,61,22
L003352,O01368,C0060,Customer 0060,South,Business,customer60@example.com,2025-08-22,2025-08,Store,Completed,True,P001,Lamp 001,Lighting,122.00,3,122.00,0.00,0,,366.00,0.0000,366.0000,0.0000,366.0000,3,0,3353,1369,61,2
L003353,O01368,C0060,Customer 0060,South,Business,customer60@example.com,2025-08-22,2025-08,Store,Completed,True,P007,Shelf 007,Storage,35.00,4,35.00,0.00,0,,140.00,0.0000,140.0000,0.0000,140.0000,4,0,3354,1369,61,8
L003354,O01368,C0060,Customer 0060,South,Business,customer60@example.com,2025-08-22,2025-08,Store,Completed,True,P023,Shelf 023,Storage,68.00,3,68.00,0.05,1,2025-09-08,204.00,10.2000,193.8000,193.8000,0.0000,3,3,3355,1369,61,24
L003355,O01369,C0220,Customer 0220,North,Business,customer220@example.com,2025-12-22,2025-12,Online,Completed,True,P024,Desk 024,Furniture,81.00,3,81.00,0.05,0,,243.00,12.1500,230.8500,0.0000,230.8500,3,0,3356,1370,221,25
L003356,O01370,C0169,Customer 0169,North,Consumer,customer169@example.com,2025-03-04,2025-03,Store,Cancelled,False,P019,Shelf 019,Storage,78.00,3,78.00,0.00,0,,234.00,0.0000,234.0000,0.0000,234.0000,3,0,3357,1371,170,20
L003357,O01371,C0095,Customer 0095,East,Consumer,customer95@example.com,2025-02-05,2025-02,Store,Completed,True,P017,Lamp 017,Lighting,300.00,2,300.00,0.05,1,2025-03-07,600.00,30.0000,570.0000,570.0000,0.0000,2,2,3358,1372,96,18
L003358,O01371,C0095,Customer 0095,East,Consumer,customer95@example.com,2025-02-05,2025-02,Store,Completed,True,P005,Lamp 005,Lighting,65.00,4,65.00,0.20,0,,260.00,52.0000,208.0000,0.0000,208.0000,4,0,3359,1372,96,6
L003359,O01371,C0095,Customer 0095,East,Consumer,customer95@example.com,2025-02-05,2025-02,Store,Completed,True,P021,Lamp 021,Lighting,249.00,4,249.00,0.20,0,,996.00,199.2000,796.8000,0.0000,796.8000,4,0,3360,1372,96,22
L003360,O01372,C0142,Customer 0142,West,Business,customer142@example.com,2025-03-20,2025-03,Online,Cancelled,False,P005,Lamp 005,Lighting,65.00,2,65.00,0.00,0,,130.00,0.0000,130.0000,0.0000,130.0000,2,0,3361,1373,143,6
L003361,O01372,C0142,Customer 0142,West,Business,customer142@example.com,2025-03-20,2025-03,Online,Cancelled,False,P008,Desk 008,Furniture,188.00,5,188.00,0.00,0,,940.00,0.0000,940.0000,0.0000,940.0000,5,0,3362,1373,143,9
L003362,O01372,C0142,Customer 0142,West,Business,customer142@example.com,2025-03-20,2025-03,Online,Cancelled,False,P005,Lamp 005,Lighting,65.00,5,65.00,0.00,0,,325.00,0.0000,325.0000,0.0000,325.0000,5,0,3363,1373,143,6
L003363,O01373,C0047,Customer 0047,West,Consumer,customer47@example.com,2025-06-22,2025-06,Online,Completed,True,P007,Shelf 007,Storage,35.00,4,35.00,0.10,0,,140.00,14.0000,126.0000,0.0000,126.0000,4,0,3364,1374,48,8
L003364,O01373,C0047,Customer 0047,West,Consumer,customer47@example.com,2025-06-22,2025-06,Online,Completed,True,P013,Lamp 013,Lighting,271.00,3,271.00,0.10,0,,813.00,81.3000,731.7000,0.0000,731.7000,3,0,3365,1374,48,14
L003365,O01373,C0047,Customer 0047,West,Consumer,customer47@example.com,2025-06-22,2025-06,Online,Completed,True,P005,Lamp 005,Lighting,65.00,5,65.00,0.00,0,,325.00,0.0000,325.0000,0.0000,325.0000,5,0,3366,1374,48,6
L003366,O01374,C0147,Customer 0147,East,Business,customer147@example.com,2025-09-21,2025-09,Store,Completed,True,P021,Lamp 021,Lighting,249.00,4,249.00,0.00,1,2025-09-25,996.00,0.0000,996.0000,747.0000,249.0000,4,3,3367,1375,148,22
L003367,O01374,C0147,Customer 0147,East,Business,customer147@example.com,2025-09-21,2025-09,Store,Completed,True,P009,Lamp 009,Lighting,93.00,3,93.00,0.05,0,,279.00,13.9500,265.0500,0.0000,265.0500,3,0,3368,1375,148,10
L003368,O01374,C0147,Customer 0147,East,Business,customer147@example.com,2025-09-21,2025-09,Store,Completed,True,P022,Chair 022,Furniture,134.00,2,134.00,0.05,0,,268.00,13.4000,254.6000,0.0000,254.6000,2,0,3369,1375,148,23
L003369,O01375,C0005,Customer 0005,South,Business,customer5@example.com,2025-04-27,2025-04,Online,Completed,True,P022,Chair 022,Furniture,134.00,1,134.00,0.00,0,,134.00,0.0000,134.0000,0.0000,134.0000,1,0,3370,1376,6,23
L003370,O01375,C0005,Customer 0005,South,Business,customer5@example.com,2025-04-27,2025-04,Online,Completed,True,P012,Desk 012,Furniture,134.00,3,134.00,0.10,0,,402.00,40.2000,361.8000,0.0000,361.8000,3,0,3371,1376,6,13
L003371,O01375,C0005,Customer 0005,South,Business,customer5@example.com,2025-04-27,2025-04,Online,Completed,True,P024,Desk 024,Furniture,81.00,5,81.00,0.00,0,,405.00,0.0000,405.0000,0.0000,405.0000,5,0,3372,1376,6,25
L003372,O01376,C0054,Customer 0054,East,Business,customer54@example.com,2025-05-16,2025-05,Online,Completed,True,P010,Chair 010,Furniture,211.00,2,211.00,0.20,1,2025-06-07,422.00,84.4000,337.6000,168.8000,168.8000,2,1,3373,1377,55,11
L003373,O01376,C0054,Customer 0054,East,Business,customer54@example.com,2025-05-16,2025-05,Online,Completed,True,P016,Desk 016,Furniture,231.00,5,231.00,0.10,0,,1155.00,115.5000,1039.5000,0.0000,1039.5000,5,0,3374,1377,55,17
L003374,O01376,C0054,Customer 0054,East,Business,customer54@example.com,2025-05-16,2025-05,Online,Completed,True,P005,Lamp 005,Lighting,65.00,2,65.00,0.20,0,,130.00,26.0000,104.0000,0.0000,104.0000,2,0,3375,1377,55,6
L003375,O01377,C0261,Customer 0261,West,Consumer,customer261@example.com,2025-10-16,2025-10,Store,Cancelled,False,P008,Desk 008,Furniture,188.00,4,188.00,0.00,0,,752.00,0.0000,752.0000,0.0000,752.0000,4,0,3376,1378,262,9
L003376,O01377,C0261,Customer 0261,West,Consumer,customer261@example.com,2025-10-16,2025-10,Store,Cancelled,False,P018,Chair 018,Furniture,269.00,1,269.00,0.10,0,,269.00,26.9000,242.1000,0.0000,242.1000,1,0,3377,1378,262,19
L003377,O01377,C0261,Customer 0261,West,Consumer,customer261@example.com,2025-10-16,2025-10,Store,Cancelled,False,P015,Shelf 015,Storage,254.00,1,254.00,0.20,0,,254.00,50.8000,203.2000,0.0000,203.2000,1,0,3378,1378,262,16
L003378,O01378,C0198,Customer 0198,West,Consumer,customer198@example.com,2025-07-04,2025-07,Online,Completed,True,P014,Chair 014,Furniture,294.00,2,294.00,0.05,0,,588.00,29.4000,558.6000,0.0000,558.6000,2,0,3379,1379,199,15
L003379,O01378,C0198,Customer 0198,West,Consumer,customer198@example.com,2025-07-04,2025-07,Online,Completed,True,P011,Shelf 011,Storage,80.00,1,80.00,0.20,0,,80.00,16.0000,64.0000,0.0000,64.0000,1,0,3380,1379,199,12
L003380,O01378,C0198,Customer 0198,West,Consumer,customer198@example.com,2025-07-04,2025-07,Online,Completed,True,P006,Chair 006,Furniture,196.00,1,196.00,0.2,0,,196.00,39.200,156.800,0.000,156.800,1,0,3381,1379,199,7
L003381,O01378,C0198,Customer 0198,West,Consumer,customer198@example.com,2025-07-04,2025-07,Online,Completed,True,P020,Desk 020,Furniture,189.00,1,189.00,0.05,0,,189.00,9.4500,179.5500,0.0000,179.5500,1,0,3382,1379,199,21
L003382,O01379,C0045,Customer 0045,North,Consumer,customer45@example.com,2025-04-04,2025-04,Store,Completed,True,P009,Lamp 009,Lighting,93.00,2,93.00,0.00,0,,186.00,0.0000,186.0000,0.0000,186.0000,2,0,3383,1380,46,10
L003383,O01379,C0045,Customer 0045,North,Consumer,customer45@example.com,2025-04-04,2025-04,Store,Completed,True,P018,Chair 018,Furniture,269.00,1,269.00,0.20,0,,269.00,53.8000,215.2000,0.0000,215.2000,1,0,3384,1380,46,19
L003384,O01379,C0045,Customer 0045,North,Consumer,customer45@example.com,2025-04-04,2025-04,Store,Completed,True,P011,Shelf 011,Storage,80.00,4,80.00,0.20,0,,320.00,64.0000,256.0000,0.0000,256.0000,4,0,3385,1380,46,12
L003385,O01379,C0045,Customer 0045,North,Consumer,customer45@example.com,2025-04-04,2025-04,Store,Completed,True,P001,Lamp 001,Lighting,122.00,2,122.00,0.05,0,,244.00,12.2000,231.8000,0.0000,231.8000,2,0,3386,1380,46,2
L003386,O01380,C0270,Customer 0270,East,Business,customer270@example.com,2025-01-11,2025-01,Online,Completed,True,P014,Chair 014,Furniture,294.00,1,294.00,0.10,0,,294.00,29.4000,264.6000,0.0000,264.6000,1,0,3387,1381,271,15
L003387,O01380,C0270,Customer 0270,East,Business,customer270@example.com,2025-01-11,2025-01,Online,Completed,True,P016,Desk 016,Furniture,231.00,1,231.00,0.00,0,,231.00,0.0000,231.0000,0.0000,231.0000,1,0,3388,1381,271,17
L003388,O01381,C0001,Customer 0001,East,Business,,2025-06-08,2025-06,Store,Completed,True,P007,Shelf 007,Storage,35.00,3,35.00,0.10,0,,105.00,10.5000,94.5000,0.0000,94.5000,3,0,3389,1382,2,8
L003389,O01382,C0075,Customer 0075,South,Business,customer75@example.com,2025-04-25,2025-04,Store,Completed,True,P005,Lamp 005,Lighting,65.00,2,65.00,0.20,0,,130.00,26.0000,104.0000,0.0000,104.0000,2,0,3390,1383,76,6
L003390,O01382,C0075,Customer 0075,South,Business,customer75@example.com,2025-04-25,2025-04,Store,Completed,True,P003,Shelf 003,Storage,199.00,5,199.00,0.00,0,,995.00,0.0000,995.0000,0.0000,995.0000,5,0,3391,1383,76,4
L003391,O01382,C0075,Customer 0075,South,Business,customer75@example.com,2025-04-25,2025-04,Store,Completed,True,P005,Lamp 005,Lighting,65.00,5,65.00,0.00,0,,325.00,0.0000,325.0000,0.0000,325.0000,5,0,3392,1383,76,6
L003392,O01382,C0075,Customer 0075,South,Business,customer75@example.com,2025-04-25,2025-04,Store,Completed,True,P016,Desk 016,Furniture,231.00,2,231.00,0.10,0,,462.00,46.2000,415.8000,0.0000,415.8000,2,0,3393,1383,76,17
L003393,O01383,C0146,Customer 0146,South,Consumer,customer146@example.com,2025-07-21,2025-07,Store,Completed,True,P009,Lamp 009,Lighting,93.00,1,93.00,0.00,1,2025-07-30,93.00,0.0000,93.0000,93.0000,0.0000,1,1,3394,1384,147,10
L003394,O01383,C0146,Customer 0146,South,Consumer,customer146@example.com,2025-07-21,2025-07,Store,Completed,True,P016,Desk 016,Furniture,231.00,1,231.00,0.20,0,,231.00,46.2000,184.8000,0.0000,184.8000,1,0,3395,1384,147,17
L003395,O01383,C0146,Customer 0146,South,Consumer,customer146@example.com,2025-07-21,2025-07,Store,Completed,True,P015,Shelf 015,Storage,254.00,3,254.00,0.10,0,,762.00,76.2000,685.8000,0.0000,685.8000,3,0,3396,1384,147,16
L003396,O01384,C0085,Customer 0085,South,Consumer,customer85@example.com,2025-02-21,2025-02,Online,Completed,True,P020,Desk 020,Furniture,189.00,5,189.00,0.20,0,,945.00,189.0000,756.0000,0.0000,756.0000,5,0,3397,1385,86,21
L003397,O01384,C0085,Customer 0085,South,Consumer,customer85@example.com,2025-02-21,2025-02,Online,Completed,True,P020,Desk 020,Furniture,189.00,1,189.00,0.20,0,,189.00,37.8000,151.2000,0.0000,151.2000,1,0,3398,1385,86,21
L003398,O01384,C0085,Customer 0085,South,Consumer,customer85@example.com,2025-02-21,2025-02,Online,Completed,True,P022,Chair 022,Furniture,134.00,5,134.00,0.05,0,,670.00,33.5000,636.5000,0.0000,636.5000,5,0,3399,1385,86,23
L003399,O01384,C0085,Customer 0085,South,Consumer,customer85@example.com,2025-02-21,2025-02,Online,Completed,True,P022,Chair 022,Furniture,134.00,3,134.00,0.05,0,,402.00,20.1000,381.9000,0.0000,381.9000,3,0,3400,1385,86,23
L003400,O01385,C0033,Customer 0033,South,Business,customer33@example.com,2025-04-12,2025-04,Store,Completed,True,P009,Lamp 009,Lighting,93.00,2,93.00,0.05,0,,186.00,9.3000,176.7000,0.0000,176.7000,2,0,3401,1386,34,10
L003401,O01385,C0033,Customer 0033,South,Business,customer33@example.com,2025-04-12,2025-04,Store,Completed,True,P021,Lamp 021,Lighting,249.00,1,249.00,0.00,0,,249.00,0.0000,249.0000,0.0000,249.0000,1,0,3402,1386,34,22
L003402,O01385,C0033,Customer 0033,South,Business,customer33@example.com,2025-04-12,2025-04,Store,Completed,True,P007,Shelf 007,Storage,35.00,3,35.00,0.05,1,2025-04-15,105.00,5.2500,99.7500,33.2500,66.5000,3,1,3403,1386,34,8
L003403,O01386,C0247,Customer 0247,North,Consumer,customer247@example.com,2025-11-10,2025-11,Store,Completed,True,P024,Desk 024,Furniture,81.00,2,81.00,0.05,1,2025-11-14,162.00,8.1000,153.9000,76.9500,76.9500,2,1,3404,1387,248,25
L003404,O01386,C0247,Customer 0247,North,Consumer,customer247@example.com,2025-11-10,2025-11,Store,Completed,True,P023,Shelf 023,Storage,68.00,4,68.00,0.05,0,,272.00,13.6000,258.4000,0.0000,258.4000,4,0,3405,1387,248,24
L003405,O01386,C0247,Customer 0247,North,Consumer,customer247@example.com,2025-11-10,2025-11,Store,Completed,True,P010,Chair 010,Furniture,211.00,3,211.00,0.20,0,,633.00,126.6000,506.4000,0.0000,506.4000,3,0,3406,1387,248,11
L003406,O01386,C0247,Customer 0247,North,Consumer,customer247@example.com,2025-11-10,2025-11,Store,Completed,True,P016,Desk 016,Furniture,231.00,2,231.00,0.00,0,,462.00,0.0000,462.0000,0.0000,462.0000,2,0,3407,1387,248,17
L003407,O01387,C0266,Customer 0266,North,Business,customer266@example.com,2025-06-26,2025-06,Online,Completed,True,P004,Desk 004,Furniture,123.00,2,123.00,0.05,0,,246.00,12.3000,233.7000,0.0000,233.7000,2,0,3408,1388,267,5
L003408,O01387,C0266,Customer 0266,North,Business,customer266@example.com,2025-06-26,2025-06,Online,Completed,True,P009,Lamp 009,Lighting,93.00,1,93.00,0.20,0,,93.00,18.6000,74.4000,0.0000,74.4000,1,0,3409,1388,267,10
L003409,O01387,C0266,Customer 0266,North,Business,customer266@example.com,2025-06-26,2025-06,Online,Completed,True,P018,Chair 018,Furniture,269.00,1,269.00,0.05,0,,269.00,13.4500,255.5500,0.0000,255.5500,1,0,3410,1388,267,19
L003410,O01387,C0266,Customer 0266,North,Business,customer266@example.com,2025-06-26,2025-06,Online,Completed,True,P023,Shelf 023,Storage,68.00,2,68.00,0.05,0,,136.00,6.8000,129.2000,0.0000,129.2000,2,0,3411,1388,267,24
L003411,O01388,C0038,Customer 0038,South,Consumer,customer38@example.com,2025-01-31,2025-01,Online,Completed,True,P013,Lamp 013,Lighting,271.00,4,271.00,0.1,0,,1084.00,108.400,975.600,0.000,975.600,4,0,3412,1389,39,14
L003412,O01389,C0018,Customer 0018,North,Consumer,,2025-10-09,2025-10,Online,Completed,True,P022,Chair 022,Furniture,134.00,1,134.00,0.10,0,,134.00,13.4000,120.6000,0.0000,120.6000,1,0,3413,1390,19,23
L003413,O01390,C0279,Customer 0279,South,Business,customer279@example.com,2025-02-17,2025-02,Store,Completed,True,P014,Chair 014,Furniture,294.00,5,294.00,0.20,0,,1470.00,294.0000,1176.0000,0.0000,1176.0000,5,0,3414,1391,280,15
L003414,O01391,C0029,Customer 0029,East,Consumer,customer29@example.com,2025-01-08,2025-01,Store,Completed,True,P006,Chair 006,Furniture,196.00,1,196.00,0.05,0,,196.00,9.8000,186.2000,0.0000,186.2000,1,0,3415,1392,30,7
L003415,O01392,C0169,Customer 0169,North,Consumer,customer169@example.com,2025-07-07,2025-07,Store,Completed,True,P009,Lamp 009,Lighting,93.00,2,93.00,0.10,0,,186.00,18.6000,167.4000,0.0000,167.4000,2,0,3416,1393,170,10
L003416,O01392,C0169,Customer 0169,North,Consumer,customer169@example.com,2025-07-07,2025-07,Store,Completed,True,P003,Shelf 003,Storage,199.00,3,199.00,0.20,0,,597.00,119.4000,477.6000,0.0000,477.6000,3,0,3417,1393,170,4
L003417,O01392,C0169,Customer 0169,North,Consumer,customer169@example.com,2025-07-07,2025-07,Store,Completed,True,P017,Lamp 017,Lighting,300.00,5,300.00,0.05,0,,1500.00,75.0000,1425.0000,0.0000,1425.0000,5,0,3418,1393,170,18
L003418,O01393,C0183,Customer 0183,East,Consumer,customer183@example.com,2025-09-14,2025-09,Online,Completed,True,P011,Shelf 011,Storage,80.00,3,80.00,0.00,0,,240.00,0.0000,240.0000,0.0000,240.0000,3,0,3419,1394,184,12
L003419,O01393,C0183,Customer 0183,East,Consumer,customer183@example.com,2025-09-14,2025-09,Online,Completed,True,P002,Chair 002,Furniture,284.00,2,284.00,0.20,0,,568.00,113.6000,454.4000,0.0000,454.4000,2,0,3420,1394,184,3
L003420,O01394,C0187,Customer 0187,North,Business,customer187@example.com,2025-04-14,2025-04,Store,Cancelled,False,P021,Lamp 021,Lighting,249.00,4,249.00,0.20,0,,996.00,199.2000,796.8000,0.0000,796.8000,4,0,3421,1395,188,22
L003421,O01394,C0187,Customer 0187,North,Business,customer187@example.com,2025-04-14,2025-04,Store,Cancelled,False,P018,Chair 018,Furniture,269.00,1,269.00,0.20,0,,269.00,53.8000,215.2000,0.0000,215.2000,1,0,3422,1395,188,19
L003422,O01394,C0187,Customer 0187,North,Business,customer187@example.com,2025-04-14,2025-04,Store,Cancelled,False,P012,Desk 012,Furniture,134.00,4,134.00,0.05,0,,536.00,26.8000,509.2000,0.0000,509.2000,4,0,3423,1395,188,13
L003423,O01395,C0215,Customer 0215,North,Consumer,customer215@example.com,2025-02-02,2025-02,Store,Completed,True,P013,Lamp 013,Lighting,271.00,5,271.00,0.10,0,,1355.00,135.5000,1219.5000,0.0000,1219.5000,5,0,3424,1396,216,14
L003424,O01395,C0215,Customer 0215,North,Consumer,customer215@example.com,2025-02-02,2025-02,Store,Completed,True,P012,Desk 012,Furniture,134.00,3,134.00,0.10,0,,402.00,40.2000,361.8000,0.0000,361.8000,3,0,3425,1396,216,13
L003425,O01395,C0215,Customer 0215,North,Consumer,customer215@example.com,2025-02-02,2025-02,Store,Completed,True,P006,Chair 006,Furniture,196.00,3,196.00,0.05,1,2025-02-16,588.00,29.4000,558.6000,372.4000,186.2000,3,2,3426,1396,216,7
L003426,O01395,C0215,Customer 0215,North,Consumer,customer215@example.com,2025-02-02,2025-02,Store,Completed,True,P011,Shelf 011,Storage,80.00,3,80.00,0.10,0,,240.00,24.0000,216.0000,0.0000,216.0000,3,0,3427,1396,216,12
L003427,O01396,C0113,Customer 0113,South,Consumer,customer113@example.com,2025-11-13,2025-11,Store,Cancelled,False,P020,Desk 020,Furniture,189.00,3,189.00,0.00,0,,567.00,0.0000,567.0000,0.0000,567.0000,3,0,3428,1397,114,21
L003428,O01397,C0081,Customer 0081,North,Consumer,customer81@example.com,2025-09-16,2025-09,Store,Cancelled,False,P016,Desk 016,Furniture,231.00,2,231.00,0.05,0,,462.00,23.1000,438.9000,0.0000,438.9000,2,0,3429,1398,82,17
L003429,O01397,C0081,Customer 0081,North,Consumer,customer81@example.com,2025-09-16,2025-09,Store,Cancelled,False,P007,Shelf 007,Storage,35.00,2,35.00,0.05,0,,70.00,3.5000,66.5000,0.0000,66.5000,2,0,3430,1398,82,8
L003430,O01397,C0081,Customer 0081,North,Consumer,customer81@example.com,2025-09-16,2025-09,Store,Cancelled,False,P013,Lamp 013,Lighting,271.00,4,271.00,0.00,0,,1084.00,0.0000,1084.0000,0.0000,1084.0000,4,0,3431,1398,82,14
L003431,O01397,C0081,Customer 0081,North,Consumer,customer81@example.com,2025-09-16,2025-09,Store,Cancelled,False,P013,Lamp 013,Lighting,271.00,4,271.00,0.20,0,,1084.00,216.8000,867.2000,0.0000,867.2000,4,0,3432,1398,82,14
L003432,O01398,C0264,Customer 0264,South,Business,customer264@example.com,2025-06-10,2025-06,Online,Completed,True,P002,Chair 002,Furniture,284.00,3,284.00,0.00,0,,852.00,0.0000,852.0000,0.0000,852.0000,3,0,3433,1399,265,3
L003433,O01398,C0264,Customer 0264,South,Business,customer264@example.com,2025-06-10,2025-06,Online,Completed,True,P015,Shelf 015,Storage,254.00,3,254.00,0.20,0,,762.00,152.4000,609.6000,0.0000,609.6000,3,0,3434,1399,265,16
L003434,O01399,C0141,Customer 0141,East,Consumer,customer141@example.com,2025-08-12,2025-08,Online,Completed,True,P005,Lamp 005,Lighting,65.00,2,65.00,0.20,0,,130.00,26.0000,104.0000,0.0000,104.0000,2,0,3435,1400,142,6
L003435,O01400,C0147,Customer 0147,East,Business,customer147@example.com,2025-12-29,2025-12,Online,Completed,True,P014,Chair 014,Furniture,294.00,5,294.00,0.05,0,,1470.00,73.5000,1396.5000,0.0000,1396.5000,5,0,3436,1401,148,15
L003436,O01400,C0147,Customer 0147,East,Business,customer147@example.com,2025-12-29,2025-12,Online,Completed,True,P013,Lamp 013,Lighting,271.00,4,271.00,0.20,0,,1084.00,216.8000,867.2000,0.0000,867.2000,4,0,3437,1401,148,14
L003437,O01401,C0053,Customer 0053,West,Business,customer53@example.com,2025-02-06,2025-02,Store,Completed,True,P024,Desk 024,Furniture,81.00,4,81.00,0.05,1,2025-02-15,324.00,16.2000,307.8000,307.8000,0.0000,4,4,3438,1402,54,25
L003438,O01401,C0053,Customer 0053,West,Business,customer53@example.com,2025-02-06,2025-02,Store,Completed,True,P007,Shelf 007,Storage,35.00,1,35.00,0.00,0,,35.00,0.0000,35.0000,0.0000,35.0000,1,0,3439,1402,54,8
L003439,O01401,C0053,Customer 0053,West,Business,customer53@example.com,2025-02-06,2025-02,Store,Completed,True,P017,Lamp 017,Lighting,300.00,3,300.00,0.00,0,,900.00,0.0000,900.0000,0.0000,900.0000,3,0,3440,1402,54,18
L003440,O01401,C0053,Customer 0053,West,Business,customer53@example.com,2025-02-06,2025-02,Store,Completed,True,P012,Desk 012,Furniture,134.00,3,134.00,0.20,0,,402.00,80.4000,321.6000,0.0000,321.6000,3,0,3441,1402,54,13
L003441,O01402,C0278,Customer 0278,North,Consumer,customer278@example.com,2025-04-16,2025-04,Online,Completed,True,P004,Desk 004,Furniture,123.00,3,123.00,0.05,0,,369.00,18.4500,350.5500,0.0000,350.5500,3,0,3442,1403,279,5
L003442,O01403,C0071,Customer 0071,West,Consumer,customer71@example.com,2025-02-20,2025-02,Store,Completed,True,P011,Shelf 011,Storage,80.00,1,80.00,0.1,1,2025-03-04,80.00,8.000,72.000,72.000,0.000,1,1,3443,1404,72,12
L003443,O01404,C0045,Customer 0045,North,Consumer,customer45@example.com,2025-03-26,2025-03,Online,Completed,True,P011,Shelf 011,Storage,80.00,3,80.00,0.20,0,,240.00,48.0000,192.0000,0.0000,192.0000,3,0,3444,1405,46,12
L003444,O01405,C0274,Customer 0274,North,Business,customer274@example.com,2025-06-12,2025-06,Online,Cancelled,False,P016,Desk 016,Furniture,231.00,2,231.00,0.20,0,,462.00,92.4000,369.6000,0.0000,369.6000,2,0,3445,1406,275,17
L003445,O01406,C0269,Customer 0269,East,Business,customer269@example.com,2025-11-10,2025-11,Store,Completed,True,P017,Lamp 017,Lighting,300.00,1,300.00,0.05,0,,300.00,15.0000,285.0000,0.0000,285.0000,1,0,3446,1407,270,18
L003446,O01406,C0269,Customer 0269,East,Business,customer269@example.com,2025-11-10,2025-11,Store,Completed,True,P004,Desk 004,Furniture,123.00,3,123.00,0.05,1,2025-12-09,369.00,18.4500,350.5500,233.7000,116.8500,3,2,3447,1407,270,5
L003447,O01406,C0269,Customer 0269,East,Business,customer269@example.com,2025-11-10,2025-11,Store,Completed,True,P007,Shelf 007,Storage,35.00,3,35.00,0.10,0,,105.00,10.5000,94.5000,0.0000,94.5000,3,0,3448,1407,270,8
L003448,O01407,C0007,Customer 0007,North,Consumer,customer7@example.com,2025-07-31,2025-07,Store,Completed,True,P006,Chair 006,Furniture,196.00,1,196.00,0.10,0,,196.00,19.6000,176.4000,0.0000,176.4000,1,0,3449,1408,8,7
L003449,O01407,C0007,Customer 0007,North,Consumer,customer7@example.com,2025-07-31,2025-07,Store,Completed,True,P015,Shelf 015,Storage,254.00,1,254.00,0.20,0,,254.00,50.8000,203.2000,0.0000,203.2000,1,0,3450,1408,8,16
L003450,O01408,C0053,Customer 0053,West,Business,customer53@example.com,2025-03-29,2025-03,Store,Completed,True,P001,Lamp 001,Lighting,122.00,1,122.00,0.00,1,2025-04-22,122.00,0.0000,122.0000,122.0000,0.0000,1,1,3451,1409,54,2
L003451,O01408,C0053,Customer 0053,West,Business,customer53@example.com,2025-03-29,2025-03,Store,Completed,True,P017,Lamp 017,Lighting,300.00,5,300.00,0.20,0,,1500.00,300.0000,1200.0000,0.0000,1200.0000,5,0,3452,1409,54,18
L003452,O01408,C0053,Customer 0053,West,Business,customer53@example.com,2025-03-29,2025-03,Store,Completed,True,P024,Desk 024,Furniture,81.00,4,81.00,0.20,1,2025-04-14,324.00,64.8000,259.2000,64.8000,194.4000,4,1,3453,1409,54,25
L003453,O01409,C0095,Customer 0095,East,Consumer,customer95@example.com,2025-08-16,2025-08,Online,Cancelled,False,P017,Lamp 017,Lighting,300.00,4,300.00,0.10,0,,1200.00,120.0000,1080.0000,0.0000,1080.0000,4,0,3454,1410,96,18
L003454,O01410,C0090,Customer 0090,West,Business,customer90@example.com,2025-05-15,2025-05,Online,Completed,True,P018,Chair 018,Furniture,269.00,4,269.00,0.05,1,2025-05-18,1076.00,53.8000,1022.2000,511.1000,511.1000,4,2,3455,1411,91,19
L003455,O01410,C0090,Customer 0090,West,Business,customer90@example.com,2025-05-15,2025-05,Online,Completed,True,P013,Lamp 013,Lighting,271.00,2,271.00,0.05,0,,542.00,27.1000,514.9000,0.0000,514.9000,2,0,3456,1411,91,14
L003456,O01411,C0092,Customer 0092,East,Consumer,customer92@example.com,2025-10-07,2025-10,Online,Completed,True,P005,Lamp 005,Lighting,65.00,2,65.00,0.20,0,,130.00,26.0000,104.0000,0.0000,104.0000,2,0,3457,1412,93,6
L003457,O01411,C0092,Customer 0092,East,Consumer,customer92@example.com,2025-10-07,2025-10,Online,Completed,True,P016,Desk 016,Furniture,231.00,1,231.00,0.10,0,,231.00,23.1000,207.9000,0.0000,207.9000,1,0,3458,1412,93,17
L003458,O01411,C0092,Customer 0092,East,Consumer,customer92@example.com,2025-10-07,2025-10,Online,Completed,True,P020,Desk 020,Furniture,189.00,4,189.00,0.00,0,,756.00,0.0000,756.0000,0.0000,756.0000,4,0,3459,1412,93,21
L003459,O01411,C0092,Customer 0092,East,Consumer,customer92@example.com,2025-10-07,2025-10,Online,Completed,True,P023,Shelf 023,Storage,68.00,5,68.00,0.05,0,,340.00,17.0000,323.0000,0.0000,323.0000,5,0,3460,1412,93,24
L003460,O01412,C0156,Customer 0156,South,Consumer,customer156@example.com,2025-12-11,2025-12,Online,Completed,True,P007,Shelf 007,Storage,35.00,4,35.00,0.00,0,,140.00,0.0000,140.0000,0.0000,140.0000,4,0,3461,1413,157,8
L003461,O01412,C0156,Customer 0156,South,Consumer,customer156@example.com,2025-12-11,2025-12,Online,Completed,True,P015,Shelf 015,Storage,254.00,3,254.00,0.05,0,,762.00,38.1000,723.9000,0.0000,723.9000,3,0,3462,1413,157,16
L003462,O01412,C0156,Customer 0156,South,Consumer,customer156@example.com,2025-12-11,2025-12,Online,Completed,True,P008,Desk 008,Furniture,188.00,2,188.00,0.20,0,,376.00,75.2000,300.8000,0.0000,300.8000,2,0,3463,1413,157,9
L003463,O01412,C0156,Customer 0156,South,Consumer,customer156@example.com,2025-12-11,2025-12,Online,Completed,True,P001,Lamp 001,Lighting,122.00,2,122.00,0.10,0,,244.00,24.4000,219.6000,0.0000,219.6000,2,0,3464,1413,157,2
L003464,O01413,C0206,Customer 0206,West,Business,customer206@example.com,2025-10-02,2025-10,Store,Completed,True,P007,Shelf 007,Storage,35.00,4,35.00,0.10,0,,140.00,14.0000,126.0000,0.0000,126.0000,4,0,3465,1414,207,8
L003465,O01413,C0206,Customer 0206,West,Business,customer206@example.com,2025-10-02,2025-10,Store,Completed,True,P002,Chair 002,Furniture,284.00,2,284.00,0.20,0,,568.00,113.6000,454.4000,0.0000,454.4000,2,0,3466,1414,207,3
L003466,O01414,C0018,Customer 0018,North,Consumer,,2025-12-14,2025-12,Online,Completed,True,P013,Lamp 013,Lighting,271.00,3,271.00,0.20,0,,813.00,162.6000,650.4000,0.0000,650.4000,3,0,3467,1415,19,14
L003467,O01415,C0204,Customer 0204,South,Consumer,customer204@example.com,2025-02-16,2025-02,Store,Completed,True,P020,Desk 020,Furniture,189.00,4,189.00,0.00,0,,756.00,0.0000,756.0000,0.0000,756.0000,4,0,3468,1416,205,21
L003468,O01415,C0204,Customer 0204,South,Consumer,customer204@example.com,2025-02-16,2025-02,Store,Completed,True,P020,Desk 020,Furniture,189.00,3,189.00,0.00,0,,567.00,0.0000,567.0000,0.0000,567.0000,3,0,3469,1416,205,21
L003469,O01416,C0173,Customer 0173,West,Consumer,customer173@example.com,2025-08-26,2025-08,Online,Completed,True,P005,Lamp 005,Lighting,65.00,5,65.00,0.20,0,,325.00,65.0000,260.0000,0.0000,260.0000,5,0,3470,1417,174,6
L003470,O01416,C0173,Customer 0173,West,Consumer,customer173@example.com,2025-08-26,2025-08,Online,Completed,True,P012,Desk 012,Furniture,134.00,3,134.00,0.10,0,,402.00,40.2000,361.8000,0.0000,361.8000,3,0,3471,1417,174,13
L003471,O01417,C0138,Customer 0138,South,Business,customer138@example.com,2025-04-29,2025-04,Store,Completed,True,P018,Chair 018,Furniture,269.00,5,269.00,0.05,0,,1345.00,67.2500,1277.7500,0.0000,1277.7500,5,0,3472,1418,139,19
L003472,O01418,C0222,Customer 0222,East,Consumer,,2025-05-06,2025-05,Store,Completed,True,P018,Chair 018,Furniture,269.00,3,269.00,0.00,0,,807.00,0.0000,807.0000,0.0000,807.0000,3,0,3473,1419,223,19
L003473,O01419,C0086,Customer 0086,North,Business,,2025-02-09,2025-02,Online,Completed,True,P012,Desk 012,Furniture,134.00,4,134.00,0.05,0,,536.00,26.8000,509.2000,0.0000,509.2000,4,0,3474,1420,87,13
L003474,O01420,C0244,Customer 0244,South,Consumer,customer244@example.com,2025-04-27,2025-04,Store,Cancelled,False,P014,Chair 014,Furniture,294.00,5,294.00,0.10,0,,1470.00,147.0000,1323.0000,0.0000,1323.0000,5,0,3475,1421,245,15
L003475,O01420,C0244,Customer 0244,South,Consumer,customer244@example.com,2025-04-27,2025-04,Store,Cancelled,False,P001,Lamp 001,Lighting,122.00,4,122.00,0.05,0,,488.00,24.4000,463.6000,0.0000,463.6000,4,0,3476,1421,245,2
L003476,O01420,C0244,Customer 0244,South,Consumer,customer244@example.com,2025-04-27,2025-04,Store,Cancelled,False,P010,Chair 010,Furniture,211.00,4,211.00,0.00,0,,844.00,0.0000,844.0000,0.0000,844.0000,4,0,3477,1421,245,11
L003477,O01420,C0244,Customer 0244,South,Consumer,customer244@example.com,2025-04-27,2025-04,Store,Cancelled,False,P012,Desk 012,Furniture,134.00,4,134.00,0.10,0,,536.00,53.6000,482.4000,0.0000,482.4000,4,0,3478,1421,245,13
L003478,O01421,C0026,Customer 0026,South,Consumer,customer26@example.com,2025-02-12,2025-02,Store,Completed,True,P012,Desk 012,Furniture,134.00,3,134.00,0.00,0,,402.00,0.0000,402.0000,0.0000,402.0000,3,0,3479,1422,27,13
L003479,O01422,C0224,Customer 0224,West,Consumer,customer224@example.com,2025-09-14,2025-09,Store,Completed,True,P004,Desk 004,Furniture,123.00,1,123.00,0.00,0,,123.00,0.0000,123.0000,0.0000,123.0000,1,0,3480,1423,225,5
L003480,O01422,C0224,Customer 0224,West,Consumer,customer224@example.com,2025-09-14,2025-09,Store,Completed,True,P024,Desk 024,Furniture,81.00,3,81.00,0.20,0,,243.00,48.6000,194.4000,0.0000,194.4000,3,0,3481,1423,225,25
L003481,O01423,C0264,Customer 0264,South,Business,customer264@example.com,2025-01-27,2025-01,Online,Completed,True,P015,Shelf 015,Storage,254.00,2,254.00,0.20,0,,508.00,101.6000,406.4000,0.0000,406.4000,2,0,3482,1424,265,16
L003482,O01423,C0264,Customer 0264,South,Business,customer264@example.com,2025-01-27,2025-01,Online,Completed,True,P007,Shelf 007,Storage,35.00,4,35.00,0.05,0,,140.00,7.0000,133.0000,0.0000,133.0000,4,0,3483,1424,265,8
L003483,O01424,C0049,Customer 0049,North,Consumer,customer49@example.com,2025-07-02,2025-07,Store,Completed,True,P019,Shelf 019,Storage,78.00,4,78.00,0.00,0,,312.00,0.0000,312.0000,0.0000,312.0000,4,0,3484,1425,50,20
L003484,O01425,C0050,Customer 0050,North,Business,customer50@example.com,2025-07-06,2025-07,Store,Completed,True,P003,Shelf 003,Storage,199.00,2,199.00,0.10,0,,398.00,39.8000,358.2000,0.0000,358.2000,2,0,3485,1426,51,4
L003485,O01426,C0179,Customer 0179,East,Consumer,customer179@example.com,2025-10-19,2025-10,Online,Completed,True,P013,Lamp 013,Lighting,271.00,5,271.00,0.05,0,,1355.00,67.7500,1287.2500,0.0000,1287.2500,5,0,3486,1427,180,14
L003486,O01426,C0179,Customer 0179,East,Consumer,customer179@example.com,2025-10-19,2025-10,Online,Completed,True,P018,Chair 018,Furniture,269.00,1,269.00,0.05,0,,269.00,13.4500,255.5500,0.0000,255.5500,1,0,3487,1427,180,19
L003487,O01426,C0179,Customer 0179,East,Consumer,customer179@example.com,2025-10-19,2025-10,Online,Completed,True,P014,Chair 014,Furniture,294.00,4,294.00,0.10,0,,1176.00,117.6000,1058.4000,0.0000,1058.4000,4,0,3488,1427,180,15
L003488,O01426,C0179,Customer 0179,East,Consumer,customer179@example.com,2025-10-19,2025-10,Online,Completed,True,P014,Chair 014,Furniture,294.00,2,294.00,0.10,1,2025-11-04,588.00,58.8000,529.2000,264.6000,264.6000,2,1,3489,1427,180,15
L003489,O01427,C0041,Customer 0041,West,Business,customer41@example.com,2025-11-10,2025-11,Online,Completed,True,P007,Shelf 007,Storage,35.00,1,35.00,0.10,0,,35.00,3.5000,31.5000,0.0000,31.5000,1,0,3490,1428,42,8
L003490,O01427,C0041,Customer 0041,West,Business,customer41@example.com,2025-11-10,2025-11,Online,Completed,True,P012,Desk 012,Furniture,134.00,2,134.00,0.00,0,,268.00,0.0000,268.0000,0.0000,268.0000,2,0,3491,1428,42,13
L003491,O01428,C0076,Customer 0076,East,Consumer,customer76@example.com,2025-12-28,2025-12,Store,Completed,True,P021,Lamp 021,Lighting,249.00,2,249.00,0.20,0,,498.00,99.6000,398.4000,0.0000,398.4000,2,0,3492,1429,77,22
L003492,O01428,C0076,Customer 0076,East,Consumer,customer76@example.com,2025-12-28,2025-12,Store,Completed,True,P017,Lamp 017,Lighting,300.00,2,300.00,0.05,1,2026-01-13,600.00,30.0000,570.0000,570.0000,0.0000,2,2,3493,1429,77,18
L003493,O01428,C0076,Customer 0076,East,Consumer,customer76@example.com,2025-12-28,2025-12,Store,Completed,True,P006,Chair 006,Furniture,196.00,2,196.00,0.00,0,,392.00,0.0000,392.0000,0.0000,392.0000,2,0,3494,1429,77,7
L003494,O01428,C0076,Customer 0076,East,Consumer,customer76@example.com,2025-12-28,2025-12,Store,Completed,True,P014,Chair 014,Furniture,294.00,4,294.00,0.20,0,,1176.00,235.2000,940.8000,0.0000,940.8000,4,0,3495,1429,77,15
L003495,O01429,C0062,Customer 0062,West,Business,customer62@example.com,2025-03-03,2025-03,Store,Completed,True,P020,Desk 020,Furniture,189.00,2,189.00,0.05,0,,378.00,18.9000,359.1000,0.0000,359.1000,2,0,3496,1430,63,21
L003496,O01429,C0062,Customer 0062,West,Business,customer62@example.com,2025-03-03,2025-03,Store,Completed,True,P020,Desk 020,Furniture,189.00,2,189.00,0.10,0,,378.00,37.8000,340.2000,0.0000,340.2000,2,0,3497,1430,63,21
L003497,O01430,C0031,Customer 0031,South,Consumer,customer31@example.com,2025-07-18,2025-07,Store,Cancelled,False,P001,Lamp 001,Lighting,122.00,3,122.00,0.05,0,,366.00,18.3000,347.7000,0.0000,347.7000,3,0,3498,1431,32,2
L003498,O01430,C0031,Customer 0031,South,Consumer,customer31@example.com,2025-07-18,2025-07,Store,Cancelled,False,P013,Lamp 013,Lighting,271.00,1,271.00,0.05,0,,271.00,13.5500,257.4500,0.0000,257.4500,1,0,3499,1431,32,14
L003499,O01431,C0293,Customer 0293,North,Business,customer293@example.com,2025-09-15,2025-09,Store,Completed,True,P003,Shelf 003,Storage,199.00,5,199.00,0.00,0,,995.00,0.0000,995.0000,0.0000,995.0000,5,0,3500,1432,294,4
L003500,O01431,C0293,Customer 0293,North,Business,customer293@example.com,2025-09-15,2025-09,Store,Completed,True,P015,Shelf 015,Storage,254.00,3,254.00,0.10,0,,762.00,76.2000,685.8000,0.0000,685.8000,3,0,3501,1432,294,16
L003501,O01431,C0293,Customer 0293,North,Business,customer293@example.com,2025-09-15,2025-09,Store,Completed,True,P015,Shelf 015,Storage,254.00,1,254.00,0.10,1,2025-09-21,254.00,25.4000,228.6000,228.6000,0.0000,1,1,3502,1432,294,16
L003502,O01431,C0293,Customer 0293,North,Business,customer293@example.com,2025-09-15,2025-09,Store,Completed,True,P013,Lamp 013,Lighting,271.00,4,271.00,0.05,0,,1084.00,54.2000,1029.8000,0.0000,1029.8000,4,0,3503,1432,294,14
L003503,O01432,C0195,Customer 0195,West,Business,customer195@example.com,2025-04-23,2025-04,Online,Completed,True,P011,Shelf 011,Storage,80.00,3,80.00,0.20,0,,240.00,48.0000,192.0000,0.0000,192.0000,3,0,3504,1433,196,12
L003504,O01432,C0195,Customer 0195,West,Business,customer195@example.com,2025-04-23,2025-04,Online,Completed,True,P017,Lamp 017,Lighting,300.00,4,300.00,0.2,0,,1200.00,240.000,960.000,0.000,960.000,4,0,3505,1433,196,18
L003505,O01433,C0265,Customer 0265,West,Consumer,customer265@example.com,2025-01-17,2025-01,Online,Completed,True,P021,Lamp 021,Lighting,249.00,1,249.00,0.20,1,2025-01-27,249.00,49.8000,199.2000,199.2000,0.0000,1,1,3506,1434,266,22
L003506,O01434,C0021,Customer 0021,West,Business,customer21@example.com,2025-10-15,2025-10,Store,Cancelled,False,P002,Chair 002,Furniture,284.00,1,284.00,0.00,0,,284.00,0.0000,284.0000,0.0000,284.0000,1,0,3507,1435,22,3
L003507,O01435,C0070,Customer 0070,West,Business,customer70@example.com,2025-03-18,2025-03,Online,Completed,True,P005,Lamp 005,Lighting,65.00,5,65.00,0.00,0,,325.00,0.0000,325.0000,0.0000,325.0000,5,0,3508,1436,71,6
L003508,O01435,C0070,Customer 0070,West,Business,customer70@example.com,2025-03-18,2025-03,Online,Completed,True,P022,Chair 022,Furniture,134.00,4,134.00,0.05,0,,536.00,26.8000,509.2000,0.0000,509.2000,4,0,3509,1436,71,23
L003509,O01435,C0070,Customer 0070,West,Business,customer70@example.com,2025-03-18,2025-03,Online,Completed,True,P021,Lamp 021,Lighting,249.00,1,249.00,0.05,1,2025-03-29,249.00,12.4500,236.5500,236.5500,0.0000,1,1,3510,1436,71,22
L003510,O01435,C0070,Customer 0070,West,Business,customer70@example.com,2025-03-18,2025-03,Online,Completed,True,P019,Shelf 019,Storage,78.00,5,78.00,0.00,0,,390.00,0.0000,390.0000,0.0000,390.0000,5,0,3511,1436,71,20
L003511,O01436,C0229,Customer 0229,East,Consumer,customer229@example.com,2025-05-17,2025-05,Online,Completed,True,P005,Lamp 005,Lighting,65.00,2,65.00,0.10,0,,130.00,13.0000,117.0000,0.0000,117.0000,2,0,3512,1437,230,6
L003512,O01436,C0229,Customer 0229,East,Consumer,customer229@example.com,2025-05-17,2025-05,Online,Completed,True,P016,Desk 016,Furniture,231.00,1,231.00,0.10,0,,231.00,23.1000,207.9000,0.0000,207.9000,1,0,3513,1437,230,17
L003513,O01437,C0094,Customer 0094,West,Consumer,customer94@example.com,2025-12-08,2025-12,Online,Completed,True,P013,Lamp 013,Lighting,271.00,4,271.00,0.05,0,,1084.00,54.2000,1029.8000,0.0000,1029.8000,4,0,3514,1438,95,14
L003514,O01437,C0094,Customer 0094,West,Consumer,customer94@example.com,2025-12-08,2025-12,Online,Completed,True,P018,Chair 018,Furniture,269.00,3,269.00,0.20,0,,807.00,161.4000,645.6000,0.0000,645.6000,3,0,3515,1438,95,19
L003515,O01437,C0094,Customer 0094,West,Consumer,customer94@example.com,2025-12-08,2025-12,Online,Completed,True,P002,Chair 002,Furniture,284.00,4,284.00,0.20,0,,1136.00,227.2000,908.8000,0.0000,908.8000,4,0,3516,1438,95,3
L003516,O01438,C0264,Customer 0264,South,Business,customer264@example.com,2025-04-01,2025-04,Store,Completed,True,P020,Desk 020,Furniture,189.00,3,189.00,0.05,0,,567.00,28.3500,538.6500,0.0000,538.6500,3,0,3517,1439,265,21
L003517,O01438,C0264,Customer 0264,South,Business,customer264@example.com,2025-04-01,2025-04,Store,Completed,True,P018,Chair 018,Furniture,269.00,3,269.00,0.10,0,,807.00,80.7000,726.3000,0.0000,726.3000,3,0,3518,1439,265,19
L003518,O01438,C0264,Customer 0264,South,Business,customer264@example.com,2025-04-01,2025-04,Store,Completed,True,P022,Chair 022,Furniture,134.00,4,134.00,0.05,0,,536.00,26.8000,509.2000,0.0000,509.2000,4,0,3519,1439,265,23
L003519,O01439,C0177,Customer 0177,West,Business,customer177@example.com,2025-08-07,2025-08,Store,Completed,True,P022,Chair 022,Furniture,134.00,5,134.00,0.00,0,,670.00,0.0000,670.0000,0.0000,670.0000,5,0,3520,1440,178,23
L003520,O01439,C0177,Customer 0177,West,Business,customer177@example.com,2025-08-07,2025-08,Store,Completed,True,P021,Lamp 021,Lighting,249.00,3,249.00,0.20,0,,747.00,149.4000,597.6000,0.0000,597.6000,3,0,3521,1440,178,22
L003521,O01439,C0177,Customer 0177,West,Business,customer177@example.com,2025-08-07,2025-08,Store,Completed,True,P021,Lamp 021,Lighting,249.00,1,249.00,0.05,1,2025-08-24,249.00,12.4500,236.5500,236.5500,0.0000,1,1,3522,1440,178,22
L003522,O01440,C0106,Customer 0106,East,Business,customer106@example.com,2025-01-16,2025-01,Store,Completed,True,P020,Desk 020,Furniture,189.00,5,189.00,0.00,0,,945.00,0.0000,945.0000,0.0000,945.0000,5,0,3523,1441,107,21
L003523,O01440,C0106,Customer 0106,East,Business,customer106@example.com,2025-01-16,2025-01,Store,Completed,True,P006,Chair 006,Furniture,196.00,5,196.00,0.05,0,,980.00,49.0000,931.0000,0.0000,931.0000,5,0,3524,1441,107,7
L003524,O01440,C0106,Customer 0106,East,Business,customer106@example.com,2025-01-16,2025-01,Store,Completed,True,P001,Lamp 001,Lighting,122.00,5,122.00,0.05,1,2025-01-24,610.00,30.5000,579.5000,463.6000,115.9000,5,4,3525,1441,107,2
L003525,O01441,C0208,Customer 0208,East,Business,customer208@example.com,2025-11-23,2025-11,Online,Completed,True,P024,Desk 024,Furniture,81.00,2,81.00,0.05,0,,162.00,8.1000,153.9000,0.0000,153.9000,2,0,3526,1442,209,25
L003526,O01441,C0208,Customer 0208,East,Business,customer208@example.com,2025-11-23,2025-11,Online,Completed,True,P011,Shelf 011,Storage,80.00,3,80.00,0.10,0,,240.00,24.0000,216.0000,0.0000,216.0000,3,0,3527,1442,209,12
L003527,O01441,C0208,Customer 0208,East,Business,customer208@example.com,2025-11-23,2025-11,Online,Completed,True,P021,Lamp 021,Lighting,249.00,3,249.00,0.00,0,,747.00,0.0000,747.0000,0.0000,747.0000,3,0,3528,1442,209,22
L003528,O01441,C0208,Customer 0208,East,Business,customer208@example.com,2025-11-23,2025-11,Online,Completed,True,P017,Lamp 017,Lighting,300.00,1,300.00,0.10,0,,300.00,30.0000,270.0000,0.0000,270.0000,1,0,3529,1442,209,18
L003529,O01442,C0240,Customer 0240,West,Business,customer240@example.com,2025-09-10,2025-09,Online,Completed,True,P003,Shelf 003,Storage,199.00,5,199.00,0.20,0,,995.00,199.0000,796.0000,0.0000,796.0000,5,0,3530,1443,241,4
L003530,O01442,C0240,Customer 0240,West,Business,customer240@example.com,2025-09-10,2025-09,Online,Completed,True,P021,Lamp 021,Lighting,249.00,2,249.00,0.20,0,,498.00,99.6000,398.4000,0.0000,398.4000,2,0,3531,1443,241,22
L003531,O01442,C0240,Customer 0240,West,Business,customer240@example.com,2025-09-10,2025-09,Online,Completed,True,P010,Chair 010,Furniture,211.00,3,211.00,0.05,0,,633.00,31.6500,601.3500,0.0000,601.3500,3,0,3532,1443,241,11
L003532,O01442,C0240,Customer 0240,West,Business,customer240@example.com,2025-09-10,2025-09,Online,Completed,True,P021,Lamp 021,Lighting,249.00,4,249.00,0.20,0,,996.00,199.2000,796.8000,0.0000,796.8000,4,0,3533,1443,241,22
L003533,O01443,C0043,Customer 0043,West,Business,customer43@example.com,2025-05-31,2025-05,Online,Completed,True,P010,Chair 010,Furniture,211.00,3,211.00,0.10,0,,633.00,63.3000,569.7000,0.0000,569.7000,3,0,3534,1444,44,11
L003534,O01443,C0043,Customer 0043,West,Business,customer43@example.com,2025-05-31,2025-05,Online,Completed,True,P022,Chair 022,Furniture,134.00,1,134.00,0.00,0,,134.00,0.0000,134.0000,0.0000,134.0000,1,0,3535,1444,44,23
L003535,O01444,C0046,Customer 0046,West,Consumer,customer46@example.com,2025-06-11,2025-06,Online,Completed,True,P013,Lamp 013,Lighting,271.00,5,271.00,0.05,0,,1355.00,67.7500,1287.2500,0.0000,1287.2500,5,0,3536,1445,47,14
L003536,O01444,C0046,Customer 0046,West,Consumer,customer46@example.com,2025-06-11,2025-06,Online,Completed,True,P012,Desk 012,Furniture,134.00,1,134.00,0.10,0,,134.00,13.4000,120.6000,0.0000,120.6000,1,0,3537,1445,47,13
L003537,O01444,C0046,Customer 0046,West,Consumer,customer46@example.com,2025-06-11,2025-06,Online,Completed,True,P020,Desk 020,Furniture,189.00,2,189.00,0.20,0,,378.00,75.6000,302.4000,0.0000,302.4000,2,0,3538,1445,47,21
L003538,O01445,C0056,Customer 0056,North,Consumer,customer56@example.com,2025-10-09,2025-10,Store,Completed,True,P008,Desk 008,Furniture,188.00,1,188.00,0.05,0,,188.00,9.4000,178.6000,0.0000,178.6000,1,0,3539,1446,57,9
L003539,O01445,C0056,Customer 0056,North,Consumer,customer56@example.com,2025-10-09,2025-10,Store,Completed,True,P016,Desk 016,Furniture,231.00,1,231.00,0.10,1,2025-10-11,231.00,23.1000,207.9000,207.9000,0.0000,1,1,3540,1446,57,17
L003540,O01445,C0056,Customer 0056,North,Consumer,customer56@example.com,2025-10-09,2025-10,Store,Completed,True,P017,Lamp 017,Lighting,300.00,5,300.00,0.05,0,,1500.00,75.0000,1425.0000,0.0000,1425.0000,5,0,3541,1446,57,18
L003541,O01446,C0190,Customer 0190,North,Business,customer190@example.com,2025-10-30,2025-10,Store,Completed,True,P001,Lamp 001,Lighting,122.00,2,122.00,0.10,0,,244.00,24.4000,219.6000,0.0000,219.6000,2,0,3542,1447,191,2
L003542,O01447,C0249,Customer 0249,North,Consumer,customer249@example.com,2025-12-29,2025-12,Online,Completed,True,P004,Desk 004,Furniture,123.00,4,123.00,0.05,1,2026-01-01,492.00,24.6000,467.4000,233.7000,233.7000,4,2,3543,1448,250,5
L003543,O01448,C0052,Customer 0052,North,Consumer,,2025-08-21,2025-08,Online,Completed,True,P023,Shelf 023,Storage,68.00,2,68.00,0.20,0,,136.00,27.2000,108.8000,0.0000,108.8000,2,0,3544,1449,53,24
L003544,O01448,C0052,Customer 0052,North,Consumer,,2025-08-21,2025-08,Online,Completed,True,P019,Shelf 019,Storage,78.00,3,78.00,0.00,0,,234.00,0.0000,234.0000,0.0000,234.0000,3,0,3545,1449,53,20
L003545,O01449,C0252,Customer 0252,West,Business,customer252@example.com,2025-01-11,2025-01,Store,Completed,True,P008,Desk 008,Furniture,188.00,4,188.00,0.10,0,,752.00,75.2000,676.8000,0.0000,676.8000,4,0,3546,1450,253,9
L003546,O01449,C0252,Customer 0252,West,Business,customer252@example.com,2025-01-11,2025-01,Store,Completed,True,P018,Chair 018,Furniture,269.00,5,269.00,0.20,0,,1345.00,269.0000,1076.0000,0.0000,1076.0000,5,0,3547,1450,253,19
L003547,O01450,C0251,Customer 0251,North,Consumer,customer251@example.com,2025-04-06,2025-04,Online,Completed,True,P004,Desk 004,Furniture,123.00,5,123.00,0.10,0,,615.00,61.5000,553.5000,0.0000,553.5000,5,0,3548,1451,252,5
L003548,O01450,C0251,Customer 0251,North,Consumer,customer251@example.com,2025-04-06,2025-04,Online,Completed,True,P007,Shelf 007,Storage,35.00,1,35.00,0.10,0,,35.00,3.5000,31.5000,0.0000,31.5000,1,0,3549,1451,252,8
L003549,O01450,C0251,Customer 0251,North,Consumer,customer251@example.com,2025-04-06,2025-04,Online,Completed,True,P003,Shelf 003,Storage,199.00,4,199.00,0.20,0,,796.00,159.2000,636.8000,0.0000,636.8000,4,0,3550,1451,252,4
L003550,O01450,C0251,Customer 0251,North,Consumer,customer251@example.com,2025-04-06,2025-04,Online,Completed,True,P016,Desk 016,Furniture,231.00,4,231.00,0.05,0,,924.00,46.2000,877.8000,0.0000,877.8000,4,0,3551,1451,252,17
L003551,O01451,C0266,Customer 0266,North,Business,customer266@example.com,2025-10-29,2025-10,Online,Completed,True,P018,Chair 018,Furniture,269.00,5,269.00,0.05,0,,1345.00,67.2500,1277.7500,0.0000,1277.7500,5,0,3552,1452,267,19
L003552,O01452,C0183,Customer 0183,East,Consumer,customer183@example.com,2025-11-08,2025-11,Online,Cancelled,False,P024,Desk 024,Furniture,81.00,3,81.00,0.00,0,,243.00,0.0000,243.0000,0.0000,243.0000,3,0,3553,1453,184,25
L003553,O01452,C0183,Customer 0183,East,Consumer,customer183@example.com,2025-11-08,2025-11,Online,Cancelled,False,P002,Chair 002,Furniture,284.00,3,284.00,0.10,0,,852.00,85.2000,766.8000,0.0000,766.8000,3,0,3554,1453,184,3
L003554,O01452,C0183,Customer 0183,East,Consumer,customer183@example.com,2025-11-08,2025-11,Online,Cancelled,False,P004,Desk 004,Furniture,123.00,4,123.00,0.20,0,,492.00,98.4000,393.6000,0.0000,393.6000,4,0,3555,1453,184,5
L003555,O01452,C0183,Customer 0183,East,Consumer,customer183@example.com,2025-11-08,2025-11,Online,Cancelled,False,P011,Shelf 011,Storage,80.00,5,80.00,0.05,0,,400.00,20.0000,380.0000,0.0000,380.0000,5,0,3556,1453,184,12
L003556,O01453,C0262,Customer 0262,West,Business,customer262@example.com,2025-09-03,2025-09,Online,Completed,True,P001,Lamp 001,Lighting,122.00,3,122.00,0.00,0,,366.00,0.0000,366.0000,0.0000,366.0000,3,0,3557,1454,263,2
L003557,O01453,C0262,Customer 0262,West,Business,customer262@example.com,2025-09-03,2025-09,Online,Completed,True,P009,Lamp 009,Lighting,93.00,4,93.00,0.00,0,,372.00,0.0000,372.0000,0.0000,372.0000,4,0,3558,1454,263,10
L003558,O01453,C0262,Customer 0262,West,Business,customer262@example.com,2025-09-03,2025-09,Online,Completed,True,P013,Lamp 013,Lighting,271.00,3,271.00,0.05,0,,813.00,40.6500,772.3500,0.0000,772.3500,3,0,3559,1454,263,14
L003559,O01454,C0083,Customer 0083,West,Consumer,customer83@example.com,2025-04-04,2025-04,Online,Completed,True,P019,Shelf 019,Storage,78.00,3,78.00,0.20,1,2025-04-24,234.00,46.8000,187.2000,187.2000,0.0000,3,3,3560,1455,84,20
L003560,O01455,C0285,Customer 0285,East,Consumer,customer285@example.com,2025-08-22,2025-08,Store,Completed,True,P013,Lamp 013,Lighting,271.00,1,271.00,0.00,1,2025-09-15,271.00,0.0000,271.0000,271.0000,0.0000,1,1,3561,1456,286,14
L003561,O01455,C0285,Customer 0285,East,Consumer,customer285@example.com,2025-08-22,2025-08,Store,Completed,True,P002,Chair 002,Furniture,284.00,2,284.00,0.10,0,,568.00,56.8000,511.2000,0.0000,511.2000,2,0,3562,1456,286,3
L003562,O01455,C0285,Customer 0285,East,Consumer,customer285@example.com,2025-08-22,2025-08,Store,Completed,True,P015,Shelf 015,Storage,254.00,4,254.00,0.05,0,,1016.00,50.8000,965.2000,0.0000,965.2000,4,0,3563,1456,286,16
L003563,O01456,C0219,Customer 0219,East,Consumer,customer219@example.com,2025-06-30,2025-06,Store,Completed,True,P009,Lamp 009,Lighting,93.00,4,93.00,0.05,0,,372.00,18.6000,353.4000,0.0000,353.4000,4,0,3564,1457,220,10
L003564,O01456,C0219,Customer 0219,East,Consumer,customer219@example.com,2025-06-30,2025-06,Store,Completed,True,P013,Lamp 013,Lighting,271.00,5,271.00,0.20,0,,1355.00,271.0000,1084.0000,0.0000,1084.0000,5,0,3565,1457,220,14
L003565,O01456,C0219,Customer 0219,East,Consumer,customer219@example.com,2025-06-30,2025-06,Store,Completed,True,P021,Lamp 021,Lighting,249.00,1,249.00,0.00,0,,249.00,0.0000,249.0000,0.0000,249.0000,1,0,3566,1457,220,22
L003566,O01457,C0248,Customer 0248,East,Business,customer248@example.com,2025-06-19,2025-06,Store,Completed,True,P017,Lamp 017,Lighting,300.00,3,300.00,0.05,0,,900.00,45.0000,855.0000,0.0000,855.0000,3,0,3567,1458,249,18
L003567,O01457,C0248,Customer 0248,East,Business,customer248@example.com,2025-06-19,2025-06,Store,Completed,True,P016,Desk 016,Furniture,231.00,4,231.00,0.00,0,,924.00,0.0000,924.0000,0.0000,924.0000,4,0,3568,1458,249,17
L003568,O01458,C0038,Customer 0038,South,Consumer,customer38@example.com,2025-11-25,2025-11,Online,Completed,True,P021,Lamp 021,Lighting,249.00,1,249.00,0.20,0,,249.00,49.8000,199.2000,0.0000,199.2000,1,0,3569,1459,39,22
L003569,O01458,C0038,Customer 0038,South,Consumer,customer38@example.com,2025-11-25,2025-11,Online,Completed,True,P001,Lamp 001,Lighting,122.00,5,122.00,0.10,0,,610.00,61.0000,549.0000,0.0000,549.0000,5,0,3570,1459,39,2
L003570,O01458,C0038,Customer 0038,South,Consumer,customer38@example.com,2025-11-25,2025-11,Online,Completed,True,P016,Desk 016,Furniture,231.00,2,231.00,0.05,0,,462.00,23.1000,438.9000,0.0000,438.9000,2,0,3571,1459,39,17
L003571,O01458,C0038,Customer 0038,South,Consumer,customer38@example.com,2025-11-25,2025-11,Online,Completed,True,P024,Desk 024,Furniture,81.00,5,81.00,0.20,0,,405.00,81.0000,324.0000,0.0000,324.0000,5,0,3572,1459,39,25
L003572,O01459,C0158,Customer 0158,East,Consumer,customer158@example.com,2025-04-10,2025-04,Online,Completed,True,P023,Shelf 023,Storage,68.00,5,68.00,0.05,1,2025-04-25,340.00,17.0000,323.0000,193.8000,129.2000,5,3,3573,1460,159,24
L003573,O01460,C0109,Customer 0109,West,Business,customer109@example.com,2025-09-10,2025-09,Online,Completed,True,P016,Desk 016,Furniture,231.00,3,231.00,0.05,0,,693.00,34.6500,658.3500,0.0000,658.3500,3,0,3574,1461,110,17
L003574,O01460,C0109,Customer 0109,West,Business,customer109@example.com,2025-09-10,2025-09,Online,Completed,True,P011,Shelf 011,Storage,80.00,1,80.00,0.10,0,,80.00,8.0000,72.0000,0.0000,72.0000,1,0,3575,1461,110,12
L003575,O01460,C0109,Customer 0109,West,Business,customer109@example.com,2025-09-10,2025-09,Online,Completed,True,P006,Chair 006,Furniture,196.00,1,196.00,0.00,0,,196.00,0.0000,196.0000,0.0000,196.0000,1,0,3576,1461,110,7
L003576,O01461,C0100,Customer 0100,West,Consumer,customer100@example.com,2025-04-24,2025-04,Store,Completed,True,P019,Shelf 019,Storage,78.00,3,78.00,0.20,0,,234.00,46.8000,187.2000,0.0000,187.2000,3,0,3577,1462,101,20
L003577,O01461,C0100,Customer 0100,West,Consumer,customer100@example.com,2025-04-24,2025-04,Store,Completed,True,P002,Chair 002,Furniture,284.00,5,284.00,0.10,0,,1420.00,142.0000,1278.0000,0.0000,1278.0000,5,0,3578,1462,101,3
L003578,O01461,C0100,Customer 0100,West,Consumer,customer100@example.com,2025-04-24,2025-04,Store,Completed,True,P003,Shelf 003,Storage,199.00,3,199.00,0.10,0,,597.00,59.7000,537.3000,0.0000,537.3000,3,0,3579,1462,101,4
L003579,O01461,C0100,Customer 0100,West,Consumer,customer100@example.com,2025-04-24,2025-04,Store,Completed,True,P012,Desk 012,Furniture,134.00,4,134.00,0.00,0,,536.00,0.0000,536.0000,0.0000,536.0000,4,0,3580,1462,101,13
L003580,O01462,C0256,Customer 0256,North,Consumer,,2025-11-22,2025-11,Online,Completed,True,P003,Shelf 003,Storage,199.00,3,199.00,0.00,1,2025-11-25,597.00,0.0000,597.0000,199.0000,398.0000,3,1,3581,1463,257,4
L003581,O01462,C0256,Customer 0256,North,Consumer,,2025-11-22,2025-11,Online,Completed,True,P008,Desk 008,Furniture,188.00,3,188.00,0.05,0,,564.00,28.2000,535.8000,0.0000,535.8000,3,0,3582,1463,257,9
L003582,O01462,C0256,Customer 0256,North,Consumer,,2025-11-22,2025-11,Online,Completed,True,P009,Lamp 009,Lighting,93.00,1,93.00,0.20,0,,93.00,18.6000,74.4000,0.0000,74.4000,1,0,3583,1463,257,10
L003583,O01463,C0004,Customer 0004,North,Consumer,customer4@example.com,2025-11-23,2025-11,Online,Completed,True,P014,Chair 014,Furniture,294.00,1,294.00,0.10,0,,294.00,29.4000,264.6000,0.0000,264.6000,1,0,3584,1464,5,15
L003584,O01463,C0004,Customer 0004,North,Consumer,customer4@example.com,2025-11-23,2025-11,Online,Completed,True,P014,Chair 014,Furniture,294.00,2,294.00,0.10,0,,588.00,58.8000,529.2000,0.0000,529.2000,2,0,3585,1464,5,15
L003585,O01463,C0004,Customer 0004,North,Consumer,customer4@example.com,2025-11-23,2025-11,Online,Completed,True,P023,Shelf 023,Storage,68.00,5,68.00,0.10,0,,340.00,34.0000,306.0000,0.0000,306.0000,5,0,3586,1464,5,24
L003586,O01463,C0004,Customer 0004,North,Consumer,customer4@example.com,2025-11-23,2025-11,Online,Completed,True,P014,Chair 014,Furniture,294.00,5,294.00,0.05,0,,1470.00,73.5000,1396.5000,0.0000,1396.5000,5,0,3587,1464,5,15
L003587,O01464,C0120,Customer 0120,South,Consumer,,2025-01-15,2025-01,Store,Completed,True,P014,Chair 014,Furniture,294.00,2,294.00,0.10,0,,588.00,58.8000,529.2000,0.0000,529.2000,2,0,3588,1465,121,15
L003588,O01465,C0031,Customer 0031,South,Consumer,customer31@example.com,2025-07-28,2025-07,Online,Completed,True,P008,Desk 008,Furniture,188.00,5,188.00,0.00,0,,940.00,0.0000,940.0000,0.0000,940.0000,5,0,3589,1466,32,9
L003589,O01466,C0193,Customer 0193,East,Consumer,customer193@example.com,2025-07-16,2025-07,Store,Completed,True,P017,Lamp 017,Lighting,300.00,4,300.00,0.00,0,,1200.00,0.0000,1200.0000,0.0000,1200.0000,4,0,3590,1467,194,18
L003590,O01466,C0193,Customer 0193,East,Consumer,customer193@example.com,2025-07-16,2025-07,Store,Completed,True,P022,Chair 022,Furniture,134.00,5,134.00,0.10,0,,670.00,67.0000,603.0000,0.0000,603.0000,5,0,3591,1467,194,23
L003591,O01466,C0193,Customer 0193,East,Consumer,customer193@example.com,2025-07-16,2025-07,Store,Completed,True,P004,Desk 004,Furniture,123.00,1,123.00,0.10,0,,123.00,12.3000,110.7000,0.0000,110.7000,1,0,3592,1467,194,5
L003592,O01466,C0193,Customer 0193,East,Consumer,customer193@example.com,2025-07-16,2025-07,Store,Completed,True,P014,Chair 014,Furniture,294.00,5,294.00,0.00,0,,1470.00,0.0000,1470.0000,0.0000,1470.0000,5,0,3593,1467,194,15
L003593,O01467,C0011,Customer 0011,North,Business,customer11@example.com,2025-01-29,2025-01,Online,Completed,True,P005,Lamp 005,Lighting,65.00,5,65.00,0.05,0,,325.00,16.2500,308.7500,0.0000,308.7500,5,0,3594,1468,12,6
L003594,O01468,C0239,Customer 0239,South,Consumer,,2025-05-12,2025-05,Online,Completed,True,P008,Desk 008,Furniture,188.00,5,188.00,0.00,0,,940.00,0.0000,940.0000,0.0000,940.0000,5,0,3595,1469,240,9
L003595,O01469,C0124,Customer 0124,East,Consumer,customer124@example.com,2025-10-18,2025-10,Online,Cancelled,False,P019,Shelf 019,Storage,78.00,4,78.00,0.10,0,,312.00,31.2000,280.8000,0.0000,280.8000,4,0,3596,1470,125,20
L003596,O01469,C0124,Customer 0124,East,Consumer,customer124@example.com,2025-10-18,2025-10,Online,Cancelled,False,P005,Lamp 005,Lighting,65.00,2,65.00,0.00,0,,130.00,0.0000,130.0000,0.0000,130.0000,2,0,3597,1470,125,6
L003597,O01469,C0124,Customer 0124,East,Consumer,customer124@example.com,2025-10-18,2025-10,Online,Cancelled,False,P019,Shelf 019,Storage,78.00,2,78.00,0.2,0,,156.00,31.200,124.800,0.000,124.800,2,0,3598,1470,125,20
L003598,O01470,C0115,Customer 0115,North,Consumer,customer115@example.com,2025-01-15,2025-01,Store,Completed,True,P020,Desk 020,Furniture,189.00,3,189.00,0.10,0,,567.00,56.7000,510.3000,0.0000,510.3000,3,0,3599,1471,116,21
L003599,O01470,C0115,Customer 0115,North,Consumer,customer115@example.com,2025-01-15,2025-01,Store,Completed,True,P004,Desk 004,Furniture,123.00,4,123.00,0.10,0,,492.00,49.2000,442.8000,0.0000,442.8000,4,0,3600,1471,116,5
L003600,O01471,C0144,Customer 0144,North,Consumer,customer144@example.com,2025-01-01,2025-01,Store,Completed,True,P022,Chair 022,Furniture,134.00,5,134.00,0.00,0,,670.00,0.0000,670.0000,0.0000,670.0000,5,0,3601,1472,145,23
L003601,O01471,C0144,Customer 0144,North,Consumer,customer144@example.com,2025-01-01,2025-01,Store,Completed,True,P024,Desk 024,Furniture,81.00,4,81.00,0.20,0,,324.00,64.8000,259.2000,0.0000,259.2000,4,0,3602,1472,145,25
L003602,O01471,C0144,Customer 0144,North,Consumer,customer144@example.com,2025-01-01,2025-01,Store,Completed,True,P022,Chair 022,Furniture,134.00,1,134.00,0.10,0,,134.00,13.4000,120.6000,0.0000,120.6000,1,0,3603,1472,145,23
L003603,O01472,C0273,Customer 0273,South,Business,,2025-03-23,2025-03,Store,Cancelled,False,P006,Chair 006,Furniture,196.00,1,196.00,0.00,0,,196.00,0.0000,196.0000,0.0000,196.0000,1,0,3604,1473,274,7
L003604,O01472,C0273,Customer 0273,South,Business,,2025-03-23,2025-03,Store,Cancelled,False,P003,Shelf 003,Storage,199.00,2,199.00,0.05,0,,398.00,19.9000,378.1000,0.0000,378.1000,2,0,3605,1473,274,4
L003605,O01473,C0077,Customer 0077,West,Consumer,customer77@example.com,2025-12-28,2025-12,Online,Completed,True,P021,Lamp 021,Lighting,249.00,2,249.00,0.10,0,,498.00,49.8000,448.2000,0.0000,448.2000,2,0,3606,1474,78,22
L003606,O01473,C0077,Customer 0077,West,Consumer,customer77@example.com,2025-12-28,2025-12,Online,Completed,True,P003,Shelf 003,Storage,199.00,1,199.00,0.20,0,,199.00,39.8000,159.2000,0.0000,159.2000,1,0,3607,1474,78,4
L003607,O01473,C0077,Customer 0077,West,Consumer,customer77@example.com,2025-12-28,2025-12,Online,Completed,True,P011,Shelf 011,Storage,80.00,4,80.00,0.10,0,,320.00,32.0000,288.0000,0.0000,288.0000,4,0,3608,1474,78,12
L003608,O01473,C0077,Customer 0077,West,Consumer,customer77@example.com,2025-12-28,2025-12,Online,Completed,True,P003,Shelf 003,Storage,199.00,1,199.00,0.00,0,,199.00,0.0000,199.0000,0.0000,199.0000,1,0,3609,1474,78,4
L003609,O01474,C0142,Customer 0142,West,Business,customer142@example.com,2025-09-14,2025-09,Store,Completed,True,P004,Desk 004,Furniture,123.00,4,123.00,0.10,0,,492.00,49.2000,442.8000,0.0000,442.8000,4,0,3610,1475,143,5
L003610,O01474,C0142,Customer 0142,West,Business,customer142@example.com,2025-09-14,2025-09,Store,Completed,True,P004,Desk 004,Furniture,123.00,1,123.00,0.10,0,,123.00,12.3000,110.7000,0.0000,110.7000,1,0,3611,1475,143,5
L003611,O01474,C0142,Customer 0142,West,Business,customer142@example.com,2025-09-14,2025-09,Store,Completed,True,P024,Desk 024,Furniture,81.00,5,81.00,0.20,0,,405.00,81.0000,324.0000,0.0000,324.0000,5,0,3612,1475,143,25
L003612,O01474,C0142,Customer 0142,West,Business,customer142@example.com,2025-09-14,2025-09,Store,Completed,True,P017,Lamp 017,Lighting,300.00,1,300.00,0.00,0,,300.00,0.0000,300.0000,0.0000,300.0000,1,0,3613,1475,143,18
L003613,O01475,C0093,Customer 0093,North,Consumer,customer93@example.com,2025-03-25,2025-03,Online,Cancelled,False,P023,Shelf 023,Storage,68.00,4,68.00,0.20,0,,272.00,54.4000,217.6000,0.0000,217.6000,4,0,3614,1476,94,24
L003614,O01475,C0093,Customer 0093,North,Consumer,customer93@example.com,2025-03-25,2025-03,Online,Cancelled,False,P007,Shelf 007,Storage,35.00,3,35.00,0.00,0,,105.00,0.0000,105.0000,0.0000,105.0000,3,0,3615,1476,94,8
L003615,O01476,C0108,Customer 0108,East,Business,customer108@example.com,2025-11-19,2025-11,Store,Completed,True,P007,Shelf 007,Storage,35.00,3,35.00,0.10,0,,105.00,10.5000,94.5000,0.0000,94.5000,3,0,3616,1477,109,8
L003616,O01476,C0108,Customer 0108,East,Business,customer108@example.com,2025-11-19,2025-11,Store,Completed,True,P021,Lamp 021,Lighting,249.00,2,249.00,0.20,0,,498.00,99.6000,398.4000,0.0000,398.4000,2,0,3617,1477,109,22
L003617,O01476,C0108,Customer 0108,East,Business,customer108@example.com,2025-11-19,2025-11,Store,Completed,True,P004,Desk 004,Furniture,123.00,5,123.00,0.05,0,,615.00,30.7500,584.2500,0.0000,584.2500,5,0,3618,1477,109,5
L003618,O01476,C0108,Customer 0108,East,Business,customer108@example.com,2025-11-19,2025-11,Store,Completed,True,P003,Shelf 003,Storage,199.00,2,199.00,0.00,0,,398.00,0.0000,398.0000,0.0000,398.0000,2,0,3619,1477,109,4
L003619,O01477,C0264,Customer 0264,South,Business,customer264@example.com,2025-04-06,2025-04,Store,Completed,True,P017,Lamp 017,Lighting,300.00,3,300.00,0.20,0,,900.00,180.0000,720.0000,0.0000,720.0000,3,0,3620,1478,265,18
L003620,O01478,C0160,Customer 0160,West,Business,customer160@example.com,2025-08-17,2025-08,Store,Completed,True,P022,Chair 022,Furniture,134.00,2,134.00,0.10,0,,268.00,26.8000,241.2000,0.0000,241.2000,2,0,3621,1479,161,23
L003621,O01478,C0160,Customer 0160,West,Business,customer160@example.com,2025-08-17,2025-08,Store,Completed,True,P022,Chair 022,Furniture,134.00,5,134.00,0.20,0,,670.00,134.0000,536.0000,0.0000,536.0000,5,0,3622,1479,161,23
L003622,O01479,C0051,Customer 0051,West,Consumer,customer51@example.com,2025-06-04,2025-06,Online,Completed,True,P008,Desk 008,Furniture,188.00,1,188.00,0.00,0,,188.00,0.0000,188.0000,0.0000,188.0000,1,0,3623,1480,52,9
L003623,O01479,C0051,Customer 0051,West,Consumer,customer51@example.com,2025-06-04,2025-06,Online,Completed,True,P015,Shelf 015,Storage,254.00,4,254.00,0.00,0,,1016.00,0.0000,1016.0000,0.0000,1016.0000,4,0,3624,1480,52,16
L003624,O01479,C0051,Customer 0051,West,Consumer,customer51@example.com,2025-06-04,2025-06,Online,Completed,True,P014,Chair 014,Furniture,294.00,4,294.00,0.20,0,,1176.00,235.2000,940.8000,0.0000,940.8000,4,0,3625,1480,52,15
L003625,O01480,C0282,Customer 0282,East,Business,customer282@example.com,2025-09-07,2025-09,Online,Completed,True,P018,Chair 018,Furniture,269.00,1,269.00,0.05,0,,269.00,13.4500,255.5500,0.0000,255.5500,1,0,3626,1481,283,19
L003626,O01480,C0282,Customer 0282,East,Business,customer282@example.com,2025-09-07,2025-09,Online,Completed,True,P019,Shelf 019,Storage,78.00,1,78.00,0.10,0,,78.00,7.8000,70.2000,0.0000,70.2000,1,0,3627,1481,283,20
L003627,O01480,C0282,Customer 0282,East,Business,customer282@example.com,2025-09-07,2025-09,Online,Completed,True,P022,Chair 022,Furniture,134.00,4,134.00,0.00,0,,536.00,0.0000,536.0000,0.0000,536.0000,4,0,3628,1481,283,23
L003628,O01481,C0233,Customer 0233,South,Business,customer233@example.com,2025-12-09,2025-12,Store,Completed,True,P016,Desk 016,Furniture,231.00,4,231.00,0.2,0,,924.00,184.800,739.200,0.000,739.200,4,0,3629,1482,234,17
L003629,O01481,C0233,Customer 0233,South,Business,customer233@example.com,2025-12-09,2025-12,Store,Completed,True,P013,Lamp 013,Lighting,271.00,4,271.00,0.10,0,,1084.00,108.4000,975.6000,0.0000,975.6000,4,0,3630,1482,234,14
L003630,O01481,C0233,Customer 0233,South,Business,customer233@example.com,2025-12-09,2025-12,Store,Completed,True,P012,Desk 012,Furniture,134.00,3,134.00,0.05,0,,402.00,20.1000,381.9000,0.0000,381.9000,3,0,3631,1482,234,13
L003631,O01481,C0233,Customer 0233,South,Business,customer233@example.com,2025-12-09,2025-12,Store,Completed,True,P005,Lamp 005,Lighting,65.00,5,65.00,0.00,0,,325.00,0.0000,325.0000,0.0000,325.0000,5,0,3632,1482,234,6
L003632,O01482,C0052,Customer 0052,North,Consumer,,2025-07-03,2025-07,Store,Cancelled,False,P018,Chair 018,Furniture,269.00,5,269.00,0.20,0,,1345.00,269.0000,1076.0000,0.0000,1076.0000,5,0,3633,1483,53,19
L003633,O01482,C0052,Customer 0052,North,Consumer,,2025-07-03,2025-07,Store,Cancelled,False,P020,Desk 020,Furniture,189.00,4,189.00,0.00,0,,756.00,0.0000,756.0000,0.0000,756.0000,4,0,3634,1483,53,21
L003634,O01482,C0052,Customer 0052,North,Consumer,,2025-07-03,2025-07,Store,Cancelled,False,P017,Lamp 017,Lighting,300.00,4,300.00,0.05,0,,1200.00,60.0000,1140.0000,0.0000,1140.0000,4,0,3635,1483,53,18
L003635,O01482,C0052,Customer 0052,North,Consumer,,2025-07-03,2025-07,Store,Cancelled,False,P001,Lamp 001,Lighting,122.00,1,122.00,0.20,0,,122.00,24.4000,97.6000,0.0000,97.6000,1,0,3636,1483,53,2
L003636,O01483,C0178,Customer 0178,East,Consumer,customer178@example.com,2025-08-23,2025-08,Online,Completed,True,P018,Chair 018,Furniture,269.00,3,269.00,0.20,0,,807.00,161.4000,645.6000,0.0000,645.6000,3,0,3637,1484,179,19
L003637,O01484,C0055,Customer 0055,East,Consumer,customer55@example.com,2025-02-14,2025-02,Store,Completed,True,P002,Chair 002,Furniture,284.00,5,284.00,0.00,0,,1420.00,0.0000,1420.0000,0.0000,1420.0000,5,0,3638,1485,56,3
L003638,O01485,C0081,Customer 0081,North,Consumer,customer81@example.com,2025-01-14,2025-01,Online,Completed,True,P018,Chair 018,Furniture,269.00,2,269.00,0.00,0,,538.00,0.0000,538.0000,0.0000,538.0000,2,0,3639,1486,82,19
L003639,O01486,C0074,Customer 0074,South,Business,customer74@example.com,2025-02-13,2025-02,Store,Completed,True,P024,Desk 024,Furniture,81.00,5,81.00,0.00,0,,405.00,0.0000,405.0000,0.0000,405.0000,5,0,3640,1487,75,25
L003640,O01487,C0165,Customer 0165,West,Consumer,customer165@example.com,2025-05-03,2025-05,Online,Completed,True,P012,Desk 012,Furniture,134.00,2,134.00,0.00,1,2025-06-01,268.00,0.0000,268.0000,268.0000,0.0000,2,2,3641,1488,166,13
L003641,O01488,C0120,Customer 0120,South,Consumer,,2025-08-05,2025-08,Online,Completed,True,P024,Desk 024,Furniture,81.00,5,81.00,0.10,0,,405.00,40.5000,364.5000,0.0000,364.5000,5,0,3642,1489,121,25
L003642,O01488,C0120,Customer 0120,South,Consumer,,2025-08-05,2025-08,Online,Completed,True,P016,Desk 016,Furniture,231.00,1,231.00,0.20,0,,231.00,46.2000,184.8000,0.0000,184.8000,1,0,3643,1489,121,17
L003643,O01488,C0120,Customer 0120,South,Consumer,,2025-08-05,2025-08,Online,Completed,True,P016,Desk 016,Furniture,231.00,2,231.00,0.20,0,,462.00,92.4000,369.6000,0.0000,369.6000,2,0,3644,1489,121,17
L003644,O01488,C0120,Customer 0120,South,Consumer,,2025-08-05,2025-08,Online,Completed,True,P003,Shelf 003,Storage,199.00,3,199.00,0.20,0,,597.00,119.4000,477.6000,0.0000,477.6000,3,0,3645,1489,121,4
L003645,O01489,C0294,Customer 0294,South,Consumer,customer294@example.com,2025-07-31,2025-07,Online,Completed,True,P004,Desk 004,Furniture,123.00,5,123.00,0.20,0,,615.00,123.0000,492.0000,0.0000,492.0000,5,0,3646,1490,295,5
L003646,O01489,C0294,Customer 0294,South,Consumer,customer294@example.com,2025-07-31,2025-07,Online,Completed,True,P021,Lamp 021,Lighting,249.00,4,249.00,0.10,1,2025-08-10,996.00,99.6000,896.4000,224.1000,672.3000,4,1,3647,1490,295,22
L003647,O01489,C0294,Customer 0294,South,Consumer,customer294@example.com,2025-07-31,2025-07,Online,Completed,True,P018,Chair 018,Furniture,269.00,1,269.00,0.05,0,,269.00,13.4500,255.5500,0.0000,255.5500,1,0,3648,1490,295,19
L003648,O01489,C0294,Customer 0294,South,Consumer,customer294@example.com,2025-07-31,2025-07,Online,Completed,True,P019,Shelf 019,Storage,78.00,3,78.00,0.10,0,,234.00,23.4000,210.6000,0.0000,210.6000,3,0,3649,1490,295,20
L003649,O01490,C0053,Customer 0053,West,Business,customer53@example.com,2025-10-10,2025-10,Online,Completed,True,P019,Shelf 019,Storage,78.00,5,78.00,0.00,0,,390.00,0.0000,390.0000,0.0000,390.0000,5,0,3650,1491,54,20
L003650,O01491,C0193,Customer 0193,East,Consumer,customer193@example.com,2025-06-07,2025-06,Store,Completed,True,P023,Shelf 023,Storage,68.00,5,68.00,0.10,1,2025-06-24,340.00,34.0000,306.0000,306.0000,0.0000,5,5,3651,1492,194,24
L003651,O01491,C0193,Customer 0193,East,Consumer,customer193@example.com,2025-06-07,2025-06,Store,Completed,True,P014,Chair 014,Furniture,294.00,2,294.00,0.05,0,,588.00,29.4000,558.6000,0.0000,558.6000,2,0,3652,1492,194,15
L003652,O01492,C0032,Customer 0032,North,Business,customer32@example.com,2025-07-01,2025-07,Store,Completed,True,P018,Chair 018,Furniture,269.00,3,269.00,0.20,0,,807.00,161.4000,645.6000,0.0000,645.6000,3,0,3653,1493,33,19
L003653,O01492,C0032,Customer 0032,North,Business,customer32@example.com,2025-07-01,2025-07,Store,Completed,True,P010,Chair 010,Furniture,211.00,5,211.00,0.10,0,,1055.00,105.5000,949.5000,0.0000,949.5000,5,0,3654,1493,33,11
L003654,O01493,C0121,Customer 0121,West,Business,customer121@example.com,2025-06-22,2025-06,Online,Completed,True,P002,Chair 002,Furniture,284.00,1,284.00,0.00,0,,284.00,0.0000,284.0000,0.0000,284.0000,1,0,3655,1494,122,3
L003655,O01493,C0121,Customer 0121,West,Business,customer121@example.com,2025-06-22,2025-06,Online,Completed,True,P019,Shelf 019,Storage,78.00,4,78.00,0.10,0,,312.00,31.2000,280.8000,0.0000,280.8000,4,0,3656,1494,122,20
L003656,O01493,C0121,Customer 0121,West,Business,customer121@example.com,2025-06-22,2025-06,Online,Completed,True,P010,Chair 010,Furniture,211.00,5,211.00,0.05,0,,1055.00,52.7500,1002.2500,0.0000,1002.2500,5,0,3657,1494,122,11
L003657,O01493,C0121,Customer 0121,West,Business,customer121@example.com,2025-06-22,2025-06,Online,Completed,True,P023,Shelf 023,Storage,68.00,4,68.00,0.00,0,,272.00,0.0000,272.0000,0.0000,272.0000,4,0,3658,1494,122,24
L003658,O01494,C0044,Customer 0044,West,Business,customer44@example.com,2025-09-27,2025-09,Store,Completed,True,P020,Desk 020,Furniture,189.00,2,189.00,0.05,0,,378.00,18.9000,359.1000,0.0000,359.1000,2,0,3659,1495,45,21
L003659,O01495,C0137,Customer 0137,South,Consumer,,2025-03-09,2025-03,Store,Completed,True,P018,Chair 018,Furniture,269.00,3,269.00,0.2,0,,807.00,161.400,645.600,0.000,645.600,3,0,3660,1496,138,19
L003660,O01495,C0137,Customer 0137,South,Consumer,,2025-03-09,2025-03,Store,Completed,True,P001,Lamp 001,Lighting,122.00,2,122.00,0.10,1,2025-03-10,244.00,24.4000,219.6000,109.8000,109.8000,2,1,3661,1496,138,2
L003661,O01495,C0137,Customer 0137,South,Consumer,,2025-03-09,2025-03,Store,Completed,True,P001,Lamp 001,Lighting,122.00,5,122.00,0.05,0,,610.00,30.5000,579.5000,0.0000,579.5000,5,0,3662,1496,138,2
L003662,O01495,C0137,Customer 0137,South,Consumer,,2025-03-09,2025-03,Store,Completed,True,P016,Desk 016,Furniture,231.00,1,231.00,0.05,0,,231.00,11.5500,219.4500,0.0000,219.4500,1,0,3663,1496,138,17
L003663,O01496,C0067,Customer 0067,East,Business,customer67@example.com,2025-12-13,2025-12,Store,Completed,True,P003,Shelf 003,Storage,199.00,3,199.00,0.00,0,,597.00,0.0000,597.0000,0.0000,597.0000,3,0,3664,1497,68,4
L003664,O01496,C0067,Customer 0067,East,Business,customer67@example.com,2025-12-13,2025-12,Store,Completed,True,P013,Lamp 013,Lighting,271.00,5,271.00,0.10,0,,1355.00,135.5000,1219.5000,0.0000,1219.5000,5,0,3665,1497,68,14
L003665,O01496,C0067,Customer 0067,East,Business,customer67@example.com,2025-12-13,2025-12,Store,Completed,True,P014,Chair 014,Furniture,294.00,2,294.00,0.20,0,,588.00,117.6000,470.4000,0.0000,470.4000,2,0,3666,1497,68,15
L003666,O01497,C0248,Customer 0248,East,Business,customer248@example.com,2025-02-14,2025-02,Online,Completed,True,P020,Desk 020,Furniture,189.00,4,189.00,0.05,0,,756.00,37.8000,718.2000,0.0000,718.2000,4,0,3667,1498,249,21
L003667,O01497,C0248,Customer 0248,East,Business,customer248@example.com,2025-02-14,2025-02,Online,Completed,True,P017,Lamp 017,Lighting,300.00,4,300.00,0.05,0,,1200.00,60.0000,1140.0000,0.0000,1140.0000,4,0,3668,1498,249,18
L003668,O01497,C0248,Customer 0248,East,Business,customer248@example.com,2025-02-14,2025-02,Online,Completed,True,P016,Desk 016,Furniture,231.00,1,231.00,0.20,0,,231.00,46.2000,184.8000,0.0000,184.8000,1,0,3669,1498,249,17
L003669,O01497,C0248,Customer 0248,East,Business,customer248@example.com,2025-02-14,2025-02,Online,Completed,True,P017,Lamp 017,Lighting,300.00,3,300.00,0.20,0,,900.00,180.0000,720.0000,0.0000,720.0000,3,0,3670,1498,249,18
L003670,O01498,C0030,Customer 0030,South,Business,customer30@example.com,2025-11-07,2025-11,Online,Completed,True,P008,Desk 008,Furniture,188.00,2,188.00,0.05,0,,376.00,18.8000,357.2000,0.0000,357.2000,2,0,3671,1499,31,9
L003671,O01498,C0030,Customer 0030,South,Business,customer30@example.com,2025-11-07,2025-11,Online,Completed,True,P021,Lamp 021,Lighting,249.00,2,249.00,0.05,0,,498.00,24.9000,473.1000,0.0000,473.1000,2,0,3672,1499,31,22
L003672,O01499,C0051,Customer 0051,West,Consumer,customer51@example.com,2025-06-17,2025-06,Store,Cancelled,False,P001,Lamp 001,Lighting,122.00,1,122.00,0.05,0,,122.00,6.1000,115.9000,0.0000,115.9000,1,0,3673,1500,52,2
L003673,O01499,C0051,Customer 0051,West,Consumer,customer51@example.com,2025-06-17,2025-06,Store,Cancelled,False,P022,Chair 022,Furniture,134.00,3,134.00,0.10,0,,402.00,40.2000,361.8000,0.0000,361.8000,3,0,3674,1500,52,23
L003674,O01499,C0051,Customer 0051,West,Consumer,customer51@example.com,2025-06-17,2025-06,Store,Cancelled,False,P012,Desk 012,Furniture,134.00,3,134.00,0.05,0,,402.00,20.1000,381.9000,0.0000,381.9000,3,0,3675,1500,52,13
L003675,O01500,C0183,Customer 0183,East,Consumer,customer183@example.com,2025-10-17,2025-10,Store,Completed,True,P009,Lamp 009,Lighting,93.00,1,93.00,0.10,0,,93.00,9.3000,83.7000,0.0000,83.7000,1,0,3676,1501,184,10
L003676,O01500,C0183,Customer 0183,East,Consumer,customer183@example.com,2025-10-17,2025-10,Store,Completed,True,P011,Shelf 011,Storage,80.00,3,80.00,0.10,0,,240.00,24.0000,216.0000,0.0000,216.0000,3,0,3677,1501,184,12
L003677,O01500,C0183,Customer 0183,East,Consumer,customer183@example.com,2025-10-17,2025-10,Store,Completed,True,P004,Desk 004,Furniture,123.00,1,123.00,0.00,0,,123.00,0.0000,123.0000,0.0000,123.0000,1,0,3678,1501,184,5
L003678,O01501,C0226,Customer 0226,South,Business,customer226@example.com,2025-12-16,2025-12,Online,Completed,True,P014,Chair 014,Furniture,294.00,3,294.00,0.10,0,,882.00,88.2000,793.8000,0.0000,793.8000,3,0,3679,1502,227,15
L003679,O01501,C0226,Customer 0226,South,Business,customer226@example.com,2025-12-16,2025-12,Online,Completed,True,P020,Desk 020,Furniture,189.00,4,189.00,0.10,0,,756.00,75.6000,680.4000,0.0000,680.4000,4,0,3680,1502,227,21
L003680,O01502,C0212,Customer 0212,East,Consumer,customer212@example.com,2025-12-12,2025-12,Online,Completed,True,P015,Shelf 015,Storage,254.00,3,254.00,0.05,0,,762.00,38.1000,723.9000,0.0000,723.9000,3,0,3681,1503,213,16
L003681,O01502,C0212,Customer 0212,East,Consumer,customer212@example.com,2025-12-12,2025-12,Online,Completed,True,P024,Desk 024,Furniture,81.00,2,81.00,0.05,0,,162.00,8.1000,153.9000,0.0000,153.9000,2,0,3682,1503,213,25
L003682,O01502,C0212,Customer 0212,East,Consumer,customer212@example.com,2025-12-12,2025-12,Online,Completed,True,P020,Desk 020,Furniture,189.00,5,189.00,0.00,0,,945.00,0.0000,945.0000,0.0000,945.0000,5,0,3683,1503,213,21
L003683,O01502,C0212,Customer 0212,East,Consumer,customer212@example.com,2025-12-12,2025-12,Online,Completed,True,P007,Shelf 007,Storage,35.00,5,35.00,0.20,0,,175.00,35.0000,140.0000,0.0000,140.0000,5,0,3684,1503,213,8
L003684,O01503,C0158,Customer 0158,East,Consumer,customer158@example.com,2025-10-12,2025-10,Online,Cancelled,False,P005,Lamp 005,Lighting,65.00,3,65.00,0.00,0,,195.00,0.0000,195.0000,0.0000,195.0000,3,0,3685,1504,159,6
L003685,O01503,C0158,Customer 0158,East,Consumer,customer158@example.com,2025-10-12,2025-10,Online,Cancelled,False,P019,Shelf 019,Storage,78.00,5,78.00,0.20,0,,390.00,78.0000,312.0000,0.0000,312.0000,5,0,3686,1504,159,20
L003686,O01504,C0102,Customer 0102,North,Consumer,customer102@example.com,2025-01-20,2025-01,Store,Completed,True,P007,Shelf 007,Storage,35.00,5,35.00,0.10,0,,175.00,17.5000,157.5000,0.0000,157.5000,5,0,3687,1505,103,8
L003687,O01505,C0239,Customer 0239,South,Consumer,,2025-02-01,2025-02,Online,Completed,True,P011,Shelf 011,Storage,80.00,1,80.00,0.10,0,,80.00,8.0000,72.0000,0.0000,72.0000,1,0,3688,1506,240,12
L003688,O01505,C0239,Customer 0239,South,Consumer,,2025-02-01,2025-02,Online,Completed,True,P005,Lamp 005,Lighting,65.00,5,65.00,0.00,0,,325.00,0.0000,325.0000,0.0000,325.0000,5,0,3689,1506,240,6
L003689,O01505,C0239,Customer 0239,South,Consumer,,2025-02-01,2025-02,Online,Completed,True,P013,Lamp 013,Lighting,271.00,1,271.00,0.10,0,,271.00,27.1000,243.9000,0.0000,243.9000,1,0,3690,1506,240,14
L003690,O01505,C0239,Customer 0239,South,Consumer,,2025-02-01,2025-02,Online,Completed,True,P005,Lamp 005,Lighting,65.00,5,65.00,0,0,,325.00,0.00,325.00,0.00,325.00,5,0,3691,1506,240,6
L003691,O01506,C0129,Customer 0129,North,Business,customer129@example.com,2025-04-17,2025-04,Online,Completed,True,P008,Desk 008,Furniture,188.00,1,188.00,0.10,0,,188.00,18.8000,169.2000,0.0000,169.2000,1,0,3692,1507,130,9
L003692,O01507,C0236,Customer 0236,West,Business,customer236@example.com,2025-05-16,2025-05,Online,Completed,True,P001,Lamp 001,Lighting,122.00,5,122.00,0.10,0,,610.00,61.0000,549.0000,0.0000,549.0000,5,0,3693,1508,237,2
L003693,O01507,C0236,Customer 0236,West,Business,customer236@example.com,2025-05-16,2025-05,Online,Completed,True,P016,Desk 016,Furniture,231.00,1,231.00,0.10,0,,231.00,23.1000,207.9000,0.0000,207.9000,1,0,3694,1508,237,17
L003694,O01507,C0236,Customer 0236,West,Business,customer236@example.com,2025-05-16,2025-05,Online,Completed,True,P016,Desk 016,Furniture,231.00,2,231.00,0.05,0,,462.00,23.1000,438.9000,0.0000,438.9000,2,0,3695,1508,237,17
L003695,O01507,C0236,Customer 0236,West,Business,customer236@example.com,2025-05-16,2025-05,Online,Completed,True,P008,Desk 008,Furniture,188.00,4,188.00,0.10,0,,752.00,75.2000,676.8000,0.0000,676.8000,4,0,3696,1508,237,9
L003696,O01508,C0140,Customer 0140,East,Consumer,customer140@example.com,2025-11-20,2025-11,Store,Completed,True,P005,Lamp 005,Lighting,65.00,2,65.00,0.20,0,,130.00,26.0000,104.0000,0.0000,104.0000,2,0,3697,1509,141,6
L003697,O01509,C0007,Customer 0007,North,Consumer,customer7@example.com,2025-01-29,2025-01,Store,Completed,True,P020,Desk 020,Furniture,189.00,5,189.00,0.20,0,,945.00,189.0000,756.0000,0.0000,756.0000,5,0,3698,1510,8,21
L003698,O01509,C0007,Customer 0007,North,Consumer,customer7@example.com,2025-01-29,2025-01,Store,Completed,True,P009,Lamp 009,Lighting,93.00,2,93.00,0.10,0,,186.00,18.6000,167.4000,0.0000,167.4000,2,0,3699,1510,8,10
L003699,O01509,C0007,Customer 0007,North,Consumer,customer7@example.com,2025-01-29,2025-01,Store,Completed,True,P018,Chair 018,Furniture,269.00,4,269.00,0.20,1,2025-02-05,1076.00,215.2000,860.8000,215.2000,645.6000,4,1,3700,1510,8,19
L003700,O01510,C0142,Customer 0142,West,Business,customer142@example.com,2025-11-19,2025-11,Store,Completed,True,P008,Desk 008,Furniture,188.00,3,188.00,0.20,1,2025-11-25,564.00,112.8000,451.2000,150.4000,300.8000,3,1,3701,1511,143,9
L003701,O01510,C0142,Customer 0142,West,Business,customer142@example.com,2025-11-19,2025-11,Store,Completed,True,P008,Desk 008,Furniture,188.00,4,188.00,0.05,0,,752.00,37.6000,714.4000,0.0000,714.4000,4,0,3702,1511,143,9
L003702,O01510,C0142,Customer 0142,West,Business,customer142@example.com,2025-11-19,2025-11,Store,Completed,True,P005,Lamp 005,Lighting,65.00,3,65.00,0.00,0,,195.00,0.0000,195.0000,0.0000,195.0000,3,0,3703,1511,143,6
L003703,O01510,C0142,Customer 0142,West,Business,customer142@example.com,2025-11-19,2025-11,Store,Completed,True,P005,Lamp 005,Lighting,65.00,5,65.00,0.05,0,,325.00,16.2500,308.7500,0.0000,308.7500,5,0,3704,1511,143,6
L003704,O01511,C0012,Customer 0012,West,Consumer,customer12@example.com,2025-07-05,2025-07,Online,Completed,True,P005,Lamp 005,Lighting,65.00,4,65.00,0.10,1,2025-07-31,260.00,26.0000,234.0000,58.5000,175.5000,4,1,3705,1512,13,6
L003705,O01512,C0073,Customer 0073,South,Business,customer73@example.com,2025-02-06,2025-02,Store,Completed,True,P014,Chair 014,Furniture,294.00,2,294.00,0.10,0,,588.00,58.8000,529.2000,0.0000,529.2000,2,0,3706,1513,74,15
L003706,O01512,C0073,Customer 0073,South,Business,customer73@example.com,2025-02-06,2025-02,Store,Completed,True,P023,Shelf 023,Storage,68.00,4,68.00,0.10,0,,272.00,27.2000,244.8000,0.0000,244.8000,4,0,3707,1513,74,24
L003707,O01513,C0179,Customer 0179,East,Consumer,customer179@example.com,2025-01-25,2025-01,Online,Completed,True,P012,Desk 012,Furniture,134.00,2,134.00,0.20,0,,268.00,53.6000,214.4000,0.0000,214.4000,2,0,3708,1514,180,13
L003708,O01513,C0179,Customer 0179,East,Consumer,customer179@example.com,2025-01-25,2025-01,Online,Completed,True,P010,Chair 010,Furniture,211.00,1,211.00,0.05,0,,211.00,10.5500,200.4500,0.0000,200.4500,1,0,3709,1514,180,11
L003709,O01513,C0179,Customer 0179,East,Consumer,customer179@example.com,2025-01-25,2025-01,Online,Completed,True,P020,Desk 020,Furniture,189.00,1,189.00,0.20,0,,189.00,37.8000,151.2000,0.0000,151.2000,1,0,3710,1514,180,21
L003710,O01513,C0179,Customer 0179,East,Consumer,customer179@example.com,2025-01-25,2025-01,Online,Completed,True,P005,Lamp 005,Lighting,65.00,4,65.00,0.00,0,,260.00,0.0000,260.0000,0.0000,260.0000,4,0,3711,1514,180,6
L003711,O01514,C0007,Customer 0007,North,Consumer,customer7@example.com,2025-04-06,2025-04,Store,Completed,True,P007,Shelf 007,Storage,35.00,4,35.00,0.20,0,,140.00,28.0000,112.0000,0.0000,112.0000,4,0,3712,1515,8,8
L003712,O01514,C0007,Customer 0007,North,Consumer,customer7@example.com,2025-04-06,2025-04,Store,Completed,True,P020,Desk 020,Furniture,189.00,2,189.00,0.00,0,,378.00,0.0000,378.0000,0.0000,378.0000,2,0,3713,1515,8,21
L003713,O01515,C0265,Customer 0265,West,Consumer,customer265@example.com,2025-01-04,2025-01,Online,Completed,True,P006,Chair 006,Furniture,196.00,5,196.00,0.10,1,2025-01-05,980.00,98.0000,882.0000,352.8000,529.2000,5,2,3714,1516,266,7
L003714,O01515,C0265,Customer 0265,West,Consumer,customer265@example.com,2025-01-04,2025-01,Online,Completed,True,P009,Lamp 009,Lighting,93.00,2,93.00,0.20,0,,186.00,37.2000,148.8000,0.0000,148.8000,2,0,3715,1516,266,10
L003715,O01515,C0265,Customer 0265,West,Consumer,customer265@example.com,2025-01-04,2025-01,Online,Completed,True,P020,Desk 020,Furniture,189.00,4,189.00,0.05,0,,756.00,37.8000,718.2000,0.0000,718.2000,4,0,3716,1516,266,21
L003716,O01515,C0265,Customer 0265,West,Consumer,customer265@example.com,2025-01-04,2025-01,Online,Completed,True,P007,Shelf 007,Storage,35.00,2,35.00,0.20,0,,70.00,14.0000,56.0000,0.0000,56.0000,2,0,3717,1516,266,8
L003717,O01516,C0024,Customer 0024,South,Business,customer24@example.com,2025-02-24,2025-02,Store,Completed,True,P011,Shelf 011,Storage,80.00,2,80.00,0.10,0,,160.00,16.0000,144.0000,0.0000,144.0000,2,0,3718,1517,25,12
L003718,O01516,C0024,Customer 0024,South,Business,customer24@example.com,2025-02-24,2025-02,Store,Completed,True,P002,Chair 002,Furniture,284.00,4,284.00,0.10,0,,1136.00,113.6000,1022.4000,0.0000,1022.4000,4,0,3719,1517,25,3
L003719,O01517,C0054,Customer 0054,East,Business,customer54@example.com,2025-07-26,2025-07,Online,Completed,True,P020,Desk 020,Furniture,189.00,2,189.00,0.10,0,,378.00,37.8000,340.2000,0.0000,340.2000,2,0,3720,1518,55,21
L003720,O01518,C0012,Customer 0012,West,Consumer,customer12@example.com,2025-07-09,2025-07,Store,Cancelled,False,P022,Chair 022,Furniture,134.00,5,134.00,0.05,0,,670.00,33.5000,636.5000,0.0000,636.5000,5,0,3721,1519,13,23
L003721,O01518,C0012,Customer 0012,West,Consumer,customer12@example.com,2025-07-09,2025-07,Store,Cancelled,False,P024,Desk 024,Furniture,81.00,1,81.00,0.05,0,,81.00,4.0500,76.9500,0.0000,76.9500,1,0,3722,1519,13,25
L003722,O01518,C0012,Customer 0012,West,Consumer,customer12@example.com,2025-07-09,2025-07,Store,Cancelled,False,P006,Chair 006,Furniture,196.00,1,196.00,0.10,0,,196.00,19.6000,176.4000,0.0000,176.4000,1,0,3723,1519,13,7
L003723,O01518,C0012,Customer 0012,West,Consumer,customer12@example.com,2025-07-09,2025-07,Store,Cancelled,False,P007,Shelf 007,Storage,35.00,5,35.00,0.10,0,,175.00,17.5000,157.5000,0.0000,157.5000,5,0,3724,1519,13,8
L003724,O01519,C0156,Customer 0156,South,Consumer,customer156@example.com,2025-09-26,2025-09,Online,Completed,True,P009,Lamp 009,Lighting,93.00,5,93.00,0.05,0,,465.00,23.2500,441.7500,0.0000,441.7500,5,0,3725,1520,157,10
L003725,O01520,C0084,Customer 0084,West,Business,customer84@example.com,2025-12-05,2025-12,Online,Completed,True,P012,Desk 012,Furniture,134.00,4,134.00,0.00,0,,536.00,0.0000,536.0000,0.0000,536.0000,4,0,3726,1521,85,13
L003726,O01520,C0084,Customer 0084,West,Business,customer84@example.com,2025-12-05,2025-12,Online,Completed,True,P001,Lamp 001,Lighting,122.00,3,122.00,0.10,0,,366.00,36.6000,329.4000,0.0000,329.4000,3,0,3727,1521,85,2
L003727,O01521,C0009,Customer 0009,South,Business,customer9@example.com,2025-11-09,2025-11,Store,Cancelled,False,P021,Lamp 021,Lighting,249.00,2,249.00,0.05,0,,498.00,24.9000,473.1000,0.0000,473.1000,2,0,3728,1522,10,22
L003728,O01521,C0009,Customer 0009,South,Business,customer9@example.com,2025-11-09,2025-11,Store,Cancelled,False,P018,Chair 018,Furniture,269.00,5,269.00,0.00,0,,1345.00,0.0000,1345.0000,0.0000,1345.0000,5,0,3729,1522,10,19
L003729,O01521,C0009,Customer 0009,South,Business,customer9@example.com,2025-11-09,2025-11,Store,Cancelled,False,P010,Chair 010,Furniture,211.00,4,211.00,0.05,0,,844.00,42.2000,801.8000,0.0000,801.8000,4,0,3730,1522,10,11
L003730,O01522,C0291,Customer 0291,North,Consumer,customer291@example.com,2025-07-03,2025-07,Store,Completed,True,P023,Shelf 023,Storage,68.00,1,68.00,0.00,0,,68.00,0.0000,68.0000,0.0000,68.0000,1,0,3731,1523,292,24
L003731,O01523,C0142,Customer 0142,West,Business,customer142@example.com,2025-03-12,2025-03,Online,Completed,True,P002,Chair 002,Furniture,284.00,1,284.00,0.05,0,,284.00,14.2000,269.8000,0.0000,269.8000,1,0,3732,1524,143,3
L003732,O01523,C0142,Customer 0142,West,Business,customer142@example.com,2025-03-12,2025-03,Online,Completed,True,P011,Shelf 011,Storage,80.00,1,80.00,0.20,0,,80.00,16.0000,64.0000,0.0000,64.0000,1,0,3733,1524,143,12
L003733,O01523,C0142,Customer 0142,West,Business,customer142@example.com,2025-03-12,2025-03,Online,Completed,True,P010,Chair 010,Furniture,211.00,3,211.00,0.20,0,,633.00,126.6000,506.4000,0.0000,506.4000,3,0,3734,1524,143,11
L003734,O01524,C0153,Customer 0153,East,Business,customer153@example.com,2025-04-02,2025-04,Online,Completed,True,P020,Desk 020,Furniture,189.00,3,189.00,0.05,0,,567.00,28.3500,538.6500,0.0000,538.6500,3,0,3735,1525,154,21
L003735,O01524,C0153,Customer 0153,East,Business,customer153@example.com,2025-04-02,2025-04,Online,Completed,True,P006,Chair 006,Furniture,196.00,3,196.00,0.10,0,,588.00,58.8000,529.2000,0.0000,529.2000,3,0,3736,1525,154,7
L003736,O01524,C0153,Customer 0153,East,Business,customer153@example.com,2025-04-02,2025-04,Online,Completed,True,P005,Lamp 005,Lighting,65.00,5,65.00,0.00,0,,325.00,0.0000,325.0000,0.0000,325.0000,5,0,3737,1525,154,6
L003737,O01524,C0153,Customer 0153,East,Business,customer153@example.com,2025-04-02,2025-04,Online,Completed,True,P008,Desk 008,Furniture,188.00,4,188.00,0.20,0,,752.00,150.4000,601.6000,0.0000,601.6000,4,0,3738,1525,154,9
L003738,O01525,C0282,Customer 0282,East,Business,customer282@example.com,2025-06-14,2025-06,Online,Completed,True,P023,Shelf 023,Storage,68.00,4,68.00,0.10,0,,272.00,27.2000,244.8000,0.0000,244.8000,4,0,3739,1526,283,24
L003739,O01526,C0279,Customer 0279,South,Business,customer279@example.com,2025-10-08,2025-10,Online,Completed,True,P016,Desk 016,Furniture,231.00,2,231.00,0.10,1,2025-10-09,462.00,46.2000,415.8000,415.8000,0.0000,2,2,3740,1527,280,17
L003740,O01527,C0031,Customer 0031,South,Consumer,customer31@example.com,2025-08-26,2025-08,Store,Completed,True,P016,Desk 016,Furniture,231.00,1,231.00,0.10,0,,231.00,23.1000,207.9000,0.0000,207.9000,1,0,3741,1528,32,17
L003741,O01528,C0089,Customer 0089,South,Business,customer89@example.com,2025-12-02,2025-12,Online,Completed,True,P016,Desk 016,Furniture,231.00,4,231.00,0.05,0,,924.00,46.2000,877.8000,0.0000,877.8000,4,0,3742,1529,90,17
L003742,O01528,C0089,Customer 0089,South,Business,customer89@example.com,2025-12-02,2025-12,Online,Completed,True,P023,Shelf 023,Storage,68.00,5,68.00,0.05,0,,340.00,17.0000,323.0000,0.0000,323.0000,5,0,3743,1529,90,24
L003743,O01529,C0036,Customer 0036,West,Consumer,customer36@example.com,2025-10-05,2025-10,Store,Completed,True,P017,Lamp 017,Lighting,300.00,3,300.00,0.20,0,,900.00,180.0000,720.0000,0.0000,720.0000,3,0,3744,1530,37,18
L003744,O01529,C0036,Customer 0036,West,Consumer,customer36@example.com,2025-10-05,2025-10,Store,Completed,True,P018,Chair 018,Furniture,269.00,1,269.00,0.00,0,,269.00,0.0000,269.0000,0.0000,269.0000,1,0,3745,1530,37,19
L003745,O01529,C0036,Customer 0036,West,Consumer,customer36@example.com,2025-10-05,2025-10,Store,Completed,True,P012,Desk 012,Furniture,134.00,3,134.00,0.00,0,,402.00,0.0000,402.0000,0.0000,402.0000,3,0,3746,1530,37,13
L003746,O01529,C0036,Customer 0036,West,Consumer,customer36@example.com,2025-10-05,2025-10,Store,Completed,True,P004,Desk 004,Furniture,123.00,1,123.00,0.10,0,,123.00,12.3000,110.7000,0.0000,110.7000,1,0,3747,1530,37,5
L003747,O01530,C0241,Customer 0241,North,Consumer,customer241@example.com,2025-04-26,2025-04,Store,Cancelled,False,P006,Chair 006,Furniture,196.00,4,196.00,0.00,0,,784.00,0.0000,784.0000,0.0000,784.0000,4,0,3748,1531,242,7
L003748,O01530,C0241,Customer 0241,North,Consumer,customer241@example.com,2025-04-26,2025-04,Store,Cancelled,False,P001,Lamp 001,Lighting,122.00,5,122.00,0.10,0,,610.00,61.0000,549.0000,0.0000,549.0000,5,0,3749,1531,242,2
L003749,O01530,C0241,Customer 0241,North,Consumer,customer241@example.com,2025-04-26,2025-04,Store,Cancelled,False,P015,Shelf 015,Storage,254.00,5,254.00,0.00,0,,1270.00,0.0000,1270.0000,0.0000,1270.0000,5,0,3750,1531,242,16
L003750,O01531,C0141,Customer 0141,East,Consumer,customer141@example.com,2025-04-14,2025-04,Online,Completed,True,P003,Shelf 003,Storage,199.00,4,199.00,0.05,0,,796.00,39.8000,756.2000,0.0000,756.2000,4,0,3751,1532,142,4
L003751,O01531,C0141,Customer 0141,East,Consumer,customer141@example.com,2025-04-14,2025-04,Online,Completed,True,P004,Desk 004,Furniture,123.00,2,123.00,0.05,0,,246.00,12.3000,233.7000,0.0000,233.7000,2,0,3752,1532,142,5
L003752,O01531,C0141,Customer 0141,East,Consumer,customer141@example.com,2025-04-14,2025-04,Online,Completed,True,P009,Lamp 009,Lighting,93.00,3,93.00,0.1,0,,279.00,27.900,251.100,0.000,251.100,3,0,3753,1532,142,10
L003753,O01532,C0278,Customer 0278,North,Consumer,customer278@example.com,2025-03-29,2025-03,Store,Cancelled,False,P022,Chair 022,Furniture,134.00,5,134.00,0.00,0,,670.00,0.0000,670.0000,0.0000,670.0000,5,0,3754,1533,279,23
L003754,O01532,C0278,Customer 0278,North,Consumer,customer278@example.com,2025-03-29,2025-03,Store,Cancelled,False,P013,Lamp 013,Lighting,271.00,2,271.00,0.20,0,,542.00,108.4000,433.6000,0.0000,433.6000,2,0,3755,1533,279,14
L003755,O01533,C0211,Customer 0211,North,Business,customer211@example.com,2025-06-05,2025-06,Online,Completed,True,P010,Chair 010,Furniture,211.00,3,211.00,0.00,1,2025-06-22,633.00,0.0000,633.0000,633.0000,0.0000,3,3,3756,1534,212,11
L003756,O01533,C0211,Customer 0211,North,Business,customer211@example.com,2025-06-05,2025-06,Online,Completed,True,P013,Lamp 013,Lighting,271.00,1,271.00,0.00,0,,271.00,0.0000,271.0000,0.0000,271.0000,1,0,3757,1534,212,14
L003757,O01534,C0267,Customer 0267,West,Business,customer267@example.com,2025-07-28,2025-07,Online,Completed,True,P012,Desk 012,Furniture,134.00,4,134.00,0.10,0,,536.00,53.6000,482.4000,0.0000,482.4000,4,0,3758,1535,268,13
L003758,O01534,C0267,Customer 0267,West,Business,customer267@example.com,2025-07-28,2025-07,Online,Completed,True,P015,Shelf 015,Storage,254.00,3,254.00,0.10,0,,762.00,76.2000,685.8000,0.0000,685.8000,3,0,3759,1535,268,16
L003759,O01535,C0040,Customer 0040,North,Consumer,customer40@example.com,2025-12-23,2025-12,Online,Completed,True,P004,Desk 004,Furniture,123.00,5,123.00,0.10,0,,615.00,61.5000,553.5000,0.0000,553.5000,5,0,3760,1536,41,5
L003760,O01535,C0040,Customer 0040,North,Consumer,customer40@example.com,2025-12-23,2025-12,Online,Completed,True,P015,Shelf 015,Storage,254.00,5,254.00,0.10,0,,1270.00,127.0000,1143.0000,0.0000,1143.0000,5,0,3761,1536,41,16
L003761,O01535,C0040,Customer 0040,North,Consumer,customer40@example.com,2025-12-23,2025-12,Online,Completed,True,P019,Shelf 019,Storage,78.00,4,78.00,0.10,0,,312.00,31.2000,280.8000,0.0000,280.8000,4,0,3762,1536,41,20
L003762,O01535,C0040,Customer 0040,North,Consumer,customer40@example.com,2025-12-23,2025-12,Online,Completed,True,P014,Chair 014,Furniture,294.00,5,294.00,0.10,0,,1470.00,147.0000,1323.0000,0.0000,1323.0000,5,0,3763,1536,41,15
L003763,O01536,C0285,Customer 0285,East,Consumer,customer285@example.com,2025-08-25,2025-08,Store,Completed,True,P010,Chair 010,Furniture,211.00,3,211.00,0.05,0,,633.00,31.6500,601.3500,0.0000,601.3500,3,0,3764,1537,286,11
L003764,O01536,C0285,Customer 0285,East,Consumer,customer285@example.com,2025-08-25,2025-08,Store,Completed,True,P020,Desk 020,Furniture,189.00,5,189.00,0.05,0,,945.00,47.2500,897.7500,0.0000,897.7500,5,0,3765,1537,286,21
L003765,O01536,C0285,Customer 0285,East,Consumer,customer285@example.com,2025-08-25,2025-08,Store,Completed,True,P007,Shelf 007,Storage,35.00,5,35.00,0.10,0,,175.00,17.5000,157.5000,0.0000,157.5000,5,0,3766,1537,286,8
L003766,O01536,C0285,Customer 0285,East,Consumer,customer285@example.com,2025-08-25,2025-08,Store,Completed,True,P014,Chair 014,Furniture,294.00,5,294.00,0.00,0,,1470.00,0.0000,1470.0000,0.0000,1470.0000,5,0,3767,1537,286,15
L003767,O01537,C0132,Customer 0132,North,Consumer,customer132@example.com,2025-07-23,2025-07,Online,Completed,True,P021,Lamp 021,Lighting,249.00,5,249.00,0.00,1,2025-07-31,1245.00,0.0000,1245.0000,996.0000,249.0000,5,4,3768,1538,133,22
L003768,O01537,C0132,Customer 0132,North,Consumer,customer132@example.com,2025-07-23,2025-07,Online,Completed,True,P010,Chair 010,Furniture,211.00,2,211.00,0.05,0,,422.00,21.1000,400.9000,0.0000,400.9000,2,0,3769,1538,133,11
L003769,O01537,C0132,Customer 0132,North,Consumer,customer132@example.com,2025-07-23,2025-07,Online,Completed,True,P023,Shelf 023,Storage,68.00,2,68.00,0.05,0,,136.00,6.8000,129.2000,0.0000,129.2000,2,0,3770,1538,133,24
L003770,O01537,C0132,Customer 0132,North,Consumer,customer132@example.com,2025-07-23,2025-07,Online,Completed,True,P024,Desk 024,Furniture,81.00,1,81.00,0.05,0,,81.00,4.0500,76.9500,0.0000,76.9500,1,0,3771,1538,133,25
L003771,O01538,C0081,Customer 0081,North,Consumer,customer81@example.com,2025-10-16,2025-10,Store,Completed,True,P016,Desk 016,Furniture,231.00,4,231.00,0.05,0,,924.00,46.2000,877.8000,0.0000,877.8000,4,0,3772,1539,82,17
L003772,O01538,C0081,Customer 0081,North,Consumer,customer81@example.com,2025-10-16,2025-10,Store,Completed,True,P015,Shelf 015,Storage,254.00,2,254.00,0.10,0,,508.00,50.8000,457.2000,0.0000,457.2000,2,0,3773,1539,82,16
L003773,O01538,C0081,Customer 0081,North,Consumer,customer81@example.com,2025-10-16,2025-10,Store,Completed,True,P011,Shelf 011,Storage,80.00,2,80.00,0.20,0,,160.00,32.0000,128.0000,0.0000,128.0000,2,0,3774,1539,82,12
L003774,O01538,C0081,Customer 0081,North,Consumer,customer81@example.com,2025-10-16,2025-10,Store,Completed,True,P009,Lamp 009,Lighting,93.00,5,93.00,0.10,0,,465.00,46.5000,418.5000,0.0000,418.5000,5,0,3775,1539,82,10
L003775,O01539,C0149,Customer 0149,East,Business,customer149@example.com,2025-07-25,2025-07,Online,Completed,True,P018,Chair 018,Furniture,269.00,4,269.00,0.10,1,2025-08-20,1076.00,107.6000,968.4000,242.1000,726.3000,4,1,3776,1540,150,19
L003776,O01539,C0149,Customer 0149,East,Business,customer149@example.com,2025-07-25,2025-07,Online,Completed,True,P021,Lamp 021,Lighting,249.00,2,249.00,0.20,0,,498.00,99.6000,398.4000,0.0000,398.4000,2,0,3777,1540,150,22
L003777,O01539,C0149,Customer 0149,East,Business,customer149@example.com,2025-07-25,2025-07,Online,Completed,True,P022,Chair 022,Furniture,134.00,1,134.00,0.00,0,,134.00,0.0000,134.0000,0.0000,134.0000,1,0,3778,1540,150,23
L003778,O01540,C0116,Customer 0116,West,Business,customer116@example.com,2025-10-04,2025-10,Store,Completed,True,P007,Shelf 007,Storage,35.00,3,35.00,0.05,0,,105.00,5.2500,99.7500,0.0000,99.7500,3,0,3779,1541,117,8
L003779,O01540,C0116,Customer 0116,West,Business,customer116@example.com,2025-10-04,2025-10,Store,Completed,True,P021,Lamp 021,Lighting,249.00,4,249.00,0.05,0,,996.00,49.8000,946.2000,0.0000,946.2000,4,0,3780,1541,117,22
L003780,O01540,C0116,Customer 0116,West,Business,customer116@example.com,2025-10-04,2025-10,Store,Completed,True,P020,Desk 020,Furniture,189.00,2,189.00,0.10,0,,378.00,37.8000,340.2000,0.0000,340.2000,2,0,3781,1541,117,21
L003781,O01541,C0177,Customer 0177,West,Business,customer177@example.com,2025-06-25,2025-06,Online,Completed,True,P013,Lamp 013,Lighting,271.00,5,271.00,0.10,0,,1355.00,135.5000,1219.5000,0.0000,1219.5000,5,0,3782,1542,178,14
L003782,O01541,C0177,Customer 0177,West,Business,customer177@example.com,2025-06-25,2025-06,Online,Completed,True,P022,Chair 022,Furniture,134.00,2,134.00,0.00,0,,268.00,0.0000,268.0000,0.0000,268.0000,2,0,3783,1542,178,23
L003783,O01541,C0177,Customer 0177,West,Business,customer177@example.com,2025-06-25,2025-06,Online,Completed,True,P017,Lamp 017,Lighting,300.00,1,300.00,0,0,,300.00,0.00,300.00,0.00,300.00,1,0,3784,1542,178,18
L003784,O01542,C0184,Customer 0184,West,Business,customer184@example.com,2025-10-21,2025-10,Online,Completed,True,P002,Chair 002,Furniture,284.00,3,284.00,0.05,0,,852.00,42.6000,809.4000,0.0000,809.4000,3,0,3785,1543,185,3
L003785,O01542,C0184,Customer 0184,West,Business,customer184@example.com,2025-10-21,2025-10,Online,Completed,True,P002,Chair 002,Furniture,284.00,5,284.00,0.10,0,,1420.00,142.0000,1278.0000,0.0000,1278.0000,5,0,3786,1543,185,3
L003786,O01542,C0184,Customer 0184,West,Business,customer184@example.com,2025-10-21,2025-10,Online,Completed,True,P024,Desk 024,Furniture,81.00,5,81.00,0.10,0,,405.00,40.5000,364.5000,0.0000,364.5000,5,0,3787,1543,185,25
L003787,O01542,C0184,Customer 0184,West,Business,customer184@example.com,2025-10-21,2025-10,Online,Completed,True,P019,Shelf 019,Storage,78.00,2,78.00,0.00,0,,156.00,0.0000,156.0000,0.0000,156.0000,2,0,3788,1543,185,20
L003788,O01543,C0269,Customer 0269,East,Business,customer269@example.com,2025-12-04,2025-12,Store,Completed,True,P019,Shelf 019,Storage,78.00,5,78.00,0.10,0,,390.00,39.0000,351.0000,0.0000,351.0000,5,0,3789,1544,270,20
L003789,O01543,C0269,Customer 0269,East,Business,customer269@example.com,2025-12-04,2025-12,Store,Completed,True,P014,Chair 014,Furniture,294.00,2,294.00,0.05,0,,588.00,29.4000,558.6000,0.0000,558.6000,2,0,3790,1544,270,15
L003790,O01544,C0221,Customer 0221,West,Business,customer221@example.com,2025-08-22,2025-08,Store,Completed,True,P017,Lamp 017,Lighting,300.00,2,300.00,0.00,0,,600.00,0.0000,600.0000,0.0000,600.0000,2,0,3791,1545,222,18
L003791,O01545,C0228,Customer 0228,East,Business,customer228@example.com,2025-05-18,2025-05,Online,Completed,True,P021,Lamp 021,Lighting,249.00,2,249.00,0.20,0,,498.00,99.6000,398.4000,0.0000,398.4000,2,0,3792,1546,229,22
L003792,O01545,C0228,Customer 0228,East,Business,customer228@example.com,2025-05-18,2025-05,Online,Completed,True,P018,Chair 018,Furniture,269.00,4,269.00,0.20,0,,1076.00,215.2000,860.8000,0.0000,860.8000,4,0,3793,1546,229,19
L003793,O01546,C0191,Customer 0191,North,Consumer,customer191@example.com,2025-03-07,2025-03,Online,Completed,True,P016,Desk 016,Furniture,231.00,4,231.00,0.10,0,,924.00,92.4000,831.6000,0.0000,831.6000,4,0,3794,1547,192,17
L003794,O01546,C0191,Customer 0191,North,Consumer,customer191@example.com,2025-03-07,2025-03,Online,Completed,True,P020,Desk 020,Furniture,189.00,2,189.00,0.05,0,,378.00,18.9000,359.1000,0.0000,359.1000,2,0,3795,1547,192,21
L003795,O01546,C0191,Customer 0191,North,Consumer,customer191@example.com,2025-03-07,2025-03,Online,Completed,True,P014,Chair 014,Furniture,294.00,4,294.00,0.20,0,,1176.00,235.2000,940.8000,0.0000,940.8000,4,0,3796,1547,192,15
L003796,O01546,C0191,Customer 0191,North,Consumer,customer191@example.com,2025-03-07,2025-03,Online,Completed,True,P018,Chair 018,Furniture,269.00,3,269.00,0.10,0,,807.00,80.7000,726.3000,0.0000,726.3000,3,0,3797,1547,192,19
L003797,O01547,C0197,Customer 0197,East,Business,customer197@example.com,2025-09-19,2025-09,Online,Completed,True,P020,Desk 020,Furniture,189.00,4,189.00,0.00,1,2025-10-06,756.00,0.0000,756.0000,756.0000,0.0000,4,4,3798,1548,198,21
L003798,O01547,C0197,Customer 0197,East,Business,customer197@example.com,2025-09-19,2025-09,Online,Completed,True,P016,Desk 016,Furniture,231.00,5,231.00,0.05,0,,1155.00,57.7500,1097.2500,0.0000,1097.2500,5,0,3799,1548,198,17
L003799,O01547,C0197,Customer 0197,East,Business,customer197@example.com,2025-09-19,2025-09,Online,Completed,True,P003,Shelf 003,Storage,199.00,5,199.00,0.00,0,,995.00,0.0000,995.0000,0.0000,995.0000,5,0,3800,1548,198,4
L003800,O01548,C0015,Customer 0015,West,Consumer,customer15@example.com,2025-11-11,2025-11,Store,Completed,True,P009,Lamp 009,Lighting,93.00,1,93.00,0.10,0,,93.00,9.3000,83.7000,0.0000,83.7000,1,0,3801,1549,16,10
L003801,O01548,C0015,Customer 0015,West,Consumer,customer15@example.com,2025-11-11,2025-11,Store,Completed,True,P008,Desk 008,Furniture,188.00,2,188.00,0.20,0,,376.00,75.2000,300.8000,0.0000,300.8000,2,0,3802,1549,16,9
L003802,O01549,C0209,Customer 0209,West,Business,customer209@example.com,2025-10-02,2025-10,Online,Completed,True,P004,Desk 004,Furniture,123.00,2,123.00,0.05,0,,246.00,12.3000,233.7000,0.0000,233.7000,2,0,3803,1550,210,5
L003803,O01550,C0109,Customer 0109,West,Business,customer109@example.com,2025-11-14,2025-11,Online,Completed,True,P009,Lamp 009,Lighting,93.00,2,93.00,0.00,0,,186.00,0.0000,186.0000,0.0000,186.0000,2,0,3804,1551,110,10
L003804,O01550,C0109,Customer 0109,West,Business,customer109@example.com,2025-11-14,2025-11,Online,Completed,True,P013,Lamp 013,Lighting,271.00,4,271.00,0.05,0,,1084.00,54.2000,1029.8000,0.0000,1029.8000,4,0,3805,1551,110,14
L003805,O01550,C0109,Customer 0109,West,Business,customer109@example.com,2025-11-14,2025-11,Online,Completed,True,P015,Shelf 015,Storage,254.00,4,254.00,0.10,0,,1016.00,101.6000,914.4000,0.0000,914.4000,4,0,3806,1551,110,16
L003806,O01550,C0109,Customer 0109,West,Business,customer109@example.com,2025-11-14,2025-11,Online,Completed,True,P014,Chair 014,Furniture,294.00,5,294.00,0.05,0,,1470.00,73.5000,1396.5000,0.0000,1396.5000,5,0,3807,1551,110,15
L003807,O01551,C0197,Customer 0197,East,Business,customer197@example.com,2025-08-18,2025-08,Online,Completed,True,P009,Lamp 009,Lighting,93.00,5,93.00,0.00,0,,465.00,0.0000,465.0000,0.0000,465.0000,5,0,3808,1552,198,10
L003808,O01551,C0197,Customer 0197,East,Business,customer197@example.com,2025-08-18,2025-08,Online,Completed,True,P018,Chair 018,Furniture,269.00,4,269.00,0.10,0,,1076.00,107.6000,968.4000,0.0000,968.4000,4,0,3809,1552,198,19
L003809,O01551,C0197,Customer 0197,East,Business,customer197@example.com,2025-08-18,2025-08,Online,Completed,True,P005,Lamp 005,Lighting,65.00,1,65.00,0.05,0,,65.00,3.2500,61.7500,0.0000,61.7500,1,0,3810,1552,198,6
L003810,O01551,C0197,Customer 0197,East,Business,customer197@example.com,2025-08-18,2025-08,Online,Completed,True,P007,Shelf 007,Storage,35.00,1,35.00,0.10,0,,35.00,3.5000,31.5000,0.0000,31.5000,1,0,3811,1552,198,8
L003811,O01552,C0070,Customer 0070,West,Business,customer70@example.com,2025-11-23,2025-11,Store,Completed,True,P020,Desk 020,Furniture,189.00,5,189.00,0.05,0,,945.00,47.2500,897.7500,0.0000,897.7500,5,0,3812,1553,71,21
L003812,O01552,C0070,Customer 0070,West,Business,customer70@example.com,2025-11-23,2025-11,Store,Completed,True,P006,Chair 006,Furniture,196.00,3,196.00,0.00,0,,588.00,0.0000,588.0000,0.0000,588.0000,3,0,3813,1553,71,7
L003813,O01553,C0253,Customer 0253,North,Consumer,customer253@example.com,2025-10-12,2025-10,Online,Completed,True,P007,Shelf 007,Storage,35.00,5,35.00,0.05,0,,175.00,8.7500,166.2500,0.0000,166.2500,5,0,3814,1554,254,8
L003814,O01553,C0253,Customer 0253,North,Consumer,customer253@example.com,2025-10-12,2025-10,Online,Completed,True,P023,Shelf 023,Storage,68.00,4,68.00,0.2,0,,272.00,54.400,217.600,0.000,217.600,4,0,3815,1554,254,24
L003815,O01554,C0046,Customer 0046,West,Consumer,customer46@example.com,2025-06-02,2025-06,Online,Completed,True,P012,Desk 012,Furniture,134.00,1,134.00,0.10,0,,134.00,13.4000,120.6000,0.0000,120.6000,1,0,3816,1555,47,13
L003816,O01555,C0104,Customer 0104,North,Business,customer104@example.com,2025-01-30,2025-01,Store,Completed,True,P006,Chair 006,Furniture,196.00,1,196.00,0.05,0,,196.00,9.8000,186.2000,0.0000,186.2000,1,0,3817,1556,105,7
L003817,O01555,C0104,Customer 0104,North,Business,customer104@example.com,2025-01-30,2025-01,Store,Completed,True,P005,Lamp 005,Lighting,65.00,4,65.00,0.20,0,,260.00,52.0000,208.0000,0.0000,208.0000,4,0,3818,1556,105,6
L003818,O01555,C0104,Customer 0104,North,Business,customer104@example.com,2025-01-30,2025-01,Store,Completed,True,P015,Shelf 015,Storage,254.00,4,254.00,0.00,0,,1016.00,0.0000,1016.0000,0.0000,1016.0000,4,0,3819,1556,105,16
L003819,O01556,C0217,Customer 0217,South,Business,customer217@example.com,2025-02-23,2025-02,Store,Completed,True,P001,Lamp 001,Lighting,122.00,1,122.00,0.00,0,,122.00,0.0000,122.0000,0.0000,122.0000,1,0,3820,1557,218,2
L003820,O01557,C0139,Customer 0139,North,Business,customer139@example.com,2025-07-04,2025-07,Online,Completed,True,P009,Lamp 009,Lighting,93.00,1,93.00,0.20,0,,93.00,18.6000,74.4000,0.0000,74.4000,1,0,3821,1558,140,10
L003821,O01557,C0139,Customer 0139,North,Business,customer139@example.com,2025-07-04,2025-07,Online,Completed,True,P012,Desk 012,Furniture,134.00,1,134.00,0.00,0,,134.00,0.0000,134.0000,0.0000,134.0000,1,0,3822,1558,140,13
L003822,O01557,C0139,Customer 0139,North,Business,customer139@example.com,2025-07-04,2025-07,Online,Completed,True,P009,Lamp 009,Lighting,93.00,3,93.00,0.05,0,,279.00,13.9500,265.0500,0.0000,265.0500,3,0,3823,1558,140,10
L003823,O01558,C0257,Customer 0257,North,Business,customer257@example.com,2025-02-08,2025-02,Store,Completed,True,P023,Shelf 023,Storage,68.00,2,68.00,0.20,0,,136.00,27.2000,108.8000,0.0000,108.8000,2,0,3824,1559,258,24
L003824,O01558,C0257,Customer 0257,North,Business,customer257@example.com,2025-02-08,2025-02,Store,Completed,True,P013,Lamp 013,Lighting,271.00,3,271.00,0.20,0,,813.00,162.6000,650.4000,0.0000,650.4000,3,0,3825,1559,258,14
L003825,O01558,C0257,Customer 0257,North,Business,customer257@example.com,2025-02-08,2025-02,Store,Completed,True,P012,Desk 012,Furniture,134.00,1,134.00,0.00,0,,134.00,0.0000,134.0000,0.0000,134.0000,1,0,3826,1559,258,13
L003826,O01558,C0257,Customer 0257,North,Business,customer257@example.com,2025-02-08,2025-02,Store,Completed,True,P002,Chair 002,Furniture,284.00,2,284.00,0.10,0,,568.00,56.8000,511.2000,0.0000,511.2000,2,0,3827,1559,258,3
L003827,O01559,C0099,Customer 0099,West,Consumer,customer99@example.com,2025-03-07,2025-03,Online,Completed,True,P015,Shelf 015,Storage,254.00,1,254.00,0.20,0,,254.00,50.8000,203.2000,0.0000,203.2000,1,0,3828,1560,100,16
L003828,O01560,C0294,Customer 0294,South,Consumer,customer294@example.com,2025-11-11,2025-11,Online,Completed,True,P017,Lamp 017,Lighting,300.00,3,300.00,0.05,0,,900.00,45.0000,855.0000,0.0000,855.0000,3,0,3829,1561,295,18
L003829,O01560,C0294,Customer 0294,South,Consumer,customer294@example.com,2025-11-11,2025-11,Online,Completed,True,P018,Chair 018,Furniture,269.00,3,269.00,0.20,0,,807.00,161.4000,645.6000,0.0000,645.6000,3,0,3830,1561,295,19
L003830,O01560,C0294,Customer 0294,South,Consumer,customer294@example.com,2025-11-11,2025-11,Online,Completed,True,P021,Lamp 021,Lighting,249.00,3,249.00,0.20,0,,747.00,149.4000,597.6000,0.0000,597.6000,3,0,3831,1561,295,22
L003831,O01561,C0047,Customer 0047,West,Consumer,customer47@example.com,2025-04-21,2025-04,Store,Completed,True,P013,Lamp 013,Lighting,271.00,4,271.00,0.20,0,,1084.00,216.8000,867.2000,0.0000,867.2000,4,0,3832,1562,48,14
L003832,O01561,C0047,Customer 0047,West,Consumer,customer47@example.com,2025-04-21,2025-04,Store,Completed,True,P002,Chair 002,Furniture,284.00,3,284.00,0.10,0,,852.00,85.2000,766.8000,0.0000,766.8000,3,0,3833,1562,48,3
L003833,O01562,C0294,Customer 0294,South,Consumer,customer294@example.com,2025-04-21,2025-04,Store,Completed,True,P015,Shelf 015,Storage,254.00,5,254.00,0.10,0,,1270.00,127.0000,1143.0000,0.0000,1143.0000,5,0,3834,1563,295,16
L003834,O01563,C0130,Customer 0130,West,Business,customer130@example.com,2025-03-12,2025-03,Store,Completed,True,P017,Lamp 017,Lighting,300.00,4,300.00,0.00,0,,1200.00,0.0000,1200.0000,0.0000,1200.0000,4,0,3835,1564,131,18
L003835,O01563,C0130,Customer 0130,West,Business,customer130@example.com,2025-03-12,2025-03,Store,Completed,True,P020,Desk 020,Furniture,189.00,5,189.00,0.10,0,,945.00,94.5000,850.5000,0.0000,850.5000,5,0,3836,1564,131,21
L003836,O01564,C0291,Customer 0291,North,Consumer,customer291@example.com,2025-06-07,2025-06,Store,Completed,True,P003,Shelf 003,Storage,199.00,1,199.00,0.00,1,2025-06-12,199.00,0.0000,199.0000,199.0000,0.0000,1,1,3837,1565,292,4
L003837,O01564,C0291,Customer 0291,North,Consumer,customer291@example.com,2025-06-07,2025-06,Store,Completed,True,P021,Lamp 021,Lighting,249.00,4,249.00,0.10,0,,996.00,99.6000,896.4000,0.0000,896.4000,4,0,3838,1565,292,22
L003838,O01564,C0291,Customer 0291,North,Consumer,customer291@example.com,2025-06-07,2025-06,Store,Completed,True,P020,Desk 020,Furniture,189.00,5,189.00,0.10,0,,945.00,94.5000,850.5000,0.0000,850.5000,5,0,3839,1565,292,21
L003839,O01564,C0291,Customer 0291,North,Consumer,customer291@example.com,2025-06-07,2025-06,Store,Completed,True,P014,Chair 014,Furniture,294.00,2,294.00,0.10,0,,588.00,58.8000,529.2000,0.0000,529.2000,2,0,3840,1565,292,15
L003840,O01565,C0192,Customer 0192,South,Business,customer192@example.com,2025-12-04,2025-12,Store,Completed,True,P006,Chair 006,Furniture,196.00,5,196.00,0.05,0,,980.00,49.0000,931.0000,0.0000,931.0000,5,0,3841,1566,193,7
L003841,O01565,C0192,Customer 0192,South,Business,customer192@example.com,2025-12-04,2025-12,Store,Completed,True,P008,Desk 008,Furniture,188.00,2,188.00,0.00,1,2025-12-16,376.00,0.0000,376.0000,188.0000,188.0000,2,1,3842,1566,193,9
L003842,O01566,C0017,Customer 0017,South,Consumer,customer17@example.com,2025-07-01,2025-07,Store,Completed,True,P008,Desk 008,Furniture,188.00,1,188.00,0.20,0,,188.00,37.6000,150.4000,0.0000,150.4000,1,0,3843,1567,18,9
L003843,O01566,C0017,Customer 0017,South,Consumer,customer17@example.com,2025-07-01,2025-07,Store,Completed,True,P019,Shelf 019,Storage,78.00,5,78.00,0.20,0,,390.00,78.0000,312.0000,0.0000,312.0000,5,0,3844,1567,18,20
L003844,O01566,C0017,Customer 0017,South,Consumer,customer17@example.com,2025-07-01,2025-07,Store,Completed,True,P019,Shelf 019,Storage,78.00,1,78.00,0.05,0,,78.00,3.9000,74.1000,0.0000,74.1000,1,0,3845,1567,18,20
L003845,O01566,C0017,Customer 0017,South,Consumer,customer17@example.com,2025-07-01,2025-07,Store,Completed,True,P010,Chair 010,Furniture,211.00,3,211.00,0.1,0,,633.00,63.300,569.700,0.000,569.700,3,0,3846,1567,18,11
L003846,O01567,C0102,Customer 0102,North,Consumer,customer102@example.com,2025-06-28,2025-06,Store,Completed,True,P020,Desk 020,Furniture,189.00,3,189.00,0.10,0,,567.00,56.7000,510.3000,0.0000,510.3000,3,0,3847,1568,103,21
L003847,O01567,C0102,Customer 0102,North,Consumer,customer102@example.com,2025-06-28,2025-06,Store,Completed,True,P001,Lamp 001,Lighting,122.00,2,122.00,0.20,0,,244.00,48.8000,195.2000,0.0000,195.2000,2,0,3848,1568,103,2
L003848,O01567,C0102,Customer 0102,North,Consumer,customer102@example.com,2025-06-28,2025-06,Store,Completed,True,P020,Desk 020,Furniture,189.00,2,189.00,0.20,0,,378.00,75.6000,302.4000,0.0000,302.4000,2,0,3849,1568,103,21
L003849,O01567,C0102,Customer 0102,North,Consumer,customer102@example.com,2025-06-28,2025-06,Store,Completed,True,P002,Chair 002,Furniture,284.00,1,284.00,0.10,0,,284.00,28.4000,255.6000,0.0000,255.6000,1,0,3850,1568,103,3
L003850,O01568,C0027,Customer 0027,North,Consumer,customer27@example.com,2025-06-12,2025-06,Online,Completed,True,P023,Shelf 023,Storage,68.00,5,68.00,0.20,0,,340.00,68.0000,272.0000,0.0000,272.0000,5,0,3851,1569,28,24
L003851,O01568,C0027,Customer 0027,North,Consumer,customer27@example.com,2025-06-12,2025-06,Online,Completed,True,P011,Shelf 011,Storage,80.00,5,80.00,0.10,0,,400.00,40.0000,360.0000,0.0000,360.0000,5,0,3852,1569,28,12
L003852,O01568,C0027,Customer 0027,North,Consumer,customer27@example.com,2025-06-12,2025-06,Online,Completed,True,P009,Lamp 009,Lighting,93.00,4,93.00,0.10,0,,372.00,37.2000,334.8000,0.0000,334.8000,4,0,3853,1569,28,10
L003853,O01569,C0119,Customer 0119,North,Business,customer119@example.com,2025-08-18,2025-08,Online,Completed,True,P014,Chair 014,Furniture,294.00,2,294.00,0.05,0,,588.00,29.4000,558.6000,0.0000,558.6000,2,0,3854,1570,120,15
L003854,O01569,C0119,Customer 0119,North,Business,customer119@example.com,2025-08-18,2025-08,Online,Completed,True,P019,Shelf 019,Storage,78.00,2,78.00,0.05,1,2025-09-15,156.00,7.8000,148.2000,74.1000,74.1000,2,1,3855,1570,120,20
L003855,O01569,C0119,Customer 0119,North,Business,customer119@example.com,2025-08-18,2025-08,Online,Completed,True,P021,Lamp 021,Lighting,249.00,2,249.00,0.05,1,2025-08-20,498.00,24.9000,473.1000,473.1000,0.0000,2,2,3856,1570,120,22
L003856,O01569,C0119,Customer 0119,North,Business,customer119@example.com,2025-08-18,2025-08,Online,Completed,True,P020,Desk 020,Furniture,189.00,5,189.00,0.20,0,,945.00,189.0000,756.0000,0.0000,756.0000,5,0,3857,1570,120,21
L003857,O01570,C0146,Customer 0146,South,Consumer,customer146@example.com,2025-07-15,2025-07,Store,Completed,True,P014,Chair 014,Furniture,294.00,3,294.00,0.10,0,,882.00,88.2000,793.8000,0.0000,793.8000,3,0,3858,1571,147,15
L003858,O01570,C0146,Customer 0146,South,Consumer,customer146@example.com,2025-07-15,2025-07,Store,Completed,True,P003,Shelf 003,Storage,199.00,3,199.00,0.05,0,,597.00,29.8500,567.1500,0.0000,567.1500,3,0,3859,1571,147,4
L003859,O01570,C0146,Customer 0146,South,Consumer,customer146@example.com,2025-07-15,2025-07,Store,Completed,True,P016,Desk 016,Furniture,231.00,3,231.00,0.05,0,,693.00,34.6500,658.3500,0.0000,658.3500,3,0,3860,1571,147,17
L003860,O01570,C0146,Customer 0146,South,Consumer,customer146@example.com,2025-07-15,2025-07,Store,Completed,True,P012,Desk 012,Furniture,134.00,3,134.00,0.20,0,,402.00,80.4000,321.6000,0.0000,321.6000,3,0,3861,1571,147,13
L003861,O01571,C0092,Customer 0092,East,Consumer,customer92@example.com,2025-12-30,2025-12,Online,Completed,True,P004,Desk 004,Furniture,123.00,2,123.00,0.00,0,,246.00,0.0000,246.0000,0.0000,246.0000,2,0,3862,1572,93,5
L003862,O01571,C0092,Customer 0092,East,Consumer,customer92@example.com,2025-12-30,2025-12,Online,Completed,True,P019,Shelf 019,Storage,78.00,5,78.00,0.20,0,,390.00,78.0000,312.0000,0.0000,312.0000,5,0,3863,1572,93,20
L003863,O01571,C0092,Customer 0092,East,Consumer,customer92@example.com,2025-12-30,2025-12,Online,Completed,True,P001,Lamp 001,Lighting,122.00,1,122.00,0.00,0,,122.00,0.0000,122.0000,0.0000,122.0000,1,0,3864,1572,93,2
L003864,O01572,C0079,Customer 0079,West,Business,customer79@example.com,2025-11-15,2025-11,Store,Completed,True,P002,Chair 002,Furniture,284.00,5,284.00,0.10,0,,1420.00,142.0000,1278.0000,0.0000,1278.0000,5,0,3865,1573,80,3
L003865,O01572,C0079,Customer 0079,West,Business,customer79@example.com,2025-11-15,2025-11,Store,Completed,True,P001,Lamp 001,Lighting,122.00,1,122.00,0.05,0,,122.00,6.1000,115.9000,0.0000,115.9000,1,0,3866,1573,80,2
L003866,O01572,C0079,Customer 0079,West,Business,customer79@example.com,2025-11-15,2025-11,Store,Completed,True,P004,Desk 004,Furniture,123.00,4,123.00,0.10,0,,492.00,49.2000,442.8000,0.0000,442.8000,4,0,3867,1573,80,5
L003867,O01573,C0268,Customer 0268,North,Consumer,customer268@example.com,2025-11-01,2025-11,Online,Completed,True,P006,Chair 006,Furniture,196.00,4,196.00,0.10,0,,784.00,78.4000,705.6000,0.0000,705.6000,4,0,3868,1574,269,7
L003868,O01573,C0268,Customer 0268,North,Consumer,customer268@example.com,2025-11-01,2025-11,Online,Completed,True,P019,Shelf 019,Storage,78.00,5,78.00,0.05,0,,390.00,19.5000,370.5000,0.0000,370.5000,5,0,3869,1574,269,20
L003869,O01573,C0268,Customer 0268,North,Consumer,customer268@example.com,2025-11-01,2025-11,Online,Completed,True,P011,Shelf 011,Storage,80.00,1,80.00,0.05,0,,80.00,4.0000,76.0000,0.0000,76.0000,1,0,3870,1574,269,12
L003870,O01574,C0294,Customer 0294,South,Consumer,customer294@example.com,2025-11-24,2025-11,Online,Completed,True,P012,Desk 012,Furniture,134.00,3,134.00,0.05,0,,402.00,20.1000,381.9000,0.0000,381.9000,3,0,3871,1575,295,13
L003871,O01574,C0294,Customer 0294,South,Consumer,customer294@example.com,2025-11-24,2025-11,Online,Completed,True,P005,Lamp 005,Lighting,65.00,4,65.00,0.20,0,,260.00,52.0000,208.0000,0.0000,208.0000,4,0,3872,1575,295,6
L003872,O01574,C0294,Customer 0294,South,Consumer,customer294@example.com,2025-11-24,2025-11,Online,Completed,True,P008,Desk 008,Furniture,188.00,2,188.00,0.20,0,,376.00,75.2000,300.8000,0.0000,300.8000,2,0,3873,1575,295,9
L003873,O01574,C0294,Customer 0294,South,Consumer,customer294@example.com,2025-11-24,2025-11,Online,Completed,True,P020,Desk 020,Furniture,189.00,4,189.00,0.20,0,,756.00,151.2000,604.8000,0.0000,604.8000,4,0,3874,1575,295,21
L003874,O01575,C0215,Customer 0215,North,Consumer,customer215@example.com,2025-11-04,2025-11,Store,Completed,True,P019,Shelf 019,Storage,78.00,4,78.00,0.05,0,,312.00,15.6000,296.4000,0.0000,296.4000,4,0,3875,1576,216,20
L003875,O01575,C0215,Customer 0215,North,Consumer,customer215@example.com,2025-11-04,2025-11,Store,Completed,True,P002,Chair 002,Furniture,284.00,5,284.00,0.05,0,,1420.00,71.0000,1349.0000,0.0000,1349.0000,5,0,3876,1576,216,3
L003876,O01575,C0215,Customer 0215,North,Consumer,customer215@example.com,2025-11-04,2025-11,Store,Completed,True,P020,Desk 020,Furniture,189.00,3,189.00,0.05,0,,567.00,28.3500,538.6500,0.0000,538.6500,3,0,3877,1576,216,21
L003877,O01576,C0232,Customer 0232,East,Business,customer232@example.com,2025-10-14,2025-10,Store,Cancelled,False,P023,Shelf 023,Storage,68.00,4,68.00,0.10,0,,272.00,27.2000,244.8000,0.0000,244.8000,4,0,3878,1577,233,24
L003878,O01576,C0232,Customer 0232,East,Business,customer232@example.com,2025-10-14,2025-10,Store,Cancelled,False,P002,Chair 002,Furniture,284.00,5,284.00,0.20,0,,1420.00,284.0000,1136.0000,0.0000,1136.0000,5,0,3879,1577,233,3
L003879,O01577,C0136,Customer 0136,West,Consumer,customer136@example.com,2025-08-19,2025-08,Store,Completed,True,P010,Chair 010,Furniture,211.00,1,211.00,0.00,0,,211.00,0.0000,211.0000,0.0000,211.0000,1,0,3880,1578,137,11
L003880,O01577,C0136,Customer 0136,West,Consumer,customer136@example.com,2025-08-19,2025-08,Store,Completed,True,P014,Chair 014,Furniture,294.00,3,294.00,0.05,1,2025-09-14,882.00,44.1000,837.9000,558.6000,279.3000,3,2,3881,1578,137,15
L003881,O01577,C0136,Customer 0136,West,Consumer,customer136@example.com,2025-08-19,2025-08,Store,Completed,True,P004,Desk 004,Furniture,123.00,4,123.00,0.05,0,,492.00,24.6000,467.4000,0.0000,467.4000,4,0,3882,1578,137,5
L003882,O01578,C0047,Customer 0047,West,Consumer,customer47@example.com,2025-10-28,2025-10,Online,Completed,True,P017,Lamp 017,Lighting,300.00,5,300.00,0.10,0,,1500.00,150.0000,1350.0000,0.0000,1350.0000,5,0,3883,1579,48,18
L003883,O01578,C0047,Customer 0047,West,Consumer,customer47@example.com,2025-10-28,2025-10,Online,Completed,True,P005,Lamp 005,Lighting,65.00,1,65.00,0.00,0,,65.00,0.0000,65.0000,0.0000,65.0000,1,0,3884,1579,48,6
L003884,O01578,C0047,Customer 0047,West,Consumer,customer47@example.com,2025-10-28,2025-10,Online,Completed,True,P016,Desk 016,Furniture,231.00,3,231.00,0.05,1,2025-11-13,693.00,34.6500,658.3500,658.3500,0.0000,3,3,3885,1579,48,17
L003885,O01578,C0047,Customer 0047,West,Consumer,customer47@example.com,2025-10-28,2025-10,Online,Completed,True,P020,Desk 020,Furniture,189.00,3,189.00,0.05,0,,567.00,28.3500,538.6500,0.0000,538.6500,3,0,3886,1579,48,21
L003886,O01579,C0205,Customer 0205,West,Business,,2025-03-09,2025-03,Store,Completed,True,P015,Shelf 015,Storage,254.00,1,254.00,0.10,1,2025-03-29,254.00,25.4000,228.6000,228.6000,0.0000,1,1,3887,1580,206,16
L003887,O01580,C0223,Customer 0223,East,Consumer,customer223@example.com,2025-12-03,2025-12,Store,Completed,True,P009,Lamp 009,Lighting,93.00,2,93.00,0.05,0,,186.00,9.3000,176.7000,0.0000,176.7000,2,0,3888,1581,224,10
L003888,O01581,C0203,Customer 0203,South,Business,customer203@example.com,2025-08-15,2025-08,Online,Completed,True,P001,Lamp 001,Lighting,122.00,1,122.00,0.20,0,,122.00,24.4000,97.6000,0.0000,97.6000,1,0,3889,1582,204,2
L003889,O01581,C0203,Customer 0203,South,Business,customer203@example.com,2025-08-15,2025-08,Online,Completed,True,P005,Lamp 005,Lighting,65.00,5,65.00,0.10,0,,325.00,32.5000,292.5000,0.0000,292.5000,5,0,3890,1582,204,6
L003890,O01581,C0203,Customer 0203,South,Business,customer203@example.com,2025-08-15,2025-08,Online,Completed,True,P013,Lamp 013,Lighting,271.00,4,271.00,0.00,0,,1084.00,0.0000,1084.0000,0.0000,1084.0000,4,0,3891,1582,204,14
L003891,O01582,C0182,Customer 0182,West,Business,customer182@example.com,2025-08-09,2025-08,Online,Completed,True,P015,Shelf 015,Storage,254.00,2,254.00,0.20,0,,508.00,101.6000,406.4000,0.0000,406.4000,2,0,3892,1583,183,16
L003892,O01582,C0182,Customer 0182,West,Business,customer182@example.com,2025-08-09,2025-08,Online,Completed,True,P018,Chair 018,Furniture,269.00,3,269.00,0.10,0,,807.00,80.7000,726.3000,0.0000,726.3000,3,0,3893,1583,183,19
L003893,O01582,C0182,Customer 0182,West,Business,customer182@example.com,2025-08-09,2025-08,Online,Completed,True,P015,Shelf 015,Storage,254.00,5,254.00,0.05,0,,1270.00,63.5000,1206.5000,0.0000,1206.5000,5,0,3894,1583,183,16
L003894,O01583,C0134,Customer 0134,North,Consumer,customer134@example.com,2025-03-25,2025-03,Online,Completed,True,P009,Lamp 009,Lighting,93.00,4,93.00,0.00,0,,372.00,0.0000,372.0000,0.0000,372.0000,4,0,3895,1584,135,10
L003895,O01583,C0134,Customer 0134,North,Consumer,customer134@example.com,2025-03-25,2025-03,Online,Completed,True,P007,Shelf 007,Storage,35.00,4,35.00,0.10,1,2025-04-13,140.00,14.0000,126.0000,94.5000,31.5000,4,3,3896,1584,135,8
L003896,O01583,C0134,Customer 0134,North,Consumer,customer134@example.com,2025-03-25,2025-03,Online,Completed,True,P024,Desk 024,Furniture,81.00,4,81.00,0.05,0,,324.00,16.2000,307.8000,0.0000,307.8000,4,0,3897,1584,135,25
L003897,O01583,C0134,Customer 0134,North,Consumer,customer134@example.com,2025-03-25,2025-03,Online,Completed,True,P010,Chair 010,Furniture,211.00,2,211.00,0.05,0,,422.00,21.1000,400.9000,0.0000,400.9000,2,0,3898,1584,135,11
L003898,O01584,C0240,Customer 0240,West,Business,customer240@example.com,2025-02-25,2025-02,Online,Completed,True,P013,Lamp 013,Lighting,271.00,2,271.00,0.05,0,,542.00,27.1000,514.9000,0.0000,514.9000,2,0,3899,1585,241,14
L003899,O01584,C0240,Customer 0240,West,Business,customer240@example.com,2025-02-25,2025-02,Online,Completed,True,P009,Lamp 009,Lighting,93.00,4,93.00,0.00,0,,372.00,0.0000,372.0000,0.0000,372.0000,4,0,3900,1585,241,10
L003900,O01585,C0051,Customer 0051,West,Consumer,customer51@example.com,2025-11-26,2025-11,Online,Completed,True,P021,Lamp 021,Lighting,249.00,1,249.00,0.00,0,,249.00,0.0000,249.0000,0.0000,249.0000,1,0,3901,1586,52,22
L003901,O01586,C0267,Customer 0267,West,Business,customer267@example.com,2025-10-22,2025-10,Store,Completed,True,P023,Shelf 023,Storage,68.00,3,68.00,0.00,0,,204.00,0.0000,204.0000,0.0000,204.0000,3,0,3902,1587,268,24
L003902,O01586,C0267,Customer 0267,West,Business,customer267@example.com,2025-10-22,2025-10,Store,Completed,True,P014,Chair 014,Furniture,294.00,4,294.00,0.20,0,,1176.00,235.2000,940.8000,0.0000,940.8000,4,0,3903,1587,268,15
L003903,O01586,C0267,Customer 0267,West,Business,customer267@example.com,2025-10-22,2025-10,Store,Completed,True,P014,Chair 014,Furniture,294.00,1,294.00,0.05,0,,294.00,14.7000,279.3000,0.0000,279.3000,1,0,3904,1587,268,15
L003904,O01586,C0267,Customer 0267,West,Business,customer267@example.com,2025-10-22,2025-10,Store,Completed,True,P022,Chair 022,Furniture,134.00,5,134.00,0.00,0,,670.00,0.0000,670.0000,0.0000,670.0000,5,0,3905,1587,268,23
L003905,O01587,C0141,Customer 0141,East,Consumer,customer141@example.com,2025-04-25,2025-04,Store,Completed,True,P018,Chair 018,Furniture,269.00,5,269.00,0.20,0,,1345.00,269.0000,1076.0000,0.0000,1076.0000,5,0,3906,1588,142,19
L003906,O01587,C0141,Customer 0141,East,Consumer,customer141@example.com,2025-04-25,2025-04,Store,Completed,True,P007,Shelf 007,Storage,35.00,2,35.00,0.00,1,2025-05-20,70.00,0.0000,70.0000,70.0000,0.0000,2,2,3907,1588,142,8
L003907,O01588,C0227,Customer 0227,East,Consumer,customer227@example.com,2025-02-18,2025-02,Store,Completed,True,P014,Chair 014,Furniture,294.00,4,294.00,0.05,0,,1176.00,58.8000,1117.2000,0.0000,1117.2000,4,0,3908,1589,228,15
L003908,O01588,C0227,Customer 0227,East,Consumer,customer227@example.com,2025-02-18,2025-02,Store,Completed,True,P013,Lamp 013,Lighting,271.00,5,271.00,0.20,1,2025-03-01,1355.00,271.0000,1084.0000,433.6000,650.4000,5,2,3909,1589,228,14
L003909,O01588,C0227,Customer 0227,East,Consumer,customer227@example.com,2025-02-18,2025-02,Store,Completed,True,P015,Shelf 015,Storage,254.00,3,254.00,0.20,0,,762.00,152.4000,609.6000,0.0000,609.6000,3,0,3910,1589,228,16
L003910,O01589,C0026,Customer 0026,South,Consumer,customer26@example.com,2025-08-15,2025-08,Online,Completed,True,P018,Chair 018,Furniture,269.00,3,269.00,0.05,0,,807.00,40.3500,766.6500,0.0000,766.6500,3,0,3911,1590,27,19
L003911,O01589,C0026,Customer 0026,South,Consumer,customer26@example.com,2025-08-15,2025-08,Online,Completed,True,P021,Lamp 021,Lighting,249.00,4,249.00,0.00,0,,996.00,0.0000,996.0000,0.0000,996.0000,4,0,3912,1590,27,22
L003912,O01590,C0019,Customer 0019,North,Business,customer19@example.com,2025-01-21,2025-01,Store,Completed,True,P017,Lamp 017,Lighting,300.00,1,300.00,0.05,0,,300.00,15.0000,285.0000,0.0000,285.0000,1,0,3913,1591,20,18
L003913,O01590,C0019,Customer 0019,North,Business,customer19@example.com,2025-01-21,2025-01,Store,Completed,True,P021,Lamp 021,Lighting,249.00,2,249.00,0.20,1,2025-01-24,498.00,99.6000,398.4000,199.2000,199.2000,2,1,3914,1591,20,22
L003914,O01590,C0019,Customer 0019,North,Business,customer19@example.com,2025-01-21,2025-01,Store,Completed,True,P017,Lamp 017,Lighting,300.00,2,300.00,0.05,0,,600.00,30.0000,570.0000,0.0000,570.0000,2,0,3915,1591,20,18
L003915,O01590,C0019,Customer 0019,North,Business,customer19@example.com,2025-01-21,2025-01,Store,Completed,True,P011,Shelf 011,Storage,80.00,1,80.00,0.10,0,,80.00,8.0000,72.0000,0.0000,72.0000,1,0,3916,1591,20,12
L003916,O01591,C0131,Customer 0131,West,Business,customer131@example.com,2025-07-18,2025-07,Online,Completed,True,P013,Lamp 013,Lighting,271.00,4,271.00,0.20,0,,1084.00,216.8000,867.2000,0.0000,867.2000,4,0,3917,1592,132,14
L003917,O01591,C0131,Customer 0131,West,Business,customer131@example.com,2025-07-18,2025-07,Online,Completed,True,P023,Shelf 023,Storage,68.00,1,68.00,0.10,0,,68.00,6.8000,61.2000,0.0000,61.2000,1,0,3918,1592,132,24
L003918,O01591,C0131,Customer 0131,West,Business,customer131@example.com,2025-07-18,2025-07,Online,Completed,True,P012,Desk 012,Furniture,134.00,2,134.00,0.05,0,,268.00,13.4000,254.6000,0.0000,254.6000,2,0,3919,1592,132,13
L003919,O01592,C0212,Customer 0212,East,Consumer,customer212@example.com,2025-08-14,2025-08,Store,Completed,True,P001,Lamp 001,Lighting,122.00,3,122.00,0.05,0,,366.00,18.3000,347.7000,0.0000,347.7000,3,0,3920,1593,213,2
L003920,O01593,C0105,Customer 0105,South,Business,customer105@example.com,2025-05-26,2025-05,Store,Cancelled,False,P024,Desk 024,Furniture,81.00,3,81.00,0.20,0,,243.00,48.6000,194.4000,0.0000,194.4000,3,0,3921,1594,106,25
L003921,O01593,C0105,Customer 0105,South,Business,customer105@example.com,2025-05-26,2025-05,Store,Cancelled,False,P024,Desk 024,Furniture,81.00,3,81.00,0.00,0,,243.00,0.0000,243.0000,0.0000,243.0000,3,0,3922,1594,106,25
L003922,O01593,C0105,Customer 0105,South,Business,customer105@example.com,2025-05-26,2025-05,Store,Cancelled,False,P002,Chair 002,Furniture,284.00,1,284.00,0.00,0,,284.00,0.0000,284.0000,0.0000,284.0000,1,0,3923,1594,106,3
L003923,O01593,C0105,Customer 0105,South,Business,customer105@example.com,2025-05-26,2025-05,Store,Cancelled,False,P010,Chair 010,Furniture,211.00,2,211.00,0.05,0,,422.00,21.1000,400.9000,0.0000,400.9000,2,0,3924,1594,106,11
L003924,O01594,C0218,Customer 0218,East,Business,customer218@example.com,2025-09-19,2025-09,Store,Cancelled,False,P022,Chair 022,Furniture,134.00,4,134.00,0.00,0,,536.00,0.0000,536.0000,0.0000,536.0000,4,0,3925,1595,219,23
L003925,O01594,C0218,Customer 0218,East,Business,customer218@example.com,2025-09-19,2025-09,Store,Cancelled,False,P022,Chair 022,Furniture,134.00,4,134.00,0.05,0,,536.00,26.8000,509.2000,0.0000,509.2000,4,0,3926,1595,219,23
L003926,O01595,C0059,Customer 0059,South,Business,customer59@example.com,2025-06-23,2025-06,Store,Completed,True,P016,Desk 016,Furniture,231.00,5,231.00,0.05,0,,1155.00,57.7500,1097.2500,0.0000,1097.2500,5,0,3927,1596,60,17
L003927,O01595,C0059,Customer 0059,South,Business,customer59@example.com,2025-06-23,2025-06,Store,Completed,True,P009,Lamp 009,Lighting,93.00,2,93.00,0.00,0,,186.00,0.0000,186.0000,0.0000,186.0000,2,0,3928,1596,60,10
L003928,O01595,C0059,Customer 0059,South,Business,customer59@example.com,2025-06-23,2025-06,Store,Completed,True,P013,Lamp 013,Lighting,271.00,4,271.00,0.05,0,,1084.00,54.2000,1029.8000,0.0000,1029.8000,4,0,3929,1596,60,14
L003929,O01596,C0158,Customer 0158,East,Consumer,customer158@example.com,2025-10-24,2025-10,Online,Completed,True,P014,Chair 014,Furniture,294.00,1,294.00,0.20,0,,294.00,58.8000,235.2000,0.0000,235.2000,1,0,3930,1597,159,15
L003930,O01596,C0158,Customer 0158,East,Consumer,customer158@example.com,2025-10-24,2025-10,Online,Completed,True,P018,Chair 018,Furniture,269.00,2,269.00,0.05,0,,538.00,26.9000,511.1000,0.0000,511.1000,2,0,3931,1597,159,19
L003931,O01596,C0158,Customer 0158,East,Consumer,customer158@example.com,2025-10-24,2025-10,Online,Completed,True,P024,Desk 024,Furniture,81.00,4,81.00,0.05,0,,324.00,16.2000,307.8000,0.0000,307.8000,4,0,3932,1597,159,25
L003932,O01596,C0158,Customer 0158,East,Consumer,customer158@example.com,2025-10-24,2025-10,Online,Completed,True,P005,Lamp 005,Lighting,65.00,5,65.00,0.00,0,,325.00,0.0000,325.0000,0.0000,325.0000,5,0,3933,1597,159,6
L003933,O01597,C0031,Customer 0031,South,Consumer,customer31@example.com,2025-10-31,2025-10,Online,Completed,True,P002,Chair 002,Furniture,284.00,1,284.00,0.05,0,,284.00,14.2000,269.8000,0.0000,269.8000,1,0,3934,1598,32,3
L003934,O01597,C0031,Customer 0031,South,Consumer,customer31@example.com,2025-10-31,2025-10,Online,Completed,True,P021,Lamp 021,Lighting,249.00,4,249.00,0.05,0,,996.00,49.8000,946.2000,0.0000,946.2000,4,0,3935,1598,32,22
L003935,O01597,C0031,Customer 0031,South,Consumer,customer31@example.com,2025-10-31,2025-10,Online,Completed,True,P024,Desk 024,Furniture,81.00,4,81.00,0.10,0,,324.00,32.4000,291.6000,0.0000,291.6000,4,0,3936,1598,32,25
L003936,O01598,C0143,Customer 0143,West,Business,customer143@example.com,2025-02-28,2025-02,Online,Completed,True,P012,Desk 012,Furniture,134.00,3,134.00,0.10,0,,402.00,40.2000,361.8000,0.0000,361.8000,3,0,3937,1599,144,13
L003937,O01599,C0084,Customer 0084,West,Business,customer84@example.com,2025-09-28,2025-09,Store,Completed,True,P001,Lamp 001,Lighting,122.00,3,122.00,0.05,0,,366.00,18.3000,347.7000,0.0000,347.7000,3,0,3938,1600,85,2
L003938,O01599,C0084,Customer 0084,West,Business,customer84@example.com,2025-09-28,2025-09,Store,Completed,True,P004,Desk 004,Furniture,123.00,2,123.00,0.1,0,,246.00,24.600,221.400,0.000,221.400,2,0,3939,1600,85,5
L003939,O01599,C0084,Customer 0084,West,Business,customer84@example.com,2025-09-28,2025-09,Store,Completed,True,P015,Shelf 015,Storage,254.00,2,254.00,0.05,0,,508.00,25.4000,482.6000,0.0000,482.6000,2,0,3940,1600,85,16
L003940,O01600,C0233,Customer 0233,South,Business,customer233@example.com,2025-04-14,2025-04,Online,Completed,True,P004,Desk 004,Furniture,123.00,5,123.00,0.20,0,,615.00,123.0000,492.0000,0.0000,492.0000,5,0,3941,1601,234,5
L003941,O01600,C0233,Customer 0233,South,Business,customer233@example.com,2025-04-14,2025-04,Online,Completed,True,P009,Lamp 009,Lighting,93.00,5,93.00,0.05,0,,465.00,23.2500,441.7500,0.0000,441.7500,5,0,3942,1601,234,10
L003942,O01600,C0233,Customer 0233,South,Business,customer233@example.com,2025-04-14,2025-04,Online,Completed,True,P007,Shelf 007,Storage,35.00,1,35.00,0.10,1,2025-04-16,35.00,3.5000,31.5000,31.5000,0.0000,1,1,3943,1601,234,8
L003943,O01601,C0244,Customer 0244,South,Consumer,customer244@example.com,2025-05-26,2025-05,Online,Completed,True,P015,Shelf 015,Storage,254.00,3,254.00,0.20,0,,762.00,152.4000,609.6000,0.0000,609.6000,3,0,3944,1602,245,16
L003944,O01602,C0277,Customer 0277,West,Consumer,customer277@example.com,2025-03-26,2025-03,Store,Completed,True,P015,Shelf 015,Storage,254.00,5,254.00,0.05,0,,1270.00,63.5000,1206.5000,0.0000,1206.5000,5,0,3945,1603,278,16
L003945,O01602,C0277,Customer 0277,West,Consumer,customer277@example.com,2025-03-26,2025-03,Store,Completed,True,P009,Lamp 009,Lighting,93.00,5,93.00,0.00,0,,465.00,0.0000,465.0000,0.0000,465.0000,5,0,3946,1603,278,10
L003946,O01603,C0157,Customer 0157,West,Business,customer157@example.com,2025-06-21,2025-06,Store,Completed,True,P020,Desk 020,Furniture,189.00,1,189.00,0.05,0,,189.00,9.4500,179.5500,0.0000,179.5500,1,0,3947,1604,158,21
L003947,O01603,C0157,Customer 0157,West,Business,customer157@example.com,2025-06-21,2025-06,Store,Completed,True,P016,Desk 016,Furniture,231.00,4,231.00,0.10,0,,924.00,92.4000,831.6000,0.0000,831.6000,4,0,3948,1604,158,17
L003948,O01604,C0144,Customer 0144,North,Consumer,customer144@example.com,2025-06-04,2025-06,Store,Completed,True,P007,Shelf 007,Storage,35.00,2,35.00,0.05,0,,70.00,3.5000,66.5000,0.0000,66.5000,2,0,3949,1605,145,8
L003949,O01605,C0219,Customer 0219,East,Consumer,customer219@example.com,2025-10-26,2025-10,Online,Completed,True,P009,Lamp 009,Lighting,93.00,2,93.00,0.00,0,,186.00,0.0000,186.0000,0.0000,186.0000,2,0,3950,1606,220,10
L003950,O01605,C0219,Customer 0219,East,Consumer,customer219@example.com,2025-10-26,2025-10,Online,Completed,True,P012,Desk 012,Furniture,134.00,2,134.00,0.20,0,,268.00,53.6000,214.4000,0.0000,214.4000,2,0,3951,1606,220,13
L003951,O01606,C0175,Customer 0175,North,Consumer,customer175@example.com,2025-04-01,2025-04,Store,Completed,True,P013,Lamp 013,Lighting,271.00,1,271.00,0.00,0,,271.00,0.0000,271.0000,0.0000,271.0000,1,0,3952,1607,176,14
L003952,O01606,C0175,Customer 0175,North,Consumer,customer175@example.com,2025-04-01,2025-04,Store,Completed,True,P015,Shelf 015,Storage,254.00,5,254.00,0.00,0,,1270.00,0.0000,1270.0000,0.0000,1270.0000,5,0,3953,1607,176,16
L003953,O01606,C0175,Customer 0175,North,Consumer,customer175@example.com,2025-04-01,2025-04,Store,Completed,True,P014,Chair 014,Furniture,294.00,4,294.00,0.20,0,,1176.00,235.2000,940.8000,0.0000,940.8000,4,0,3954,1607,176,15
L003954,O01607,C0163,Customer 0163,South,Consumer,customer163@example.com,2025-05-07,2025-05,Online,Cancelled,False,P022,Chair 022,Furniture,134.00,2,134.00,0.10,0,,268.00,26.8000,241.2000,0.0000,241.2000,2,0,3955,1608,164,23
L003955,O01608,C0189,Customer 0189,North,Consumer,customer189@example.com,2025-10-15,2025-10,Online,Completed,True,P013,Lamp 013,Lighting,271.00,5,271.00,0.00,0,,1355.00,0.0000,1355.0000,0.0000,1355.0000,5,0,3956,1609,190,14
L003956,O01609,C0075,Customer 0075,South,Business,customer75@example.com,2025-09-02,2025-09,Store,Completed,True,P002,Chair 002,Furniture,284.00,3,284.00,0.00,0,,852.00,0.0000,852.0000,0.0000,852.0000,3,0,3957,1610,76,3
L003957,O01609,C0075,Customer 0075,South,Business,customer75@example.com,2025-09-02,2025-09,Store,Completed,True,P001,Lamp 001,Lighting,122.00,3,122.00,0.00,0,,366.00,0.0000,366.0000,0.0000,366.0000,3,0,3958,1610,76,2
L003958,O01610,C0080,Customer 0080,East,Consumer,customer80@example.com,2025-02-12,2025-02,Store,Completed,True,P002,Chair 002,Furniture,284.00,5,284.00,0.20,0,,1420.00,284.0000,1136.0000,0.0000,1136.0000,5,0,3959,1611,81,3
L003959,O01610,C0080,Customer 0080,East,Consumer,customer80@example.com,2025-02-12,2025-02,Store,Completed,True,P024,Desk 024,Furniture,81.00,2,81.00,0.05,0,,162.00,8.1000,153.9000,0.0000,153.9000,2,0,3960,1611,81,25
L003960,O01610,C0080,Customer 0080,East,Consumer,customer80@example.com,2025-02-12,2025-02,Store,Completed,True,P013,Lamp 013,Lighting,271.00,5,271.00,0.20,0,,1355.00,271.0000,1084.0000,0.0000,1084.0000,5,0,3961,1611,81,14
L003961,O01610,C0080,Customer 0080,East,Consumer,customer80@example.com,2025-02-12,2025-02,Store,Completed,True,P004,Desk 004,Furniture,123.00,2,123.00,0.10,0,,246.00,24.6000,221.4000,0.0000,221.4000,2,0,3962,1611,81,5
L003962,O01611,C0153,Customer 0153,East,Business,customer153@example.com,2025-05-24,2025-05,Store,Cancelled,False,P005,Lamp 005,Lighting,65.00,2,65.00,0.10,0,,130.00,13.0000,117.0000,0.0000,117.0000,2,0,3963,1612,154,6
L003963,O01611,C0153,Customer 0153,East,Business,customer153@example.com,2025-05-24,2025-05,Store,Cancelled,False,P017,Lamp 017,Lighting,300.00,1,300.00,0.10,0,,300.00,30.0000,270.0000,0.0000,270.0000,1,0,3964,1612,154,18
L003964,O01612,C0054,Customer 0054,East,Business,customer54@example.com,2025-08-11,2025-08,Online,Completed,True,P007,Shelf 007,Storage,35.00,4,35.00,0.10,0,,140.00,14.0000,126.0000,0.0000,126.0000,4,0,3965,1613,55,8
L003965,O01613,C0263,Customer 0263,East,Business,customer263@example.com,2025-09-02,2025-09,Online,Completed,True,P018,Chair 018,Furniture,269.00,5,269.00,0.10,0,,1345.00,134.5000,1210.5000,0.0000,1210.5000,5,0,3966,1614,264,19
L003966,O01613,C0263,Customer 0263,East,Business,customer263@example.com,2025-09-02,2025-09,Online,Completed,True,P013,Lamp 013,Lighting,271.00,4,271.00,0.00,0,,1084.00,0.0000,1084.0000,0.0000,1084.0000,4,0,3967,1614,264,14
L003967,O01614,C0076,Customer 0076,East,Consumer,customer76@example.com,2025-08-24,2025-08,Store,Completed,True,P013,Lamp 013,Lighting,271.00,1,271.00,0.00,0,,271.00,0.0000,271.0000,0.0000,271.0000,1,0,3968,1615,77,14
L003968,O01614,C0076,Customer 0076,East,Consumer,customer76@example.com,2025-08-24,2025-08,Store,Completed,True,P015,Shelf 015,Storage,254.00,4,254.00,0.20,0,,1016.00,203.2000,812.8000,0.0000,812.8000,4,0,3969,1615,77,16
L003969,O01615,C0080,Customer 0080,East,Consumer,customer80@example.com,2025-07-24,2025-07,Online,Completed,True,P022,Chair 022,Furniture,134.00,3,134.00,0,0,,402.00,0.00,402.00,0.00,402.00,3,0,3970,1616,81,23
L003970,O01615,C0080,Customer 0080,East,Consumer,customer80@example.com,2025-07-24,2025-07,Online,Completed,True,P006,Chair 006,Furniture,196.00,5,196.00,0.20,1,2025-08-22,980.00,196.0000,784.0000,784.0000,0.0000,5,5,3971,1616,81,7
L003971,O01615,C0080,Customer 0080,East,Consumer,customer80@example.com,2025-07-24,2025-07,Online,Completed,True,P015,Shelf 015,Storage,254.00,5,254.00,0.10,0,,1270.00,127.0000,1143.0000,0.0000,1143.0000,5,0,3972,1616,81,16
L003972,O01615,C0080,Customer 0080,East,Consumer,customer80@example.com,2025-07-24,2025-07,Online,Completed,True,P010,Chair 010,Furniture,211.00,5,211.00,0.05,0,,1055.00,52.7500,1002.2500,0.0000,1002.2500,5,0,3973,1616,81,11
L003973,O01616,C0161,Customer 0161,West,Consumer,customer161@example.com,2025-09-27,2025-09,Store,Completed,True,P003,Shelf 003,Storage,199.00,5,199.00,0.05,0,,995.00,49.7500,945.2500,0.0000,945.2500,5,0,3974,1617,162,4
L003974,O01617,C0072,Customer 0072,South,Business,customer72@example.com,2025-07-18,2025-07,Store,Completed,True,P014,Chair 014,Furniture,294.00,5,294.00,0.05,0,,1470.00,73.5000,1396.5000,0.0000,1396.5000,5,0,3975,1618,73,15
L003975,O01617,C0072,Customer 0072,South,Business,customer72@example.com,2025-07-18,2025-07,Store,Completed,True,P006,Chair 006,Furniture,196.00,4,196.00,0.20,1,2025-07-25,784.00,156.8000,627.2000,470.4000,156.8000,4,3,3976,1618,73,7
L003976,O01617,C0072,Customer 0072,South,Business,customer72@example.com,2025-07-18,2025-07,Store,Completed,True,P020,Desk 020,Furniture,189.00,4,189.00,0.00,0,,756.00,0.0000,756.0000,0.0000,756.0000,4,0,3977,1618,73,21
L003977,O01617,C0072,Customer 0072,South,Business,customer72@example.com,2025-07-18,2025-07,Store,Completed,True,P008,Desk 008,Furniture,188.00,3,188.00,0.00,0,,564.00,0.0000,564.0000,0.0000,564.0000,3,0,3978,1618,73,9
L003978,O01618,C0119,Customer 0119,North,Business,customer119@example.com,2025-12-18,2025-12,Online,Completed,True,P005,Lamp 005,Lighting,65.00,5,65.00,0.05,0,,325.00,16.2500,308.7500,0.0000,308.7500,5,0,3979,1619,120,6
L003979,O01618,C0119,Customer 0119,North,Business,customer119@example.com,2025-12-18,2025-12,Online,Completed,True,P011,Shelf 011,Storage,80.00,2,80.00,0.05,1,2026-01-06,160.00,8.0000,152.0000,76.0000,76.0000,2,1,3980,1619,120,12
L003980,O01618,C0119,Customer 0119,North,Business,customer119@example.com,2025-12-18,2025-12,Online,Completed,True,P004,Desk 004,Furniture,123.00,3,123.00,0.10,0,,369.00,36.9000,332.1000,0.0000,332.1000,3,0,3981,1619,120,5
L003981,O01619,C0095,Customer 0095,East,Consumer,customer95@example.com,2025-02-03,2025-02,Online,Completed,True,P011,Shelf 011,Storage,80.00,5,80.00,0.20,1,2025-02-11,400.00,80.0000,320.0000,128.0000,192.0000,5,2,3982,1620,96,12
L003982,O01619,C0095,Customer 0095,East,Consumer,customer95@example.com,2025-02-03,2025-02,Online,Completed,True,P010,Chair 010,Furniture,211.00,4,211.00,0.00,0,,844.00,0.0000,844.0000,0.0000,844.0000,4,0,3983,1620,96,11
L003983,O01619,C0095,Customer 0095,East,Consumer,customer95@example.com,2025-02-03,2025-02,Online,Completed,True,P007,Shelf 007,Storage,35.00,1,35.00,0.05,0,,35.00,1.7500,33.2500,0.0000,33.2500,1,0,3984,1620,96,8
L003984,O01620,C0296,Customer 0296,East,Business,customer296@example.com,2025-02-17,2025-02,Store,Completed,True,P002,Chair 002,Furniture,284.00,3,284.00,0.10,1,2025-03-18,852.00,85.2000,766.8000,511.2000,255.6000,3,2,3985,1621,297,3
L003985,O01620,C0296,Customer 0296,East,Business,customer296@example.com,2025-02-17,2025-02,Store,Completed,True,P004,Desk 004,Furniture,123.00,4,123.00,0.00,0,,492.00,0.0000,492.0000,0.0000,492.0000,4,0,3986,1621,297,5
L003986,O01621,C0134,Customer 0134,North,Consumer,customer134@example.com,2025-01-05,2025-01,Online,Completed,True,P022,Chair 022,Furniture,134.00,1,134.00,0.10,0,,134.00,13.4000,120.6000,0.0000,120.6000,1,0,3987,1622,135,23
L003987,O01621,C0134,Customer 0134,North,Consumer,customer134@example.com,2025-01-05,2025-01,Online,Completed,True,P023,Shelf 023,Storage,68.00,3,68.00,0.05,0,,204.00,10.2000,193.8000,0.0000,193.8000,3,0,3988,1622,135,24
L003988,O01621,C0134,Customer 0134,North,Consumer,customer134@example.com,2025-01-05,2025-01,Online,Completed,True,P010,Chair 010,Furniture,211.00,5,211.00,0.20,0,,1055.00,211.0000,844.0000,0.0000,844.0000,5,0,3989,1622,135,11
L003989,O01622,C0162,Customer 0162,South,Consumer,customer162@example.com,2025-12-15,2025-12,Store,Completed,True,P020,Desk 020,Furniture,189.00,2,189.00,0.20,0,,378.00,75.6000,302.4000,0.0000,302.4000,2,0,3990,1623,163,21
L003990,O01622,C0162,Customer 0162,South,Consumer,customer162@example.com,2025-12-15,2025-12,Store,Completed,True,P009,Lamp 009,Lighting,93.00,3,93.00,0.05,0,,279.00,13.9500,265.0500,0.0000,265.0500,3,0,3991,1623,163,10
L003991,O01623,C0050,Customer 0050,North,Business,customer50@example.com,2025-11-15,2025-11,Store,Completed,True,P008,Desk 008,Furniture,188.00,1,188.00,0.10,0,,188.00,18.8000,169.2000,0.0000,169.2000,1,0,3992,1624,51,9
L003992,O01623,C0050,Customer 0050,North,Business,customer50@example.com,2025-11-15,2025-11,Store,Completed,True,P009,Lamp 009,Lighting,93.00,4,93.00,0.10,0,,372.00,37.2000,334.8000,0.0000,334.8000,4,0,3993,1624,51,10
L003993,O01623,C0050,Customer 0050,North,Business,customer50@example.com,2025-11-15,2025-11,Store,Completed,True,P001,Lamp 001,Lighting,122.00,3,122.00,0.05,0,,366.00,18.3000,347.7000,0.0000,347.7000,3,0,3994,1624,51,2
L003994,O01623,C0050,Customer 0050,North,Business,customer50@example.com,2025-11-15,2025-11,Store,Completed,True,P015,Shelf 015,Storage,254.00,1,254.00,0.05,0,,254.00,12.7000,241.3000,0.0000,241.3000,1,0,3995,1624,51,16
L003995,O01624,C0116,Customer 0116,West,Business,customer116@example.com,2025-11-12,2025-11,Online,Completed,True,P019,Shelf 019,Storage,78.00,2,78.00,0.00,1,2025-11-23,156.00,0.0000,156.0000,156.0000,0.0000,2,2,3996,1625,117,20
L003996,O01625,C0114,Customer 0114,North,Business,customer114@example.com,2025-01-05,2025-01,Online,Completed,True,P023,Shelf 023,Storage,68.00,4,68.00,0.10,0,,272.00,27.2000,244.8000,0.0000,244.8000,4,0,3997,1626,115,24
L003997,O01625,C0114,Customer 0114,North,Business,customer114@example.com,2025-01-05,2025-01,Online,Completed,True,P001,Lamp 001,Lighting,122.00,3,122.00,0.10,0,,366.00,36.6000,329.4000,0.0000,329.4000,3,0,3998,1626,115,2
L003998,O01625,C0114,Customer 0114,North,Business,customer114@example.com,2025-01-05,2025-01,Online,Completed,True,P024,Desk 024,Furniture,81.00,1,81.00,0.20,0,,81.00,16.2000,64.8000,0.0000,64.8000,1,0,3999,1626,115,25
L003999,O01626,C0218,Customer 0218,East,Business,customer218@example.com,2025-08-14,2025-08,Store,Completed,True,P015,Shelf 015,Storage,254.00,3,254.00,0.20,0,,762.00,152.4000,609.6000,0.0000,609.6000,3,0,4000,1627,219,16
L004000,O01627,C0274,Customer 0274,North,Business,customer274@example.com,2025-04-26,2025-04,Store,Completed,True,P023,Shelf 023,Storage,68.00,3,68.00,0.05,0,,204.00,10.2000,193.8000,0.0000,193.8000,3,0,4001,1628,275,24
L004001,O01627,C0274,Customer 0274,North,Business,customer274@example.com,2025-04-26,2025-04,Store,Completed,True,P016,Desk 016,Furniture,231.00,4,231.00,0.00,0,,924.00,0.0000,924.0000,0.0000,924.0000,4,0,4002,1628,275,17
L004002,O01628,C0167,Customer 0167,West,Consumer,customer167@example.com,2025-01-04,2025-01,Store,Completed,True,P004,Desk 004,Furniture,123.00,4,123.00,0.05,0,,492.00,24.6000,467.4000,0.0000,467.4000,4,0,4003,1629,168,5
L004003,O01629,C0240,Customer 0240,West,Business,customer240@example.com,2025-01-14,2025-01,Store,Completed,True,P005,Lamp 005,Lighting,65.00,1,65.00,0.00,0,,65.00,0.0000,65.0000,0.0000,65.0000,1,0,4004,1630,241,6
L004004,O01629,C0240,Customer 0240,West,Business,customer240@example.com,2025-01-14,2025-01,Store,Completed,True,P007,Shelf 007,Storage,35.00,2,35.00,0.10,0,,70.00,7.0000,63.0000,0.0000,63.0000,2,0,4005,1630,241,8
L004005,O01630,C0111,Customer 0111,South,Business,customer111@example.com,2025-06-07,2025-06,Online,Completed,True,P003,Shelf 003,Storage,199.00,2,199.00,0.20,0,,398.00,79.6000,318.4000,0.0000,318.4000,2,0,4006,1631,112,4
L004006,O01630,C0111,Customer 0111,South,Business,customer111@example.com,2025-06-07,2025-06,Online,Completed,True,P011,Shelf 011,Storage,80.00,4,80.00,0.10,0,,320.00,32.0000,288.0000,0.0000,288.0000,4,0,4007,1631,112,12
L004007,O01630,C0111,Customer 0111,South,Business,customer111@example.com,2025-06-07,2025-06,Online,Completed,True,P013,Lamp 013,Lighting,271.00,5,271.00,0.20,0,,1355.00,271.0000,1084.0000,0.0000,1084.0000,5,0,4008,1631,112,14
L004008,O01630,C0111,Customer 0111,South,Business,customer111@example.com,2025-06-07,2025-06,Online,Completed,True,P009,Lamp 009,Lighting,93.00,2,93.00,0.00,1,2025-06-11,186.00,0.0000,186.0000,93.0000,93.0000,2,1,4009,1631,112,10
L004009,O01631,C0015,Customer 0015,West,Consumer,customer15@example.com,2025-06-04,2025-06,Store,Completed,True,P006,Chair 006,Furniture,196.00,1,196.00,0.10,0,,196.00,19.6000,176.4000,0.0000,176.4000,1,0,4010,1632,16,7
L004010,O01631,C0015,Customer 0015,West,Consumer,customer15@example.com,2025-06-04,2025-06,Store,Completed,True,P023,Shelf 023,Storage,68.00,2,68.00,0.05,0,,136.00,6.8000,129.2000,0.0000,129.2000,2,0,4011,1632,16,24
L004011,O01631,C0015,Customer 0015,West,Consumer,customer15@example.com,2025-06-04,2025-06,Store,Completed,True,P024,Desk 024,Furniture,81.00,3,81.00,0.10,1,2025-06-29,243.00,24.3000,218.7000,72.9000,145.8000,3,1,4012,1632,16,25
L004012,O01632,C0087,Customer 0087,North,Business,customer87@example.com,2025-04-23,2025-04,Online,Completed,True,P019,Shelf 019,Storage,78.00,3,78.00,0.05,0,,234.00,11.7000,222.3000,0.0000,222.3000,3,0,4013,1633,88,20
L004013,O01632,C0087,Customer 0087,North,Business,customer87@example.com,2025-04-23,2025-04,Online,Completed,True,P018,Chair 018,Furniture,269.00,5,269.00,0.05,0,,1345.00,67.2500,1277.7500,0.0000,1277.7500,5,0,4014,1633,88,19
L004014,O01633,C0237,Customer 0237,South,Consumer,customer237@example.com,2025-02-04,2025-02,Store,Completed,True,P015,Shelf 015,Storage,254.00,4,254.00,0.10,0,,1016.00,101.6000,914.4000,0.0000,914.4000,4,0,4015,1634,238,16
L004015,O01633,C0237,Customer 0237,South,Consumer,customer237@example.com,2025-02-04,2025-02,Store,Completed,True,P017,Lamp 017,Lighting,300.00,1,300.00,0.10,1,2025-03-05,300.00,30.0000,270.0000,270.0000,0.0000,1,1,4016,1634,238,18
L004016,O01633,C0237,Customer 0237,South,Consumer,customer237@example.com,2025-02-04,2025-02,Store,Completed,True,P022,Chair 022,Furniture,134.00,4,134.00,0.20,1,2025-02-09,536.00,107.2000,428.8000,214.4000,214.4000,4,2,4017,1634,238,23
L004017,O01633,C0237,Customer 0237,South,Consumer,customer237@example.com,2025-02-04,2025-02,Store,Completed,True,P014,Chair 014,Furniture,294.00,5,294.00,0.00,1,2025-03-06,1470.00,0.0000,1470.0000,882.0000,588.0000,5,3,4018,1634,238,15
L004018,O01634,C0151,Customer 0151,South,Business,customer151@example.com,2025-06-25,2025-06,Store,Completed,True,P003,Shelf 003,Storage,199.00,2,199.00,0.05,0,,398.00,19.9000,378.1000,0.0000,378.1000,2,0,4019,1635,152,4
L004019,O01635,C0199,Customer 0199,North,Consumer,customer199@example.com,2025-04-08,2025-04,Online,Completed,True,P022,Chair 022,Furniture,134.00,5,134.00,0.20,0,,670.00,134.0000,536.0000,0.0000,536.0000,5,0,4020,1636,200,23
L004020,O01635,C0199,Customer 0199,North,Consumer,customer199@example.com,2025-04-08,2025-04,Online,Completed,True,P004,Desk 004,Furniture,123.00,5,123.00,0.05,0,,615.00,30.7500,584.2500,0.0000,584.2500,5,0,4021,1636,200,5
L004021,O01635,C0199,Customer 0199,North,Consumer,customer199@example.com,2025-04-08,2025-04,Online,Completed,True,P020,Desk 020,Furniture,189.00,2,189.00,0.20,0,,378.00,75.6000,302.4000,0.0000,302.4000,2,0,4022,1636,200,21
L004022,O01635,C0199,Customer 0199,North,Consumer,customer199@example.com,2025-04-08,2025-04,Online,Completed,True,P023,Shelf 023,Storage,68.00,2,68.00,0.00,0,,136.00,0.0000,136.0000,0.0000,136.0000,2,0,4023,1636,200,24
L004023,O01636,C0097,Customer 0097,West,Business,customer97@example.com,2025-05-03,2025-05,Online,Completed,True,P016,Desk 016,Furniture,231.00,3,231.00,0.10,0,,693.00,69.3000,623.7000,0.0000,623.7000,3,0,4024,1637,98,17
L004024,O01637,C0221,Customer 0221,West,Business,customer221@example.com,2025-11-22,2025-11,Store,Completed,True,P013,Lamp 013,Lighting,271.00,4,271.00,0.20,0,,1084.00,216.8000,867.2000,0.0000,867.2000,4,0,4025,1638,222,14
L004025,O01637,C0221,Customer 0221,West,Business,customer221@example.com,2025-11-22,2025-11,Store,Completed,True,P018,Chair 018,Furniture,269.00,4,269.00,0.00,0,,1076.00,0.0000,1076.0000,0.0000,1076.0000,4,0,4026,1638,222,19
L004026,O01638,C0051,Customer 0051,West,Consumer,customer51@example.com,2025-09-22,2025-09,Store,Completed,True,P021,Lamp 021,Lighting,249.00,3,249.00,0.00,0,,747.00,0.0000,747.0000,0.0000,747.0000,3,0,4027,1639,52,22
L004027,O01638,C0051,Customer 0051,West,Consumer,customer51@example.com,2025-09-22,2025-09,Store,Completed,True,P005,Lamp 005,Lighting,65.00,4,65.00,0.00,0,,260.00,0.0000,260.0000,0.0000,260.0000,4,0,4028,1639,52,6
L004028,O01638,C0051,Customer 0051,West,Consumer,customer51@example.com,2025-09-22,2025-09,Store,Completed,True,P011,Shelf 011,Storage,80.00,1,80.00,0.20,0,,80.00,16.0000,64.0000,0.0000,64.0000,1,0,4029,1639,52,12
L004029,O01639,C0001,Customer 0001,East,Business,,2025-09-30,2025-09,Store,Completed,True,P018,Chair 018,Furniture,269.00,2,269.00,0.10,0,,538.00,53.8000,484.2000,0.0000,484.2000,2,0,4030,1640,2,19
L004030,O01640,C0071,Customer 0071,West,Consumer,customer71@example.com,2025-05-02,2025-05,Store,Completed,True,P019,Shelf 019,Storage,78.00,3,78.00,0.20,1,2025-05-25,234.00,46.8000,187.2000,62.4000,124.8000,3,1,4031,1641,72,20
L004031,O01640,C0071,Customer 0071,West,Consumer,customer71@example.com,2025-05-02,2025-05,Store,Completed,True,P013,Lamp 013,Lighting,271.00,5,271.00,0.2,0,,1355.00,271.000,1084.000,0.000,1084.000,5,0,4032,1641,72,14
L004032,O01640,C0071,Customer 0071,West,Consumer,customer71@example.com,2025-05-02,2025-05,Store,Completed,True,P018,Chair 018,Furniture,269.00,2,269.00,0.05,0,,538.00,26.9000,511.1000,0.0000,511.1000,2,0,4033,1641,72,19
L004033,O01640,C0071,Customer 0071,West,Consumer,customer71@example.com,2025-05-02,2025-05,Store,Completed,True,P009,Lamp 009,Lighting,93.00,5,93.00,0.05,0,,465.00,23.2500,441.7500,0.0000,441.7500,5,0,4034,1641,72,10
L004034,O01641,C0147,Customer 0147,East,Business,customer147@example.com,2025-08-29,2025-08,Online,Completed,True,P016,Desk 016,Furniture,231.00,2,231.00,0.20,0,,462.00,92.4000,369.6000,0.0000,369.6000,2,0,4035,1642,148,17
L004035,O01641,C0147,Customer 0147,East,Business,customer147@example.com,2025-08-29,2025-08,Online,Completed,True,P012,Desk 012,Furniture,134.00,3,134.00,0.20,0,,402.00,80.4000,321.6000,0.0000,321.6000,3,0,4036,1642,148,13
L004036,O01641,C0147,Customer 0147,East,Business,customer147@example.com,2025-08-29,2025-08,Online,Completed,True,P003,Shelf 003,Storage,199.00,2,199.00,0.00,0,,398.00,0.0000,398.0000,0.0000,398.0000,2,0,4037,1642,148,4
L004037,O01641,C0147,Customer 0147,East,Business,customer147@example.com,2025-08-29,2025-08,Online,Completed,True,P007,Shelf 007,Storage,35.00,1,35.00,0.20,0,,35.00,7.0000,28.0000,0.0000,28.0000,1,0,4038,1642,148,8
L004038,O01642,C0219,Customer 0219,East,Consumer,customer219@example.com,2025-01-05,2025-01,Online,Completed,True,P016,Desk 016,Furniture,231.00,4,231.00,0.05,0,,924.00,46.2000,877.8000,0.0000,877.8000,4,0,4039,1643,220,17
L004039,O01642,C0219,Customer 0219,East,Consumer,customer219@example.com,2025-01-05,2025-01,Online,Completed,True,P011,Shelf 011,Storage,80.00,4,80.00,0.00,0,,320.00,0.0000,320.0000,0.0000,320.0000,4,0,4040,1643,220,12
L004040,O01642,C0219,Customer 0219,East,Consumer,customer219@example.com,2025-01-05,2025-01,Online,Completed,True,P023,Shelf 023,Storage,68.00,1,68.00,0.05,0,,68.00,3.4000,64.6000,0.0000,64.6000,1,0,4041,1643,220,24
L004041,O01642,C0219,Customer 0219,East,Consumer,customer219@example.com,2025-01-05,2025-01,Online,Completed,True,P009,Lamp 009,Lighting,93.00,1,93.00,0.20,0,,93.00,18.6000,74.4000,0.0000,74.4000,1,0,4042,1643,220,10
L004042,O01643,C0008,Customer 0008,North,Consumer,customer8@example.com,2025-06-11,2025-06,Store,Completed,True,P020,Desk 020,Furniture,189.00,3,189.00,0.20,0,,567.00,113.4000,453.6000,0.0000,453.6000,3,0,4043,1644,9,21
L004043,O01644,C0272,Customer 0272,West,Business,customer272@example.com,2025-04-14,2025-04,Store,Completed,True,P007,Shelf 007,Storage,35.00,1,35.00,0.20,0,,35.00,7.0000,28.0000,0.0000,28.0000,1,0,4044,1645,273,8
L004044,O01644,C0272,Customer 0272,West,Business,customer272@example.com,2025-04-14,2025-04,Store,Completed,True,P021,Lamp 021,Lighting,249.00,4,249.00,0.10,0,,996.00,99.6000,896.4000,0.0000,896.4000,4,0,4045,1645,273,22
L004045,O01644,C0272,Customer 0272,West,Business,customer272@example.com,2025-04-14,2025-04,Store,Completed,True,P001,Lamp 001,Lighting,122.00,2,122.00,0.10,1,2025-04-28,244.00,24.4000,219.6000,109.8000,109.8000,2,1,4046,1645,273,2
L004046,O01644,C0272,Customer 0272,West,Business,customer272@example.com,2025-04-14,2025-04,Store,Completed,True,P013,Lamp 013,Lighting,271.00,3,271.00,0.05,0,,813.00,40.6500,772.3500,0.0000,772.3500,3,0,4047,1645,273,14
L004047,O01645,C0224,Customer 0224,West,Consumer,customer224@example.com,2025-11-12,2025-11,Store,Completed,True,P013,Lamp 013,Lighting,271.00,2,271.00,0.00,0,,542.00,0.0000,542.0000,0.0000,542.0000,2,0,4048,1646,225,14
L004048,O01645,C0224,Customer 0224,West,Consumer,customer224@example.com,2025-11-12,2025-11,Store,Completed,True,P021,Lamp 021,Lighting,249.00,4,249.00,0.05,0,,996.00,49.8000,946.2000,0.0000,946.2000,4,0,4049,1646,225,22
L004049,O01645,C0224,Customer 0224,West,Consumer,customer224@example.com,2025-11-12,2025-11,Store,Completed,True,P023,Shelf 023,Storage,68.00,3,68.00,0.05,0,,204.00,10.2000,193.8000,0.0000,193.8000,3,0,4050,1646,225,24
L004050,O01645,C0224,Customer 0224,West,Consumer,customer224@example.com,2025-11-12,2025-11,Store,Completed,True,P021,Lamp 021,Lighting,249.00,1,249.00,0.20,0,,249.00,49.8000,199.2000,0.0000,199.2000,1,0,4051,1646,225,22
L004051,O01646,C0298,Customer 0298,North,Business,customer298@example.com,2025-01-24,2025-01,Store,Completed,True,P009,Lamp 009,Lighting,93.00,5,93.00,0.10,0,,465.00,46.5000,418.5000,0.0000,418.5000,5,0,4052,1647,299,10
L004052,O01646,C0298,Customer 0298,North,Business,customer298@example.com,2025-01-24,2025-01,Store,Completed,True,P016,Desk 016,Furniture,231.00,5,231.00,0.05,1,2025-02-03,1155.00,57.7500,1097.2500,219.4500,877.8000,5,1,4053,1647,299,17
L004053,O01647,C0262,Customer 0262,West,Business,customer262@example.com,2025-12-21,2025-12,Store,Cancelled,False,P013,Lamp 013,Lighting,271.00,3,271.00,0.20,0,,813.00,162.6000,650.4000,0.0000,650.4000,3,0,4054,1648,263,14
L004054,O01647,C0262,Customer 0262,West,Business,customer262@example.com,2025-12-21,2025-12,Store,Cancelled,False,P006,Chair 006,Furniture,196.00,4,196.00,0.05,0,,784.00,39.2000,744.8000,0.0000,744.8000,4,0,4055,1648,263,7
L004055,O01647,C0262,Customer 0262,West,Business,customer262@example.com,2025-12-21,2025-12,Store,Cancelled,False,P010,Chair 010,Furniture,211.00,3,211.00,0.05,0,,633.00,31.6500,601.3500,0.0000,601.3500,3,0,4056,1648,263,11
L004056,O01647,C0262,Customer 0262,West,Business,customer262@example.com,2025-12-21,2025-12,Store,Cancelled,False,P024,Desk 024,Furniture,81.00,5,81.00,0.05,0,,405.00,20.2500,384.7500,0.0000,384.7500,5,0,4057,1648,263,25
L004057,O01648,C0050,Customer 0050,North,Business,customer50@example.com,2025-06-28,2025-06,Online,Completed,True,P012,Desk 012,Furniture,134.00,5,134.00,0.20,0,,670.00,134.0000,536.0000,0.0000,536.0000,5,0,4058,1649,51,13
L004058,O01648,C0050,Customer 0050,North,Business,customer50@example.com,2025-06-28,2025-06,Online,Completed,True,P016,Desk 016,Furniture,231.00,3,231.00,0.20,0,,693.00,138.6000,554.4000,0.0000,554.4000,3,0,4059,1649,51,17
L004059,O01648,C0050,Customer 0050,North,Business,customer50@example.com,2025-06-28,2025-06,Online,Completed,True,P016,Desk 016,Furniture,231.00,1,231.00,0.05,0,,231.00,11.5500,219.4500,0.0000,219.4500,1,0,4060,1649,51,17
L004060,O01649,C0043,Customer 0043,West,Business,customer43@example.com,2025-06-15,2025-06,Online,Completed,True,P015,Shelf 015,Storage,254.00,5,254.00,0.05,1,2025-06-27,1270.00,63.5000,1206.5000,965.2000,241.3000,5,4,4061,1650,44,16
L004061,O01649,C0043,Customer 0043,West,Business,customer43@example.com,2025-06-15,2025-06,Online,Completed,True,P003,Shelf 003,Storage,199.00,5,199.00,0.20,1,2025-06-20,995.00,199.0000,796.0000,318.4000,477.6000,5,2,4062,1650,44,4
L004062,O01649,C0043,Customer 0043,West,Business,customer43@example.com,2025-06-15,2025-06,Online,Completed,True,P001,Lamp 001,Lighting,122.00,3,122.00,0.2,0,,366.00,73.200,292.800,0.000,292.800,3,0,4063,1650,44,2
L004063,O01649,C0043,Customer 0043,West,Business,customer43@example.com,2025-06-15,2025-06,Online,Completed,True,P011,Shelf 011,Storage,80.00,1,80.00,0.05,0,,80.00,4.0000,76.0000,0.0000,76.0000,1,0,4064,1650,44,12
L004064,O01650,C0283,Customer 0283,East,Business,customer283@example.com,2025-08-21,2025-08,Online,Completed,True,P023,Shelf 023,Storage,68.00,2,68.00,0.10,0,,136.00,13.6000,122.4000,0.0000,122.4000,2,0,4065,1651,284,24
L004065,O01651,C0281,Customer 0281,North,Business,customer281@example.com,2025-06-08,2025-06,Online,Completed,True,P012,Desk 012,Furniture,134.00,2,134.00,0.00,0,,268.00,0.0000,268.0000,0.0000,268.0000,2,0,4066,1652,282,13
L004066,O01651,C0281,Customer 0281,North,Business,customer281@example.com,2025-06-08,2025-06,Online,Completed,True,P004,Desk 004,Furniture,123.00,3,123.00,0.00,0,,369.00,0.0000,369.0000,0.0000,369.0000,3,0,4067,1652,282,5
L004067,O01651,C0281,Customer 0281,North,Business,customer281@example.com,2025-06-08,2025-06,Online,Completed,True,P019,Shelf 019,Storage,78.00,1,78.00,0.00,0,,78.00,0.0000,78.0000,0.0000,78.0000,1,0,4068,1652,282,20
L004068,O01652,C0273,Customer 0273,South,Business,,2025-10-15,2025-10,Store,Completed,True,P010,Chair 010,Furniture,211.00,3,211.00,0.05,0,,633.00,31.6500,601.3500,0.0000,601.3500,3,0,4069,1653,274,11
L004069,O01652,C0273,Customer 0273,South,Business,,2025-10-15,2025-10,Store,Completed,True,P020,Desk 020,Furniture,189.00,3,189.00,0.20,0,,567.00,113.4000,453.6000,0.0000,453.6000,3,0,4070,1653,274,21
L004070,O01652,C0273,Customer 0273,South,Business,,2025-10-15,2025-10,Store,Completed,True,P017,Lamp 017,Lighting,300.00,5,300.00,0.20,0,,1500.00,300.0000,1200.0000,0.0000,1200.0000,5,0,4071,1653,274,18
L004071,O01652,C0273,Customer 0273,South,Business,,2025-10-15,2025-10,Store,Completed,True,P018,Chair 018,Furniture,269.00,1,269.00,0.00,0,,269.00,0.0000,269.0000,0.0000,269.0000,1,0,4072,1653,274,19
L004072,O01653,C0199,Customer 0199,North,Consumer,customer199@example.com,2025-01-16,2025-01,Store,Completed,True,P014,Chair 014,Furniture,294.00,5,294.00,0.05,0,,1470.00,73.5000,1396.5000,0.0000,1396.5000,5,0,4073,1654,200,15
L004073,O01653,C0199,Customer 0199,North,Consumer,customer199@example.com,2025-01-16,2025-01,Store,Completed,True,P001,Lamp 001,Lighting,122.00,5,122.00,0.00,0,,610.00,0.0000,610.0000,0.0000,610.0000,5,0,4074,1654,200,2
L004074,O01653,C0199,Customer 0199,North,Consumer,customer199@example.com,2025-01-16,2025-01,Store,Completed,True,P022,Chair 022,Furniture,134.00,3,134.00,0.10,0,,402.00,40.2000,361.8000,0.0000,361.8000,3,0,4075,1654,200,23
L004075,O01654,C0177,Customer 0177,West,Business,customer177@example.com,2025-11-19,2025-11,Online,Completed,True,P023,Shelf 023,Storage,68.00,2,68.00,0.00,0,,136.00,0.0000,136.0000,0.0000,136.0000,2,0,4076,1655,178,24
L004076,O01654,C0177,Customer 0177,West,Business,customer177@example.com,2025-11-19,2025-11,Online,Completed,True,P012,Desk 012,Furniture,134.00,5,134.00,0.10,0,,670.00,67.0000,603.0000,0.0000,603.0000,5,0,4077,1655,178,13
L004077,O01654,C0177,Customer 0177,West,Business,customer177@example.com,2025-11-19,2025-11,Online,Completed,True,P004,Desk 004,Furniture,123.00,5,123.00,0.00,0,,615.00,0.0000,615.0000,0.0000,615.0000,5,0,4078,1655,178,5
L004078,O01655,C0244,Customer 0244,South,Consumer,customer244@example.com,2025-09-25,2025-09,Store,Completed,True,P022,Chair 022,Furniture,134.00,5,134.00,0.00,0,,670.00,0.0000,670.0000,0.0000,670.0000,5,0,4079,1656,245,23
L004079,O01655,C0244,Customer 0244,South,Consumer,customer244@example.com,2025-09-25,2025-09,Store,Completed,True,P016,Desk 016,Furniture,231.00,3,231.00,0.20,0,,693.00,138.6000,554.4000,0.0000,554.4000,3,0,4080,1656,245,17
L004080,O01655,C0244,Customer 0244,South,Consumer,customer244@example.com,2025-09-25,2025-09,Store,Completed,True,P015,Shelf 015,Storage,254.00,2,254.00,0.10,0,,508.00,50.8000,457.2000,0.0000,457.2000,2,0,4081,1656,245,16
L004081,O01655,C0244,Customer 0244,South,Consumer,customer244@example.com,2025-09-25,2025-09,Store,Completed,True,P021,Lamp 021,Lighting,249.00,4,249.00,0.10,0,,996.00,99.6000,896.4000,0.0000,896.4000,4,0,4082,1656,245,22
L004082,O01656,C0169,Customer 0169,North,Consumer,customer169@example.com,2025-12-23,2025-12,Online,Completed,True,P010,Chair 010,Furniture,211.00,4,211.00,0.00,1,2025-12-26,844.00,0.0000,844.0000,844.0000,0.0000,4,4,4083,1657,170,11
L004083,O01657,C0092,Customer 0092,East,Consumer,customer92@example.com,2025-09-28,2025-09,Online,Completed,True,P021,Lamp 021,Lighting,249.00,4,249.00,0.00,0,,996.00,0.0000,996.0000,0.0000,996.0000,4,0,4084,1658,93,22
L004084,O01657,C0092,Customer 0092,East,Consumer,customer92@example.com,2025-09-28,2025-09,Online,Completed,True,P006,Chair 006,Furniture,196.00,4,196.00,0.05,0,,784.00,39.2000,744.8000,0.0000,744.8000,4,0,4085,1658,93,7
L004085,O01657,C0092,Customer 0092,East,Consumer,customer92@example.com,2025-09-28,2025-09,Online,Completed,True,P020,Desk 020,Furniture,189.00,2,189.00,0.20,0,,378.00,75.6000,302.4000,0.0000,302.4000,2,0,4086,1658,93,21
L004086,O01657,C0092,Customer 0092,East,Consumer,customer92@example.com,2025-09-28,2025-09,Online,Completed,True,P018,Chair 018,Furniture,269.00,2,269.00,0.05,0,,538.00,26.9000,511.1000,0.0000,511.1000,2,0,4087,1658,93,19
L004087,O01658,C0133,Customer 0133,South,Consumer,customer133@example.com,2025-01-14,2025-01,Online,Completed,True,P012,Desk 012,Furniture,134.00,2,134.00,0.20,0,,268.00,53.6000,214.4000,0.0000,214.4000,2,0,4088,1659,134,13
L004088,O01658,C0133,Customer 0133,South,Consumer,customer133@example.com,2025-01-14,2025-01,Online,Completed,True,P008,Desk 008,Furniture,188.00,4,188.00,0.10,0,,752.00,75.2000,676.8000,0.0000,676.8000,4,0,4089,1659,134,9
L004089,O01659,C0282,Customer 0282,East,Business,customer282@example.com,2025-04-15,2025-04,Store,Completed,True,P001,Lamp 001,Lighting,122.00,5,122.00,0.05,0,,610.00,30.5000,579.5000,0.0000,579.5000,5,0,4090,1660,283,2
L004090,O01659,C0282,Customer 0282,East,Business,customer282@example.com,2025-04-15,2025-04,Store,Completed,True,P011,Shelf 011,Storage,80.00,2,80.00,0.00,0,,160.00,0.0000,160.0000,0.0000,160.0000,2,0,4091,1660,283,12
L004091,O01660,C0167,Customer 0167,West,Consumer,customer167@example.com,2025-03-07,2025-03,Online,Completed,True,P017,Lamp 017,Lighting,300.00,1,300.00,0.20,0,,300.00,60.0000,240.0000,0.0000,240.0000,1,0,4092,1661,168,18
L004092,O01660,C0167,Customer 0167,West,Consumer,customer167@example.com,2025-03-07,2025-03,Online,Completed,True,P024,Desk 024,Furniture,81.00,5,81.00,0.20,0,,405.00,81.0000,324.0000,0.0000,324.0000,5,0,4093,1661,168,25
L004093,O01661,C0134,Customer 0134,North,Consumer,customer134@example.com,2025-02-03,2025-02,Online,Cancelled,False,P017,Lamp 017,Lighting,300.00,1,300.00,0.2,0,,300.00,60.000,240.000,0.000,240.000,1,0,4094,1662,135,18
L004094,O01661,C0134,Customer 0134,North,Consumer,customer134@example.com,2025-02-03,2025-02,Online,Cancelled,False,P023,Shelf 023,Storage,68.00,3,68.00,0.10,0,,204.00,20.4000,183.6000,0.0000,183.6000,3,0,4095,1662,135,24
L004095,O01662,C0047,Customer 0047,West,Consumer,customer47@example.com,2025-09-02,2025-09,Store,Completed,True,P021,Lamp 021,Lighting,249.00,1,249.00,0.00,1,2025-09-14,249.00,0.0000,249.0000,249.0000,0.0000,1,1,4096,1663,48,22
L004096,O01662,C0047,Customer 0047,West,Consumer,customer47@example.com,2025-09-02,2025-09,Store,Completed,True,P012,Desk 012,Furniture,134.00,4,134.00,0.05,0,,536.00,26.8000,509.2000,0.0000,509.2000,4,0,4097,1663,48,13
L004097,O01663,C0298,Customer 0298,North,Business,customer298@example.com,2025-05-18,2025-05,Online,Completed,True,P009,Lamp 009,Lighting,93.00,5,93.00,0.05,0,,465.00,23.2500,441.7500,0.0000,441.7500,5,0,4098,1664,299,10
L004098,O01664,C0245,Customer 0245,North,Consumer,customer245@example.com,2025-01-29,2025-01,Store,Completed,True,P017,Lamp 017,Lighting,300.00,2,300.00,0.10,0,,600.00,60.0000,540.0000,0.0000,540.0000,2,0,4099,1665,246,18
L004099,O01664,C0245,Customer 0245,North,Consumer,customer245@example.com,2025-01-29,2025-01,Store,Completed,True,P007,Shelf 007,Storage,35.00,3,35.00,0.00,0,,105.00,0.0000,105.0000,0.0000,105.0000,3,0,4100,1665,246,8
L004100,O01664,C0245,Customer 0245,North,Consumer,customer245@example.com,2025-01-29,2025-01,Store,Completed,True,P016,Desk 016,Furniture,231.00,2,231.00,0.00,0,,462.00,0.0000,462.0000,0.0000,462.0000,2,0,4101,1665,246,17
L004101,O01664,C0245,Customer 0245,North,Consumer,customer245@example.com,2025-01-29,2025-01,Store,Completed,True,P016,Desk 016,Furniture,231.00,1,231.00,0.00,0,,231.00,0.0000,231.0000,0.0000,231.0000,1,0,4102,1665,246,17
L004102,O01665,C0195,Customer 0195,West,Business,customer195@example.com,2025-02-25,2025-02,Online,Completed,True,P002,Chair 002,Furniture,284.00,2,284.00,0.10,0,,568.00,56.8000,511.2000,0.0000,511.2000,2,0,4103,1666,196,3
L004103,O01665,C0195,Customer 0195,West,Business,customer195@example.com,2025-02-25,2025-02,Online,Completed,True,P022,Chair 022,Furniture,134.00,5,134.00,0.00,1,2025-03-19,670.00,0.0000,670.0000,402.0000,268.0000,5,3,4104,1666,196,23
L004104,O01666,C0224,Customer 0224,West,Consumer,customer224@example.com,2025-01-30,2025-01,Store,Completed,True,P011,Shelf 011,Storage,80.00,3,80.00,0.20,0,,240.00,48.0000,192.0000,0.0000,192.0000,3,0,4105,1667,225,12
L004105,O01667,C0115,Customer 0115,North,Consumer,customer115@example.com,2025-04-03,2025-04,Online,Cancelled,False,P006,Chair 006,Furniture,196.00,3,196.00,0.20,0,,588.00,117.6000,470.4000,0.0000,470.4000,3,0,4106,1668,116,7
L004106,O01667,C0115,Customer 0115,North,Consumer,customer115@example.com,2025-04-03,2025-04,Online,Cancelled,False,P016,Desk 016,Furniture,231.00,1,231.00,0.00,0,,231.00,0.0000,231.0000,0.0000,231.0000,1,0,4107,1668,116,17
L004107,O01667,C0115,Customer 0115,North,Consumer,customer115@example.com,2025-04-03,2025-04,Online,Cancelled,False,P020,Desk 020,Furniture,189.00,3,189.00,0.10,0,,567.00,56.7000,510.3000,0.0000,510.3000,3,0,4108,1668,116,21
L004108,O01667,C0115,Customer 0115,North,Consumer,customer115@example.com,2025-04-03,2025-04,Online,Cancelled,False,P008,Desk 008,Furniture,188.00,5,188.00,0.05,0,,940.00,47.0000,893.0000,0.0000,893.0000,5,0,4109,1668,116,9
L004109,O01668,C0193,Customer 0193,East,Consumer,customer193@example.com,2025-03-16,2025-03,Online,Completed,True,P017,Lamp 017,Lighting,300.00,5,300.00,0.05,0,,1500.00,75.0000,1425.0000,0.0000,1425.0000,5,0,4110,1669,194,18
L004110,O01668,C0193,Customer 0193,East,Consumer,customer193@example.com,2025-03-16,2025-03,Online,Completed,True,P011,Shelf 011,Storage,80.00,3,80.00,0.00,0,,240.00,0.0000,240.0000,0.0000,240.0000,3,0,4111,1669,194,12
L004111,O01668,C0193,Customer 0193,East,Consumer,customer193@example.com,2025-03-16,2025-03,Online,Completed,True,P006,Chair 006,Furniture,196.00,1,196.00,0.20,0,,196.00,39.2000,156.8000,0.0000,156.8000,1,0,4112,1669,194,7
L004112,O01669,C0094,Customer 0094,West,Consumer,customer94@example.com,2025-04-22,2025-04,Store,Completed,True,P014,Chair 014,Furniture,294.00,4,294.00,0.10,0,,1176.00,117.6000,1058.4000,0.0000,1058.4000,4,0,4113,1670,95,15
L004113,O01670,C0291,Customer 0291,North,Consumer,customer291@example.com,2025-06-08,2025-06,Store,Completed,True,P009,Lamp 009,Lighting,93.00,4,93.00,0.00,0,,372.00,0.0000,372.0000,0.0000,372.0000,4,0,4114,1671,292,10
L004114,O01671,C0190,Customer 0190,North,Business,customer190@example.com,2025-05-08,2025-05,Online,Completed,True,P011,Shelf 011,Storage,80.00,3,80.00,0.05,0,,240.00,12.0000,228.0000,0.0000,228.0000,3,0,4115,1672,191,12
L004115,O01671,C0190,Customer 0190,North,Business,customer190@example.com,2025-05-08,2025-05,Online,Completed,True,P017,Lamp 017,Lighting,300.00,3,300.00,0.05,0,,900.00,45.0000,855.0000,0.0000,855.0000,3,0,4116,1672,191,18
L004116,O01671,C0190,Customer 0190,North,Business,customer190@example.com,2025-05-08,2025-05,Online,Completed,True,P011,Shelf 011,Storage,80.00,5,80.00,0.05,0,,400.00,20.0000,380.0000,0.0000,380.0000,5,0,4117,1672,191,12
L004117,O01671,C0190,Customer 0190,North,Business,customer190@example.com,2025-05-08,2025-05,Online,Completed,True,P002,Chair 002,Furniture,284.00,4,284.00,0.20,0,,1136.00,227.2000,908.8000,0.0000,908.8000,4,0,4118,1672,191,3
L004118,O01672,C0072,Customer 0072,South,Business,customer72@example.com,2025-12-14,2025-12,Store,Completed,True,P009,Lamp 009,Lighting,93.00,1,93.00,0.00,1,2025-12-31,93.00,0.0000,93.0000,93.0000,0.0000,1,1,4119,1673,73,10
L004119,O01673,C0152,Customer 0152,West,Business,customer152@example.com,2025-05-07,2025-05,Store,Completed,True,P015,Shelf 015,Storage,254.00,3,254.00,0.10,0,,762.00,76.2000,685.8000,0.0000,685.8000,3,0,4120,1674,153,16
L004120,O01673,C0152,Customer 0152,West,Business,customer152@example.com,2025-05-07,2025-05,Store,Completed,True,P013,Lamp 013,Lighting,271.00,3,271.00,0.20,0,,813.00,162.6000,650.4000,0.0000,650.4000,3,0,4121,1674,153,14
L004121,O01673,C0152,Customer 0152,West,Business,customer152@example.com,2025-05-07,2025-05,Store,Completed,True,P019,Shelf 019,Storage,78.00,2,78.00,0.10,0,,156.00,15.6000,140.4000,0.0000,140.4000,2,0,4122,1674,153,20
L004122,O01673,C0152,Customer 0152,West,Business,customer152@example.com,2025-05-07,2025-05,Store,Completed,True,P002,Chair 002,Furniture,284.00,5,284.00,0.05,0,,1420.00,71.0000,1349.0000,0.0000,1349.0000,5,0,4123,1674,153,3
L004123,O01674,C0071,Customer 0071,West,Consumer,customer71@example.com,2025-07-17,2025-07,Store,Completed,True,P002,Chair 002,Furniture,284.00,1,284.00,0.10,1,2025-08-07,284.00,28.4000,255.6000,255.6000,0.0000,1,1,4124,1675,72,3
L004124,O01674,C0071,Customer 0071,West,Consumer,customer71@example.com,2025-07-17,2025-07,Store,Completed,True,P019,Shelf 019,Storage,78.00,3,78.00,0,0,,234.00,0.00,234.00,0.00,234.00,3,0,4125,1675,72,20
L004125,O01675,C0080,Customer 0080,East,Consumer,customer80@example.com,2025-03-02,2025-03,Store,Completed,True,P021,Lamp 021,Lighting,249.00,1,249.00,0.10,0,,249.00,24.9000,224.1000,0.0000,224.1000,1,0,4126,1676,81,22
L004126,O01676,C0275,Customer 0275,East,Business,customer275@example.com,2025-12-26,2025-12,Store,Completed,True,P015,Shelf 015,Storage,254.00,4,254.00,0.00,0,,1016.00,0.0000,1016.0000,0.0000,1016.0000,4,0,4127,1677,276,16
L004127,O01676,C0275,Customer 0275,East,Business,customer275@example.com,2025-12-26,2025-12,Store,Completed,True,P003,Shelf 003,Storage,199.00,2,199.00,0.10,0,,398.00,39.8000,358.2000,0.0000,358.2000,2,0,4128,1677,276,4
L004128,O01677,C0048,Customer 0048,East,Consumer,customer48@example.com,2025-04-12,2025-04,Online,Completed,True,P024,Desk 024,Furniture,81.00,4,81.00,0.20,0,,324.00,64.8000,259.2000,0.0000,259.2000,4,0,4129,1678,49,25
L004129,O01677,C0048,Customer 0048,East,Consumer,customer48@example.com,2025-04-12,2025-04,Online,Completed,True,P019,Shelf 019,Storage,78.00,3,78.00,0.20,0,,234.00,46.8000,187.2000,0.0000,187.2000,3,0,4130,1678,49,20
L004130,O01678,C0087,Customer 0087,North,Business,customer87@example.com,2025-01-19,2025-01,Online,Completed,True,P010,Chair 010,Furniture,211.00,5,211.00,0.05,0,,1055.00,52.7500,1002.2500,0.0000,1002.2500,5,0,4131,1679,88,11
L004131,O01678,C0087,Customer 0087,North,Business,customer87@example.com,2025-01-19,2025-01,Online,Completed,True,P009,Lamp 009,Lighting,93.00,1,93.00,0.10,1,2025-02-12,93.00,9.3000,83.7000,83.7000,0.0000,1,1,4132,1679,88,10
L004132,O01679,C0200,Customer 0200,West,Consumer,customer200@example.com,2025-09-30,2025-09,Online,Completed,True,P024,Desk 024,Furniture,81.00,2,81.00,0.05,0,,162.00,8.1000,153.9000,0.0000,153.9000,2,0,4133,1680,201,25
L004133,O01679,C0200,Customer 0200,West,Consumer,customer200@example.com,2025-09-30,2025-09,Online,Completed,True,P018,Chair 018,Furniture,269.00,3,269.00,0.05,0,,807.00,40.3500,766.6500,0.0000,766.6500,3,0,4134,1680,201,19
L004134,O01679,C0200,Customer 0200,West,Consumer,customer200@example.com,2025-09-30,2025-09,Online,Completed,True,P024,Desk 024,Furniture,81.00,2,81.00,0.20,1,2025-10-04,162.00,32.4000,129.6000,64.8000,64.8000,2,1,4135,1680,201,25
L004135,O01679,C0200,Customer 0200,West,Consumer,customer200@example.com,2025-09-30,2025-09,Online,Completed,True,P007,Shelf 007,Storage,35.00,3,35.00,0.00,0,,105.00,0.0000,105.0000,0.0000,105.0000,3,0,4136,1680,201,8
L004136,O01680,C0156,Customer 0156,South,Consumer,customer156@example.com,2025-01-26,2025-01,Online,Cancelled,False,P023,Shelf 023,Storage,68.00,2,68.00,0.05,0,,136.00,6.8000,129.2000,0.0000,129.2000,2,0,4137,1681,157,24
L004137,O01680,C0156,Customer 0156,South,Consumer,customer156@example.com,2025-01-26,2025-01,Online,Cancelled,False,P023,Shelf 023,Storage,68.00,2,68.00,0.05,0,,136.00,6.8000,129.2000,0.0000,129.2000,2,0,4138,1681,157,24
L004138,O01680,C0156,Customer 0156,South,Consumer,customer156@example.com,2025-01-26,2025-01,Online,Cancelled,False,P007,Shelf 007,Storage,35.00,2,35.00,0.20,0,,70.00,14.0000,56.0000,0.0000,56.0000,2,0,4139,1681,157,8
L004139,O01681,C0024,Customer 0024,South,Business,customer24@example.com,2025-02-12,2025-02,Online,Completed,True,P024,Desk 024,Furniture,81.00,4,81.00,0.00,0,,324.00,0.0000,324.0000,0.0000,324.0000,4,0,4140,1682,25,25
L004140,O01682,C0227,Customer 0227,East,Consumer,customer227@example.com,2025-03-14,2025-03,Online,Completed,True,P017,Lamp 017,Lighting,300.00,2,300.00,0.10,0,,600.00,60.0000,540.0000,0.0000,540.0000,2,0,4141,1683,228,18
L004141,O01682,C0227,Customer 0227,East,Consumer,customer227@example.com,2025-03-14,2025-03,Online,Completed,True,P012,Desk 012,Furniture,134.00,3,134.00,0.10,0,,402.00,40.2000,361.8000,0.0000,361.8000,3,0,4142,1683,228,13
L004142,O01682,C0227,Customer 0227,East,Consumer,customer227@example.com,2025-03-14,2025-03,Online,Completed,True,P015,Shelf 015,Storage,254.00,1,254.00,0.20,0,,254.00,50.8000,203.2000,0.0000,203.2000,1,0,4143,1683,228,16
L004143,O01683,C0154,Customer 0154,North,Business,,2025-04-23,2025-04,Store,Cancelled,False,P008,Desk 008,Furniture,188.00,5,188.00,0.05,0,,940.00,47.0000,893.0000,0.0000,893.0000,5,0,4144,1684,155,9
L004144,O01683,C0154,Customer 0154,North,Business,,2025-04-23,2025-04,Store,Cancelled,False,P013,Lamp 013,Lighting,271.00,5,271.00,0.05,0,,1355.00,67.7500,1287.2500,0.0000,1287.2500,5,0,4145,1684,155,14
L004145,O01683,C0154,Customer 0154,North,Business,,2025-04-23,2025-04,Store,Cancelled,False,P013,Lamp 013,Lighting,271.00,5,271.00,0.00,0,,1355.00,0.0000,1355.0000,0.0000,1355.0000,5,0,4146,1684,155,14
L004146,O01684,C0206,Customer 0206,West,Business,customer206@example.com,2025-09-12,2025-09,Online,Completed,True,P002,Chair 002,Furniture,284.00,1,284.00,0.10,0,,284.00,28.4000,255.6000,0.0000,255.6000,1,0,4147,1685,207,3
L004147,O01684,C0206,Customer 0206,West,Business,customer206@example.com,2025-09-12,2025-09,Online,Completed,True,P006,Chair 006,Furniture,196.00,5,196.00,0.05,0,,980.00,49.0000,931.0000,0.0000,931.0000,5,0,4148,1685,207,7
L004148,O01684,C0206,Customer 0206,West,Business,customer206@example.com,2025-09-12,2025-09,Online,Completed,True,P005,Lamp 005,Lighting,65.00,4,65.00,0.05,0,,260.00,13.0000,247.0000,0.0000,247.0000,4,0,4149,1685,207,6
L004149,O01685,C0111,Customer 0111,South,Business,customer111@example.com,2025-04-09,2025-04,Online,Completed,True,P010,Chair 010,Furniture,211.00,5,211.00,0.00,0,,1055.00,0.0000,1055.0000,0.0000,1055.0000,5,0,4150,1686,112,11
L004150,O01685,C0111,Customer 0111,South,Business,customer111@example.com,2025-04-09,2025-04,Online,Completed,True,P018,Chair 018,Furniture,269.00,2,269.00,0.05,0,,538.00,26.9000,511.1000,0.0000,511.1000,2,0,4151,1686,112,19
L004151,O01686,C0023,Customer 0023,South,Consumer,customer23@example.com,2025-07-07,2025-07,Online,Completed,True,P018,Chair 018,Furniture,269.00,3,269.00,0.00,0,,807.00,0.0000,807.0000,0.0000,807.0000,3,0,4152,1687,24,19
L004152,O01686,C0023,Customer 0023,South,Consumer,customer23@example.com,2025-07-07,2025-07,Online,Completed,True,P024,Desk 024,Furniture,81.00,3,81.00,0.20,0,,243.00,48.6000,194.4000,0.0000,194.4000,3,0,4153,1687,24,25
L004153,O01686,C0023,Customer 0023,South,Consumer,customer23@example.com,2025-07-07,2025-07,Online,Completed,True,P004,Desk 004,Furniture,123.00,1,123.00,0.00,0,,123.00,0.0000,123.0000,0.0000,123.0000,1,0,4154,1687,24,5
L004154,O01687,C0139,Customer 0139,North,Business,customer139@example.com,2025-11-20,2025-11,Online,Completed,True,P011,Shelf 011,Storage,80.00,1,80.00,0.10,0,,80.00,8.0000,72.0000,0.0000,72.0000,1,0,4155,1688,140,12
L004155,O01688,C0259,Customer 0259,North,Business,customer259@example.com,2025-07-11,2025-07,Online,Completed,True,P015,Shelf 015,Storage,254.00,3,254.00,0.1,0,,762.00,76.200,685.800,0.000,685.800,3,0,4156,1689,260,16
L004156,O01689,C0257,Customer 0257,North,Business,customer257@example.com,2025-09-12,2025-09,Online,Completed,True,P023,Shelf 023,Storage,68.00,2,68.00,0.00,0,,136.00,0.0000,136.0000,0.0000,136.0000,2,0,4157,1690,258,24
L004157,O01689,C0257,Customer 0257,North,Business,customer257@example.com,2025-09-12,2025-09,Online,Completed,True,P014,Chair 014,Furniture,294.00,2,294.00,0.20,0,,588.00,117.6000,470.4000,0.0000,470.4000,2,0,4158,1690,258,15
L004158,O01690,C0140,Customer 0140,East,Consumer,customer140@example.com,2025-05-26,2025-05,Online,Completed,True,P003,Shelf 003,Storage,199.00,4,199.00,0.20,0,,796.00,159.2000,636.8000,0.0000,636.8000,4,0,4159,1691,141,4
L004159,O01690,C0140,Customer 0140,East,Consumer,customer140@example.com,2025-05-26,2025-05,Online,Completed,True,P022,Chair 022,Furniture,134.00,2,134.00,0.20,0,,268.00,53.6000,214.4000,0.0000,214.4000,2,0,4160,1691,141,23
L004160,O01690,C0140,Customer 0140,East,Consumer,customer140@example.com,2025-05-26,2025-05,Online,Completed,True,P024,Desk 024,Furniture,81.00,5,81.00,0.05,0,,405.00,20.2500,384.7500,0.0000,384.7500,5,0,4161,1691,141,25
L004161,O01690,C0140,Customer 0140,East,Consumer,customer140@example.com,2025-05-26,2025-05,Online,Completed,True,P012,Desk 012,Furniture,134.00,2,134.00,0.05,0,,268.00,13.4000,254.6000,0.0000,254.6000,2,0,4162,1691,141,13
L004162,O01691,C0182,Customer 0182,West,Business,customer182@example.com,2025-01-14,2025-01,Store,Completed,True,P003,Shelf 003,Storage,199.00,1,199.00,0.20,0,,199.00,39.8000,159.2000,0.0000,159.2000,1,0,4163,1692,183,4
L004163,O01691,C0182,Customer 0182,West,Business,customer182@example.com,2025-01-14,2025-01,Store,Completed,True,P020,Desk 020,Furniture,189.00,2,189.00,0.05,0,,378.00,18.9000,359.1000,0.0000,359.1000,2,0,4164,1692,183,21
L004164,O01691,C0182,Customer 0182,West,Business,customer182@example.com,2025-01-14,2025-01,Store,Completed,True,P011,Shelf 011,Storage,80.00,5,80.00,0.00,0,,400.00,0.0000,400.0000,0.0000,400.0000,5,0,4165,1692,183,12
L004165,O01692,C0169,Customer 0169,North,Consumer,customer169@example.com,2025-09-08,2025-09,Online,Completed,True,P006,Chair 006,Furniture,196.00,3,196.00,0.00,0,,588.00,0.0000,588.0000,0.0000,588.0000,3,0,4166,1693,170,7
L004166,O01692,C0169,Customer 0169,North,Consumer,customer169@example.com,2025-09-08,2025-09,Online,Completed,True,P008,Desk 008,Furniture,188.00,2,188.00,0.05,0,,376.00,18.8000,357.2000,0.0000,357.2000,2,0,4167,1693,170,9
L004167,O01692,C0169,Customer 0169,North,Consumer,customer169@example.com,2025-09-08,2025-09,Online,Completed,True,P020,Desk 020,Furniture,189.00,3,189.00,0.20,0,,567.00,113.4000,453.6000,0.0000,453.6000,3,0,4168,1693,170,21
L004168,O01692,C0169,Customer 0169,North,Consumer,customer169@example.com,2025-09-08,2025-09,Online,Completed,True,P009,Lamp 009,Lighting,93.00,5,93.00,0.00,0,,465.00,0.0000,465.0000,0.0000,465.0000,5,0,4169,1693,170,10
L004169,O01693,C0128,Customer 0128,West,Business,customer128@example.com,2025-06-22,2025-06,Store,Completed,True,P009,Lamp 009,Lighting,93.00,4,93.00,0.20,0,,372.00,74.4000,297.6000,0.0000,297.6000,4,0,4170,1694,129,10
L004170,O01693,C0128,Customer 0128,West,Business,customer128@example.com,2025-06-22,2025-06,Store,Completed,True,P015,Shelf 015,Storage,254.00,4,254.00,0.10,0,,1016.00,101.6000,914.4000,0.0000,914.4000,4,0,4171,1694,129,16
L004171,O01693,C0128,Customer 0128,West,Business,customer128@example.com,2025-06-22,2025-06,Store,Completed,True,P017,Lamp 017,Lighting,300.00,5,300.00,0.00,0,,1500.00,0.0000,1500.0000,0.0000,1500.0000,5,0,4172,1694,129,18
L004172,O01694,C0093,Customer 0093,North,Consumer,customer93@example.com,2025-10-08,2025-10,Online,Completed,True,P002,Chair 002,Furniture,284.00,2,284.00,0.10,1,2025-11-02,568.00,56.8000,511.2000,255.6000,255.6000,2,1,4173,1695,94,3
L004173,O01695,C0010,Customer 0010,West,Consumer,customer10@example.com,2025-04-29,2025-04,Store,Cancelled,False,P014,Chair 014,Furniture,294.00,2,294.00,0.05,0,,588.00,29.4000,558.6000,0.0000,558.6000,2,0,4174,1696,11,15
L004174,O01695,C0010,Customer 0010,West,Consumer,customer10@example.com,2025-04-29,2025-04,Store,Cancelled,False,P003,Shelf 003,Storage,199.00,1,199.00,0.20,0,,199.00,39.8000,159.2000,0.0000,159.2000,1,0,4175,1696,11,4
L004175,O01696,C0240,Customer 0240,West,Business,customer240@example.com,2025-01-14,2025-01,Online,Completed,True,P024,Desk 024,Furniture,81.00,1,81.00,0.20,0,,81.00,16.2000,64.8000,0.0000,64.8000,1,0,4176,1697,241,25
L004176,O01696,C0240,Customer 0240,West,Business,customer240@example.com,2025-01-14,2025-01,Online,Completed,True,P022,Chair 022,Furniture,134.00,4,134.00,0.20,0,,536.00,107.2000,428.8000,0.0000,428.8000,4,0,4177,1697,241,23
L004177,O01697,C0022,Customer 0022,East,Consumer,customer22@example.com,2025-06-01,2025-06,Online,Completed,True,P009,Lamp 009,Lighting,93.00,5,93.00,0.00,0,,465.00,0.0000,465.0000,0.0000,465.0000,5,0,4178,1698,23,10
L004178,O01697,C0022,Customer 0022,East,Consumer,customer22@example.com,2025-06-01,2025-06,Online,Completed,True,P001,Lamp 001,Lighting,122.00,1,122.00,0.10,0,,122.00,12.2000,109.8000,0.0000,109.8000,1,0,4179,1698,23,2
L004179,O01697,C0022,Customer 0022,East,Consumer,customer22@example.com,2025-06-01,2025-06,Online,Completed,True,P024,Desk 024,Furniture,81.00,3,81.00,0.20,0,,243.00,48.6000,194.4000,0.0000,194.4000,3,0,4180,1698,23,25
L004180,O01698,C0016,Customer 0016,East,Consumer,customer16@example.com,2025-10-06,2025-10,Online,Completed,True,P009,Lamp 009,Lighting,93.00,3,93.00,0.20,0,,279.00,55.8000,223.2000,0.0000,223.2000,3,0,4181,1699,17,10
L004181,O01698,C0016,Customer 0016,East,Consumer,customer16@example.com,2025-10-06,2025-10,Online,Completed,True,P017,Lamp 017,Lighting,300.00,4,300.00,0.00,0,,1200.00,0.0000,1200.0000,0.0000,1200.0000,4,0,4182,1699,17,18
L004182,O01698,C0016,Customer 0016,East,Consumer,customer16@example.com,2025-10-06,2025-10,Online,Completed,True,P022,Chair 022,Furniture,134.00,2,134.00,0.00,0,,268.00,0.0000,268.0000,0.0000,268.0000,2,0,4183,1699,17,23
L004183,O01698,C0016,Customer 0016,East,Consumer,customer16@example.com,2025-10-06,2025-10,Online,Completed,True,P005,Lamp 005,Lighting,65.00,2,65.00,0.10,0,,130.00,13.0000,117.0000,0.0000,117.0000,2,0,4184,1699,17,6
L004184,O01699,C0066,Customer 0066,North,Business,customer66@example.com,2025-12-03,2025-12,Store,Completed,True,P015,Shelf 015,Storage,254.00,4,254.00,0.20,0,,1016.00,203.2000,812.8000,0.0000,812.8000,4,0,4185,1700,67,16
L004185,O01699,C0066,Customer 0066,North,Business,customer66@example.com,2025-12-03,2025-12,Store,Completed,True,P002,Chair 002,Furniture,284.00,1,284.00,0.00,0,,284.00,0.0000,284.0000,0.0000,284.0000,1,0,4186,1700,67,3
L004186,O01700,C0282,Customer 0282,East,Business,customer282@example.com,2025-11-04,2025-11,Online,Completed,True,P006,Chair 006,Furniture,196.00,3,196.00,0.2,0,,588.00,117.600,470.400,0.000,470.400,3,0,4187,1701,283,7
L004187,O01700,C0282,Customer 0282,East,Business,customer282@example.com,2025-11-04,2025-11,Online,Completed,True,P010,Chair 010,Furniture,211.00,5,211.00,0.20,0,,1055.00,211.0000,844.0000,0.0000,844.0000,5,0,4188,1701,283,11
L004188,O01700,C0282,Customer 0282,East,Business,customer282@example.com,2025-11-04,2025-11,Online,Completed,True,P008,Desk 008,Furniture,188.00,1,188.00,0.20,0,,188.00,37.6000,150.4000,0.0000,150.4000,1,0,4189,1701,283,9
L004189,O01700,C0282,Customer 0282,East,Business,customer282@example.com,2025-11-04,2025-11,Online,Completed,True,P014,Chair 014,Furniture,294.00,5,294.00,0.05,0,,1470.00,73.5000,1396.5000,0.0000,1396.5000,5,0,4190,1701,283,15
L004190,O01701,C0158,Customer 0158,East,Consumer,customer158@example.com,2025-06-18,2025-06,Store,Cancelled,False,P010,Chair 010,Furniture,211.00,5,211.00,0.10,0,,1055.00,105.5000,949.5000,0.0000,949.5000,5,0,4191,1702,159,11
L004191,O01702,C0208,Customer 0208,East,Business,customer208@example.com,2025-08-15,2025-08,Online,Completed,True,P016,Desk 016,Furniture,231.00,1,231.00,0.00,0,,231.00,0.0000,231.0000,0.0000,231.0000,1,0,4192,1703,209,17
L004192,O01702,C0208,Customer 0208,East,Business,customer208@example.com,2025-08-15,2025-08,Online,Completed,True,P007,Shelf 007,Storage,35.00,5,35.00,0.20,0,,175.00,35.0000,140.0000,0.0000,140.0000,5,0,4193,1703,209,8
L004193,O01703,C0071,Customer 0071,West,Consumer,customer71@example.com,2025-07-30,2025-07,Online,Completed,True,P007,Shelf 007,Storage,35.00,3,35.00,0.20,0,,105.00,21.0000,84.0000,0.0000,84.0000,3,0,4194,1704,72,8
L004194,O01703,C0071,Customer 0071,West,Consumer,customer71@example.com,2025-07-30,2025-07,Online,Completed,True,P001,Lamp 001,Lighting,122.00,4,122.00,0.00,0,,488.00,0.0000,488.0000,0.0000,488.0000,4,0,4195,1704,72,2
L004195,O01704,C0058,Customer 0058,North,Consumer,customer58@example.com,2025-09-20,2025-09,Online,Completed,True,P016,Desk 016,Furniture,231.00,3,231.00,0.05,0,,693.00,34.6500,658.3500,0.0000,658.3500,3,0,4196,1705,59,17
L004196,O01704,C0058,Customer 0058,North,Consumer,customer58@example.com,2025-09-20,2025-09,Online,Completed,True,P011,Shelf 011,Storage,80.00,3,80.00,0.10,0,,240.00,24.0000,216.0000,0.0000,216.0000,3,0,4197,1705,59,12
L004197,O01705,C0169,Customer 0169,North,Consumer,customer169@example.com,2025-06-11,2025-06,Online,Completed,True,P016,Desk 016,Furniture,231.00,4,231.00,0.05,0,,924.00,46.2000,877.8000,0.0000,877.8000,4,0,4198,1706,170,17
L004198,O01706,C0221,Customer 0221,West,Business,customer221@example.com,2025-05-12,2025-05,Online,Completed,True,P007,Shelf 007,Storage,35.00,1,35.00,0.05,1,2025-05-20,35.00,1.7500,33.2500,33.2500,0.0000,1,1,4199,1707,222,8
L004199,O01706,C0221,Customer 0221,West,Business,customer221@example.com,2025-05-12,2025-05,Online,Completed,True,P012,Desk 012,Furniture,134.00,2,134.00,0.10,0,,268.00,26.8000,241.2000,0.0000,241.2000,2,0,4200,1707,222,13
L004200,O01706,C0221,Customer 0221,West,Business,customer221@example.com,2025-05-12,2025-05,Online,Completed,True,P017,Lamp 017,Lighting,300.00,3,300.00,0.20,1,2025-05-29,900.00,180.0000,720.0000,720.0000,0.0000,3,3,4201,1707,222,18
L004201,O01706,C0221,Customer 0221,West,Business,customer221@example.com,2025-05-12,2025-05,Online,Completed,True,P015,Shelf 015,Storage,254.00,2,254.00,0.20,0,,508.00,101.6000,406.4000,0.0000,406.4000,2,0,4202,1707,222,16
L004202,O01707,C0086,Customer 0086,North,Business,,2025-11-23,2025-11,Online,Completed,True,P004,Desk 004,Furniture,123.00,2,123.00,0.00,0,,246.00,0.0000,246.0000,0.0000,246.0000,2,0,4203,1708,87,5
L004203,O01707,C0086,Customer 0086,North,Business,,2025-11-23,2025-11,Online,Completed,True,P004,Desk 004,Furniture,123.00,5,123.00,0.20,0,,615.00,123.0000,492.0000,0.0000,492.0000,5,0,4204,1708,87,5
L004204,O01707,C0086,Customer 0086,North,Business,,2025-11-23,2025-11,Online,Completed,True,P014,Chair 014,Furniture,294.00,4,294.00,0.20,0,,1176.00,235.2000,940.8000,0.0000,940.8000,4,0,4205,1708,87,15
L004205,O01708,C0062,Customer 0062,West,Business,customer62@example.com,2025-01-01,2025-01,Online,Completed,True,P019,Shelf 019,Storage,78.00,3,78.00,0.20,0,,234.00,46.8000,187.2000,0.0000,187.2000,3,0,4206,1709,63,20
L004206,O01708,C0062,Customer 0062,West,Business,customer62@example.com,2025-01-01,2025-01,Online,Completed,True,P006,Chair 006,Furniture,196.00,1,196.00,0.20,0,,196.00,39.2000,156.8000,0.0000,156.8000,1,0,4207,1709,63,7
L004207,O01708,C0062,Customer 0062,West,Business,customer62@example.com,2025-01-01,2025-01,Online,Completed,True,P020,Desk 020,Furniture,189.00,4,189.00,0.10,0,,756.00,75.6000,680.4000,0.0000,680.4000,4,0,4208,1709,63,21
L004208,O01709,C0100,Customer 0100,West,Consumer,customer100@example.com,2025-12-05,2025-12,Store,Completed,True,P004,Desk 004,Furniture,123.00,5,123.00,0.20,0,,615.00,123.0000,492.0000,0.0000,492.0000,5,0,4209,1710,101,5
L004209,O01709,C0100,Customer 0100,West,Consumer,customer100@example.com,2025-12-05,2025-12,Store,Completed,True,P020,Desk 020,Furniture,189.00,5,189.00,0.20,0,,945.00,189.0000,756.0000,0.0000,756.0000,5,0,4210,1710,101,21
L004210,O01709,C0100,Customer 0100,West,Consumer,customer100@example.com,2025-12-05,2025-12,Store,Completed,True,P017,Lamp 017,Lighting,300.00,3,300.00,0.10,0,,900.00,90.0000,810.0000,0.0000,810.0000,3,0,4211,1710,101,18
L004211,O01710,C0172,Customer 0172,North,Consumer,customer172@example.com,2025-11-27,2025-11,Online,Completed,True,P018,Chair 018,Furniture,269.00,2,269.00,0.10,0,,538.00,53.8000,484.2000,0.0000,484.2000,2,0,4212,1711,173,19
L004212,O01710,C0172,Customer 0172,North,Consumer,customer172@example.com,2025-11-27,2025-11,Online,Completed,True,P016,Desk 016,Furniture,231.00,2,231.00,0.00,0,,462.00,0.0000,462.0000,0.0000,462.0000,2,0,4213,1711,173,17
L004213,O01710,C0172,Customer 0172,North,Consumer,customer172@example.com,2025-11-27,2025-11,Online,Completed,True,P010,Chair 010,Furniture,211.00,4,211.00,0.00,0,,844.00,0.0000,844.0000,0.0000,844.0000,4,0,4214,1711,173,11
L004214,O01711,C0275,Customer 0275,East,Business,customer275@example.com,2025-06-02,2025-06,Online,Completed,True,P004,Desk 004,Furniture,123.00,2,123.00,0.05,0,,246.00,12.3000,233.7000,0.0000,233.7000,2,0,4215,1712,276,5
L004215,O01711,C0275,Customer 0275,East,Business,customer275@example.com,2025-06-02,2025-06,Online,Completed,True,P018,Chair 018,Furniture,269.00,1,269.00,0.20,0,,269.00,53.8000,215.2000,0.0000,215.2000,1,0,4216,1712,276,19
L004216,O01712,C0083,Customer 0083,West,Consumer,customer83@example.com,2025-03-02,2025-03,Store,Completed,True,P014,Chair 014,Furniture,294.00,2,294.00,0.20,0,,588.00,117.6000,470.4000,0.0000,470.4000,2,0,4217,1713,84,15
L004217,O01713,C0119,Customer 0119,North,Business,customer119@example.com,2025-02-04,2025-02,Store,Completed,True,P024,Desk 024,Furniture,81.00,3,81.00,0.05,0,,243.00,12.1500,230.8500,0.0000,230.8500,3,0,4218,1714,120,25
L004218,O01714,C0285,Customer 0285,East,Consumer,customer285@example.com,2025-09-12,2025-09,Online,Completed,True,P008,Desk 008,Furniture,188.00,5,188.00,0.05,0,,940.00,47.0000,893.0000,0.0000,893.0000,5,0,4219,1715,286,9
L004219,O01714,C0285,Customer 0285,East,Consumer,customer285@example.com,2025-09-12,2025-09,Online,Completed,True,P004,Desk 004,Furniture,123.00,5,123.00,0.00,0,,615.00,0.0000,615.0000,0.0000,615.0000,5,0,4220,1715,286,5
L004220,O01714,C0285,Customer 0285,East,Consumer,customer285@example.com,2025-09-12,2025-09,Online,Completed,True,P016,Desk 016,Furniture,231.00,3,231.00,0.00,0,,693.00,0.0000,693.0000,0.0000,693.0000,3,0,4221,1715,286,17
L004221,O01715,C0075,Customer 0075,South,Business,customer75@example.com,2025-12-02,2025-12,Store,Completed,True,P021,Lamp 021,Lighting,249.00,3,249.00,0.10,0,,747.00,74.7000,672.3000,0.0000,672.3000,3,0,4222,1716,76,22
L004222,O01716,C0183,Customer 0183,East,Consumer,customer183@example.com,2025-03-09,2025-03,Online,Completed,True,P008,Desk 008,Furniture,188.00,2,188.00,0.10,0,,376.00,37.6000,338.4000,0.0000,338.4000,2,0,4223,1717,184,9
L004223,O01716,C0183,Customer 0183,East,Consumer,customer183@example.com,2025-03-09,2025-03,Online,Completed,True,P019,Shelf 019,Storage,78.00,3,78.00,0.20,1,2025-04-01,234.00,46.8000,187.2000,124.8000,62.4000,3,2,4224,1717,184,20
L004224,O01717,C0180,Customer 0180,West,Consumer,customer180@example.com,2025-10-18,2025-10,Online,Completed,True,P016,Desk 016,Furniture,231.00,2,231.00,0.20,0,,462.00,92.4000,369.6000,0.0000,369.6000,2,0,4225,1718,181,17
L004225,O01717,C0180,Customer 0180,West,Consumer,customer180@example.com,2025-10-18,2025-10,Online,Completed,True,P010,Chair 010,Furniture,211.00,1,211.00,0.05,0,,211.00,10.5500,200.4500,0.0000,200.4500,1,0,4226,1718,181,11
L004226,O01717,C0180,Customer 0180,West,Consumer,customer180@example.com,2025-10-18,2025-10,Online,Completed,True,P014,Chair 014,Furniture,294.00,3,294.00,0.05,0,,882.00,44.1000,837.9000,0.0000,837.9000,3,0,4227,1718,181,15
L004227,O01717,C0180,Customer 0180,West,Consumer,customer180@example.com,2025-10-18,2025-10,Online,Completed,True,P010,Chair 010,Furniture,211.00,5,211.00,0.10,0,,1055.00,105.5000,949.5000,0.0000,949.5000,5,0,4228,1718,181,11
L004228,O01718,C0192,Customer 0192,South,Business,customer192@example.com,2025-04-02,2025-04,Online,Completed,True,P019,Shelf 019,Storage,78.00,3,78.00,0.20,0,,234.00,46.8000,187.2000,0.0000,187.2000,3,0,4229,1719,193,20
L004229,O01719,C0214,Customer 0214,West,Business,customer214@example.com,2025-05-09,2025-05,Online,Completed,True,P023,Shelf 023,Storage,68.00,3,68.00,0.05,0,,204.00,10.2000,193.8000,0.0000,193.8000,3,0,4230,1720,215,24
L004230,O01720,C0268,Customer 0268,North,Consumer,customer268@example.com,2025-11-14,2025-11,Store,Completed,True,P003,Shelf 003,Storage,199.00,4,199.00,0.05,0,,796.00,39.8000,756.2000,0.0000,756.2000,4,0,4231,1721,269,4
L004231,O01721,C0139,Customer 0139,North,Business,customer139@example.com,2025-01-31,2025-01,Store,Cancelled,False,P010,Chair 010,Furniture,211.00,4,211.00,0.20,0,,844.00,168.8000,675.2000,0.0000,675.2000,4,0,4232,1722,140,11
L004232,O01722,C0271,Customer 0271,West,Consumer,customer271@example.com,2025-12-17,2025-12,Online,Completed,True,P007,Shelf 007,Storage,35.00,1,35.00,0.10,0,,35.00,3.5000,31.5000,0.0000,31.5000,1,0,4233,1723,272,8
L004233,O01722,C0271,Customer 0271,West,Consumer,customer271@example.com,2025-12-17,2025-12,Online,Completed,True,P019,Shelf 019,Storage,78.00,3,78.00,0.10,0,,234.00,23.4000,210.6000,0.0000,210.6000,3,0,4234,1723,272,20
L004234,O01722,C0271,Customer 0271,West,Consumer,customer271@example.com,2025-12-17,2025-12,Online,Completed,True,P013,Lamp 013,Lighting,271.00,2,271.00,0.10,0,,542.00,54.2000,487.8000,0.0000,487.8000,2,0,4235,1723,272,14
L004235,O01722,C0271,Customer 0271,West,Consumer,customer271@example.com,2025-12-17,2025-12,Online,Completed,True,P010,Chair 010,Furniture,211.00,3,211.00,0.10,0,,633.00,63.3000,569.7000,0.0000,569.7000,3,0,4236,1723,272,11
L004236,O01723,C0158,Customer 0158,East,Consumer,customer158@example.com,2025-10-01,2025-10,Online,Completed,True,P004,Desk 004,Furniture,123.00,4,123.00,0.20,0,,492.00,98.4000,393.6000,0.0000,393.6000,4,0,4237,1724,159,5
L004237,O01723,C0158,Customer 0158,East,Consumer,customer158@example.com,2025-10-01,2025-10,Online,Completed,True,P021,Lamp 021,Lighting,249.00,2,249.00,0.05,0,,498.00,24.9000,473.1000,0.0000,473.1000,2,0,4238,1724,159,22
L004238,O01723,C0158,Customer 0158,East,Consumer,customer158@example.com,2025-10-01,2025-10,Online,Completed,True,P009,Lamp 009,Lighting,93.00,2,93.00,0.20,0,,186.00,37.2000,148.8000,0.0000,148.8000,2,0,4239,1724,159,10
L004239,O01723,C0158,Customer 0158,East,Consumer,customer158@example.com,2025-10-01,2025-10,Online,Completed,True,P013,Lamp 013,Lighting,271.00,1,271.00,0.20,0,,271.00,54.2000,216.8000,0.0000,216.8000,1,0,4240,1724,159,14
L004240,O01724,C0254,Customer 0254,East,Business,customer254@example.com,2025-01-31,2025-01,Online,Completed,True,P013,Lamp 013,Lighting,271.00,4,271.00,0.20,0,,1084.00,216.8000,867.2000,0.0000,867.2000,4,0,4241,1725,255,14
L004241,O01724,C0254,Customer 0254,East,Business,customer254@example.com,2025-01-31,2025-01,Online,Completed,True,P001,Lamp 001,Lighting,122.00,5,122.00,0.20,0,,610.00,122.0000,488.0000,0.0000,488.0000,5,0,4242,1725,255,2
L004242,O01724,C0254,Customer 0254,East,Business,customer254@example.com,2025-01-31,2025-01,Online,Completed,True,P018,Chair 018,Furniture,269.00,5,269.00,0.10,0,,1345.00,134.5000,1210.5000,0.0000,1210.5000,5,0,4243,1725,255,19
L004243,O01725,C0157,Customer 0157,West,Business,customer157@example.com,2025-12-17,2025-12,Online,Completed,True,P022,Chair 022,Furniture,134.00,5,134.00,0.00,1,2025-12-24,670.00,0.0000,670.0000,268.0000,402.0000,5,2,4244,1726,158,23
L004244,O01726,C0245,Customer 0245,North,Consumer,customer245@example.com,2025-09-08,2025-09,Online,Completed,True,P010,Chair 010,Furniture,211.00,1,211.00,0.05,0,,211.00,10.5500,200.4500,0.0000,200.4500,1,0,4245,1727,246,11
L004245,O01727,C0149,Customer 0149,East,Business,customer149@example.com,2025-04-01,2025-04,Store,Completed,True,P008,Desk 008,Furniture,188.00,2,188.00,0.20,0,,376.00,75.2000,300.8000,0.0000,300.8000,2,0,4246,1728,150,9
L004246,O01728,C0262,Customer 0262,West,Business,customer262@example.com,2025-05-05,2025-05,Store,Completed,True,P021,Lamp 021,Lighting,249.00,3,249.00,0.05,0,,747.00,37.3500,709.6500,0.0000,709.6500,3,0,4247,1729,263,22
L004247,O01728,C0262,Customer 0262,West,Business,customer262@example.com,2025-05-05,2025-05,Store,Completed,True,P015,Shelf 015,Storage,254.00,1,254.00,0.10,1,2025-05-14,254.00,25.4000,228.6000,228.6000,0.0000,1,1,4248,1729,263,16
L004248,O01728,C0262,Customer 0262,West,Business,customer262@example.com,2025-05-05,2025-05,Store,Completed,True,P005,Lamp 005,Lighting,65.00,1,65.00,0.2,0,,65.00,13.000,52.000,0.000,52.000,1,0,4249,1729,263,6
L004249,O01728,C0262,Customer 0262,West,Business,customer262@example.com,2025-05-05,2025-05,Store,Completed,True,P015,Shelf 015,Storage,254.00,1,254.00,0.00,0,,254.00,0.0000,254.0000,0.0000,254.0000,1,0,4250,1729,263,16
L004250,O01729,C0133,Customer 0133,South,Consumer,customer133@example.com,2025-02-13,2025-02,Store,Completed,True,P024,Desk 024,Furniture,81.00,3,81.00,0.10,1,2025-03-14,243.00,24.3000,218.7000,72.9000,145.8000,3,1,4251,1730,134,25
L004251,O01729,C0133,Customer 0133,South,Consumer,customer133@example.com,2025-02-13,2025-02,Store,Completed,True,P001,Lamp 001,Lighting,122.00,5,122.00,0.20,0,,610.00,122.0000,488.0000,0.0000,488.0000,5,0,4252,1730,134,2
L004252,O01730,C0077,Customer 0077,West,Consumer,customer77@example.com,2025-06-20,2025-06,Store,Completed,True,P008,Desk 008,Furniture,188.00,5,188.00,0.05,0,,940.00,47.0000,893.0000,0.0000,893.0000,5,0,4253,1731,78,9
L004253,O01730,C0077,Customer 0077,West,Consumer,customer77@example.com,2025-06-20,2025-06,Store,Completed,True,P001,Lamp 001,Lighting,122.00,1,122.00,0.00,0,,122.00,0.0000,122.0000,0.0000,122.0000,1,0,4254,1731,78,2
L004254,O01730,C0077,Customer 0077,West,Consumer,customer77@example.com,2025-06-20,2025-06,Store,Completed,True,P002,Chair 002,Furniture,284.00,2,284.00,0.00,0,,568.00,0.0000,568.0000,0.0000,568.0000,2,0,4255,1731,78,3
L004255,O01730,C0077,Customer 0077,West,Consumer,customer77@example.com,2025-06-20,2025-06,Store,Completed,True,P018,Chair 018,Furniture,269.00,4,269.00,0.20,0,,1076.00,215.2000,860.8000,0.0000,860.8000,4,0,4256,1731,78,19
L004256,O01731,C0202,Customer 0202,South,Business,customer202@example.com,2025-08-25,2025-08,Store,Completed,True,P015,Shelf 015,Storage,254.00,5,254.00,0.00,0,,1270.00,0.0000,1270.0000,0.0000,1270.0000,5,0,4257,1732,203,16
L004257,O01731,C0202,Customer 0202,South,Business,customer202@example.com,2025-08-25,2025-08,Store,Completed,True,P018,Chair 018,Furniture,269.00,5,269.00,0.20,0,,1345.00,269.0000,1076.0000,0.0000,1076.0000,5,0,4258,1732,203,19
L004258,O01731,C0202,Customer 0202,South,Business,customer202@example.com,2025-08-25,2025-08,Store,Completed,True,P013,Lamp 013,Lighting,271.00,3,271.00,0.05,0,,813.00,40.6500,772.3500,0.0000,772.3500,3,0,4259,1732,203,14
L004259,O01731,C0202,Customer 0202,South,Business,customer202@example.com,2025-08-25,2025-08,Store,Completed,True,P005,Lamp 005,Lighting,65.00,1,65.00,0.10,0,,65.00,6.5000,58.5000,0.0000,58.5000,1,0,4260,1732,203,6
L004260,O01732,C0182,Customer 0182,West,Business,customer182@example.com,2025-03-18,2025-03,Store,Completed,True,P003,Shelf 003,Storage,199.00,2,199.00,0.00,0,,398.00,0.0000,398.0000,0.0000,398.0000,2,0,4261,1733,183,4
L004261,O01732,C0182,Customer 0182,West,Business,customer182@example.com,2025-03-18,2025-03,Store,Completed,True,P021,Lamp 021,Lighting,249.00,4,249.00,0.20,0,,996.00,199.2000,796.8000,0.0000,796.8000,4,0,4262,1733,183,22
L004262,O01733,C0192,Customer 0192,South,Business,customer192@example.com,2025-08-27,2025-08,Online,Completed,True,P019,Shelf 019,Storage,78.00,5,78.00,0.20,0,,390.00,78.0000,312.0000,0.0000,312.0000,5,0,4263,1734,193,20
L004263,O01733,C0192,Customer 0192,South,Business,customer192@example.com,2025-08-27,2025-08,Online,Completed,True,P013,Lamp 013,Lighting,271.00,1,271.00,0.10,0,,271.00,27.1000,243.9000,0.0000,243.9000,1,0,4264,1734,193,14
L004264,O01734,C0172,Customer 0172,North,Consumer,customer172@example.com,2025-07-29,2025-07,Online,Completed,True,P020,Desk 020,Furniture,189.00,2,189.00,0.00,0,,378.00,0.0000,378.0000,0.0000,378.0000,2,0,4265,1735,173,21
L004265,O01734,C0172,Customer 0172,North,Consumer,customer172@example.com,2025-07-29,2025-07,Online,Completed,True,P013,Lamp 013,Lighting,271.00,3,271.00,0.00,0,,813.00,0.0000,813.0000,0.0000,813.0000,3,0,4266,1735,173,14
L004266,O01734,C0172,Customer 0172,North,Consumer,customer172@example.com,2025-07-29,2025-07,Online,Completed,True,P016,Desk 016,Furniture,231.00,2,231.00,0.10,0,,462.00,46.2000,415.8000,0.0000,415.8000,2,0,4267,1735,173,17
L004267,O01734,C0172,Customer 0172,North,Consumer,customer172@example.com,2025-07-29,2025-07,Online,Completed,True,P009,Lamp 009,Lighting,93.00,5,93.00,0.00,0,,465.00,0.0000,465.0000,0.0000,465.0000,5,0,4268,1735,173,10
L004268,O01735,C0299,Customer 0299,North,Consumer,customer299@example.com,2025-02-13,2025-02,Online,Completed,True,P022,Chair 022,Furniture,134.00,1,134.00,0.10,0,,134.00,13.4000,120.6000,0.0000,120.6000,1,0,4269,1736,300,23
L004269,O01735,C0299,Customer 0299,North,Consumer,customer299@example.com,2025-02-13,2025-02,Online,Completed,True,P020,Desk 020,Furniture,189.00,4,189.00,0.00,0,,756.00,0.0000,756.0000,0.0000,756.0000,4,0,4270,1736,300,21
L004270,O01736,C0192,Customer 0192,South,Business,customer192@example.com,2025-02-27,2025-02,Online,Completed,True,P024,Desk 024,Furniture,81.00,1,81.00,0.05,0,,81.00,4.0500,76.9500,0.0000,76.9500,1,0,4271,1737,193,25
L004271,O01736,C0192,Customer 0192,South,Business,customer192@example.com,2025-02-27,2025-02,Online,Completed,True,P010,Chair 010,Furniture,211.00,5,211.00,0.10,0,,1055.00,105.5000,949.5000,0.0000,949.5000,5,0,4272,1737,193,11
L004272,O01736,C0192,Customer 0192,South,Business,customer192@example.com,2025-02-27,2025-02,Online,Completed,True,P013,Lamp 013,Lighting,271.00,3,271.00,0.00,0,,813.00,0.0000,813.0000,0.0000,813.0000,3,0,4273,1737,193,14
L004273,O01736,C0192,Customer 0192,South,Business,customer192@example.com,2025-02-27,2025-02,Online,Completed,True,P023,Shelf 023,Storage,68.00,3,68.00,0.05,0,,204.00,10.2000,193.8000,0.0000,193.8000,3,0,4274,1737,193,24
L004274,O01737,C0286,Customer 0286,West,Business,customer286@example.com,2025-05-11,2025-05,Online,Completed,True,P006,Chair 006,Furniture,196.00,4,196.00,0.20,0,,784.00,156.8000,627.2000,0.0000,627.2000,4,0,4275,1738,287,7
L004275,O01737,C0286,Customer 0286,West,Business,customer286@example.com,2025-05-11,2025-05,Online,Completed,True,P023,Shelf 023,Storage,68.00,3,68.00,0.10,0,,204.00,20.4000,183.6000,0.0000,183.6000,3,0,4276,1738,287,24
L004276,O01738,C0212,Customer 0212,East,Consumer,customer212@example.com,2025-03-11,2025-03,Store,Completed,True,P019,Shelf 019,Storage,78.00,1,78.00,0.05,0,,78.00,3.9000,74.1000,0.0000,74.1000,1,0,4277,1739,213,20
L004277,O01738,C0212,Customer 0212,East,Consumer,customer212@example.com,2025-03-11,2025-03,Store,Completed,True,P012,Desk 012,Furniture,134.00,3,134.00,0.00,0,,402.00,0.0000,402.0000,0.0000,402.0000,3,0,4278,1739,213,13
L004278,O01738,C0212,Customer 0212,East,Consumer,customer212@example.com,2025-03-11,2025-03,Store,Completed,True,P017,Lamp 017,Lighting,300.00,3,300.00,0.20,0,,900.00,180.0000,720.0000,0.0000,720.0000,3,0,4279,1739,213,18
L004279,O01739,C0293,Customer 0293,North,Business,customer293@example.com,2025-10-09,2025-10,Store,Completed,True,P003,Shelf 003,Storage,199.00,1,199.00,0.05,0,,199.00,9.9500,189.0500,0.0000,189.0500,1,0,4280,1740,294,4
L004280,O01739,C0293,Customer 0293,North,Business,customer293@example.com,2025-10-09,2025-10,Store,Completed,True,P021,Lamp 021,Lighting,249.00,5,249.00,0.05,0,,1245.00,62.2500,1182.7500,0.0000,1182.7500,5,0,4281,1740,294,22
L004281,O01739,C0293,Customer 0293,North,Business,customer293@example.com,2025-10-09,2025-10,Store,Completed,True,P022,Chair 022,Furniture,134.00,5,134.00,0.00,1,2025-10-17,670.00,0.0000,670.0000,268.0000,402.0000,5,2,4282,1740,294,23
L004282,O01739,C0293,Customer 0293,North,Business,customer293@example.com,2025-10-09,2025-10,Store,Completed,True,P004,Desk 004,Furniture,123.00,4,123.00,0.20,0,,492.00,98.4000,393.6000,0.0000,393.6000,4,0,4283,1740,294,5
L004283,O01740,C0168,Customer 0168,North,Business,customer168@example.com,2025-03-17,2025-03,Store,Completed,True,P021,Lamp 021,Lighting,249.00,1,249.00,0.00,0,,249.00,0.0000,249.0000,0.0000,249.0000,1,0,4284,1741,169,22
L004284,O01740,C0168,Customer 0168,North,Business,customer168@example.com,2025-03-17,2025-03,Store,Completed,True,P018,Chair 018,Furniture,269.00,2,269.00,0.05,0,,538.00,26.9000,511.1000,0.0000,511.1000,2,0,4285,1741,169,19
L004285,O01741,C0184,Customer 0184,West,Business,customer184@example.com,2025-03-22,2025-03,Online,Completed,True,P009,Lamp 009,Lighting,93.00,2,93.00,0.05,0,,186.00,9.3000,176.7000,0.0000,176.7000,2,0,4286,1742,185,10
L004286,O01741,C0184,Customer 0184,West,Business,customer184@example.com,2025-03-22,2025-03,Online,Completed,True,P010,Chair 010,Furniture,211.00,1,211.00,0.10,0,,211.00,21.1000,189.9000,0.0000,189.9000,1,0,4287,1742,185,11
L004287,O01742,C0214,Customer 0214,West,Business,customer214@example.com,2025-09-24,2025-09,Store,Completed,True,P016,Desk 016,Furniture,231.00,1,231.00,0.00,0,,231.00,0.0000,231.0000,0.0000,231.0000,1,0,4288,1743,215,17
L004288,O01742,C0214,Customer 0214,West,Business,customer214@example.com,2025-09-24,2025-09,Store,Completed,True,P007,Shelf 007,Storage,35.00,3,35.00,0.20,0,,105.00,21.0000,84.0000,0.0000,84.0000,3,0,4289,1743,215,8
L004289,O01742,C0214,Customer 0214,West,Business,customer214@example.com,2025-09-24,2025-09,Store,Completed,True,P007,Shelf 007,Storage,35.00,1,35.00,0.20,1,2025-10-18,35.00,7.0000,28.0000,28.0000,0.0000,1,1,4290,1743,215,8
L004290,O01742,C0214,Customer 0214,West,Business,customer214@example.com,2025-09-24,2025-09,Store,Completed,True,P021,Lamp 021,Lighting,249.00,3,249.00,0.20,1,2025-10-24,747.00,149.4000,597.6000,398.4000,199.2000,3,2,4291,1743,215,22
L004291,O01743,C0226,Customer 0226,South,Business,customer226@example.com,2025-06-15,2025-06,Store,Completed,True,P015,Shelf 015,Storage,254.00,3,254.00,0.20,1,2025-07-08,762.00,152.4000,609.6000,203.2000,406.4000,3,1,4292,1744,227,16
L004292,O01743,C0226,Customer 0226,South,Business,customer226@example.com,2025-06-15,2025-06,Store,Completed,True,P021,Lamp 021,Lighting,249.00,4,249.00,0.05,0,,996.00,49.8000,946.2000,0.0000,946.2000,4,0,4293,1744,227,22
L004293,O01743,C0226,Customer 0226,South,Business,customer226@example.com,2025-06-15,2025-06,Store,Completed,True,P005,Lamp 005,Lighting,65.00,3,65.00,0.00,0,,195.00,0.0000,195.0000,0.0000,195.0000,3,0,4294,1744,227,6
L004294,O01744,C0191,Customer 0191,North,Consumer,customer191@example.com,2025-07-22,2025-07,Online,Completed,True,P015,Shelf 015,Storage,254.00,3,254.00,0.10,0,,762.00,76.2000,685.8000,0.0000,685.8000,3,0,4295,1745,192,16
L004295,O01745,C0101,Customer 0101,South,Business,customer101@example.com,2025-05-06,2025-05,Store,Cancelled,False,P022,Chair 022,Furniture,134.00,1,134.00,0.05,0,,134.00,6.7000,127.3000,0.0000,127.3000,1,0,4296,1746,102,23
L004296,O01746,C0237,Customer 0237,South,Consumer,customer237@example.com,2025-05-04,2025-05,Store,Completed,True,P009,Lamp 009,Lighting,93.00,3,93.00,0.20,0,,279.00,55.8000,223.2000,0.0000,223.2000,3,0,4297,1747,238,10
L004297,O01746,C0237,Customer 0237,South,Consumer,customer237@example.com,2025-05-04,2025-05,Store,Completed,True,P023,Shelf 023,Storage,68.00,2,68.00,0.00,1,2025-05-23,136.00,0.0000,136.0000,68.0000,68.0000,2,1,4298,1747,238,24
L004298,O01747,C0138,Customer 0138,South,Business,customer138@example.com,2025-07-09,2025-07,Store,Completed,True,P012,Desk 012,Furniture,134.00,5,134.00,0.05,0,,670.00,33.5000,636.5000,0.0000,636.5000,5,0,4299,1748,139,13
L004299,O01747,C0138,Customer 0138,South,Business,customer138@example.com,2025-07-09,2025-07,Store,Completed,True,P008,Desk 008,Furniture,188.00,5,188.00,0.00,0,,940.00,0.0000,940.0000,0.0000,940.0000,5,0,4300,1748,139,9
L004300,O01747,C0138,Customer 0138,South,Business,customer138@example.com,2025-07-09,2025-07,Store,Completed,True,P010,Chair 010,Furniture,211.00,3,211.00,0.10,0,,633.00,63.3000,569.7000,0.0000,569.7000,3,0,4301,1748,139,11
L004301,O01748,C0215,Customer 0215,North,Consumer,customer215@example.com,2025-09-09,2025-09,Online,Cancelled,False,P024,Desk 024,Furniture,81.00,4,81.00,0.05,0,,324.00,16.2000,307.8000,0.0000,307.8000,4,0,4302,1749,216,25
L004302,O01749,C0265,Customer 0265,West,Consumer,customer265@example.com,2025-05-24,2025-05,Online,Cancelled,False,P017,Lamp 017,Lighting,300.00,5,300.00,0.05,0,,1500.00,75.0000,1425.0000,0.0000,1425.0000,5,0,4303,1750,266,18
L004303,O01749,C0265,Customer 0265,West,Consumer,customer265@example.com,2025-05-24,2025-05,Online,Cancelled,False,P005,Lamp 005,Lighting,65.00,2,65.00,0.00,0,,130.00,0.0000,130.0000,0.0000,130.0000,2,0,4304,1750,266,6
L004304,O01749,C0265,Customer 0265,West,Consumer,customer265@example.com,2025-05-24,2025-05,Online,Cancelled,False,P022,Chair 022,Furniture,134.00,4,134.00,0.05,0,,536.00,26.8000,509.2000,0.0000,509.2000,4,0,4305,1750,266,23
L004305,O01750,C0124,Customer 0124,East,Consumer,customer124@example.com,2025-11-23,2025-11,Store,Completed,True,P024,Desk 024,Furniture,81.00,4,81.00,0.10,0,,324.00,32.4000,291.6000,0.0000,291.6000,4,0,4306,1751,125,25
L004306,O01750,C0124,Customer 0124,East,Consumer,customer124@example.com,2025-11-23,2025-11,Store,Completed,True,P009,Lamp 009,Lighting,93.00,4,93.00,0.20,0,,372.00,74.4000,297.6000,0.0000,297.6000,4,0,4307,1751,125,10
L004307,O01750,C0124,Customer 0124,East,Consumer,customer124@example.com,2025-11-23,2025-11,Store,Completed,True,P016,Desk 016,Furniture,231.00,1,231.00,0.05,1,2025-12-06,231.00,11.5500,219.4500,219.4500,0.0000,1,1,4308,1751,125,17
L004308,O01751,C0041,Customer 0041,West,Business,customer41@example.com,2025-06-28,2025-06,Store,Completed,True,P019,Shelf 019,Storage,78.00,3,78.00,0.10,0,,234.00,23.4000,210.6000,0.0000,210.6000,3,0,4309,1752,42,20
L004309,O01751,C0041,Customer 0041,West,Business,customer41@example.com,2025-06-28,2025-06,Store,Completed,True,P012,Desk 012,Furniture,134.00,3,134.00,0.20,0,,402.00,80.4000,321.6000,0.0000,321.6000,3,0,4310,1752,42,13
L004310,O01751,C0041,Customer 0041,West,Business,customer41@example.com,2025-06-28,2025-06,Store,Completed,True,P008,Desk 008,Furniture,188.00,2,188.00,0.1,0,,376.00,37.600,338.400,0.000,338.400,2,0,4311,1752,42,9
L004311,O01752,C0267,Customer 0267,West,Business,customer267@example.com,2025-07-06,2025-07,Store,Completed,True,P020,Desk 020,Furniture,189.00,5,189.00,0.05,0,,945.00,47.2500,897.7500,0.0000,897.7500,5,0,4312,1753,268,21
L004312,O01752,C0267,Customer 0267,West,Business,customer267@example.com,2025-07-06,2025-07,Store,Completed,True,P018,Chair 018,Furniture,269.00,1,269.00,0.00,0,,269.00,0.0000,269.0000,0.0000,269.0000,1,0,4313,1753,268,19
L004313,O01752,C0267,Customer 0267,West,Business,customer267@example.com,2025-07-06,2025-07,Store,Completed,True,P024,Desk 024,Furniture,81.00,3,81.00,0.10,0,,243.00,24.3000,218.7000,0.0000,218.7000,3,0,4314,1753,268,25
L004314,O01753,C0227,Customer 0227,East,Consumer,customer227@example.com,2025-09-20,2025-09,Online,Completed,True,P010,Chair 010,Furniture,211.00,4,211.00,0.00,0,,844.00,0.0000,844.0000,0.0000,844.0000,4,0,4315,1754,228,11
L004315,O01753,C0227,Customer 0227,East,Consumer,customer227@example.com,2025-09-20,2025-09,Online,Completed,True,P003,Shelf 003,Storage,199.00,1,199.00,0.00,0,,199.00,0.0000,199.0000,0.0000,199.0000,1,0,4316,1754,228,4
L004316,O01754,C0287,Customer 0287,South,Consumer,customer287@example.com,2025-12-18,2025-12,Store,Completed,True,P024,Desk 024,Furniture,81.00,5,81.00,0.05,0,,405.00,20.2500,384.7500,0.0000,384.7500,5,0,4317,1755,288,25
L004317,O01754,C0287,Customer 0287,South,Consumer,customer287@example.com,2025-12-18,2025-12,Store,Completed,True,P023,Shelf 023,Storage,68.00,1,68.00,0.00,0,,68.00,0.0000,68.0000,0.0000,68.0000,1,0,4318,1755,288,24
L004318,O01755,C0232,Customer 0232,East,Business,customer232@example.com,2025-06-30,2025-06,Online,Completed,True,P015,Shelf 015,Storage,254.00,5,254.00,0.00,0,,1270.00,0.0000,1270.0000,0.0000,1270.0000,5,0,4319,1756,233,16
L004319,O01755,C0232,Customer 0232,East,Business,customer232@example.com,2025-06-30,2025-06,Online,Completed,True,P001,Lamp 001,Lighting,122.00,2,122.00,0.20,0,,244.00,48.8000,195.2000,0.0000,195.2000,2,0,4320,1756,233,2
L004320,O01756,C0202,Customer 0202,South,Business,customer202@example.com,2025-11-30,2025-11,Online,Completed,True,P012,Desk 012,Furniture,134.00,2,134.00,0.20,0,,268.00,53.6000,214.4000,0.0000,214.4000,2,0,4321,1757,203,13
L004321,O01756,C0202,Customer 0202,South,Business,customer202@example.com,2025-11-30,2025-11,Online,Completed,True,P014,Chair 014,Furniture,294.00,4,294.00,0.00,0,,1176.00,0.0000,1176.0000,0.0000,1176.0000,4,0,4322,1757,203,15
L004322,O01756,C0202,Customer 0202,South,Business,customer202@example.com,2025-11-30,2025-11,Online,Completed,True,P024,Desk 024,Furniture,81.00,5,81.00,0.00,0,,405.00,0.0000,405.0000,0.0000,405.0000,5,0,4323,1757,203,25
L004323,O01757,C0127,Customer 0127,East,Business,customer127@example.com,2025-05-10,2025-05,Store,Completed,True,P010,Chair 010,Furniture,211.00,4,211.00,0.00,0,,844.00,0.0000,844.0000,0.0000,844.0000,4,0,4324,1758,128,11
L004324,O01758,C0167,Customer 0167,West,Consumer,customer167@example.com,2025-12-20,2025-12,Store,Cancelled,False,P009,Lamp 009,Lighting,93.00,3,93.00,0.05,0,,279.00,13.9500,265.0500,0.0000,265.0500,3,0,4325,1759,168,10
L004325,O01758,C0167,Customer 0167,West,Consumer,customer167@example.com,2025-12-20,2025-12,Store,Cancelled,False,P019,Shelf 019,Storage,78.00,1,78.00,0.10,0,,78.00,7.8000,70.2000,0.0000,70.2000,1,0,4326,1759,168,20
L004326,O01758,C0167,Customer 0167,West,Consumer,customer167@example.com,2025-12-20,2025-12,Store,Cancelled,False,P020,Desk 020,Furniture,189.00,2,189.00,0.20,0,,378.00,75.6000,302.4000,0.0000,302.4000,2,0,4327,1759,168,21
L004327,O01759,C0288,Customer 0288,East,Consumer,customer288@example.com,2025-11-05,2025-11,Store,Completed,True,P014,Chair 014,Furniture,294.00,5,294.00,0.10,0,,1470.00,147.0000,1323.0000,0.0000,1323.0000,5,0,4328,1760,289,15
L004328,O01759,C0288,Customer 0288,East,Consumer,customer288@example.com,2025-11-05,2025-11,Store,Completed,True,P009,Lamp 009,Lighting,93.00,3,93.00,0.10,0,,279.00,27.9000,251.1000,0.0000,251.1000,3,0,4329,1760,289,10
L004329,O01759,C0288,Customer 0288,East,Consumer,customer288@example.com,2025-11-05,2025-11,Store,Completed,True,P002,Chair 002,Furniture,284.00,2,284.00,0.10,1,2025-12-01,568.00,56.8000,511.2000,511.2000,0.0000,2,2,4330,1760,289,3
L004330,O01759,C0288,Customer 0288,East,Consumer,customer288@example.com,2025-11-05,2025-11,Store,Completed,True,P007,Shelf 007,Storage,35.00,4,35.00,0.00,0,,140.00,0.0000,140.0000,0.0000,140.0000,4,0,4331,1760,289,8
L004331,O01760,C0174,Customer 0174,South,Consumer,customer174@example.com,2025-10-08,2025-10,Online,Completed,True,P006,Chair 006,Furniture,196.00,1,196.00,0.05,0,,196.00,9.8000,186.2000,0.0000,186.2000,1,0,4332,1761,175,7
L004332,O01760,C0174,Customer 0174,South,Consumer,customer174@example.com,2025-10-08,2025-10,Online,Completed,True,P009,Lamp 009,Lighting,93.00,2,93.00,0.00,0,,186.00,0.0000,186.0000,0.0000,186.0000,2,0,4333,1761,175,10
L004333,O01761,C0058,Customer 0058,North,Consumer,customer58@example.com,2025-01-17,2025-01,Store,Completed,True,P011,Shelf 011,Storage,80.00,2,80.00,0.20,0,,160.00,32.0000,128.0000,0.0000,128.0000,2,0,4334,1762,59,12
L004334,O01761,C0058,Customer 0058,North,Consumer,customer58@example.com,2025-01-17,2025-01,Store,Completed,True,P010,Chair 010,Furniture,211.00,3,211.00,0.20,0,,633.00,126.6000,506.4000,0.0000,506.4000,3,0,4335,1762,59,11
L004335,O01762,C0141,Customer 0141,East,Consumer,customer141@example.com,2025-07-10,2025-07,Online,Completed,True,P012,Desk 012,Furniture,134.00,2,134.00,0.10,0,,268.00,26.8000,241.2000,0.0000,241.2000,2,0,4336,1763,142,13
L004336,O01763,C0293,Customer 0293,North,Business,customer293@example.com,2025-04-18,2025-04,Store,Completed,True,P021,Lamp 021,Lighting,249.00,4,249.00,0.00,0,,996.00,0.0000,996.0000,0.0000,996.0000,4,0,4337,1764,294,22
L004337,O01763,C0293,Customer 0293,North,Business,customer293@example.com,2025-04-18,2025-04,Store,Completed,True,P014,Chair 014,Furniture,294.00,4,294.00,0.05,0,,1176.00,58.8000,1117.2000,0.0000,1117.2000,4,0,4338,1764,294,15
L004338,O01763,C0293,Customer 0293,North,Business,customer293@example.com,2025-04-18,2025-04,Store,Completed,True,P016,Desk 016,Furniture,231.00,4,231.00,0.10,0,,924.00,92.4000,831.6000,0.0000,831.6000,4,0,4339,1764,294,17
L004339,O01764,C0127,Customer 0127,East,Business,customer127@example.com,2025-02-18,2025-02,Online,Completed,True,P015,Shelf 015,Storage,254.00,2,254.00,0.05,0,,508.00,25.4000,482.6000,0.0000,482.6000,2,0,4340,1765,128,16
L004340,O01764,C0127,Customer 0127,East,Business,customer127@example.com,2025-02-18,2025-02,Online,Completed,True,P021,Lamp 021,Lighting,249.00,4,249.00,0.00,0,,996.00,0.0000,996.0000,0.0000,996.0000,4,0,4341,1765,128,22
L004341,O01764,C0127,Customer 0127,East,Business,customer127@example.com,2025-02-18,2025-02,Online,Completed,True,P006,Chair 006,Furniture,196.00,1,196.00,0.1,0,,196.00,19.600,176.400,0.000,176.400,1,0,4342,1765,128,7
L004342,O01764,C0127,Customer 0127,East,Business,customer127@example.com,2025-02-18,2025-02,Online,Completed,True,P007,Shelf 007,Storage,35.00,1,35.00,0.05,0,,35.00,1.7500,33.2500,0.0000,33.2500,1,0,4343,1765,128,8
L004343,O01765,C0097,Customer 0097,West,Business,customer97@example.com,2025-01-15,2025-01,Online,Completed,True,P024,Desk 024,Furniture,81.00,4,81.00,0.05,0,,324.00,16.2000,307.8000,0.0000,307.8000,4,0,4344,1766,98,25
L004344,O01765,C0097,Customer 0097,West,Business,customer97@example.com,2025-01-15,2025-01,Online,Completed,True,P006,Chair 006,Furniture,196.00,5,196.00,0.20,0,,980.00,196.0000,784.0000,0.0000,784.0000,5,0,4345,1766,98,7
L004345,O01765,C0097,Customer 0097,West,Business,customer97@example.com,2025-01-15,2025-01,Online,Completed,True,P022,Chair 022,Furniture,134.00,3,134.00,0.00,0,,402.00,0.0000,402.0000,0.0000,402.0000,3,0,4346,1766,98,23
L004346,O01766,C0022,Customer 0022,East,Consumer,customer22@example.com,2025-02-09,2025-02,Store,Cancelled,False,P014,Chair 014,Furniture,294.00,4,294.00,0.10,0,,1176.00,117.6000,1058.4000,0.0000,1058.4000,4,0,4347,1767,23,15
L004347,O01766,C0022,Customer 0022,East,Consumer,customer22@example.com,2025-02-09,2025-02,Store,Cancelled,False,P022,Chair 022,Furniture,134.00,5,134.00,0.20,0,,670.00,134.0000,536.0000,0.0000,536.0000,5,0,4348,1767,23,23
L004348,O01766,C0022,Customer 0022,East,Consumer,customer22@example.com,2025-02-09,2025-02,Store,Cancelled,False,P011,Shelf 011,Storage,80.00,1,80.00,0.20,0,,80.00,16.0000,64.0000,0.0000,64.0000,1,0,4349,1767,23,12
L004349,O01766,C0022,Customer 0022,East,Consumer,customer22@example.com,2025-02-09,2025-02,Store,Cancelled,False,P008,Desk 008,Furniture,188.00,5,188.00,0.05,0,,940.00,47.0000,893.0000,0.0000,893.0000,5,0,4350,1767,23,9
L004350,O01767,C0131,Customer 0131,West,Business,customer131@example.com,2025-09-03,2025-09,Store,Completed,True,P011,Shelf 011,Storage,80.00,2,80.00,0.05,0,,160.00,8.0000,152.0000,0.0000,152.0000,2,0,4351,1768,132,12
L004351,O01767,C0131,Customer 0131,West,Business,customer131@example.com,2025-09-03,2025-09,Store,Completed,True,P003,Shelf 003,Storage,199.00,1,199.00,0.20,0,,199.00,39.8000,159.2000,0.0000,159.2000,1,0,4352,1768,132,4
L004352,O01767,C0131,Customer 0131,West,Business,customer131@example.com,2025-09-03,2025-09,Store,Completed,True,P003,Shelf 003,Storage,199.00,5,199.00,0.00,0,,995.00,0.0000,995.0000,0.0000,995.0000,5,0,4353,1768,132,4
L004353,O01767,C0131,Customer 0131,West,Business,customer131@example.com,2025-09-03,2025-09,Store,Completed,True,P018,Chair 018,Furniture,269.00,4,269.00,0.00,0,,1076.00,0.0000,1076.0000,0.0000,1076.0000,4,0,4354,1768,132,19
L004354,O01768,C0300,Customer 0300,West,Consumer,customer300@example.com,2025-03-05,2025-03,Online,Completed,True,P001,Lamp 001,Lighting,122.00,1,122.00,0.00,0,,122.00,0.0000,122.0000,0.0000,122.0000,1,0,4355,1769,301,2
L004355,O01768,C0300,Customer 0300,West,Consumer,customer300@example.com,2025-03-05,2025-03,Online,Completed,True,P006,Chair 006,Furniture,196.00,4,196.00,0.05,0,,784.00,39.2000,744.8000,0.0000,744.8000,4,0,4356,1769,301,7
L004356,O01768,C0300,Customer 0300,West,Consumer,customer300@example.com,2025-03-05,2025-03,Online,Completed,True,P024,Desk 024,Furniture,81.00,5,81.00,0.05,0,,405.00,20.2500,384.7500,0.0000,384.7500,5,0,4357,1769,301,25
L004357,O01769,C0270,Customer 0270,East,Business,customer270@example.com,2025-09-15,2025-09,Online,Completed,True,P020,Desk 020,Furniture,189.00,2,189.00,0.10,0,,378.00,37.8000,340.2000,0.0000,340.2000,2,0,4358,1770,271,21
L004358,O01769,C0270,Customer 0270,East,Business,customer270@example.com,2025-09-15,2025-09,Online,Completed,True,P009,Lamp 009,Lighting,93.00,3,93.00,0.20,0,,279.00,55.8000,223.2000,0.0000,223.2000,3,0,4359,1770,271,10
L004359,O01769,C0270,Customer 0270,East,Business,customer270@example.com,2025-09-15,2025-09,Online,Completed,True,P017,Lamp 017,Lighting,300.00,1,300.00,0.05,1,2025-10-11,300.00,15.0000,285.0000,285.0000,0.0000,1,1,4360,1770,271,18
L004360,O01770,C0292,Customer 0292,East,Business,customer292@example.com,2025-01-17,2025-01,Online,Completed,True,P009,Lamp 009,Lighting,93.00,3,93.00,0.20,0,,279.00,55.8000,223.2000,0.0000,223.2000,3,0,4361,1771,293,10
L004361,O01770,C0292,Customer 0292,East,Business,customer292@example.com,2025-01-17,2025-01,Online,Completed,True,P004,Desk 004,Furniture,123.00,5,123.00,0.10,0,,615.00,61.5000,553.5000,0.0000,553.5000,5,0,4362,1771,293,5
L004362,O01770,C0292,Customer 0292,East,Business,customer292@example.com,2025-01-17,2025-01,Online,Completed,True,P018,Chair 018,Furniture,269.00,2,269.00,0.10,0,,538.00,53.8000,484.2000,0.0000,484.2000,2,0,4363,1771,293,19
L004363,O01770,C0292,Customer 0292,East,Business,customer292@example.com,2025-01-17,2025-01,Online,Completed,True,P004,Desk 004,Furniture,123.00,4,123.00,0.20,0,,492.00,98.4000,393.6000,0.0000,393.6000,4,0,4364,1771,293,5
L004364,O01771,C0086,Customer 0086,North,Business,,2025-11-25,2025-11,Store,Completed,True,P015,Shelf 015,Storage,254.00,5,254.00,0.20,0,,1270.00,254.0000,1016.0000,0.0000,1016.0000,5,0,4365,1772,87,16
L004365,O01772,C0108,Customer 0108,East,Business,customer108@example.com,2025-11-17,2025-11,Store,Completed,True,P007,Shelf 007,Storage,35.00,2,35.00,0.00,0,,70.00,0.0000,70.0000,0.0000,70.0000,2,0,4366,1773,109,8
L004366,O01772,C0108,Customer 0108,East,Business,customer108@example.com,2025-11-17,2025-11,Store,Completed,True,P015,Shelf 015,Storage,254.00,5,254.00,0.20,0,,1270.00,254.0000,1016.0000,0.0000,1016.0000,5,0,4367,1773,109,16
L004367,O01772,C0108,Customer 0108,East,Business,customer108@example.com,2025-11-17,2025-11,Store,Completed,True,P021,Lamp 021,Lighting,249.00,4,249.00,0.20,0,,996.00,199.2000,796.8000,0.0000,796.8000,4,0,4368,1773,109,22
L004368,O01772,C0108,Customer 0108,East,Business,customer108@example.com,2025-11-17,2025-11,Store,Completed,True,P019,Shelf 019,Storage,78.00,2,78.00,0.00,0,,156.00,0.0000,156.0000,0.0000,156.0000,2,0,4369,1773,109,20
L004369,O01773,C0283,Customer 0283,East,Business,customer283@example.com,2025-07-13,2025-07,Online,Completed,True,P007,Shelf 007,Storage,35.00,2,35.00,0.10,0,,70.00,7.0000,63.0000,0.0000,63.0000,2,0,4370,1774,284,8
L004370,O01773,C0283,Customer 0283,East,Business,customer283@example.com,2025-07-13,2025-07,Online,Completed,True,P023,Shelf 023,Storage,68.00,5,68.00,0.10,0,,340.00,34.0000,306.0000,0.0000,306.0000,5,0,4371,1774,284,24
L004371,O01773,C0283,Customer 0283,East,Business,customer283@example.com,2025-07-13,2025-07,Online,Completed,True,P010,Chair 010,Furniture,211.00,5,211.00,0.05,0,,1055.00,52.7500,1002.2500,0.0000,1002.2500,5,0,4372,1774,284,11
L004372,O01774,C0138,Customer 0138,South,Business,customer138@example.com,2025-05-21,2025-05,Online,Completed,True,P010,Chair 010,Furniture,211.00,2,211.00,0.05,0,,422.00,21.1000,400.9000,0.0000,400.9000,2,0,4373,1775,139,11
L004373,O01774,C0138,Customer 0138,South,Business,customer138@example.com,2025-05-21,2025-05,Online,Completed,True,P003,Shelf 003,Storage,199.00,2,199.00,0.10,1,2025-05-31,398.00,39.8000,358.2000,179.1000,179.1000,2,1,4374,1775,139,4
L004374,O01774,C0138,Customer 0138,South,Business,customer138@example.com,2025-05-21,2025-05,Online,Completed,True,P007,Shelf 007,Storage,35.00,3,35.00,0.05,0,,105.00,5.2500,99.7500,0.0000,99.7500,3,0,4375,1775,139,8
L004375,O01775,C0265,Customer 0265,West,Consumer,customer265@example.com,2025-01-01,2025-01,Online,Completed,True,P010,Chair 010,Furniture,211.00,4,211.00,0.05,0,,844.00,42.2000,801.8000,0.0000,801.8000,4,0,4376,1776,266,11
L004376,O01775,C0265,Customer 0265,West,Consumer,customer265@example.com,2025-01-01,2025-01,Online,Completed,True,P009,Lamp 009,Lighting,93.00,4,93.00,0.20,0,,372.00,74.4000,297.6000,0.0000,297.6000,4,0,4377,1776,266,10
L004377,O01775,C0265,Customer 0265,West,Consumer,customer265@example.com,2025-01-01,2025-01,Online,Completed,True,P016,Desk 016,Furniture,231.00,3,231.00,0.00,0,,693.00,0.0000,693.0000,0.0000,693.0000,3,0,4378,1776,266,17
L004378,O01775,C0265,Customer 0265,West,Consumer,customer265@example.com,2025-01-01,2025-01,Online,Completed,True,P020,Desk 020,Furniture,189.00,1,189.00,0.05,0,,189.00,9.4500,179.5500,0.0000,179.5500,1,0,4379,1776,266,21
L004379,O01776,C0288,Customer 0288,East,Consumer,customer288@example.com,2025-01-09,2025-01,Online,Completed,True,P003,Shelf 003,Storage,199.00,5,199.00,0.10,0,,995.00,99.5000,895.5000,0.0000,895.5000,5,0,4380,1777,289,4
L004380,O01776,C0288,Customer 0288,East,Consumer,customer288@example.com,2025-01-09,2025-01,Online,Completed,True,P001,Lamp 001,Lighting,122.00,1,122.00,0.00,0,,122.00,0.0000,122.0000,0.0000,122.0000,1,0,4381,1777,289,2
L004381,O01776,C0288,Customer 0288,East,Consumer,customer288@example.com,2025-01-09,2025-01,Online,Completed,True,P002,Chair 002,Furniture,284.00,3,284.00,0.10,0,,852.00,85.2000,766.8000,0.0000,766.8000,3,0,4382,1777,289,3
L004382,O01776,C0288,Customer 0288,East,Consumer,customer288@example.com,2025-01-09,2025-01,Online,Completed,True,P003,Shelf 003,Storage,199.00,5,199.00,0.20,0,,995.00,199.0000,796.0000,0.0000,796.0000,5,0,4383,1777,289,4
L004383,O01777,C0098,Customer 0098,West,Business,customer98@example.com,2025-12-27,2025-12,Store,Completed,True,P023,Shelf 023,Storage,68.00,1,68.00,0.00,0,,68.00,0.0000,68.0000,0.0000,68.0000,1,0,4384,1778,99,24
L004384,O01778,C0201,Customer 0201,East,Consumer,customer201@example.com,2025-09-15,2025-09,Online,Completed,True,P002,Chair 002,Furniture,284.00,5,284.00,0.05,0,,1420.00,71.0000,1349.0000,0.0000,1349.0000,5,0,4385,1779,202,3
L004385,O01778,C0201,Customer 0201,East,Consumer,customer201@example.com,2025-09-15,2025-09,Online,Completed,True,P002,Chair 002,Furniture,284.00,5,284.00,0.00,0,,1420.00,0.0000,1420.0000,0.0000,1420.0000,5,0,4386,1779,202,3
L004386,O01778,C0201,Customer 0201,East,Consumer,customer201@example.com,2025-09-15,2025-09,Online,Completed,True,P009,Lamp 009,Lighting,93.00,2,93.00,0.00,0,,186.00,0.0000,186.0000,0.0000,186.0000,2,0,4387,1779,202,10
L004387,O01779,C0297,Customer 0297,East,Business,customer297@example.com,2025-03-10,2025-03,Online,Completed,True,P022,Chair 022,Furniture,134.00,1,134.00,0.10,0,,134.00,13.4000,120.6000,0.0000,120.6000,1,0,4388,1780,298,23
L004388,O01779,C0297,Customer 0297,East,Business,customer297@example.com,2025-03-10,2025-03,Online,Completed,True,P008,Desk 008,Furniture,188.00,1,188.00,0.00,0,,188.00,0.0000,188.0000,0.0000,188.0000,1,0,4389,1780,298,9
L004389,O01779,C0297,Customer 0297,East,Business,customer297@example.com,2025-03-10,2025-03,Online,Completed,True,P021,Lamp 021,Lighting,249.00,1,249.00,0.00,0,,249.00,0.0000,249.0000,0.0000,249.0000,1,0,4390,1780,298,22
L004390,O01779,C0297,Customer 0297,East,Business,customer297@example.com,2025-03-10,2025-03,Online,Completed,True,P006,Chair 006,Furniture,196.00,1,196.00,0.10,0,,196.00,19.6000,176.4000,0.0000,176.4000,1,0,4391,1780,298,7
L004391,O01780,C0245,Customer 0245,North,Consumer,customer245@example.com,2025-11-24,2025-11,Store,Completed,True,P004,Desk 004,Furniture,123.00,5,123.00,0.00,0,,615.00,0.0000,615.0000,0.0000,615.0000,5,0,4392,1781,246,5
L004392,O01780,C0245,Customer 0245,North,Consumer,customer245@example.com,2025-11-24,2025-11,Store,Completed,True,P004,Desk 004,Furniture,123.00,2,123.00,0.05,0,,246.00,12.3000,233.7000,0.0000,233.7000,2,0,4393,1781,246,5
L004393,O01780,C0245,Customer 0245,North,Consumer,customer245@example.com,2025-11-24,2025-11,Store,Completed,True,P006,Chair 006,Furniture,196.00,3,196.00,0.10,0,,588.00,58.8000,529.2000,0.0000,529.2000,3,0,4394,1781,246,7
L004394,O01781,C0074,Customer 0074,South,Business,customer74@example.com,2025-12-09,2025-12,Store,Completed,True,P008,Desk 008,Furniture,188.00,2,188.00,0.10,1,2025-12-21,376.00,37.6000,338.4000,169.2000,169.2000,2,1,4395,1782,75,9
L004395,O01781,C0074,Customer 0074,South,Business,customer74@example.com,2025-12-09,2025-12,Store,Completed,True,P017,Lamp 017,Lighting,300.00,3,300.00,0.00,0,,900.00,0.0000,900.0000,0.0000,900.0000,3,0,4396,1782,75,18
L004396,O01781,C0074,Customer 0074,South,Business,customer74@example.com,2025-12-09,2025-12,Store,Completed,True,P012,Desk 012,Furniture,134.00,5,134.00,0.20,0,,670.00,134.0000,536.0000,0.0000,536.0000,5,0,4397,1782,75,13
L004397,O01782,C0119,Customer 0119,North,Business,customer119@example.com,2025-08-01,2025-08,Store,Completed,True,P009,Lamp 009,Lighting,93.00,3,93.00,0.05,0,,279.00,13.9500,265.0500,0.0000,265.0500,3,0,4398,1783,120,10
L004398,O01782,C0119,Customer 0119,North,Business,customer119@example.com,2025-08-01,2025-08,Store,Completed,True,P024,Desk 024,Furniture,81.00,2,81.00,0.10,0,,162.00,16.2000,145.8000,0.0000,145.8000,2,0,4399,1783,120,25
L004399,O01782,C0119,Customer 0119,North,Business,customer119@example.com,2025-08-01,2025-08,Store,Completed,True,P017,Lamp 017,Lighting,300.00,3,300.00,0.10,0,,900.00,90.0000,810.0000,0.0000,810.0000,3,0,4400,1783,120,18
L004400,O01782,C0119,Customer 0119,North,Business,customer119@example.com,2025-08-01,2025-08,Store,Completed,True,P017,Lamp 017,Lighting,300.00,2,300.00,0.20,0,,600.00,120.0000,480.0000,0.0000,480.0000,2,0,4401,1783,120,18
L004401,O01783,C0016,Customer 0016,East,Consumer,customer16@example.com,2025-06-19,2025-06,Online,Completed,True,P002,Chair 002,Furniture,284.00,2,284.00,0.05,0,,568.00,28.4000,539.6000,0.0000,539.6000,2,0,4402,1784,17,3
L004402,O01784,C0233,Customer 0233,South,Business,customer233@example.com,2025-08-28,2025-08,Online,Completed,True,P009,Lamp 009,Lighting,93.00,5,93.00,0.20,0,,465.00,93.0000,372.0000,0.0000,372.0000,5,0,4403,1785,234,10
L004403,O01785,C0097,Customer 0097,West,Business,customer97@example.com,2025-01-29,2025-01,Store,Completed,True,P016,Desk 016,Furniture,231.00,1,231.00,0.2,0,,231.00,46.200,184.800,0.000,184.800,1,0,4404,1786,98,17
L004404,O01786,C0055,Customer 0055,East,Consumer,customer55@example.com,2025-10-20,2025-10,Store,Completed,True,P012,Desk 012,Furniture,134.00,3,134.00,0.20,1,2025-11-11,402.00,80.4000,321.6000,321.6000,0.0000,3,3,4405,1787,56,13
L004405,O01787,C0289,Customer 0289,West,Business,customer289@example.com,2025-11-12,2025-11,Store,Completed,True,P016,Desk 016,Furniture,231.00,4,231.00,0.05,0,,924.00,46.2000,877.8000,0.0000,877.8000,4,0,4406,1788,290,17
L004406,O01787,C0289,Customer 0289,West,Business,customer289@example.com,2025-11-12,2025-11,Store,Completed,True,P005,Lamp 005,Lighting,65.00,5,65.00,0.20,0,,325.00,65.0000,260.0000,0.0000,260.0000,5,0,4407,1788,290,6
L004407,O01787,C0289,Customer 0289,West,Business,customer289@example.com,2025-11-12,2025-11,Store,Completed,True,P001,Lamp 001,Lighting,122.00,2,122.00,0.05,0,,244.00,12.2000,231.8000,0.0000,231.8000,2,0,4408,1788,290,2
L004408,O01788,C0244,Customer 0244,South,Consumer,customer244@example.com,2025-05-11,2025-05,Online,Completed,True,P012,Desk 012,Furniture,134.00,5,134.00,0.05,0,,670.00,33.5000,636.5000,0.0000,636.5000,5,0,4409,1789,245,13
L004409,O01788,C0244,Customer 0244,South,Consumer,customer244@example.com,2025-05-11,2025-05,Online,Completed,True,P016,Desk 016,Furniture,231.00,2,231.00,0.20,0,,462.00,92.4000,369.6000,0.0000,369.6000,2,0,4410,1789,245,17
L004410,O01789,C0029,Customer 0029,East,Consumer,customer29@example.com,2025-09-24,2025-09,Online,Completed,True,P011,Shelf 011,Storage,80.00,1,80.00,0.05,0,,80.00,4.0000,76.0000,0.0000,76.0000,1,0,4411,1790,30,12
L004411,O01789,C0029,Customer 0029,East,Consumer,customer29@example.com,2025-09-24,2025-09,Online,Completed,True,P003,Shelf 003,Storage,199.00,1,199.00,0.10,0,,199.00,19.9000,179.1000,0.0000,179.1000,1,0,4412,1790,30,4
L004412,O01789,C0029,Customer 0029,East,Consumer,customer29@example.com,2025-09-24,2025-09,Online,Completed,True,P005,Lamp 005,Lighting,65.00,4,65.00,0.00,1,2025-09-26,260.00,0.0000,260.0000,195.0000,65.0000,4,3,4413,1790,30,6
L004413,O01790,C0082,Customer 0082,North,Business,customer82@example.com,2025-04-07,2025-04,Online,Completed,True,P021,Lamp 021,Lighting,249.00,5,249.00,0.05,0,,1245.00,62.2500,1182.7500,0.0000,1182.7500,5,0,4414,1791,83,22
L004414,O01790,C0082,Customer 0082,North,Business,customer82@example.com,2025-04-07,2025-04,Online,Completed,True,P019,Shelf 019,Storage,78.00,1,78.00,0.05,0,,78.00,3.9000,74.1000,0.0000,74.1000,1,0,4415,1791,83,20
L004415,O01790,C0082,Customer 0082,North,Business,customer82@example.com,2025-04-07,2025-04,Online,Completed,True,P022,Chair 022,Furniture,134.00,2,134.00,0.05,1,2025-04-13,268.00,13.4000,254.6000,254.6000,0.0000,2,2,4416,1791,83,23
L004416,O01791,C0204,Customer 0204,South,Consumer,customer204@example.com,2025-12-20,2025-12,Store,Completed,True,P015,Shelf 015,Storage,254.00,2,254.00,0.10,0,,508.00,50.8000,457.2000,0.0000,457.2000,2,0,4417,1792,205,16
L004417,O01791,C0204,Customer 0204,South,Consumer,customer204@example.com,2025-12-20,2025-12,Store,Completed,True,P024,Desk 024,Furniture,81.00,2,81.00,0.10,0,,162.00,16.2000,145.8000,0.0000,145.8000,2,0,4418,1792,205,25
L004418,O01791,C0204,Customer 0204,South,Consumer,customer204@example.com,2025-12-20,2025-12,Store,Completed,True,P015,Shelf 015,Storage,254.00,3,254.00,0.05,0,,762.00,38.1000,723.9000,0.0000,723.9000,3,0,4419,1792,205,16
L004419,O01791,C0204,Customer 0204,South,Consumer,customer204@example.com,2025-12-20,2025-12,Store,Completed,True,P021,Lamp 021,Lighting,249.00,3,249.00,0.10,1,2025-12-25,747.00,74.7000,672.3000,224.1000,448.2000,3,1,4420,1792,205,22
L004420,O01792,C0031,Customer 0031,South,Consumer,customer31@example.com,2025-11-15,2025-11,Store,Completed,True,P020,Desk 020,Furniture,189.00,2,189.00,0.10,0,,378.00,37.8000,340.2000,0.0000,340.2000,2,0,4421,1793,32,21
L004421,O01792,C0031,Customer 0031,South,Consumer,customer31@example.com,2025-11-15,2025-11,Store,Completed,True,P009,Lamp 009,Lighting,93.00,5,93.00,0.10,0,,465.00,46.5000,418.5000,0.0000,418.5000,5,0,4422,1793,32,10
L004422,O01792,C0031,Customer 0031,South,Consumer,customer31@example.com,2025-11-15,2025-11,Store,Completed,True,P003,Shelf 003,Storage,199.00,5,199.00,0.20,0,,995.00,199.0000,796.0000,0.0000,796.0000,5,0,4423,1793,32,4
L004423,O01793,C0088,Customer 0088,West,Business,customer88@example.com,2025-03-05,2025-03,Store,Completed,True,P018,Chair 018,Furniture,269.00,4,269.00,0.05,0,,1076.00,53.8000,1022.2000,0.0000,1022.2000,4,0,4424,1794,89,19
L004424,O01793,C0088,Customer 0088,West,Business,customer88@example.com,2025-03-05,2025-03,Store,Completed,True,P013,Lamp 013,Lighting,271.00,1,271.00,0.05,0,,271.00,13.5500,257.4500,0.0000,257.4500,1,0,4425,1794,89,14
L004425,O01793,C0088,Customer 0088,West,Business,customer88@example.com,2025-03-05,2025-03,Store,Completed,True,P003,Shelf 003,Storage,199.00,4,199.00,0.00,0,,796.00,0.0000,796.0000,0.0000,796.0000,4,0,4426,1794,89,4
L004426,O01794,C0022,Customer 0022,East,Consumer,customer22@example.com,2025-08-28,2025-08,Online,Completed,True,P005,Lamp 005,Lighting,65.00,4,65.00,0.00,1,2025-09-09,260.00,0.0000,260.0000,130.0000,130.0000,4,2,4427,1795,23,6
L004427,O01794,C0022,Customer 0022,East,Consumer,customer22@example.com,2025-08-28,2025-08,Online,Completed,True,P003,Shelf 003,Storage,199.00,3,199.00,0.10,0,,597.00,59.7000,537.3000,0.0000,537.3000,3,0,4428,1795,23,4
L004428,O01795,C0183,Customer 0183,East,Consumer,customer183@example.com,2025-10-27,2025-10,Store,Completed,True,P012,Desk 012,Furniture,134.00,1,134.00,0.10,0,,134.00,13.4000,120.6000,0.0000,120.6000,1,0,4429,1796,184,13
L004429,O01795,C0183,Customer 0183,East,Consumer,customer183@example.com,2025-10-27,2025-10,Store,Completed,True,P023,Shelf 023,Storage,68.00,4,68.00,0.00,0,,272.00,0.0000,272.0000,0.0000,272.0000,4,0,4430,1796,184,24
L004430,O01795,C0183,Customer 0183,East,Consumer,customer183@example.com,2025-10-27,2025-10,Store,Completed,True,P010,Chair 010,Furniture,211.00,3,211.00,0.00,0,,633.00,0.0000,633.0000,0.0000,633.0000,3,0,4431,1796,184,11
L004431,O01796,C0279,Customer 0279,South,Business,customer279@example.com,2025-01-29,2025-01,Online,Cancelled,False,P015,Shelf 015,Storage,254.00,4,254.00,0.00,0,,1016.00,0.0000,1016.0000,0.0000,1016.0000,4,0,4432,1797,280,16
L004432,O01796,C0279,Customer 0279,South,Business,customer279@example.com,2025-01-29,2025-01,Online,Cancelled,False,P011,Shelf 011,Storage,80.00,5,80.00,0.20,0,,400.00,80.0000,320.0000,0.0000,320.0000,5,0,4433,1797,280,12
L004433,O01796,C0279,Customer 0279,South,Business,customer279@example.com,2025-01-29,2025-01,Online,Cancelled,False,P013,Lamp 013,Lighting,271.00,4,271.00,0.20,0,,1084.00,216.8000,867.2000,0.0000,867.2000,4,0,4434,1797,280,14
L004434,O01796,C0279,Customer 0279,South,Business,customer279@example.com,2025-01-29,2025-01,Online,Cancelled,False,P012,Desk 012,Furniture,134.00,3,134.00,0.2,0,,402.00,80.400,321.600,0.000,321.600,3,0,4435,1797,280,13
L004435,O01797,C0293,Customer 0293,North,Business,customer293@example.com,2025-08-09,2025-08,Online,Completed,True,P016,Desk 016,Furniture,231.00,5,231.00,0.20,0,,1155.00,231.0000,924.0000,0.0000,924.0000,5,0,4436,1798,294,17
L004436,O01797,C0293,Customer 0293,North,Business,customer293@example.com,2025-08-09,2025-08,Online,Completed,True,P008,Desk 008,Furniture,188.00,2,188.00,0.10,0,,376.00,37.6000,338.4000,0.0000,338.4000,2,0,4437,1798,294,9
L004437,O01797,C0293,Customer 0293,North,Business,customer293@example.com,2025-08-09,2025-08,Online,Completed,True,P005,Lamp 005,Lighting,65.00,4,65.00,0.05,0,,260.00,13.0000,247.0000,0.0000,247.0000,4,0,4438,1798,294,6
L004438,O01797,C0293,Customer 0293,North,Business,customer293@example.com,2025-08-09,2025-08,Online,Completed,True,P002,Chair 002,Furniture,284.00,4,284.00,0.00,0,,1136.00,0.0000,1136.0000,0.0000,1136.0000,4,0,4439,1798,294,3
L004439,O01798,C0262,Customer 0262,West,Business,customer262@example.com,2025-08-21,2025-08,Online,Completed,True,P012,Desk 012,Furniture,134.00,3,134.00,0.00,0,,402.00,0.0000,402.0000,0.0000,402.0000,3,0,4440,1799,263,13
L004440,O01798,C0262,Customer 0262,West,Business,customer262@example.com,2025-08-21,2025-08,Online,Completed,True,P016,Desk 016,Furniture,231.00,3,231.00,0.10,0,,693.00,69.3000,623.7000,0.0000,623.7000,3,0,4441,1799,263,17
L004441,O01799,C0288,Customer 0288,East,Consumer,customer288@example.com,2025-10-24,2025-10,Store,Completed,True,P007,Shelf 007,Storage,35.00,2,35.00,0.05,0,,70.00,3.5000,66.5000,0.0000,66.5000,2,0,4442,1800,289,8
L004442,O01799,C0288,Customer 0288,East,Consumer,customer288@example.com,2025-10-24,2025-10,Store,Completed,True,P015,Shelf 015,Storage,254.00,2,254.00,0.05,0,,508.00,25.4000,482.6000,0.0000,482.6000,2,0,4443,1800,289,16
L004443,O01799,C0288,Customer 0288,East,Consumer,customer288@example.com,2025-10-24,2025-10,Store,Completed,True,P008,Desk 008,Furniture,188.00,1,188.00,0.20,0,,188.00,37.6000,150.4000,0.0000,150.4000,1,0,4444,1800,289,9
L004444,O01800,C0194,Customer 0194,North,Consumer,customer194@example.com,2025-02-13,2025-02,Online,Completed,True,P006,Chair 006,Furniture,196.00,1,196.00,0.05,1,2025-03-06,196.00,9.8000,186.2000,186.2000,0.0000,1,1,4445,1801,195,7
L004445,O01800,C0194,Customer 0194,North,Consumer,customer194@example.com,2025-02-13,2025-02,Online,Completed,True,P014,Chair 014,Furniture,294.00,4,294.00,0.05,0,,1176.00,58.8000,1117.2000,0.0000,1117.2000,4,0,4446,1801,195,15
L004446,O01800,C0194,Customer 0194,North,Consumer,customer194@example.com,2025-02-13,2025-02,Online,Completed,True,P018,Chair 018,Furniture,269.00,4,269.00,0.10,0,,1076.00,107.6000,968.4000,0.0000,968.4000,4,0,4447,1801,195,19
