order_id,customer_id,order_date,order_month,channel,region,segment,gross_sales,discounts,sales_before_returns,refunds,net_sales,sold_units,returned_units,completed_orders,purchasing_customers,aov,unit_return_rate,net_sales_share
O00001,C0188,2025-03-25,2025-03,Store,South,Business,211.00,42.200,168.800,0.000,168.800,1,0,1,1,168.800,0,0.00009000292509506558963166302905
O00002,C0231,2025-08-29,2025-08,Store,West,Business,231.00,23.1000,207.9000,0.0000,207.9000,1,0,1,1,207.9000,0,0.0001108507590477733180356797615
O00003,C0023,2025-08-08,2025-08,Store,South,Consumer,831.00,41.5500,789.4500,0.0000,789.4500,8,0,1,1,789.4500,0,0.0004209289645515374984284145633
O00004,C0237,2025-11-13,2025-11,Store,South,Consumer,821.00,67.8000,753.2000,0.0000,753.2000,4,0,1,1,753.2000,0,0.0004016007297488353205602404827
O00005,C0270,2025-10-16,2025-10,Store,East,Business,1263.00,199.2500,1063.7500,0.0000,1063.7500,12,0,1,1,1063.7500,0,0.0005671837178310190815798669855
O00007,C0228,2025-11-09,2025-11,Online,East,Business,959.00,56.7000,902.3000,0.0000,902.3000,5,0,1,1,902.3000,0,0.0004810997589649151749090613217
O00008,C0010,2025-03-17,2025-03,Online,West,Consumer,414.00,28.4000,385.6000,0.0000,385.6000,3,0,1,1,385.6000,0,0.0002055990990323299251301496683
O00009,C0286,2025-11-04,2025-11,Online,West,Business,477.00,5.2500,471.7500,0.0000,471.7500,7,0,1,1,471.7500,0,0.0002515336487772345492223757936
O00010,C0109,2025-07-03,2025-07,Store,West,Business,796.00,0.0000,796.0000,0.0000,796.0000,4,0,1,1,796.0000,0,0.0004244213766331292022914915351
O00011,C0280,2025-10-20,2025-10,Store,North,Business,2828.00,77.3500,2750.6500,406.6500,2344.0000,11,2,1,1,2344.0000,0.1818181818181818181818181818,0.001249803651794038756496552963
O00012,C0293,2025-12-02,2025-12,Online,North,Business,1372.00,146.8000,1225.2000,0.0000,1225.2000,13,0,1,1,1225.2000,0,0.0006532676766971229882506726492
O00013,C0250,2025-05-23,2025-05,Online,West,Consumer,268.00,53.6000,214.4000,0.0000,214.4000,2,0,1,1,214.4000,0,0.0001143165114951543982051454587
O00014,C0064,2025-07-10,2025-07,Online,North,Business,320.00,16.0000,304.0000,304.0000,0.0000,4,4,1,1,0.0000,1,0
O00015,C0056,2025-08-12,2025-08,Store,North,Consumer,3232.00,307.5000,2924.5000,0.0000,2924.5000,12,0,1,1,2924.5000,0,0.001559322004979379839323450998
O00016,C0275,2025-06-01,2025-06,Store,East,Business,1975.00,137.9500,1837.0500,0.0000,1837.0500,9,0,1,1,1837.0500,0,0.0009795016205325251269718398549
O00017,C0135,2025-09-30,2025-09,Store,West,Consumer,1984.00,159.5000,1824.5000,0.0000,1824.5000,10,0,1,1,1824.5000,0,0.0009728100523456585798754099319
O00018,C0212,2025-02-24,2025-02,Online,East,Consumer,1294.00,28.3500,1265.6500,359.1000,906.5500,11,2,1,1,906.5500,0.1818181818181818181818181818,0.0004833658278728181888660196622
O00019,C0117,2025-11-01,2025-11,Online,North,Consumer,762.00,38.1000,723.9000,0.0000,723.9000,3,0,1,1,723.9000,0,0.0003859781841014098361040335707
O00020,C0076,2025-03-24,2025-03,Store,East,Consumer,1256.00,46.2000,1209.8000,422.0000,787.8000,8,2,1,1,787.8000,0.25,0.0004200491966225869165392425017
O00021,C0298,2025-09-06,2025-09,Store,North,Business,698.00,126.2000,571.8000,0.0000,571.8000,4,0,1,1,571.8000,0,0.0003048795768326925601385362560
O00022,C0058,2025-10-21,2025-10,Store,North,Consumer,1241.00,70.5000,1170.5000,83.7000,1086.8000,12,1,1,1,1086.8000,0.08333333333333333333333333333,0.0005794738092021166043346645733
O00023,C0152,2025-03-04,2025-03,Online,West,Business,364.00,26.2000,337.8000,0.0000,337.8000,5,0,1,1,337.8000,0,0.0001801124887269736740377711565
O00025,C0085,2025-12-03,2025-12,Online,South,Consumer,1016.00,50.8000,965.2000,0.0000,965.2000,4,0,1,1,965.2000,0,0.0005146375788018797814720447609
O00026,C0062,2025-05-16,2025-05,Store,West,Business,268.00,16.0000,252.0000,0.0000,252.0000,2,0,1,1,252.0000,0,0.0001343645564215434158008239533
O00027,C0149,2025-05-19,2025-05,Online,East,Business,910.00,15.0000,895.0000,0.0000,895.0000,6,0,1,1,895.0000,0,0.0004772074523701641156418152310
O00028,C0042,2025-04-22,2025-04,Store,South,Consumer,1075.00,12.1500,1062.8500,0.0000,1062.8500,7,0,1,1,1062.8500,0,0.0005667038444152278550948640428
O00029,C0001,2025-11-30,2025-11,Store,East,Business,774.00,23.1000,750.9000,0.0000,750.9000,6,0,1,1,750.9000,0,0.0004003743865751466306541218514
O00030,C0025,2025-12-11,2025-12,Online,East,Business,1701.00,92.2000,1608.8000,0.0000,1608.8000,13,0,1,1,1608.8000,0,0.0008578003903610279656363713337
O00031,C0142,2025-11-08,2025-11,Store,West,Business,752.00,150.4000,601.6000,0.0000,601.6000,4,0,1,1,601.6000,0,0.0003207687188222242815308559140
O00034,C0080,2025-05-28,2025-05,Online,East,Consumer,405.00,81.0000,324.0000,0.0000,324.0000,5,0,1,1,324.0000,0,0.0001727544296848415346010593686
O00035,C0106,2025-01-03,2025-01,Online,East,Business,398.00,19.9000,378.1000,0.0000,378.1000,2,0,1,1,378.1000,0,0.0002016001539007363710884584792
O00036,C0212,2025-04-16,2025-04,Online,East,Consumer,1727.00,302.6000,1424.4000,0.0000,1424.4000,13,0,1,1,1424.4000,0,0.0007594796593922477835979906314
O00037,C0157,2025-06-21,2025-06,Online,West,Business,1866.00,42.4500,1823.5500,116.8500,1706.7000,12,1,1,1,1706.7000,0.08333333333333333333333333333,0.0009099999541454291577272469886
O00038,C0195,2025-02-27,2025-02,Store,West,Business,35.00,1.7500,33.2500,0.0000,33.2500,1,0,1,1,33.2500,0,0.00001772865675006475625149760495
O00039,C0062,2025-01-31,2025-01,Online,West,Business,588.00,29.4000,558.6000,0.0000,558.6000,3,0,1,1,558.6000,0,0.0002978414334010879050251597632
O00040,C0276,2025-08-08,2025-08,Store,South,Business,1150.00,92.8500,1057.1500,88.3500,968.8000,9,1,1,1,968.8000,0.1111111111111111111111111111,0.0005165570724650446874120565316
O00042,C0241,2025-06-25,2025-06,Online,North,Consumer,1493.00,223.9000,1269.1000,0.0000,1269.1000,7,0,1,1,1269.1000,0,0.0006766748355340505912413717427
O00043,C0259,2025-08-14,2025-08,Online,North,Business,156.00,7.8000,148.2000,0.0000,148.2000,2,0,1,1,148.2000,0,0.00007901915580028862786381789636
O00044,C0290,2025-10-04,2025-10,Store,South,Business,2120.00,50.8000,2069.2000,0.0000,2069.2000,9,0,1,1,2069.2000,0,0.001103282302172450936408987794
O00045,C0118,2025-08-25,2025-08,Store,West,Business,1432.00,56.9000,1375.1000,0.0000,1375.1000,5,0,1,1,1375.1000,0,0.0007331932600605728216972738818
O00046,C0208,2025-04-08,2025-04,Online,East,Business,924.00,46.2000,877.8000,0.0000,877.8000,4,0,1,1,877.8000,0,0.0004680365382017095650395367707
O00047,C0297,2025-06-07,2025-06,Store,East,Business,2440.00,112.9500,2327.0500,0.0000,2327.0500,12,0,1,1,2327.0500,0,0.001240766035796637324362330875
O00048,C0143,2025-11-30,2025-11,Online,West,Business,1251.00,125.1000,1125.9000,0.0000,1125.9000,6,0,1,1,1125.9000,0,0.0006003216431548243327386813057
O00049,C0259,2025-04-12,2025-04,Store,North,Business,1320.00,26.8000,1293.2000,381.9000,911.3000,8,3,1,1,911.3000,0.375,0.0004858984931228274397590907486
O00050,C0256,2025-04-09,2025-04,Online,North,Consumer,879.00,122.0000,757.0000,0.0000,757.0000,6,0,1,1,757.0000,0,0.0004036268619488427212746973518
O00051,C0178,2025-06-26,2025-06,Store,East,Consumer,2372.00,225.9500,2146.0500,0.0000,2146.0500,14,0,1,1,2146.0500,0,0.001144258159954179553489516845
O00052,C0198,2025-11-11,2025-11,Store,West,Consumer,882.00,88.2000,793.8000,0.0000,793.8000,3,0,1,1,793.8000,0,0.0004232483527278617597725954530
O00053,C0114,2025-08-30,2025-08,Store,North,Business,1859.00,290.8000,1568.2000,0.0000,1568.2000,10,0,1,1,1568.2000,0,0.0008361527673820015264240163635
O00054,C0174,2025-05-04,2025-05,Online,South,Consumer,401.00,73.2000,327.8000,0.0000,327.8000,4,0,1,1,327.8000,0,0.0001747805618848489353155162377
O00055,C0126,2025-06-21,2025-06,Store,South,Business,1136.00,227.2000,908.8000,0.0000,908.8000,4,0,1,1,908.8000,0,0.0004845655114122962550785270190
O00056,C0130,2025-04-19,2025-04,Store,West,Business,1783.00,279.4500,1503.5500,0.0000,1503.5500,7,0,1,1,1503.5500,0,0.0008016818603476650905846383135
O00057,C0285,2025-08-11,2025-08,Store,East,Consumer,693.00,120.1500,572.8500,0.0000,572.8500,7,0,1,1,572.8500,0,0.0003054394291511156577043730225
O00058,C0151,2025-04-19,2025-04,Store,South,Business,1203.00,90.6500,1112.3500,0.0000,1112.3500,10,0,1,1,1112.3500,0,0.0005930968822837453117700258908
O00059,C0277,2025-06-20,2025-06,Store,West,Consumer,1255.00,34.6500,1220.3500,294.0000,926.3500,6,1,1,1,926.3500,0.1666666666666666666666666667,0.0004939230430202251715360844014
O00060,C0140,2025-12-08,2025-12,Online,East,Consumer,2066.00,286.2000,1779.8000,0.0000,1779.8000,9,0,1,1,1779.8000,0,0.0009489763393613609977869304449
O00061,C0242,2025-10-16,2025-10,Online,South,Business,752.00,37.6000,714.4000,0.0000,714.4000,4,0,1,1,714.4000,0,0.0003809128536013913343178913978
O00062,C0271,2025-05-22,2025-05,Store,West,Consumer,588.00,58.8000,529.2000,0.0000,529.2000,3,0,1,1,529.2000,0,0.0002821655684852411731817303020
O00063,C0256,2025-06-23,2025-06,Online,North,Consumer,680.00,75.0000,605.0000,0.0000,605.0000,7,0,1,1,605.0000,0,0.0003225815739485466926964225863
O00064,C0016,2025-05-25,2025-05,Online,East,Consumer,1920.00,138.2000,1781.8000,0.0000,1781.8000,8,0,1,1,1781.8000,0,0.0009500427247297859455313814287
O00065,C0122,2025-12-17,2025-12,Online,North,Business,1597.00,319.4000,1277.6000,0.0000,1277.6000,7,0,1,1,1277.6000,0,0.0006812069733498566191552884237
O00066,C0076,2025-10-06,2025-10,Online,East,Consumer,1920.00,111.0000,1809.0000,0.0000,1809.0000,11,0,1,1,1809.0000,0,0.0009645455657403652348559148078
O00067,C0251,2025-08-05,2025-08,Online,North,Consumer,2293.00,96.2000,2196.8000,128.0000,2068.8000,15,2,1,1,2068.8000,0.1333333333333333333333333333,0.001103069025098765946860097598
O00068,C0005,2025-06-29,2025-06,Online,South,Business,1243.00,85.4500,1157.5500,0.0000,1157.5500,11,0,1,1,1157.5500,0,0.0006171971916101491307946181237
O00069,C0139,2025-12-01,2025-12,Store,North,Business,867.00,86.7000,780.3000,0.0000,780.3000,8,0,1,1,780.3000,0,0.0004160502514909933624975513126
O00070,C0230,2025-11-15,2025-11,Online,East,Consumer,1923.00,334.3000,1588.7000,452.7000,1136.0000,8,3,1,1,1136.0000,0.375,0.0006057068892653703188481587737
O00071,C0020,2025-02-16,2025-02,Store,West,Consumer,615.00,0.0000,615.0000,0.0000,615.0000,5,0,1,1,615.0000,0,0.0003279135007906714314186775051
O00074,C0026,2025-10-23,2025-10,Store,South,Consumer,1099.00,109.9000,989.1000,0.0000,989.1000,7,0,1,1,989.1000,0,0.0005273808839545579070182340168
O00075,C0225,2025-11-06,2025-11,Store,North,Consumer,916.00,97.4000,818.6000,0.0000,818.6000,7,0,1,1,818.6000,0,0.0004364715312963311118037876515
O00076,C0270,2025-01-02,2025-01,Online,East,Business,930.00,132.4000,797.6000,0.0000,797.6000,10,0,1,1,797.6000,0,0.0004252744849278691604870523221
O00078,C0180,2025-09-24,2025-09,Online,West,Consumer,634.00,27.1500,606.8500,0.0000,606.8500,9,0,1,1,606.8500,0,0.0003235679804143397693600397463
O00079,C0106,2025-06-15,2025-06,Online,East,Business,2681.00,320.8000,2360.2000,0.0000,2360.2000,12,0,1,1,2360.2000,0,0.001258441373278280833226605931
O00080,C0063,2025-08-27,2025-08,Store,West,Consumer,930.00,52.6500,877.3500,0.0000,877.3500,4,0,1,1,877.3500,0,0.0004677966014938139517970352994
O00081,C0094,2025-06-05,2025-06,Online,West,Consumer,1155.00,161.7000,993.3000,0.0000,993.3000,10,0,1,1,993.3000,0,0.0005296202932282502972815810827
O00082,C0225,2025-04-07,2025-04,Online,North,Consumer,1771.00,266.4000,1504.6000,0.0000,1504.6000,14,0,1,1,1504.6000,0,0.0008022417126660881881504750800
O00083,C0136,2025-02-08,2025-02,Store,West,Consumer,1717.00,280.1000,1436.9000,650.4000,786.5000,7,3,1,1,786.5000,0.4285714285714285714285714286,0.0004193560461331107005053493622
O00084,C0223,2025-06-27,2025-06,Store,East,Consumer,1703.00,206.5500,1496.4500,157.5000,1338.9500,18,5,1,1,1338.9500,0.2777777777777777777777777778,0.0007139183445262918912163223504
O00085,C0108,2025-03-27,2025-03,Store,East,Business,1155.00,57.7500,1097.2500,0.0000,1097.2500,5,0,1,1,1097.2500,0,0.0005850456727521369562994209634
O00086,C0279,2025-01-27,2025-01,Online,South,Business,828.00,41.4000,786.6000,0.0000,786.6000,4,0,1,1,786.6000,0,0.0004194093654015319478925719114
O00087,C0129,2025-10-13,2025-10,Online,North,Business,244.00,48.8000,195.2000,0.0000,195.2000,2,0,1,1,195.2000,0,0.0001040792119582748998584160146
O00088,C0006,2025-04-19,2025-04,Store,East,Consumer,536.00,0.0000,536.0000,0.0000,536.0000,4,0,1,1,536.0000,0,0.0002857912787378859955128636467
O00089,C0020,2025-08-12,2025-08,Store,West,Consumer,498.00,99.6000,398.4000,0.0000,398.4000,2,0,1,1,398.4000,0,0.0002124239653902495906946359643
O00090,C0111,2025-12-27,2025-12,Online,South,Business,1201.00,19.7000,1181.3000,0.0000,1181.3000,5,0,1,1,1181.3000,0,0.0006298605178601953852599735558
O00091,C0062,2025-08-23,2025-08,Store,West,Business,3131.00,187.8000,2943.2000,0.0000,2943.2000,14,0,1,1,2943.2000,0,0.001569292708174153100734067696
O00093,C0179,2025-08-04,2025-08,Store,East,Consumer,462.00,46.2000,415.8000,0.0000,415.8000,4,0,1,1,415.8000,0,0.0002217015180955466360713595230
O00094,C0008,2025-06-14,2025-06,Store,North,Consumer,529.00,58.5500,470.4500,0.0000,470.4500,5,0,1,1,470.4500,0,0.0002508404982877583331884826541
O00095,C0235,2025-03-19,2025-03,Online,North,Business,376.00,18.8000,357.2000,0.0000,357.2000,2,0,1,1,357.2000,0,0.0001904564268006956671589456989
O00096,C0153,2025-10-24,2025-10,Online,East,Business,1330.00,78.8000,1251.2000,0.0000,1251.2000,6,0,1,1,1251.2000,0,0.0006671306864866473089285354381
O00097,C0132,2025-05-03,2025-05,Store,North,Consumer,1463.00,73.1500,1389.8500,0.0000,1389.8500,11,0,1,1,1389.8500,0,0.0007410578521527068113125998870
O00098,C0299,2025-06-28,2025-06,Online,North,Consumer,2625.00,81.3000,2543.7000,0.0000,2543.7000,14,0,1,1,2543.7000,0,0.001356282230831269788779983691
O00099,C0117,2025-12-23,2025-12,Online,North,Consumer,1984.00,86.7500,1897.2500,0.0000,1897.2500,11,0,1,1,1897.2500,0,0.001011599820122116054079814466
O00100,C0016,2025-01-16,2025-01,Online,East,Consumer,1838.00,219.2000,1618.8000,0.0000,1618.8000,9,0,1,1,1618.8000,0,0.0008631323172031527043586262525
O00101,C0025,2025-04-22,2025-04,Store,East,Business,813.00,162.6000,650.4000,0.0000,650.4000,3,0,1,1,650.4000,0,0.0003467885218117930064954599176
O00102,C0102,2025-10-05,2025-10,Store,North,Consumer,390.00,0.0000,390.0000,0.0000,390.0000,5,0,1,1,390.0000,0,0.0002079451468428648101679418325
O00103,C0017,2025-09-15,2025-09,Online,South,Consumer,1919.00,163.7000,1755.3000,357.2000,1398.1000,8,2,1,1,1398.1000,0.25,0.0007454566917974597207584601950
O00104,C0148,2025-12-28,2025-12,Online,East,Consumer,1644.00,204.4000,1439.6000,0.0000,1439.6000,13,0,1,1,1439.6000,0,0.0007675841881922773864558181079
O00105,C0225,2025-11-07,2025-11,Store,North,Consumer,498.00,99.6000,398.4000,0.0000,398.4000,2,0,1,1,398.4000,0,0.0002124239653902495906946359643
O00106,C0006,2025-10-12,2025-10,Store,East,Consumer,1553.00,205.1000,1347.9000,0.0000,1347.9000,7,0,1,1,1347.9000,0,0.0007186904190499935323727405027
O00107,C0069,2025-05-20,2025-05,Store,South,Business,68.00,6.8000,61.2000,0.0000,61.2000,1,0,1,1,61.2000,0,0.00003263139227380340098020010295
O00108,C0150,2025-06-29,2025-06,Store,West,Business,1604.00,0.0000,1604.0000,0.0000,1604.0000,6,0,1,1,1604.0000,0,0.0008552410654768080910496889727
O00110,C0025,2025-07-28,2025-07,Online,East,Business,1782.00,178.2000,1603.8000,0.0000,1603.8000,9,0,1,1,1603.8000,0,0.0008551344269399655962752438743
O00111,C0084,2025-01-16,2025-01,Online,West,Business,1076.00,53.8000,1022.2000,0.0000,1022.2000,4,0,1,1,1022.2000,0,0.0005450295618019907921888977979
O00112,C0107,2025-10-23,2025-10,Online,South,Consumer,832.00,83.2000,748.8000,0.0000,748.8000,6,0,1,1,748.8000,0,0.0003992546819383004355224483184
O00113,C0026,2025-06-26,2025-06,Store,South,Consumer,1500.00,210.0000,1290.0000,0.0000,1290.0000,5,0,1,1,1290.0000,0,0.0006878185626340912951708845229
O00114,C0074,2025-01-27,2025-01,Online,South,Business,162.00,0.0000,162.0000,0.0000,162.0000,2,0,1,1,162.0000,0,0.00008637721484242076730052968428
O00116,C0294,2025-10-27,2025-10,Online,South,Consumer,1594.00,226.4000,1367.6000,0.0000,1367.6000,9,0,1,1,1367.6000,0,0.0007291943149289792676555826927
O00118,C0027,2025-07-28,2025-07,Store,North,Consumer,1055.00,105.5000,949.5000,0.0000,949.5000,5,0,1,1,949.5000,0,0.0005062664536597439416781045384
O00119,C0054,2025-06-29,2025-06,Online,East,Business,2188.00,334.3000,1853.7000,184.8000,1668.9000,11,1,1,1,1668.9000,0.09090909090909090909090909091,0.0008898452706821976453571233956
O00120,C0102,2025-09-23,2025-09,Online,North,Consumer,1150.00,117.2000,1032.8000,0.0000,1032.8000,6,0,1,1,1032.8000,0,0.0005506814042546430152344880119
O00121,C0136,2025-03-14,2025-03,Online,West,Consumer,1208.00,107.6000,1100.4000,0.0000,1100.4000,7,0,1,1,1100.4000,0,0.0005867252297074062489969312628
O00122,C0094,2025-07-31,2025-07,Store,West,Consumer,2769.00,304.8000,2464.2000,0.0000,2464.2000,18,0,1,1,2464.2000,0,0.001313893412436378115938057086
O00123,C0120,2025-06-29,2025-06,Online,South,Consumer,1931.00,166.0000,1765.0000,0.0000,1765.0000,13,0,1,1,1765.0000,0,0.0009410850876350163844779931651
O00124,C0161,2025-04-12,2025-04,Online,West,Consumer,1992.00,183.6000,1808.4000,0.0000,1808.4000,13,0,1,1,1808.4000,0,0.0009642256501298377505325795126
O00125,C0169,2025-01-23,2025-01,Store,North,Consumer,1541.00,154.1000,1386.9000,0.0000,1386.9000,6,0,1,1,1386.9000,0,0.0007394849337342800133895346859
O00126,C0208,2025-09-29,2025-09,Store,East,Business,2028.00,256.4000,1771.6000,0.0000,1771.6000,12,0,1,1,1771.6000,0,0.0009446041593508187120346814115
O00130,C0005,2025-09-21,2025-09,Store,South,Business,2904.00,242.4000,2661.6000,186.2000,2475.4000,14,1,1,1,2475.4000,0.07142857142857142857142857143,0.001319865170499557823306982595
O00131,C0293,2025-04-24,2025-04,Store,North,Business,1103.00,81.9500,1021.0500,0.0000,1021.0500,7,0,1,1,1021.0500,0,0.0005444163902151464472358384823
O00132,C0104,2025-07-04,2025-07,Online,North,Business,3303.00,284.2500,3018.7500,0.0000,3018.7500,13,0,1,1,3018.7500,0,0.001609575415466405501780703607
O00134,C0222,2025-07-22,2025-07,Store,East,Consumer,134.00,13.4000,120.6000,0.0000,120.6000,1,0,1,1,120.6000,0,0.00006430303771602434899039432052
O00135,C0275,2025-05-28,2025-05,Online,East,Business,1789.00,216.0500,1572.9500,0.0000,1572.9500,9,0,1,1,1572.9500,0,0.0008386854326320107773170874499
O00136,C0232,2025-10-17,2025-10,Store,East,Business,1478.00,149.6500,1328.3500,0.0000,1328.3500,6,0,1,1,1328.3500,0,0.0007082665020736396681707321365
O00137,C0084,2025-11-06,2025-11,Online,West,Business,1699.00,62.7500,1636.2500,0.0000,1636.2500,10,0,1,1,1636.2500,0,0.0008724365295426603734289610858
O00138,C0270,2025-09-05,2025-09,Store,East,Business,1480.00,74.5000,1405.5000,0.0000,1405.5000,8,0,1,1,1405.5000,0,0.0007494023176606320274129288349
O00139,C0162,2025-11-26,2025-11,Store,South,Consumer,2905.00,473.8000,2431.2000,369.6000,2061.6000,18,2,1,1,2061.6000,0.1111111111111111111111111111,0.001099230037772436134980074056
O00140,C0081,2025-08-11,2025-08,Online,North,Consumer,995.00,199.0000,796.0000,0.0000,796.0000,5,0,1,1,796.0000,0,0.0004244213766331292022914915351
O00141,C0215,2025-01-12,2025-01,Online,North,Consumer,134.00,26.800,107.200,0.000,107.200,1,0,1,1,107.200,0,0.00005715825574757719910257272935
O00142,C0253,2025-03-14,2025-03,Online,North,Consumer,1499.00,144.2000,1354.8000,0.0000,1354.8000,11,0,1,1,1354.8000,0,0.0007223694485710596020910963967
O00144,C0185,2025-08-18,2025-08,Online,North,Consumer,2227.00,33.5000,2193.5000,509.2000,1684.3000,12,4,1,1,1684.3000,0.3333333333333333333333333333,0.0008980564380190697429893959705
O00145,C0268,2025-03-17,2025-03,Store,North,Consumer,1312.00,228.3500,1083.6500,0.0000,1083.6500,7,0,1,1,1083.6500,0,0.0005777942522468473116371542739
O00146,C0258,2025-03-05,2025-03,Store,South,Business,779.00,99.0000,680.0000,0.0000,680.0000,3,0,1,1,680.0000,0,0.0003625710252644822331133344772
O00148,C0178,2025-10-05,2025-10,Store,East,Consumer,3445.00,405.0000,3040.0000,0.0000,3040.0000,15,0,1,1,3040.0000,0,0.001620905760005920571565495310
O00149,C0058,2025-09-14,2025-09,Store,North,Consumer,2298.00,0.0000,2298.0000,0.0000,2298.0000,10,0,1,1,2298.0000,0,0.001225276788320264958374180336
O00150,C0293,2025-10-26,2025-10,Online,North,Business,1679.00,50.8000,1628.2000,588.0000,1040.2000,6,2,1,1,1040.2000,0.3333333333333333333333333333,0.0005546270301178153218889566518
O00151,C0031,2025-04-16,2025-04,Store,South,Consumer,462.00,0.0000,462.0000,0.0000,462.0000,2,0,1,1,462.0000,0,0.0002463350201061629289681772478
O00152,C0280,2025-07-11,2025-07,Store,North,Business,567.00,56.700,510.300,0.000,510.300,3,0,1,1,510.300,0,0.0002720882267536254169966685055
O00153,C0087,2025-01-01,2025-01,Online,North,Business,2043.00,107.4000,1935.6000,0.0000,1935.6000,10,0,1,1,1935.6000,0,0.001032047759561664427079662080
O00154,C0047,2025-04-14,2025-04,Online,West,Consumer,244.00,0.0000,244.0000,0.0000,244.0000,2,0,1,1,244.0000,0,0.0001300990149478436248230200183
O00155,C0162,2025-10-29,2025-10,Online,South,Consumer,366.00,18.3000,347.7000,0.0000,347.7000,3,0,1,1,347.7000,0,0.0001853910963006771653728035261
O00156,C0029,2025-10-16,2025-10,Online,East,Consumer,284.00,0.0000,284.0000,0.0000,284.0000,1,0,1,1,284.0000,0,0.0001514267223163425797120396934
O00157,C0126,2025-07-10,2025-07,Online,South,Business,1606.00,301.3000,1304.7000,0.0000,1304.7000,6,0,1,1,1304.7000,0,0.0006956564950920146610925992536
O00158,C0092,2025-02-26,2025-02,Store,East,Consumer,663.00,106.3500,556.6500,0.0000,556.6500,9,0,1,1,556.6500,0,0.0002968017076668735809743200540
O00159,C0089,2025-01-05,2025-01,Store,South,Business,1200.00,60.0000,1140.0000,0.0000,1140.0000,4,0,1,1,1140.0000,0,0.0006078396600022202143370607412
O00160,C0192,2025-10-07,2025-10,Store,South,Business,140.00,28.0000,112.0000,0.0000,112.0000,4,0,1,1,112.0000,0,0.00005971758063179707368925509036
O00161,C0078,2025-08-07,2025-08,Online,West,Consumer,2429.00,27.9000,2401.1000,0.0000,2401.1000,13,0,1,1,2401.1000,0,0.001280248954062571014600628549
O00162,C0245,2025-05-31,2025-05,Online,North,Consumer,938.00,60.3000,877.7000,120.6000,757.1000,7,1,1,1,757.1000,0.1428571428571428571428571429,0.0004036801812172639686619199010
O00163,C0288,2025-09-12,2025-09,Store,East,Consumer,2091.00,418.2000,1672.8000,0.0000,1672.8000,9,0,1,1,1672.8000,0,0.0008919247221506262934588028139
O00164,C0088,2025-10-09,2025-10,Online,West,Business,900.00,0.0000,900.0000,0.0000,900.0000,3,0,1,1,900.0000,0,0.0004798734157912264850029426904
O00165,C0046,2025-08-07,2025-08,Store,West,Consumer,2260.00,262.1000,1997.9000,0.0000,1997.9000,12,0,1,1,1997.9000,0,0.001065265663788101549319310224
O00166,C0285,2025-12-09,2025-12,Store,East,Consumer,266.00,49.7000,216.3000,0.0000,216.3000,2,0,1,1,216.3000,0,0.0001153295775951580985623738933
O00167,C0019,2025-07-11,2025-07,Online,North,Business,2717.00,74.7000,2642.3000,0.0000,2642.3000,13,0,1,1,2642.3000,0,0.001408855029494619712581417190
O00168,C0293,2025-07-25,2025-07,Store,North,Business,162.00,32.4000,129.6000,0.0000,129.6000,2,0,1,1,129.6000,0,0.00006910177187393661384042374742
O00169,C0060,2025-12-30,2025-12,Store,South,Business,1155.00,0.0000,1155.0000,0.0000,1155.0000,5,0,1,1,1155.0000,0,0.0006158375502654073224204431194
O00170,C0280,2025-04-30,2025-04,Online,North,Business,402.00,20.1000,381.9000,0.0000,381.9000,3,0,1,1,381.9000,0,0.0002036262861007437718029153483
O00171,C0208,2025-02-24,2025-02,Online,East,Business,733.00,19.5000,713.5000,0.0000,713.5000,5,0,1,1,713.5000,0,0.0003804329801856001078328884551
O00172,C0242,2025-12-12,2025-12,Online,South,Business,670.00,134.0000,536.0000,0.0000,536.0000,5,0,1,1,536.0000,0,0.0002857912787378859955128636467
O00173,C0188,2025-11-28,2025-11,Store,South,Business,294.00,58.8000,235.2000,0.0000,235.2000,1,0,1,1,235.2000,0,0.0001254069193267738547474356898
O00174,C0244,2025-08-17,2025-08,Store,South,Consumer,1890.00,94.5000,1795.5000,0.0000,1795.5000,10,0,1,1,1795.5000,0,0.0009573474645034968375808706674
O00175,C0181,2025-11-30,2025-11,Online,West,Business,437.00,41.9500,395.0500,0.0000,395.0500,4,0,1,1,395.0500,0,0.0002106377698981378032226805665
O00176,C0105,2025-09-28,2025-09,Online,South,Business,498.00,0.0000,498.0000,0.0000,498.0000,2,0,1,1,498.0000,0,0.0002655299567378119883682949554
O00177,C0236,2025-01-05,2025-01,Store,West,Business,1583.00,148.2000,1434.8000,0.0000,1434.8000,7,0,1,1,1434.8000,0,0.0007650248633080575118691357469
O00178,C0165,2025-07-09,2025-07,Online,West,Consumer,2423.00,188.7500,2234.2500,0.0000,2234.2500,13,0,1,1,2234.2500,0,0.001191285754701719749019805229
O00179,C0096,2025-06-18,2025-06,Store,North,Consumer,1844.00,33.5000,1810.5000,0.0000,1810.5000,13,0,1,1,1810.5000,0,0.0009653453547666839456642530456
O00180,C0290,2025-11-13,2025-11,Online,South,Business,874.00,159.2000,714.8000,0.0000,714.8000,5,0,1,1,714.8000,0,0.0003811261306750763238667815946
O00181,C0146,2025-01-23,2025-01,Online,South,Consumer,2385.00,357.9000,2027.1000,0.0000,2027.1000,11,0,1,1,2027.1000,0,0.001080834890167105786388294586
O00183,C0203,2025-02-21,2025-02,Store,South,Business,1065.00,75.4500,989.5500,0.0000,989.5500,7,0,1,1,989.5500,0,0.0005276208206624535202607354881
O00185,C0055,2025-07-13,2025-07,Online,East,Consumer,3767.00,472.9000,3294.1000,0.0000,3294.1000,15,0,1,1,3294.1000,0,0.001756390021064310182497992796
O00186,C0157,2025-04-30,2025-04,Store,West,Business,1624.00,80.2000,1543.8000,0.0000,1543.8000,13,0,1,1,1543.8000,0,0.0008231428658872171639417143616
O00187,C0108,2025-01-23,2025-01,Store,East,Business,480.00,38.2500,441.7500,0.0000,441.7500,7,0,1,1,441.7500,0,0.0002355378682508603330556110372
O00188,C0287,2025-12-18,2025-12,Online,South,Consumer,1989.00,140.1000,1848.9000,0.0000,1848.9000,7,0,1,1,1848.9000,0,0.0009858199538404429423577119337
O00189,C0294,2025-01-20,2025-01,Store,South,Consumer,1064.00,6.8000,1057.2000,340.0000,717.2000,10,5,1,1,717.2000,0.5,0.0003824057931171862611601227751
O00190,C0016,2025-06-17,2025-06,Online,East,Consumer,311.00,31.1000,279.9000,0.0000,279.9000,2,0,1,1,279.9000,0,0.0001492406323110714368359151767
O00191,C0129,2025-01-20,2025-01,Store,North,Business,2646.00,206.8500,2439.1500,0.0000,2439.1500,12,0,1,1,2439.1500,0,0.001300536935696855645438808515
O00192,C0013,2025-03-16,2025-03,Online,West,Business,422.00,21.1000,400.9000,0.0000,400.9000,2,0,1,1,400.9000,0,0.0002137569471007807753751996940
O00193,C0181,2025-11-25,2025-11,Online,West,Business,610.00,61.0000,549.0000,549.0000,0.0000,5,5,1,1,0.0000,1,0
O00194,C0011,2025-08-11,2025-08,Online,North,Business,1158.00,93.0000,1065.0000,0.0000,1065.0000,8,0,1,1,1065.0000,0,0.0005678502086862846739201488503
O00195,C0030,2025-12-11,2025-12,Store,South,Business,1259.00,164.5500,1094.4500,0.0000,1094.4500,7,0,1,1,1094.4500,0,0.0005835527332363420294571895861
O00196,C0074,2025-05-07,2025-05,Online,South,Business,572.00,13.3500,558.6500,0.0000,558.6500,4,0,1,1,558.6500,0,0.0002978680930352985287187710378
O00197,C0186,2025-01-14,2025-01,Store,North,Consumer,1306.00,45.7000,1260.3000,0.0000,1260.3000,8,0,1,1,1260.3000,0,0.0006719827399129808211657874142
O00198,C0165,2025-08-05,2025-08,Store,West,Consumer,568.00,0.0000,568.0000,0.0000,568.0000,2,0,1,1,568.0000,0,0.0003028534446326851594240793868
O00199,C0222,2025-09-29,2025-09,Store,East,Consumer,2984.00,277.0000,2707.0000,0.0000,2707.0000,11,0,1,1,2707.0000,0,0.001443352596163166772114406514
O00200,C0001,2025-04-01,2025-04,Online,East,Business,1754.00,33.5000,1720.5000,0.0000,1720.5000,9,0,1,1,1720.5000,0,0.0009173580131875612971639587765
O00201,C0278,2025-09-05,2025-09,Store,North,Consumer,2499.00,131.4000,2367.6000,145.8000,2221.8000,16,2,1,1,2221.8000,0.125,0.001184647505783274449310597855
O00202,C0039,2025-09-03,2025-09,Online,North,Business,243.00,24.3000,218.7000,0.0000,218.7000,3,0,1,1,218.7000,0,0.0001166092400372680358557150738
O00203,C0194,2025-10-31,2025-10,Store,North,Consumer,808.00,129.6000,678.4000,0.0000,678.4000,8,0,1,1,678.4000,0,0.0003617179169697422749177736902
O00204,C0147,2025-11-27,2025-11,Store,East,Business,996.00,0.0000,996.0000,0.0000,996.0000,4,0,1,1,996.0000,0,0.0005310599134756239767365899107
O00205,C0283,2025-04-14,2025-04,Store,East,Business,1712.00,260.0000,1452.0000,0.0000,1452.0000,11,0,1,1,1452.0000,0,0.0007741957774765120624714142072
O00206,C0215,2025-01-09,2025-01,Store,North,Consumer,1130.00,85.9000,1044.1000,264.6000,779.5000,4,1,1,1,779.5000,0.25,0.0004156236973436233833997709191
O00208,C0028,2025-04-20,2025-04,Store,West,Consumer,813.00,40.6500,772.3500,0.0000,772.3500,3,0,1,1,772.3500,0,0.0004118113696515041952133586522
O00209,C0230,2025-04-14,2025-04,Online,East,Consumer,1165.00,77.3000,1087.7000,110.7000,977.0000,10,1,1,1,977.0000,0.1,0.0005209292524755869731643055650
O00210,C0233,2025-07-26,2025-07,Online,South,Business,756.00,75.6000,680.4000,0.0000,680.4000,4,0,1,1,680.4000,0,0.0003627843023381672226622246740
O00211,C0056,2025-07-20,2025-07,Store,North,Consumer,1040.00,64.6000,975.4000,0.0000,975.4000,5,0,1,1,975.4000,0,0.0005200761441808470149687447780
O00212,C0136,2025-12-05,2025-12,Online,West,Consumer,410.00,0.0000,410.0000,0.0000,410.0000,3,0,1,1,410.0000,0,0.0002186090005271142876124516701
O00213,C0121,2025-02-02,2025-02,Online,West,Business,1274.00,127.4000,1146.6000,487.8000,658.8000,9,2,1,1,658.8000,0.2222222222222222222222222222,0.0003512673403591777870221540494
O00214,C0202,2025-11-30,2025-11,Online,South,Business,1184.00,68.0000,1116.0000,0.0000,1116.0000,9,0,1,1,1116.0000,0,0.0005950430355811208414036489361
O00215,C0190,2025-10-29,2025-10,Online,North,Business,588.00,85.6000,502.4000,0.0000,502.4000,6,0,1,1,502.4000,0,0.0002678760045483468734060871196
O00216,C0290,2025-11-08,2025-11,Online,South,Business,645.00,46.0500,598.9500,0.0000,598.9500,9,0,1,1,598.9500,0,0.0003193557582090612257694583605
O00217,C0239,2025-09-18,2025-09,Store,South,Consumer,330.00,39.2000,290.8000,134.0000,156.8000,2,1,1,1,156.8000,0.5,0.00008360461288451590316495712651
O00218,C0222,2025-02-27,2025-02,Online,East,Consumer,2603.00,288.8000,2314.2000,0.0000,2314.2000,11,0,1,1,2314.2000,0,0.001233914509804507035104233305
O00219,C0009,2025-11-26,2025-11,Store,South,Business,1912.00,142.0000,1770.0000,0.0000,1770.0000,9,0,1,1,1770.0000,0,0.0009437510510560787538391206245
O00220,C0034,2025-07-31,2025-07,Store,East,Consumer,1000.00,73.1000,926.9000,0.0000,926.9000,4,0,1,1,926.9000,0,0.0004942162989965420321658084219
O00221,C0123,2025-12-13,2025-12,Online,East,Consumer,1438.00,94.6000,1343.4000,107.2000,1236.2000,8,1,1,1,1236.2000,0.125,0.0006591327962234602008451530599
O00222,C0289,2025-04-18,2025-04,Store,West,Business,2208.00,311.6000,1896.4000,0.0000,1896.4000,12,0,1,1,1896.4000,0,0.001011146606340535451288422798
O00223,C0217,2025-12-19,2025-12,Store,South,Business,405.00,0.0000,405.0000,0.0000,405.0000,5,0,1,1,405.0000,0,0.0002159430371060519182513242107
O00224,C0289,2025-04-17,2025-04,Online,West,Business,613.00,29.2500,583.7500,0.0000,583.7500,8,0,1,1,583.7500,0,0.0003112512294090316229116308839
O00225,C0173,2025-03-27,2025-03,Online,West,Consumer,3569.00,281.9000,3287.1000,0.0000,3287.1000,16,0,1,1,3287.1000,0,0.001752657672274822865392414353
O00226,C0042,2025-03-20,2025-03,Store,South,Consumer,1140.00,86.2500,1053.7500,156.0000,897.7500,8,3,1,1,897.7500,0.375,0.0004786737322517484187904353337
O00227,C0240,2025-02-19,2025-02,Online,West,Business,140.00,14.0000,126.0000,0.0000,126.0000,4,0,1,1,126.0000,0,0.00006718227821077170790041197666
O00228,C0222,2025-05-03,2025-05,Store,East,Consumer,2224.00,226.6000,1997.4000,0.0000,1997.4000,12,0,1,1,1997.4000,0,0.001064999067445995312383197478
O00230,C0042,2025-03-04,2025-03,Online,South,Consumer,1578.00,80.4000,1497.6000,0.0000,1497.6000,7,0,1,1,1497.6000,0,0.0007985093638766008710448966369
O00231,C0116,2025-10-30,2025-10,Online,West,Business,1628.00,15.5000,1612.5000,0.0000,1612.5000,9,0,1,1,1612.5000,0,0.0008597732032926141189636056537
O00232,C0209,2025-09-03,2025-09,Store,West,Business,1438.00,78.4000,1359.6000,254.0000,1105.6000,6,1,1,1,1105.6000,0.1666666666666666666666666667,0.0005894978316653111131325038206
O00233,C0200,2025-05-17,2025-05,Online,West,Consumer,1074.00,214.8000,859.2000,249.6000,609.6000,7,4,1,1,609.6000,0.5714285714285714285714285714,0.0003250342602959240725086598490
O00234,C0038,2025-07-04,2025-07,Online,South,Consumer,2427.00,370.8000,2056.2000,0.0000,2056.2000,15,0,1,1,2056.2000,0,0.001096350797277688776070056400
O00235,C0142,2025-03-29,2025-03,Store,West,Business,160.00,32.0000,128.0000,64.0000,64.0000,2,1,1,1,64.0000,0.5,0.00003412433178959832782243148021
O00236,C0289,2025-10-14,2025-10,Online,West,Business,1420.00,0.0000,1420.0000,0.0000,1420.0000,5,0,1,1,1420.0000,0,0.0007571336115817128985601984671
O00237,C0264,2025-09-26,2025-09,Store,South,Business,1000.00,118.3000,881.7000,0.0000,881.7000,9,0,1,1,881.7000,0,0.0004701159896701382131412161891
O00238,C0063,2025-04-16,2025-04,Store,West,Consumer,1907.00,111.6000,1795.4000,0.0000,1795.4000,9,0,1,1,1795.4000,0,0.0009572941452350755901936481182
O00239,C0223,2025-08-24,2025-08,Online,East,Consumer,693.00,138.6000,554.4000,0.0000,554.4000,3,0,1,1,554.4000,0,0.0002956020241273955147618126973
O00240,C0085,2025-03-02,2025-03,Online,South,Consumer,105.00,21.0000,84.0000,0.0000,84.0000,3,0,1,1,84.0000,0,0.00004478818547384780526694131777
O00241,C0276,2025-06-24,2025-06,Online,South,Business,1136.00,19.5000,1116.5000,95.5000,1021.0000,7,2,1,1,1021.0000,0.2857142857142857142857142857,0.0005443897305809358235422272077
O00242,C0251,2025-07-26,2025-07,Store,North,Consumer,618.00,50.4000,567.6000,0.0000,567.6000,6,0,1,1,567.6000,0,0.0003026401675590001698751891901
O00243,C0213,2025-03-01,2025-03,Store,East,Business,140.00,17.5000,122.5000,0.0000,122.5000,4,0,1,1,122.5000,0,0.00006531610381602804934762275509
O00244,C0053,2025-05-17,2025-05,Online,West,Business,2461.00,259.7500,2201.2500,0.0000,2201.2500,15,0,1,1,2201.2500,0,0.001173690396122708111236363997
O00245,C0210,2025-11-16,2025-11,Online,North,Consumer,369.00,73.8000,295.2000,0.0000,295.2000,3,0,1,1,295.2000,0,0.0001573984803795222870809652025
O00247,C0246,2025-04-03,2025-04,Online,South,Consumer,610.00,30.5000,579.5000,0.0000,579.5000,5,0,1,1,579.5000,0,0.0003089851605011286089546725434
O00248,C0251,2025-09-03,2025-09,Online,North,Consumer,1237.00,56.0000,1181.0000,0.0000,1181.0000,6,0,1,1,1181.0000,0,0.0006297005600549316430983059082
O00249,C0158,2025-03-16,2025-03,Store,East,Consumer,1311.00,43.0000,1268.0000,0.0000,1268.0000,8,0,1,1,1268.0000,0,0.0006760883235814168699819237016
O00250,C0021,2025-12-31,2025-12,Online,West,Business,1420.00,142.0000,1278.0000,0.0000,1278.0000,5,0,1,1,1278.0000,0,0.0006814202504235416087041786204
O00251,C0172,2025-01-14,2025-01,Store,North,Consumer,1775.00,299.5000,1475.5000,0.0000,1475.5000,15,0,1,1,1475.5000,0,0.0007867258055555051984687132664
O00252,C0222,2025-12-21,2025-12,Online,East,Consumer,324.00,16.2000,307.8000,0.0000,307.8000,4,0,1,1,307.8000,0,0.0001641167082005994578710064001
O00253,C0167,2025-05-17,2025-05,Online,West,Consumer,1512.00,81.2000,1430.8000,0.0000,1430.8000,11,0,1,1,1430.8000,0,0.0007628920925712076163802337794
O00254,C0267,2025-10-11,2025-10,Online,West,Business,246.00,0.0000,246.0000,0.0000,246.0000,2,0,1,1,246.0000,0,0.0001311654003162685725674710020
O00255,C0015,2025-02-24,2025-02,Store,West,Consumer,1590.00,54.6000,1535.4000,249.0000,1286.4000,9,1,1,1,1286.4000,0.1111111111111111111111111111,0.0006858990689709263892308727522
O00256,C0109,2025-03-11,2025-03,Store,West,Business,1399.00,218.3000,1180.7000,0.0000,1180.7000,9,0,1,1,1180.7000,0,0.0006295406022496679009366382606
O00257,C0172,2025-08-13,2025-08,Store,North,Consumer,162.00,8.1000,153.9000,0.0000,153.9000,2,0,1,1,153.9000,0,0.00008205835410029972893550320006
O00258,C0152,2025-12-09,2025-12,Online,West,Business,564.00,28.2000,535.8000,0.0000,535.8000,3,0,1,1,535.8000,0,0.0002856846402010435007384185484
O00260,C0090,2025-10-26,2025-10,Online,West,Business,80.00,0.0000,80.0000,0.0000,80.0000,1,0,1,1,80.0000,0,0.00004265541473699790977803935026
O00262,C0075,2025-10-10,2025-10,Online,South,Business,3386.00,356.5000,3029.5000,0.0000,3029.5000,16,0,1,1,3029.5000,0,0.001615307236821689595907127645
O00263,C0151,2025-05-28,2025-05,Store,South,Business,1489.00,6.7000,1482.3000,0.0000,1482.3000,6,0,1,1,1482.3000,0,0.0007903515158081500207998466111
O00264,C0274,2025-06-25,2025-06,Online,North,Business,390.00,78.0000,312.0000,0.0000,312.0000,5,0,1,1,312.0000,0,0.0001663561174742918481343534660
O00265,C0039,2025-01-24,2025-01,Store,North,Business,1351.00,182.0000,1169.0000,823.6000,345.4000,7,5,1,1,345.4000,0.7142857142857142857142857143,0.0001841647531269884754666848947
O00266,C0049,2025-05-26,2025-05,Online,North,Consumer,243.00,12.1500,230.8500,0.0000,230.8500,3,0,1,1,230.8500,0,0.0001230875311504495934032548001
O00267,C0212,2025-08-18,2025-08,Online,East,Consumer,1330.00,129.5000,1200.5000,0.0000,1200.5000,12,0,1,1,1200.5000,0,0.0006400978173970748836067029998
O00268,C0021,2025-02-19,2025-02,Online,West,Business,1150.00,141.8000,1008.2000,214.4000,793.8000,5,2,1,1,793.8000,0.4,0.0004232483527278617597725954530
O00269,C0119,2025-07-25,2025-07,Online,North,Business,1671.00,90.2000,1580.8000,392.0000,1188.8000,8,2,1,1,1188.8000,0.25,0.0006338594629917889393016647449
O00270,C0106,2025-11-12,2025-11,Online,East,Business,1521.00,73.2000,1447.8000,0.0000,1447.8000,8,0,1,1,1447.8000,0,0.0007719563682028196722080671413
O00272,C0148,2025-11-13,2025-11,Store,East,Consumer,536.00,50.8000,485.2000,0.0000,485.2000,4,0,1,1,485.2000,0,0.0002587050903798923228038086593
O00273,C0066,2025-01-03,2025-01,Store,North,Business,3800.00,283.4000,3516.6000,0.0000,3516.6000,17,0,1,1,3516.6000,0,0.001875025393301585619068164739
O00274,C0170,2025-12-02,2025-12,Online,East,Business,2878.00,456.2000,2421.8000,0.0000,2421.8000,16,0,1,1,2421.8000,0,0.001291286042625769223755696231
O00275,C0235,2025-03-30,2025-03,Store,North,Business,1945.00,133.4500,1811.5500,0.0000,1811.5500,9,0,1,1,1811.5500,0,0.0009659052070851070432300898120
O00276,C0052,2025-01-03,2025-01,Online,North,Consumer,1136.00,113.6000,1022.4000,0.0000,1022.4000,4,0,1,1,1022.4000,0,0.0005451362003388332869633428963
O00278,C0166,2025-11-01,2025-11,Online,North,Business,366.00,36.6000,329.4000,0.0000,329.4000,3,0,1,1,329.4000,0,0.0001756336701795888935110770247
O00279,C0286,2025-11-25,2025-11,Online,West,Business,972.00,0.0000,972.0000,0.0000,972.0000,6,0,1,1,972.0000,0,0.0005182632890545246038031781057
O00280,C0138,2025-08-08,2025-08,Store,South,Business,588.00,117.6000,470.4000,156.8000,313.6000,3,1,1,1,313.6000,0.3333333333333333333333333333,0.0001672092257690318063299142530
O00281,C0228,2025-09-27,2025-09,Store,East,Business,1564.00,24.4000,1539.6000,0.0000,1539.6000,8,0,1,1,1539.6000,0,0.0008209034566135247736783672958
O00282,C0116,2025-06-27,2025-06,Online,West,Business,290.00,44.6000,245.4000,0.0000,245.4000,3,0,1,1,245.4000,0,0.0001308454847057410882441357069
O00283,C0041,2025-12-28,2025-12,Online,West,Business,1811.00,181.1000,1629.9000,0.0000,1629.9000,9,0,1,1,1629.9000,0,0.0008690507559979111643403292124
O00284,C0235,2025-01-23,2025-01,Online,North,Business,1537.00,247.7000,1289.3000,0.0000,1289.3000,8,0,1,1,1289.3000,0,0.0006874453277551425634603266786
O00285,C0295,2025-07-06,2025-07,Store,West,Business,2797.00,274.9500,2522.0500,184.8000,2337.2500,11,1,1,1,2337.2500,0.09090909090909090909090909091,0.001246204601175604557859030892
O00286,C0193,2025-08-09,2025-08,Online,East,Consumer,588.00,58.8000,529.2000,0.0000,529.2000,2,0,1,1,529.2000,0,0.0002821655684852411731817303020
O00287,C0049,2025-11-08,2025-11,Online,North,Consumer,4496.00,616.4500,3879.5500,672.3000,3207.2500,18,3,1,1,3207.2500,0.1666666666666666666666666667,0.001710082236440456826695208827
O00288,C0107,2025-02-01,2025-02,Online,South,Consumer,1798.00,319.8000,1478.2000,0.0000,1478.2000,8,0,1,1,1478.2000,0,0.0007881654258028788779237220944
O00289,C0226,2025-05-10,2025-05,Online,South,Business,78.00,3.9000,74.1000,0.0000,74.1000,1,0,1,1,74.1000,0,0.00003950957790014431393190894818
O00290,C0174,2025-10-24,2025-10,Online,South,Consumer,1635.00,327.0000,1308.0000,0.0000,1308.0000,9,0,1,1,1308.0000,0,0.0006974160309499158248709433767
O00291,C0027,2025-05-26,2025-05,Store,North,Consumer,1671.00,119.8000,1551.2000,0.0000,1551.2000,14,0,1,1,1551.2000,0,0.0008270884917503894705961830015
O00292,C0010,2025-10-08,2025-10,Store,West,Consumer,284.00,28.4000,255.6000,0.0000,255.6000,1,0,1,1,255.6000,0,0.0001362840500847083217408357241
O00293,C0189,2025-09-29,2025-09,Store,North,Consumer,902.00,18.3000,883.7000,0.0000,883.7000,7,0,1,1,883.7000,0,0.0004711823750385631608856671728
O00294,C0177,2025-05-02,2025-05,Online,West,Business,1287.00,207.6000,1079.4000,0.0000,1079.4000,6,0,1,1,1079.4000,0,0.0005755281833389442976801959334
O00295,C0122,2025-11-04,2025-11,Online,North,Business,1334.00,66.7000,1267.3000,0.0000,1267.3000,8,0,1,1,1267.3000,0,0.0006757150887024681382713658573
O00296,C0285,2025-05-17,2025-05,Store,East,Consumer,444.00,40.8000,403.2000,0.0000,403.2000,6,0,1,1,403.2000,0,0.0002149832902744694652813183253
O00297,C0094,2025-12-30,2025-12,Store,West,Consumer,900.00,0.0000,900.0000,0.0000,900.0000,3,0,1,1,900.0000,0,0.0004798734157912264850029426904
O00298,C0256,2025-12-16,2025-12,Online,North,Consumer,2156.00,26.8000,2129.2000,0.0000,2129.2000,13,0,1,1,2129.2000,0,0.001135273863225199368742517307
O00299,C0186,2025-01-03,2025-01,Online,North,Consumer,122.00,0.0000,122.0000,0.0000,122.0000,1,0,1,1,122.0000,0,0.00006504950747392181241151000915
O00300,C0004,2025-08-09,2025-08,Online,North,Consumer,1639.00,186.8500,1452.1500,0.0000,1452.1500,7,0,1,1,1452.1500,0,0.0007742757563791439335522480310
O00301,C0095,2025-05-03,2025-05,Online,East,Consumer,199.00,0.0000,199.0000,0.0000,199.0000,1,0,1,1,199.0000,0,0.0001061053441582823005728728838
O00302,C0259,2025-11-14,2025-11,Online,North,Business,372.00,74.4000,297.6000,0.0000,297.6000,4,0,1,1,297.6000,0,0.0001586781428216322243743063830
O00303,C0105,2025-03-27,2025-03,Online,South,Business,2381.00,182.0500,2198.9500,0.0000,2198.9500,15,0,1,1,2198.9500,0,0.001172464052949019421330245366
O00304,C0231,2025-05-05,2025-05,Online,West,Business,1316.00,19.5000,1296.5000,0.0000,1296.5000,10,0,1,1,1296.5000,0,0.0006912843150814723753403502201
O00305,C0104,2025-01-20,2025-01,Online,North,Business,1295.00,52.7500,1242.2500,0.0000,1242.2500,8,0,1,1,1242.2500,0,0.0006623586119629456677721172858
O00306,C0257,2025-07-28,2025-07,Store,North,Business,1668.00,98.4000,1569.6000,0.0000,1569.6000,8,0,1,1,1569.6000,0,0.0008368992371398989898451320521
O00308,C0259,2025-04-21,2025-04,Online,North,Business,1158.00,166.6000,991.4000,0.0000,991.4000,7,0,1,1,991.4000,0,0.0005286072271282465969243526481
O00309,C0084,2025-11-02,2025-11,Online,West,Business,1255.00,31.6500,1223.3500,0.0000,1223.3500,7,0,1,1,1223.3500,0,0.0006522812702313299115870554893
O00310,C0285,2025-10-31,2025-10,Online,East,Consumer,240.00,48.0000,192.0000,192.0000,0.0000,3,3,1,1,0.0000,1,0
O00311,C0156,2025-05-19,2025-05,Online,South,Consumer,1561.00,83.3000,1477.7000,0.0000,1477.7000,11,0,1,1,1477.7000,0,0.0007878988294607726409876093485
O00312,C0085,2025-09-28,2025-09,Store,South,Consumer,848.00,64.7000,783.3000,0.0000,783.3000,8,0,1,1,783.3000,0,0.0004176498295436307841142277882
O00313,C0135,2025-11-13,2025-11,Online,West,Consumer,93.00,0.0000,93.0000,0.0000,93.0000,1,0,1,1,93.0000,0,0.00004958691963176007011697074468
O00314,C0107,2025-11-14,2025-11,Online,South,Consumer,2033.00,132.9000,1900.1000,64.0000,1836.1000,14,1,1,1,1836.1000,0.07142857142857142857142857143,0.0009789950874825232767932256377
O00315,C0085,2025-08-09,2025-08,Store,South,Consumer,465.00,23.2500,441.7500,0.0000,441.7500,5,0,1,1,441.7500,0,0.0002355378682508603330556110372
O00316,C0215,2025-08-27,2025-08,Online,North,Consumer,1116.00,98.6000,1017.4000,0.0000,1017.4000,8,0,1,1,1017.4000,0,0.0005424702369177709176022154369
O00317,C0244,2025-08-06,2025-08,Online,South,Consumer,861.00,172.2000,688.8000,0.0000,688.8000,7,0,1,1,688.8000,0,0.0003672631208855520031889188057
O00318,C0299,2025-06-10,2025-06,Online,North,Consumer,1015.00,178.4000,836.6000,0.0000,836.6000,10,0,1,1,836.6000,0,0.0004460689996121556415038465053
O00319,C0068,2025-07-21,2025-07,Store,West,Consumer,366.00,0.0000,366.0000,0.0000,366.0000,3,0,1,1,366.0000,0,0.0001951485224217654372345300274
O00320,C0245,2025-04-25,2025-04,Online,North,Consumer,1379.00,31.6000,1347.4000,0.0000,1347.4000,11,0,1,1,1347.4000,0,0.0007184238227078872954366277568
O00321,C0182,2025-12-17,2025-12,Store,West,Business,1822.00,214.7000,1607.3000,814.8000,792.5000,17,9,1,1,792.5000,0.5294117647058823529411764706,0.0004225552022383855437387023135
O00322,C0146,2025-06-26,2025-06,Online,South,Consumer,268.00,26.8000,241.2000,0.0000,241.2000,2,0,1,1,241.2000,0,0.0001286060754320486979807886410
O00323,C0137,2025-01-12,2025-01,Store,South,Consumer,940.00,188.0000,752.0000,0.0000,752.0000,5,0,1,1,752.0000,0,0.0004009608985277803519135698924
O00324,C0271,2025-06-03,2025-06,Store,West,Consumer,2329.00,146.3000,2182.7000,372.4000,1810.3000,12,2,1,1,1810.3000,0.1666666666666666666666666667,0.0009652387162298414508898079472
O00325,C0175,2025-09-11,2025-09,Online,North,Consumer,2256.00,216.0000,2040.0000,0.0000,2040.0000,8,0,1,1,2040.0000,0,0.001087713075793446699340003432
O00326,C0233,2025-06-10,2025-06,Online,South,Business,1872.00,122.2500,1749.7500,0.0000,1749.7500,10,0,1,1,1749.7500,0,0.0009329538992007761579265544140
O00327,C0091,2025-07-26,2025-07,Online,North,Business,175.00,35.0000,140.0000,0.0000,140.0000,5,0,1,1,140.0000,0,0.00007464697578974634211156886295
O00328,C0051,2025-02-23,2025-02,Online,West,Consumer,243.00,48.6000,194.4000,0.0000,194.4000,3,0,1,1,194.4000,0,0.0001036526578109049207606356211
O00329,C0059,2025-10-16,2025-10,Store,South,Business,1011.00,50.3000,960.7000,94.5000,866.2000,7,3,1,1,866.2000,0.4285714285714285714285714286,0.0004618515030648448681217210649
O00330,C0287,2025-03-12,2025-03,Store,South,Consumer,3019.00,165.4000,2853.6000,473.1000,2380.5000,13,2,1,1,2380.5000,0.1538461538461538461538461538,0.001269265184767794052832783416
O00331,C0148,2025-04-25,2025-04,Online,East,Consumer,531.00,67.2000,463.8000,0.0000,463.8000,5,0,1,1,463.8000,0,0.0002472947669377453819381831331
O00332,C0181,2025-05-02,2025-05,Store,West,Business,2616.00,448.8000,2167.2000,398.4000,1768.8000,14,2,1,1,1768.8000,0.1428571428571428571428571429,0.0009431112198350237851924500342
O00333,C0224,2025-07-24,2025-07,Store,West,Consumer,613.00,122.6000,490.4000,0.0000,490.4000,5,0,1,1,490.4000,0,0.0002614776923377971869393812171
O00334,C0129,2025-10-04,2025-10,Store,North,Business,1272.00,145.8000,1126.2000,368.7000,757.5000,10,2,1,1,757.5000,0.2,0.0004038934582909489582108100978
O00335,C0065,2025-04-17,2025-04,Online,East,Consumer,796.00,0.0000,796.0000,0.0000,796.0000,4,0,1,1,796.0000,0,0.0004244213766331292022914915351
O00337,C0198,2025-10-22,2025-10,Online,West,Consumer,615.00,61.5000,553.5000,553.5000,0.0000,5,5,1,1,0.0000,1,0
O00338,C0179,2025-07-05,2025-07,Online,East,Consumer,2557.00,313.4500,2243.5500,480.0000,1763.5500,11,2,1,1,1763.5500,0.1818181818181818181818181818,0.0009403119582429082973632662019
O00339,C0183,2025-04-05,2025-04,Online,East,Consumer,392.00,39.2000,352.8000,0.0000,352.8000,2,0,1,1,352.8000,0,0.0001881103789901607821211535346
O00340,C0293,2025-11-21,2025-11,Store,North,Business,1345.00,0.0000,1345.0000,0.0000,1345.0000,5,0,1,1,1345.0000,0,0.0007171441602657773581432865762
O00341,C0203,2025-07-20,2025-07,Store,South,Business,2412.00,124.4000,2287.6000,0.0000,2287.6000,15,0,1,1,2287.6000,0,0.001219731584404455230103035221
O00342,C0024,2025-10-13,2025-10,Online,South,Business,2182.00,51.4000,2130.6000,269.0000,1861.6000,13,1,1,1,1861.6000,0.07692307692307692307692307692,0.0009925915009299413605349756805
O00344,C0156,2025-06-25,2025-06,Online,South,Consumer,284.00,14.2000,269.8000,0.0000,269.8000,1,0,1,1,269.8000,0,0.0001438553862005254507264377088
O00345,C0121,2025-06-09,2025-06,Store,West,Business,977.00,46.2000,930.8000,93.0000,837.8000,5,1,1,1,837.8000,0.2,0.0004467088308332106101505170956
O00348,C0259,2025-08-29,2025-08,Online,North,Business,1155.00,0.0000,1155.0000,0.0000,1155.0000,5,0,1,1,1155.0000,0,0.0006158375502654073224204431194
O00349,C0109,2025-02-28,2025-02,Store,West,Business,78.00,15.6000,62.4000,62.4000,0.0000,1,1,1,1,0.0000,1,0
O00350,C0106,2025-10-02,2025-10,Online,East,Business,1882.00,330.2000,1551.8000,0.0000,1551.8000,7,0,1,1,1551.8000,0,0.0008274084073609169549195182967
O00351,C0188,2025-11-19,2025-11,Online,South,Business,1788.00,253.5000,1534.5000,0.0000,1534.5000,7,0,1,1,1534.5000,0,0.0008181841739240411569300172872
O00352,C0166,2025-04-17,2025-04,Store,North,Business,2080.00,201.1000,1878.9000,0.0000,1878.9000,13,0,1,1,1878.9000,0,0.001001815734366817158524476690
O00353,C0176,2025-07-18,2025-07,Online,North,Consumer,706.00,70.6000,635.4000,219.6000,415.8000,8,2,1,1,415.8000,0.25,0.0002217015180955466360713595230
O00354,C0054,2025-08-20,2025-08,Store,East,Business,1356.00,0.0000,1356.0000,0.0000,1356.0000,6,0,1,1,1356.0000,0,0.0007230092797921145707377669869
O00356,C0041,2025-12-28,2025-12,Online,West,Business,1398.00,65.9000,1332.1000,0.0000,1332.1000,8,0,1,1,1332.1000,0,0.0007102659746394364451915777310
O00357,C0191,2025-02-09,2025-02,Store,North,Consumer,3144.00,348.2500,2795.7500,242.1000,2553.6500,13,1,1,1,2553.6500,0.07692307692307692307692307692,0.001361587498039183903808627335
O00358,C0155,2025-03-21,2025-03,Online,South,Business,3425.00,466.4500,2958.5500,0.0000,2958.5500,14,0,1,1,2958.5500,0,0.001577477215876814574672728996
O00359,C0300,2025-09-10,2025-09,Online,West,Consumer,2081.00,217.0000,1864.0000,0.0000,1864.0000,12,0,1,1,1864.0000,0,0.0009938711633720512978283168611
O00360,C0264,2025-01-12,2025-01,Online,South,Business,2352.00,235.2000,2116.8000,0.0000,2116.8000,8,0,1,1,2116.8000,0,0.001128662273940964692726921208
O00361,C0175,2025-03-12,2025-03,Store,North,Consumer,992.00,117.9000,874.1000,0.0000,874.1000,9,0,1,1,874.1000,0,0.0004660637252701234117123024508
O00362,C0231,2025-04-14,2025-04,Store,West,Business,844.00,0.0000,844.0000,0.0000,844.0000,4,0,1,1,844.0000,0,0.0004500146254753279481583151452
O00363,C0055,2025-02-24,2025-02,Online,East,Consumer,937.00,187.4000,749.6000,0.0000,749.6000,8,0,1,1,749.6000,0,0.0003996812360856704146202287119
O00365,C0195,2025-04-17,2025-04,Online,West,Business,1369.00,184.4000,1184.6000,0.0000,1184.6000,13,0,1,1,1184.6000,0,0.0006316200537180965490383176790
O00366,C0221,2025-12-11,2025-12,Online,West,Business,1397.00,166.8000,1230.2000,0.0000,1230.2000,8,0,1,1,1230.2000,0,0.0006559336401181853576118001086
O00367,C0254,2025-03-16,2025-03,Store,East,Business,1345.00,134.5000,1210.5000,0.0000,1210.5000,5,0,1,1,1210.5000,0,0.0006454297442391996223289579186
O00368,C0112,2025-11-10,2025-11,Online,South,Business,588.00,29.4000,558.6000,0.0000,558.6000,2,0,1,1,558.6000,0,0.0002978414334010879050251597632
O00369,C0224,2025-04-30,2025-04,Store,West,Consumer,995.00,199.0000,796.0000,636.8000,159.2000,5,4,1,1,159.2000,0.8,0.00008488427532662584045829830702
O00370,C0108,2025-03-19,2025-03,Store,East,Business,946.00,8.1000,937.9000,0.0000,937.9000,6,0,1,1,937.9000,0,0.0005000814185228792447602888326
O00371,C0294,2025-05-09,2025-05,Store,South,Consumer,1005.00,53.2500,951.7500,270.0000,681.7500,9,1,1,1,681.7500,0.1111111111111111111111111111,0.0003635041124618540623897290880
O00372,C0186,2025-05-09,2025-05,Store,North,Consumer,2736.00,321.8000,2414.2000,0.0000,2414.2000,14,0,1,1,2414.2000,0,0.001287233778225754422326782492
O00373,C0134,2025-06-01,2025-06,Online,North,Consumer,347.00,0.0000,347.0000,0.0000,347.0000,2,0,1,1,347.0000,0,0.0001850178614217284336622456818
O00374,C0077,2025-08-14,2025-08,Online,West,Consumer,670.00,33.5000,636.5000,0.0000,636.5000,5,0,1,1,636.5000,0,0.0003393771435012396196715255805
O00375,C0127,2025-09-04,2025-09,Online,East,Business,188.00,37.6000,150.4000,0.0000,150.4000,1,0,1,1,150.4000,0,0.00008019217970555607038271397849
O00376,C0095,2025-07-13,2025-07,Store,East,Consumer,1763.00,263.3500,1499.6500,0.0000,1499.6500,12,0,1,1,1499.6500,0,0.0007996024088792364424829588952
O00377,C0131,2025-11-14,2025-11,Store,West,Business,312.00,15.6000,296.4000,0.0000,296.4000,4,0,1,1,296.4000,0,0.0001580383116005772557276357927
O00378,C0240,2025-12-11,2025-12,Online,West,Business,1002.00,50.1000,951.9000,463.6000,488.3000,7,4,1,1,488.3000,0.5714285714285714285714285714,0.0002603579877009509918077076841
O00379,C0100,2025-05-28,2025-05,Store,West,Consumer,579.00,16.2000,562.8000,64.8000,498.0000,3,1,1,1,498.0000,0.3333333333333333333333333333,0.0002655299567378119883682949554
O00380,C0144,2025-04-16,2025-04,Online,North,Consumer,2809.00,380.5000,2428.5000,0.0000,2428.5000,11,0,1,1,2428.5000,0,0.001294858433609992798699607026
O00381,C0231,2025-05-01,2025-05,Store,West,Business,910.00,137.0000,773.0000,0.0000,773.0000,6,0,1,1,773.0000,0,0.0004121579448962423032303052219
O00382,C0193,2025-01-28,2025-01,Store,East,Consumer,1903.00,183.3000,1719.7000,70.0000,1649.7000,9,2,1,1,1649.7000,0.2222222222222222222222222222,0.0008796079711453181470103939515
O00383,C0181,2025-12-19,2025-12,Online,West,Business,1242.00,79.9000,1162.1000,0.0000,1162.1000,6,0,1,1,1162.1000,0,0.0006196232183233158869132441117
O00384,C0161,2025-03-12,2025-03,Store,West,Consumer,1581.00,87.4000,1493.6000,0.0000,1493.6000,12,0,1,1,1493.6000,0,0.0007963765931397509755559946694
O00385,C0022,2025-02-27,2025-02,Online,East,Consumer,1353.00,99.1000,1253.9000,0.0000,1253.9000,10,0,1,1,1253.9000,0,0.0006685703067340209883835442661
O00386,C0184,2025-05-20,2025-05,Store,West,Business,1960.00,128.1500,1831.8500,204.0000,1627.8500,11,3,1,1,1627.8500,0.2727272727272727272727272727,0.0008679577109952755929022669540
O00387,C0087,2025-11-06,2025-11,Online,North,Business,411.00,68.2000,342.8000,0.0000,342.8000,5,0,1,1,342.8000,0,0.0001827784521480360433988986159
O00388,C0230,2025-05-09,2025-05,Store,East,Consumer,957.00,96.6000,860.4000,0.0000,860.4000,12,0,1,1,860.4000,0,0.0004587589854964125196628132120
O00389,C0224,2025-10-15,2025-10,Online,West,Consumer,2334.00,361.8000,1972.2000,0.0000,1972.2000,13,0,1,1,1972.2000,0,0.001051562611803840970803115082
O00390,C0038,2025-11-16,2025-11,Online,South,Consumer,784.00,156.8000,627.2000,0.0000,627.2000,4,0,1,1,627.2000,0,0.0003344184515380636126598285060
O00391,C0111,2025-07-29,2025-07,Store,South,Business,3588.00,255.9000,3332.1000,0.0000,3332.1000,14,0,1,1,3332.1000,0,0.001776651343064384189642561488
O00392,C0251,2025-03-15,2025-03,Online,North,Consumer,369.00,36.900,332.100,0.000,332.100,3,0,1,1,332.100,0,0.0001770732904269625729660858528
O00393,C0048,2025-01-25,2025-01,Store,East,Consumer,1270.00,127.0000,1143.0000,0.0000,1143.0000,5,0,1,1,1143.0000,0,0.0006094392380548576359537372168
O00395,C0270,2025-01-21,2025-01,Store,East,Business,2250.00,342.4000,1907.6000,68.0000,1839.6000,14,1,1,1,1839.6000,0.07142857142857142857142857143,0.0009808612618772669353460148592
O00396,C0109,2025-11-07,2025-11,Online,West,Business,3551.00,153.1500,3397.8500,0.0000,3397.8500,15,0,1,1,3397.8500,0,0.001811708762051354346741387579
O00397,C0201,2025-10-18,2025-10,Store,East,Consumer,1445.00,144.5000,1300.5000,0.0000,1300.5000,7,0,1,1,1300.5000,0,0.0006934170858183222708292521877
O00398,C0093,2025-07-18,2025-07,Online,North,Consumer,402.00,80.4000,321.6000,0.0000,321.6000,3,0,1,1,321.6000,0,0.0001714747672427315973077181880
O00399,C0213,2025-03-23,2025-03,Store,East,Business,3319.00,328.1000,2990.9000,1022.8000,1968.1000,16,6,1,1,1968.1000,0.375,0.001049376521798569827926990566
O00400,C0140,2025-07-26,2025-07,Store,East,Consumer,578.00,38.3000,539.7000,0.0000,539.7000,6,0,1,1,539.7000,0,0.0002877640916694721488400979667
O00401,C0029,2025-08-28,2025-08,Online,East,Consumer,998.00,116.4000,881.6000,0.0000,881.6000,5,0,1,1,881.6000,0,0.0004700626704017169657539936399
O00402,C0072,2025-03-04,2025-03,Online,South,Business,231.00,23.1000,207.9000,0.0000,207.9000,1,0,1,1,207.9000,0,0.0001108507590477733180356797615
O00403,C0204,2025-01-29,2025-01,Store,South,Consumer,294.00,14.7000,279.3000,0.0000,279.3000,1,0,1,1,279.3000,0,0.0001489207167005439525125798816
O00404,C0065,2025-08-17,2025-08,Store,East,Consumer,759.00,52.6500,706.3500,264.6000,441.7500,6,1,1,1,441.7500,0.1666666666666666666666666667,0.0002355378682508603330556110372
O00405,C0145,2025-04-29,2025-04,Store,West,Business,1558.00,57.9500,1500.0500,269.0000,1231.0500,10,1,1,1,1231.0500,0.1,0.0006563868538997659604031917767
O00406,C0144,2025-05-17,2025-05,Online,North,Consumer,710.00,117.6000,592.4000,0.0000,592.4000,4,0,1,1,592.4000,0,0.0003158633461274695219063813887
O00407,C0093,2025-09-10,2025-09,Online,North,Consumer,2091.00,124.6500,1966.3500,0.0000,1966.3500,9,0,1,1,1966.3500,0,0.001048443434601197998650595955
O00409,C0137,2025-12-23,2025-12,Online,South,Consumer,1508.00,150.8000,1357.2000,0.0000,1357.2000,8,0,1,1,1357.2000,0,0.0007236491110131695393844375772
O00410,C0109,2025-02-09,2025-02,Store,West,Business,2560.00,322.0000,2238.0000,453.6000,1784.4000,14,3,1,1,1784.4000,0.2142857142857142857142857143,0.0009514290257087383775991677075
O00411,C0107,2025-04-04,2025-04,Store,South,Consumer,1831.00,285.2000,1545.8000,0.0000,1545.8000,11,0,1,1,1545.8000,0,0.0008242092512556421116861653454
O00412,C0260,2025-03-31,2025-03,Store,South,Consumer,1688.00,53.6000,1634.4000,107.2000,1527.2000,7,1,1,1,1527.2000,0.1428571428571428571428571429,0.0008142918673292900976627711965
O00413,C0039,2025-11-12,2025-11,Online,North,Business,2033.00,219.8000,1813.2000,0.0000,1813.2000,12,0,1,1,1813.2000,0,0.0009667849750140576251192618736
O00414,C0299,2025-08-25,2025-08,Store,North,Consumer,1447.00,261.5000,1185.5000,240.0000,945.5000,8,1,1,1,945.5000,0.125,0.0005041336829228940461892025709
O00415,C0177,2025-09-24,2025-09,Store,West,Business,615.00,61.5000,553.5000,0.0000,553.5000,5,0,1,1,553.5000,0,0.0002951221507116042882768097546
O00416,C0256,2025-03-24,2025-03,Online,North,Consumer,573.00,12.4500,560.5500,0.0000,560.5500,5,0,1,1,560.5500,0,0.0002988811591353022290759994724
O00417,C0100,2025-12-27,2025-12,Store,West,Consumer,615.00,61.5000,553.5000,0.0000,553.5000,5,0,1,1,553.5000,0,0.0002951221507116042882768097546
O00418,C0036,2025-01-02,2025-01,Store,West,Consumer,715.00,65.0000,650.0000,0.0000,650.0000,10,0,1,1,650.0000,0,0.0003465752447381080169465697209
O00419,C0180,2025-05-09,2025-05,Online,West,Consumer,762.00,42.0000,720.0000,0.0000,720.0000,7,0,1,1,720.0000,0,0.0003838987326329811880023541523
O00420,C0125,2025-09-01,2025-09,Online,South,Business,617.00,91.4000,525.6000,159.2000,366.4000,6,1,1,1,366.4000,0.1666666666666666666666666667,0.0001953617994954504267834202242
O00421,C0201,2025-01-22,2025-01,Online,East,Consumer,1273.00,133.4000,1139.6000,0.0000,1139.6000,11,0,1,1,1139.6000,0,0.0006076263829285352247881705445
O00422,C0222,2025-11-15,2025-11,Online,East,Consumer,1731.00,196.2000,1534.8000,0.0000,1534.8000,6,0,1,1,1534.8000,0,0.0008183441317293048990916849347
O00423,C0114,2025-02-06,2025-02,Online,North,Business,1092.00,37.6000,1054.4000,0.0000,1054.4000,9,0,1,1,1054.4000,0,0.0005621983662336324508745586364
O00424,C0040,2025-07-11,2025-07,Store,North,Consumer,508.00,50.8000,457.2000,0.0000,457.2000,2,0,1,1,457.2000,0,0.0002437756952219430543814948867
O00425,C0109,2025-09-11,2025-09,Online,West,Business,239.00,7.0000,232.0000,0.0000,232.0000,4,0,1,1,232.0000,0,0.0001237007027372939383563141158
O00426,C0002,2025-08-27,2025-08,Online,West,Consumer,1699.00,113.2000,1585.8000,680.4000,905.4000,9,4,1,1,905.4000,0.4444444444444444444444444444,0.0004827526562859738439129603466
O00427,C0256,2025-04-29,2025-04,Online,North,Consumer,2689.00,201.6500,2487.3500,0.0000,2487.3500,13,0,1,1,2487.3500,0,0.001326236823075896886080077223
O00428,C0224,2025-02-26,2025-02,Online,West,Consumer,1060.00,110.8500,949.1500,0.0000,949.1500,6,0,1,1,949.1500,0,0.0005060798362202695758228256162
O00429,C0112,2025-02-08,2025-02,Store,South,Business,1980.00,84.4000,1895.6000,0.0000,1895.6000,8,0,1,1,1895.6000,0,0.001010720052193165472190642404
O00430,C0250,2025-05-29,2025-05,Online,West,Consumer,459.00,35.1000,423.9000,0.0000,423.9000,3,0,1,1,423.9000,0,0.0002260203788376676744363860072
O00431,C0142,2025-05-02,2025-05,Store,West,Business,606.00,40.2000,565.8000,68.0000,497.8000,6,1,1,1,497.8000,0.1666666666666666666666666667,0.0002654233182009694935938498570
O00432,C0223,2025-07-27,2025-07,Store,East,Consumer,1851.00,127.3500,1723.6500,207.9000,1515.7500,10,1,1,1,1515.7500,0.1,0.0008081868110950572718257893145
O00433,C0226,2025-03-11,2025-03,Store,South,Business,3190.00,501.4000,2688.6000,867.2000,1821.4000,13,4,1,1,1821.4000,0.3076923076923076923076923077,0.0009711571550245999108715109070
O00434,C0080,2025-05-06,2025-05,Store,East,Consumer,588.00,58.8000,529.2000,0.0000,529.2000,2,0,1,1,529.2000,0,0.0002821655684852411731817303020
O00435,C0279,2025-11-09,2025-11,Store,South,Business,1870.00,206.0000,1664.0000,0.0000,1664.0000,14,0,1,1,1664.0000,0,0.0008872326265295565233832184854
O00436,C0153,2025-12-21,2025-12,Online,East,Business,2421.00,273.3000,2147.7000,0.0000,2147.7000,12,0,1,1,2147.7000,0,0.001145137927883130135378688907
O00437,C0269,2025-09-21,2025-09,Store,East,Business,1396.00,56.2000,1339.8000,0.0000,1339.8000,12,0,1,1,1339.8000,0,0.0007143715583078724940077140185
O00438,C0086,2025-07-29,2025-07,Store,North,Business,523.00,26.1500,496.8500,0.0000,496.8500,5,0,1,1,496.8500,0,0.0002649167851509676434152356397
O00439,C0165,2025-12-22,2025-12,Online,West,Consumer,1501.00,0.0000,1501.0000,284.0000,1217.0000,6,1,1,1,1217.0000,0.1666666666666666666666666667,0.0006488954966865807024984236158
O00440,C0095,2025-07-28,2025-07,Store,East,Consumer,1655.00,331.0000,1324.0000,0.0000,1324.0000,11,0,1,1,1324.0000,0,0.0007059471138973154068265512468
O00441,C0231,2025-05-23,2025-05,Store,West,Business,333.00,12.0000,321.0000,0.0000,321.0000,4,0,1,1,321.0000,0,0.0001711548516322041129843828929
O00442,C0192,2025-01-09,2025-01,Online,South,Business,1583.00,76.7000,1506.3000,0.0000,1506.3000,9,0,1,1,1506.3000,0,0.0008031481402292493937332584162
O00443,C0254,2025-03-14,2025-03,Store,East,Business,1836.00,73.5000,1762.5000,0.0000,1762.5000,8,0,1,1,1762.5000,0,0.0009397521059244851997974294354
O00444,C0169,2025-02-19,2025-02,Online,North,Consumer,1987.00,309.2000,1677.8000,97.6000,1580.2000,9,1,1,1,1580.2000,0.1111111111111111111111111111,0.0008425510795925512128907222660
O00445,C0089,2025-07-26,2025-07,Online,South,Business,1302.00,146.3000,1155.7000,0.0000,1155.7000,11,0,1,1,1155.7000,0,0.0006162107851443560541310009637
O00446,C0033,2025-09-11,2025-09,Online,South,Business,1628.00,171.8500,1456.1500,0.0000,1456.1500,8,0,1,1,1456.1500,0,0.0007764085271159938290411499985
O00447,C0110,2025-05-16,2025-05,Online,West,Consumer,1756.00,325.8000,1430.2000,812.8000,617.4000,11,4,1,1,617.4000,0.3636363636363636363636363636,0.0003291931632327813687120186856
O00448,C0016,2025-08-28,2025-08,Store,East,Consumer,1274.00,226.9000,1047.1000,0.0000,1047.1000,8,0,1,1,1047.1000,0,0.0005583060596388813916073125457
O00449,C0113,2025-12-12,2025-12,Online,South,Consumer,694.00,54.2000,639.8000,0.0000,639.8000,5,0,1,1,639.8000,0,0.0003411366793591407834498697037
O00450,C0066,2025-12-17,2025-12,Online,North,Business,2311.00,59.7000,2251.3000,0.0000,2251.3000,11,0,1,1,2251.3000,0,0.001200376689967542428541249866
O00451,C0275,2025-08-02,2025-08,Store,East,Business,1049.00,137.1000,911.9000,0.0000,911.9000,7,0,1,1,911.9000,0,0.0004862184087333549240824260438
O00452,C0298,2025-01-07,2025-01,Online,North,Business,1076.00,53.8000,1022.2000,0.0000,1022.2000,4,0,1,1,1022.2000,0,0.0005450295618019907921888977979
O00454,C0070,2025-07-02,2025-07,Store,West,Business,134.00,13.4000,120.6000,0.0000,120.6000,1,0,1,1,120.6000,0,0.00006430303771602434899039432052
O00455,C0120,2025-11-18,2025-11,Store,South,Consumer,4119.00,684.0000,3435.0000,0.0000,3435.0000,16,0,1,1,3435.0000,0,0.001831516870269847751094564602
O00456,C0296,2025-05-21,2025-05,Online,East,Business,1739.00,276.5500,1462.4500,0.0000,1462.4500,12,0,1,1,1462.4500,0,0.0007797676410265324144361705973
O00457,C0059,2025-09-10,2025-09,Online,South,Business,1798.00,179.4500,1618.5500,0.0000,1618.5500,8,0,1,1,1618.5500,0,0.0008629990190320995858905698795
O00458,C0170,2025-08-07,2025-08,Online,East,Business,1157.00,135.3000,1021.7000,0.0000,1021.7000,6,0,1,1,1021.7000,0,0.0005447629654598845552527850520
O00459,C0033,2025-09-27,2025-09,Store,South,Business,695.00,74.8000,620.2000,311.2000,309.0000,6,2,1,1,309.0000,0.3333333333333333333333333333,0.0001647565394216544265176769904
O00462,C0115,2025-09-06,2025-09,Online,North,Consumer,670.00,67.0000,603.0000,241.2000,361.8000,5,2,1,1,361.8000,0.4,0.0001929091131480730469711829616
O00463,C0197,2025-06-30,2025-06,Online,East,Business,719.00,143.8000,575.2000,0.0000,575.2000,3,0,1,1,575.2000,0,0.0003066924319590149713041029284
O00464,C0154,2025-11-15,2025-11,Store,North,Business,70.00,7.0000,63.0000,0.0000,63.0000,2,0,1,1,63.0000,0,0.00003359113910538585395020598833
O00466,C0019,2025-07-15,2025-07,Online,North,Business,1227.00,229.2000,997.8000,0.0000,997.8000,7,0,1,1,997.8000,0,0.0005320196603072064297065957961
O00467,C0055,2025-04-10,2025-04,Store,East,Consumer,2453.00,284.8000,2168.2000,179.5500,1988.6500,11,1,1,1,1988.6500,0.09090909090909090909090909091,0.001060333631459136166001224424
O00468,C0249,2025-06-23,2025-06,Online,North,Consumer,1851.00,264.7000,1586.3000,0.0000,1586.3000,9,0,1,1,1586.3000,0,0.0008458035549662473035112977665
O00469,C0014,2025-11-23,2025-11,Online,North,Business,1066.00,173.6000,892.4000,0.0000,892.4000,10,0,1,1,892.4000,0,0.0004758211513912116835740289521
O00470,C0200,2025-08-16,2025-08,Online,West,Consumer,705.00,68.7500,636.2500,0.0000,636.2500,6,0,1,1,636.2500,0,0.0003392438453301865012034692075
O00472,C0112,2025-04-08,2025-04,Store,South,Business,2367.00,87.8500,2279.1500,0.0000,2279.1500,14,0,1,1,2279.1500,0,0.001215226106222859825882729814
O00473,C0042,2025-01-05,2025-01,Online,South,Consumer,1908.00,284.0000,1624.0000,227.2000,1396.8000,9,1,1,1,1396.8000,0.1111111111111111111111111111,0.0007447635413079835047245670555
O00474,C0182,2025-05-04,2025-05,Online,West,Business,1546.00,108.4000,1437.6000,0.0000,1437.6000,6,0,1,1,1437.6000,0,0.0007665178028238524387113671242
O00476,C0201,2025-03-26,2025-03,Online,East,Consumer,2453.00,315.4000,2137.6000,831.6000,1306.0000,10,4,1,1,1306.0000,0.4,0.0006963496455814908771264923930
O00477,C0073,2025-03-14,2025-03,Online,South,Business,398.00,0.0000,398.0000,0.0000,398.0000,2,0,1,1,398.0000,0,0.0002122106883165646011457457675
O00478,C0103,2025-02-23,2025-02,Store,West,Consumer,105.00,10.5000,94.5000,0.0000,94.5000,3,0,1,1,94.5000,0,0.00005038670865807878092530898249
O00479,C0052,2025-12-30,2025-12,Online,North,Consumer,568.00,28.4000,539.6000,0.0000,539.6000,2,0,1,1,539.6000,0,0.0002877107724010509014528754175
O00480,C0257,2025-09-17,2025-09,Online,North,Business,2456.00,150.0000,2306.0000,0.0000,2306.0000,12,0,1,1,2306.0000,0,0.001229542329793964749351984271
O00481,C0210,2025-11-16,2025-11,Online,North,Consumer,211.00,0.0000,211.0000,0.0000,211.0000,1,0,1,1,211.0000,0,0.0001125036563688319870395787863
O00482,C0073,2025-07-16,2025-07,Online,South,Business,1430.00,115.3000,1314.7000,0.0000,1314.7000,8,0,1,1,1314.7000,0,0.0007009884219341393998148541723
O00483,C0287,2025-09-02,2025-09,Store,South,Consumer,725.00,32.5000,692.5000,0.0000,692.5000,10,0,1,1,692.5000,0,0.0003692359338171381565161531257
O00484,C0039,2025-09-30,2025-09,Store,North,Business,644.00,18.6000,625.4000,0.0000,625.4000,8,0,1,1,625.4000,0,0.0003334587047064811596898226207
O00485,C0233,2025-03-10,2025-03,Online,South,Business,1870.00,307.0000,1563.0000,0.0000,1563.0000,9,0,1,1,1563.0000,0,0.0008333801654240966622884438057
O00487,C0036,2025-10-30,2025-10,Online,West,Consumer,2531.00,329.8000,2201.2000,0.0000,2201.2000,9,0,1,1,2201.2000,0,0.001173663736488497487542752722
O00488,C0154,2025-10-09,2025-10,Store,North,Business,2216.00,405.6000,1810.4000,0.0000,1810.4000,8,0,1,1,1810.4000,0,0.0009652920354982626982770304964
O00489,C0284,2025-10-28,2025-10,Store,South,Consumer,1697.00,135.3000,1561.7000,0.0000,1561.7000,8,0,1,1,1561.7000,0,0.0008326870149346204462545506663
O00491,C0091,2025-07-14,2025-07,Store,North,Business,548.00,81.7000,466.3000,0.0000,466.3000,4,0,1,1,466.3000,0,0.0002486277486482765666187468628
O00492,C0019,2025-09-24,2025-09,Store,North,Business,2427.00,238.2000,2188.8000,0.0000,2188.8000,13,0,1,1,2188.8000,0,0.001167052147204262811527156623
O00493,C0282,2025-01-19,2025-01,Online,East,Business,488.00,97.6000,390.4000,0.0000,390.4000,4,0,1,1,390.4000,0,0.0002081584239165497997168320293
O00494,C0299,2025-07-07,2025-07,Store,North,Consumer,2631.00,178.3500,2452.6500,0.0000,2452.6500,11,0,1,1,2452.6500,0,0.001307735036933724042713852655
O00495,C0188,2025-04-11,2025-04,Online,South,Business,35.00,7.0000,28.0000,0.0000,28.0000,1,0,1,1,28.0000,0,0.00001492939515794926842231377259
O00496,C0122,2025-07-02,2025-07,Online,North,Business,1614.00,117.3000,1496.7000,140.4000,1356.3000,8,2,1,1,1356.3000,0.25,0.0007231692375973783128994346345
O00497,C0256,2025-01-02,2025-01,Store,North,Consumer,2489.00,187.9500,2301.0500,0.0000,2301.0500,13,0,1,1,2301.0500,0,0.001226903026007113003684468086
O00498,C0197,2025-10-25,2025-10,Online,East,Business,1136.00,113.6000,1022.4000,511.2000,511.2000,4,2,1,1,511.2000,0.5,0.0002725681001694166434816714482
O00499,C0057,2025-12-21,2025-12,Online,South,Business,1460.00,292.0000,1168.0000,0.0000,1168.0000,8,0,1,1,1168.0000,0,0.0006227690551601694827593745138
O00500,C0157,2025-04-26,2025-04,Online,West,Business,924.00,156.8000,767.2000,0.0000,767.2000,8,0,1,1,767.2000,0,0.0004090654273278099547713973690
O00501,C0221,2025-02-20,2025-02,Online,West,Business,1627.00,274.8500,1352.1500,0.0000,1352.1500,14,0,1,1,1352.1500,0,0.0007209564879578965463296988432
O00502,C0062,2025-01-10,2025-01,Store,West,Business,1983.00,188.7000,1794.3000,0.0000,1794.3000,9,0,1,1,1794.3000,0,0.0009567076332824418689342000771
O00503,C0008,2025-10-05,2025-10,Store,North,Consumer,924.00,184.8000,739.2000,0.0000,739.2000,4,0,1,1,739.2000,0,0.0003941360321698606863490835964
O00504,C0053,2025-11-07,2025-11,Online,West,Business,2173.00,353.4500,1819.5500,0.0000,1819.5500,13,0,1,1,1819.5500,0,0.0009701707485588068342078937471
O00505,C0057,2025-09-03,2025-09,Store,South,Business,1136.00,56.8000,1079.2000,0.0000,1079.2000,4,0,1,1,1079.2000,0,0.0005754215448021018029057508350
O00506,C0081,2025-01-15,2025-01,Store,North,Consumer,284.00,0.0000,284.0000,0.0000,284.0000,1,0,1,1,284.0000,0,0.0001514267223163425797120396934
O00507,C0004,2025-02-20,2025-02,Store,North,Consumer,1392.00,112.4000,1279.6000,0.0000,1279.6000,11,0,1,1,1279.6000,0,0.0006822733587182815668997394074
O00508,C0166,2025-04-11,2025-04,Online,North,Business,1132.00,90.1000,1041.9000,0.0000,1041.9000,7,0,1,1,1041.9000,0,0.0005555334576809765274717399879
O00509,C0278,2025-03-29,2025-03,Store,North,Consumer,268.00,26.8000,241.2000,0.0000,241.2000,2,0,1,1,241.2000,0,0.0001286060754320486979807886410
O00510,C0223,2025-09-05,2025-09,Store,East,Consumer,1160.00,76.8000,1083.2000,169.2000,914.0000,6,1,1,1,914.0000,0.1666666666666666666666666667,0.0004873381133702011192140995767
O00511,C0024,2025-09-26,2025-09,Online,South,Business,1502.00,62.9500,1439.0500,0.0000,1439.0500,10,0,1,1,1439.0500,0,0.0007672909322159605258260940874
O00512,C0285,2025-06-16,2025-06,Store,East,Consumer,560.00,24.6000,535.4000,0.0000,535.4000,5,0,1,1,535.4000,0,0.0002854713631273585111895283516
O00513,C0009,2025-12-09,2025-12,Store,South,Business,3571.00,249.5500,3321.4500,0.0000,3321.4500,14,0,1,1,3321.4500,0,0.001770972840977521342903359999
O00514,C0144,2025-05-17,2025-05,Store,North,Consumer,747.00,74.7000,672.3000,0.0000,672.3000,3,0,1,1,672.3000,0,0.0003584654415960461842971981897
O00515,C0091,2025-05-04,2025-05,Online,North,Business,2927.00,252.5500,2674.4500,0.0000,2674.4500,15,0,1,1,2674.4500,0,0.001425997174292050747573466754
O00516,C0002,2025-05-15,2025-05,Store,West,Consumer,644.00,96.8000,547.2000,0.0000,547.2000,8,0,1,1,547.2000,0,0.0002917630368010657028817891558
O00518,C0184,2025-08-15,2025-08,Store,West,Business,762.00,0.0000,762.0000,0.0000,762.0000,3,0,1,1,762.0000,0,0.0004062928253699050906358248112
O00519,C0098,2025-01-30,2025-01,Store,West,Business,908.00,181.6000,726.4000,0.0000,726.4000,5,0,1,1,726.4000,0,0.0003873111658119410207845973004
O00520,C0197,2025-09-05,2025-09,Online,East,Business,1929.00,193.2000,1735.8000,0.0000,1735.8000,8,0,1,1,1735.8000,0,0.0009255158612560121474090088023
O00521,C0047,2025-01-12,2025-01,Online,West,Consumer,1277.00,80.0000,1197.0000,52.0000,1145.0000,8,1,1,1,1145.0000,0.125,0.0006105056234232825836981882006
O00522,C0266,2025-07-20,2025-07,Online,North,Business,405.00,6.7000,398.3000,0.0000,398.3000,2,0,1,1,398.3000,0,0.0002123706461218283433074134151
O00523,C0223,2025-03-09,2025-03,Store,East,Consumer,399.00,5.2500,393.7500,0.0000,393.7500,4,0,1,1,393.7500,0,0.0002099446194086615871887874271
O00524,C0025,2025-09-06,2025-09,Store,East,Business,246.00,12.3000,233.7000,0.0000,233.7000,2,0,1,1,233.7000,0,0.0001246071303004551439390974519
O00525,C0106,2025-11-02,2025-11,Store,East,Business,1348.00,134.8000,1213.2000,314.1000,899.1000,9,3,1,1,899.1000,0.3333333333333333333333333333,0.0004793935423754352585179397477
O00526,C0067,2025-12-23,2025-12,Store,East,Business,1739.00,39.0000,1700.0000,0.0000,1700.0000,9,0,1,1,1700.0000,0,0.0009064275631612055827833361930
O00528,C0104,2025-05-27,2025-05,Store,North,Business,312.00,0.0000,312.0000,0.0000,312.0000,4,0,1,1,312.0000,0,0.0001663561174742918481343534660
O00529,C0189,2025-06-09,2025-06,Store,North,Consumer,1095.00,51.7500,1043.2500,0.0000,1043.2500,9,0,1,1,1043.2500,0,0.0005562532678046633671992444020
O00530,C0294,2025-04-24,2025-04,Store,South,Consumer,1334.00,6.7000,1327.3000,0.0000,1327.3000,5,0,1,1,1327.3000,0,0.0007077066497552165706048953700
O00531,C0022,2025-01-08,2025-01,Online,East,Consumer,813.00,42.7500,770.2500,0.0000,770.2500,8,0,1,1,770.2500,0,0.0004106916650146580000816851192
O00532,C0136,2025-12-11,2025-12,Store,West,Consumer,3394.00,566.8000,2827.2000,81.0000,2746.2000,15,1,1,1,2746.2000,0.06666666666666666666666666667,0.001464253749384295747905645796
O00533,C0161,2025-02-06,2025-02,Store,West,Consumer,715.00,71.5000,643.5000,109.8000,533.7000,8,1,1,1,533.7000,0.125,0.0002845649355641973056067450154
O00534,C0112,2025-07-12,2025-07,Online,South,Business,1868.00,130.0000,1738.0000,914.4000,823.6000,7,4,1,1,823.6000,0.5714285714285714285714285714,0.0004391374947173934811649151109
O00535,C0006,2025-11-09,2025-11,Online,East,Consumer,1136.00,100.0000,1036.0000,0.0000,1036.0000,9,0,1,1,1036.0000,0,0.0005523876208441229316256095859
O00536,C0236,2025-05-04,2025-05,Online,West,Business,542.00,108.4000,433.6000,0.0000,433.6000,2,0,1,1,433.6000,0,0.0002311923478745286709969732784
O00537,C0104,2025-01-08,2025-01,Store,North,Business,807.00,80.7000,726.3000,726.3000,0.0000,3,3,1,1,0.0000,1,0
O00538,C0242,2025-11-23,2025-11,Store,South,Business,231.00,11.5500,219.4500,0.0000,219.4500,1,0,1,1,219.4500,0,0.0001170091345504273912598841927
O00539,C0112,2025-02-07,2025-02,Store,South,Business,134.00,0.0000,134.0000,0.0000,134.0000,1,0,1,1,134.0000,0,0.00007144781968447149887821591169
O00540,C0098,2025-06-20,2025-06,Online,West,Business,796.00,39.8000,756.2000,0.0000,756.2000,4,0,1,1,756.2000,0,0.0004032003078014727421769169583
O00541,C0096,2025-03-27,2025-03,Online,North,Consumer,1021.00,80.0000,941.0000,0.0000,941.0000,11,0,1,1,941.0000,0,0.0005017343158439379137641878574
O00542,C0283,2025-03-01,2025-03,Store,East,Business,803.00,123.0000,680.0000,0.0000,680.0000,6,0,1,1,680.0000,0,0.0003625710252644822331133344772
O00543,C0034,2025-06-08,2025-06,Store,East,Consumer,1279.00,113.9500,1165.0500,0.0000,1165.0500,9,0,1,1,1165.0500,0,0.0006211961367417426848363093128
O00544,C0275,2025-11-13,2025-11,Store,East,Business,2762.00,318.6000,2443.4000,1046.0000,1397.4000,12,5,1,1,1397.4000,0.4166666666666666666666666667,0.0007450834569185109890479023507
O00545,C0070,2025-06-10,2025-06,Store,West,Business,564.00,0.0000,564.0000,0.0000,564.0000,3,0,1,1,564.0000,0,0.0003007206738958352639351774193
O00546,C0196,2025-01-06,2025-01,Store,West,Consumer,982.00,22.3000,959.7000,0.0000,959.7000,9,0,1,1,959.7000,0,0.0005117050190387111751748045556
O00547,C0099,2025-11-06,2025-11,Online,West,Consumer,878.00,157.3000,720.7000,0.0000,720.7000,5,0,1,1,720.7000,0,0.0003842719675119299197129119967
O00548,C0274,2025-09-22,2025-09,Online,North,Business,234.00,11.7000,222.3000,0.0000,222.3000,3,0,1,1,222.3000,0,0.0001185287337004329417957268445
O00549,C0246,2025-06-12,2025-06,Store,South,Consumer,1824.00,226.2000,1597.8000,240.0000,1357.8000,7,1,1,1,1357.8000,0.1428571428571428571428571429,0.0007239690266236970237077728723
O00550,C0097,2025-05-20,2025-05,Online,West,Business,1337.00,146.8000,1190.2000,0.0000,1190.2000,7,0,1,1,1190.2000,0,0.0006346059327496864027227804335
O00551,C0086,2025-05-14,2025-05,Online,North,Business,1106.00,152.9500,953.0500,0.0000,953.0500,8,0,1,1,953.0500,0,0.0005081592876886982239245050346
O00552,C0083,2025-03-10,2025-03,Online,West,Consumer,1767.00,199.5000,1567.5000,0.0000,1567.5000,10,0,1,1,1567.5000,0,0.0008357795325030527947134585192
O00553,C0192,2025-12-15,2025-12,Store,South,Business,608.00,74.6000,533.4000,0.0000,533.4000,7,0,1,1,533.4000,0,0.0002844049777589335634450773679
O00554,C0255,2025-03-01,2025-03,Online,South,Business,972.00,83.8000,888.2000,0.0000,888.2000,8,0,1,1,888.2000,0,0.0004735817421175192933106818863
O00555,C0232,2025-10-19,2025-10,Store,East,Business,3161.00,139.8500,3021.1500,0.0000,3021.1500,13,0,1,1,3021.1500,0,0.001610855077908515439074044788
O00556,C0048,2025-09-29,2025-09,Store,East,Consumer,623.00,0.0000,623.0000,0.0000,623.0000,4,0,1,1,623.0000,0,0.0003321790422643712223964814401
O00557,C0227,2025-08-05,2025-08,Online,East,Consumer,1016.00,101.6000,914.4000,0.0000,914.4000,4,0,1,1,914.4000,0,0.0004875513904438861087629897735
O00558,C0252,2025-10-23,2025-10,Online,West,Business,284.00,28.4000,255.6000,0.0000,255.6000,1,0,1,1,255.6000,0,0.0001362840500847083217408357241
O00559,C0033,2025-12-13,2025-12,Online,South,Business,2817.00,49.7500,2767.2500,0.0000,2767.2500,13,0,1,1,2767.2500,0,0.001475477455386968322915992400
O00560,C0216,2025-08-21,2025-08,Store,North,Consumer,1250.00,250.0000,1000.0000,454.4000,545.6000,5,2,1,1,545.6000,0.4,0.0002909099285063257446862283688
O00561,C0270,2025-08-15,2025-08,Online,East,Business,758.00,13.0000,745.0000,0.0000,745.0000,6,0,1,1,745.0000,0,0.0003972285497382930348079914493
O00562,C0172,2025-09-13,2025-09,Online,North,Consumer,1622.00,109.4500,1512.5500,0.0000,1512.5500,8,0,1,1,1512.5500,0,0.0008064805945055773554346677404
O00563,C0160,2025-11-23,2025-11,Online,West,Business,2887.00,421.9000,2465.1000,0.0000,2465.1000,18,0,1,1,2465.1000,0,0.001314373285852169342423060029
O00564,C0230,2025-01-30,2025-01,Online,East,Consumer,123.00,24.6000,98.4000,0.0000,98.4000,1,0,1,1,98.4000,0,0.00005246616012650742902698840082
O00565,C0237,2025-06-24,2025-06,Store,South,Consumer,1005.00,47.6000,957.4000,28.0000,929.4000,8,1,1,1,929.4000,0.125,0.0004955492807070732168463721516
O00566,C0182,2025-03-17,2025-03,Online,West,Business,1330.00,215.2000,1114.8000,0.0000,1114.8000,5,0,1,1,1114.8000,0,0.0005944032043600658727569783459
O00567,C0257,2025-07-19,2025-07,Store,North,Business,70.00,14.0000,56.0000,28.0000,28.0000,2,1,1,1,28.0000,0.5,0.00001492939515794926842231377259
O00568,C0286,2025-01-15,2025-01,Store,West,Business,1476.00,90.8000,1385.2000,0.0000,1385.2000,9,0,1,1,1385.2000,0,0.0007385785061711188078067513498
O00569,C0237,2025-08-06,2025-08,Store,South,Consumer,616.00,40.7500,575.2500,0.0000,575.2500,7,0,1,1,575.2500,0,0.0003067190915932255949977142030
O00570,C0138,2025-07-12,2025-07,Online,South,Business,1683.00,192.9000,1490.1000,0.0000,1490.1000,11,0,1,1,1490.1000,0,0.0007945104187450073170032054478
O00571,C0198,2025-10-27,2025-10,Store,West,Consumer,434.00,36.7000,397.3000,0.0000,397.3000,2,0,1,1,397.3000,0,0.0002118374534376158694351879232
O00572,C0016,2025-10-22,2025-10,Online,East,Consumer,900.00,8.1000,891.9000,0.0000,891.9000,5,0,1,1,891.9000,0,0.0004755545550491054466379162062
O00573,C0211,2025-08-13,2025-08,Online,North,Business,1072.00,63.2000,1008.8000,196.8000,812.0000,8,2,1,1,812.0000,0.25,0.0004329524595805287842470994051
O00574,C0249,2025-02-13,2025-02,Store,North,Consumer,486.00,32.4000,453.6000,0.0000,453.6000,6,0,1,1,453.6000,0,0.0002418562015587781484414831160
O00576,C0045,2025-02-03,2025-02,Store,North,Consumer,466.00,19.5000,446.5000,0.0000,446.5000,4,0,1,1,446.5000,0,0.0002380705335008695839486821236
O00577,C0116,2025-09-22,2025-09,Store,West,Business,932.00,93.2000,838.8000,0.0000,838.8000,4,0,1,1,838.8000,0,0.0004472420235174230840227425875
O00578,C0100,2025-09-04,2025-09,Online,West,Consumer,1413.00,172.5000,1240.5000,0.0000,1240.5000,11,0,1,1,1240.5000,0,0.0006614255247655738384957226750
O00580,C0042,2025-12-21,2025-12,Online,South,Consumer,570.00,10.5000,559.5000,0.0000,559.5000,8,0,1,1,559.5000,0,0.0002983213068168791315101627059
O00581,C0112,2025-01-17,2025-01,Store,South,Business,899.00,56.8000,842.2000,0.0000,842.2000,6,0,1,1,842.2000,0,0.0004490548786437454951883092599
O00582,C0091,2025-09-09,2025-09,Online,North,Business,3141.00,279.1000,2861.9000,0.0000,2861.9000,16,0,1,1,2861.9000,0,0.001525944142947678974922135206
O00583,C0185,2025-10-14,2025-10,Online,North,Consumer,134.00,6.7000,127.3000,0.0000,127.3000,1,0,1,1,127.3000,0,0.00006787542870024792393430511610
O00586,C0012,2025-12-15,2025-12,Store,West,Consumer,2130.00,364.5000,1765.5000,0.0000,1765.5000,12,0,1,1,1765.5000,0,0.0009413516839771226214141059110
O00587,C0146,2025-05-30,2025-05,Store,South,Consumer,1869.00,78.5000,1790.5000,0.0000,1790.5000,9,0,1,1,1790.5000,0,0.0009546815010824344682197432080
O00588,C0062,2025-05-23,2025-05,Store,West,Business,312.00,62.4000,249.6000,0.0000,249.6000,4,0,1,1,249.6000,0,0.0001330848939794334785074827728
O00589,C0127,2025-07-29,2025-07,Online,East,Business,600.00,120.0000,480.0000,0.0000,480.0000,2,0,1,1,480.0000,0,0.0002559324884219874586682361016
O00590,C0204,2025-06-07,2025-06,Online,South,Consumer,2046.00,24.6000,2021.4000,0.0000,2021.4000,14,0,1,1,2021.4000,0,0.001077795691867094685316609283
O00591,C0084,2025-01-01,2025-01,Store,West,Business,1052.00,28.2000,1023.8000,0.0000,1023.8000,7,0,1,1,1023.8000,0,0.0005458826700967307503844585850
O00592,C0228,2025-06-11,2025-06,Online,East,Business,175.00,8.7500,166.2500,166.2500,0.0000,5,5,1,1,0.0000,1,0
O00593,C0206,2025-05-08,2025-05,Store,West,Business,1609.00,93.1500,1515.8500,0.0000,1515.8500,6,0,1,1,1515.8500,0,0.0008082401303634785192130118636
O00594,C0008,2025-08-14,2025-08,Online,North,Consumer,272.00,54.4000,217.6000,0.0000,217.6000,4,0,1,1,217.6000,0,0.0001160227280846343145962670327
O00595,C0023,2025-01-12,2025-01,Store,South,Consumer,1183.00,89.9000,1093.1000,115.9000,977.2000,10,1,1,1,977.2000,0.1,0.0005210358910124294679387506634
O00596,C0223,2025-09-23,2025-09,Online,East,Consumer,1769.00,249.8500,1519.1500,0.0000,1519.1500,7,0,1,1,1519.1500,0,0.0008099996662213796829913559868
O00597,C0036,2025-11-10,2025-11,Store,West,Consumer,2307.00,258.1500,2048.8500,0.0000,2048.8500,11,0,1,1,2048.8500,0,0.001092431831048727093109199035
O00598,C0003,2025-03-15,2025-03,Online,North,Business,2190.00,244.2000,1945.8000,0.0000,1945.8000,12,0,1,1,1945.8000,0,0.001037486324940631660576362097
O00599,C0112,2025-03-02,2025-03,Online,South,Business,2246.00,70.2500,2175.7500,0.0000,2175.7500,14,0,1,1,2175.7500,0,0.001160093982675290027494613954
O00600,C0146,2025-12-27,2025-12,Store,South,Consumer,1998.00,220.2000,1777.8000,0.0000,1777.8000,15,0,1,1,1777.8000,0,0.0009479099539929360500424794612
O00601,C0153,2025-02-13,2025-02,Store,East,Business,1741.00,49.0500,1691.9500,76.9500,1615.0000,8,1,1,1,1615.0000,0.125,0.0008611061850031453036441693834
O00602,C0202,2025-02-23,2025-02,Online,South,Business,3028.00,305.6000,2722.4000,0.0000,2722.4000,11,0,1,1,2722.4000,0,0.001451563763500038869746679089
O00603,C0039,2025-12-20,2025-12,Store,North,Business,1551.00,192.9000,1358.1000,0.0000,1358.1000,12,0,1,1,1358.1000,0,0.0007241289844289607658694405199
O00604,C0011,2025-01-25,2025-01,Store,North,Business,2498.00,349.3000,2148.7000,0.0000,2148.7000,12,0,1,1,2148.7000,0,0.001145671120567342609250914399
O00605,C0244,2025-11-29,2025-11,Store,South,Consumer,536.00,107.2000,428.8000,321.6000,107.2000,4,3,1,1,107.2000,0.75,0.00005715825574757719910257272935
O00606,C0051,2025-02-02,2025-02,Store,West,Consumer,2420.00,291.2000,2128.8000,0.0000,2128.8000,14,0,1,1,2128.8000,0,0.001135060586151514379193627110
O00607,C0276,2025-03-15,2025-03,Store,South,Business,2615.00,194.2500,2420.7500,0.0000,2420.7500,10,0,1,1,2420.7500,0,0.001290726190307346126189859464
O00608,C0250,2025-09-14,2025-09,Online,West,Consumer,3348.00,669.6000,2678.4000,0.0000,2678.4000,13,0,1,1,2678.4000,0,0.001428103285394690019368757447
O00609,C0247,2025-06-10,2025-06,Online,North,Consumer,1476.00,108.4000,1367.6000,0.0000,1367.6000,6,0,1,1,1367.6000,0,0.0007291943149289792676555826927
O00610,C0132,2025-01-27,2025-01,Store,North,Consumer,3116.00,294.8000,2821.2000,0.0000,2821.2000,11,0,1,1,2821.2000,0,0.001504243200700231288322557687
O00611,C0211,2025-10-26,2025-10,Store,North,Business,254.00,50.8000,203.2000,0.0000,203.2000,1,0,1,1,203.2000,0,0.0001083447534319746908362199497
O00612,C0093,2025-11-19,2025-11,Online,North,Consumer,3029.00,291.3000,2737.7000,0.0000,2737.7000,18,0,1,1,2737.7000,0,0.001459721611568489719991729115
O00613,C0204,2025-06-27,2025-06,Online,South,Consumer,927.00,167.9000,759.1000,0.0000,759.1000,9,0,1,1,759.1000,0,0.0004047465665856889164063708848
O00614,C0147,2025-05-09,2025-05,Online,East,Business,199.00,19.9000,179.1000,0.0000,179.1000,1,0,1,1,179.1000,0,0.00009549480974245407051558559539
O00615,C0102,2025-02-07,2025-02,Online,North,Consumer,1709.00,57.7500,1651.2500,0.0000,1651.2500,9,0,1,1,1651.2500,0,0.0008804344198058474815123434640
O00616,C0139,2025-11-02,2025-11,Store,North,Business,2811.00,350.2000,2460.8000,0.0000,2460.8000,14,0,1,1,2460.8000,0,0.001312080557310055704772490414
O00617,C0103,2025-12-25,2025-12,Online,West,Consumer,588.00,0.0000,588.0000,0.0000,588.0000,3,0,1,1,588.0000,0,0.0003135172983169346368685892244
O00618,C0238,2025-12-06,2025-12,Store,East,Consumer,488.00,0.0000,488.0000,0.0000,488.0000,4,0,1,1,488.0000,0,0.0002601980298956872496460400366
O00619,C0246,2025-11-29,2025-11,Online,South,Consumer,1247.00,32.4000,1214.6000,0.0000,1214.6000,7,0,1,1,1214.6000,0,0.0006476158342444707652050824353
O00620,C0207,2025-05-08,2025-05,Online,South,Consumer,784.00,78.4000,705.6000,0.0000,705.6000,4,0,1,1,705.6000,0,0.0003762207579803215642423070693
O00621,C0262,2025-01-07,2025-01,Online,West,Business,712.00,76.7000,635.3000,0.0000,635.3000,6,0,1,1,635.3000,0,0.0003387373122801846510248549903
O00622,C0131,2025-03-25,2025-03,Online,West,Business,1344.00,18.9000,1325.1000,737.1000,588.0000,6,4,1,1,588.0000,0.6666666666666666666666666667,0.0003135172983169346368685892244
O00623,C0166,2025-05-23,2025-05,Online,North,Business,122.00,24.4000,97.6000,0.0000,97.6000,1,0,1,1,97.6000,0,0.00005203960597913744992920800732
O00624,C0064,2025-07-10,2025-07,Online,North,Business,2051.00,296.6000,1754.4000,350.5500,1403.8500,12,3,1,1,1403.8500,0.25,0.0007485225497316814455237567733
O00625,C0002,2025-03-21,2025-03,Store,West,Consumer,1638.00,155.6500,1482.3500,0.0000,1482.3500,14,0,1,1,1482.3500,0,0.0007903781754423606444934578857
O00626,C0161,2025-11-22,2025-11,Online,West,Consumer,2487.00,59.9000,2427.1000,548.6000,1878.5000,13,3,1,1,1878.5000,0.2307692307692307692307692308,0.001001602457293132168975586493
O00627,C0110,2025-04-11,2025-04,Online,West,Consumer,1436.00,130.6000,1305.4000,0.0000,1305.4000,8,0,1,1,1305.4000,0,0.0006960297299709633928031570979
O00628,C0065,2025-11-15,2025-11,Store,East,Consumer,3419.00,189.1000,3229.9000,0.0000,3229.9000,17,0,1,1,3229.9000,0,0.001722159050737869359901116218
O00629,C0177,2025-04-08,2025-04,Store,West,Business,2000.00,67.0000,1933.0000,0.0000,1933.0000,10,0,1,1,1933.0000,0,0.001030661458582711995011875801
O00630,C0083,2025-06-22,2025-06,Store,West,Consumer,1622.00,68.9000,1553.1000,0.0000,1553.1000,10,0,1,1,1553.1000,0,0.0008281015578503931709534114361
O00631,C0202,2025-03-28,2025-03,Store,South,Business,1230.00,66.8000,1163.2000,0.0000,1163.2000,6,0,1,1,1163.2000,0,0.0006202097302759496081726921528
O00632,C0268,2025-09-20,2025-09,Store,North,Consumer,1200.00,119.1000,1080.9000,0.0000,1080.9000,9,0,1,1,1080.9000,0,0.0005763279723652630084885341712
O00633,C0038,2025-12-29,2025-12,Store,South,Consumer,1283.00,76.3000,1206.7000,558.6000,648.1000,8,2,1,1,648.1000,0.25,0.0003455621786381043165893412863
O00634,C0187,2025-12-18,2025-12,Store,North,Business,196.00,39.2000,156.8000,0.0000,156.8000,1,0,1,1,156.8000,0,0.00008360461288451590316495712651
O00635,C0126,2025-09-14,2025-09,Online,South,Business,1887.00,98.2000,1788.8000,482.6000,1306.2000,13,2,1,1,1306.2000,0.1538461538461538461538461538,0.0006964562841183333719009374914
O00636,C0052,2025-08-28,2025-08,Online,North,Consumer,300.00,15.0000,285.0000,285.0000,0.0000,1,1,1,1,0.0000,1,0
O00637,C0231,2025-08-01,2025-08,Store,West,Business,2373.00,216.6000,2156.4000,0.0000,2156.4000,16,0,1,1,2156.4000,0,0.001149776704235778658067050686
O00638,C0085,2025-12-08,2025-12,Store,South,Consumer,2058.00,76.5000,1981.5000,1500.0000,481.5000,12,5,1,1,481.5000,0.4166666666666666666666666667,0.0002567322774483061694765743394
O00639,C0170,2025-06-09,2025-06,Online,East,Business,1176.00,117.6000,1058.4000,0.0000,1058.4000,4,0,1,1,1058.4000,0,0.0005643311369704823463634606039
O00640,C0136,2025-12-24,2025-12,Online,West,Consumer,383.00,12.4500,370.5500,0.0000,370.5500,2,0,1,1,370.5500,0,0.0001975745491349321933531560155
O00641,C0101,2025-09-19,2025-09,Store,South,Business,828.00,35.0000,793.0000,0.0000,793.0000,8,0,1,1,793.0000,0,0.0004228217985804917806748150595
O00642,C0286,2025-02-24,2025-02,Store,West,Business,2511.00,250.3000,2260.7000,675.2000,1585.5000,17,4,1,1,1585.5000,0.2352941176470588235294117647,0.0008453770008188773244135173730
O00643,C0169,2025-09-06,2025-09,Online,North,Consumer,1799.00,230.2000,1568.8000,0.0000,1568.8000,13,0,1,1,1568.8000,0,0.0008364726829925290107473516586
O00644,C0183,2025-10-09,2025-10,Store,East,Consumer,1589.00,202.0000,1387.0000,130.0000,1257.0000,11,2,1,1,1257.0000,0.1818181818181818181818181818,0.0006702232040550796573874432910
O00645,C0266,2025-10-18,2025-10,Store,North,Business,2798.00,255.5000,2542.5000,0.0000,2542.5000,11,0,1,1,2542.5000,0,0.001355642399610214820133313100
O00646,C0232,2025-08-16,2025-08,Online,East,Business,175.00,8.7500,166.2500,0.0000,166.2500,5,0,1,1,166.2500,0,0.00008864328375032378125748802476
O00647,C0287,2025-03-05,2025-03,Store,South,Consumer,1605.00,270.7500,1334.2500,0.0000,1334.2500,12,0,1,1,1334.2500,0,0.0007114123389104932640168625386
O00648,C0082,2025-01-28,2025-01,Online,North,Business,793.00,146.3000,646.7000,0.0000,646.7000,6,0,1,1,646.7000,0,0.0003448157088802068531682255977
O00649,C0231,2025-01-25,2025-01,Store,West,Business,2113.00,337.4000,1775.6000,0.0000,1775.6000,9,0,1,1,1775.6000,0,0.0009467369300876686075235833790
O00650,C0098,2025-08-26,2025-08,Store,West,Business,970.00,108.8000,861.2000,0.0000,861.2000,5,0,1,1,861.2000,0,0.0004591855396437824987605936055
O00651,C0148,2025-08-26,2025-08,Online,East,Consumer,995.00,0.0000,995.0000,0.0000,995.0000,5,0,1,1,995.0000,0,0.0005305267207914115028643644189
O00652,C0235,2025-09-02,2025-09,Store,North,Business,633.00,31.6500,601.3500,601.3500,0.0000,3,3,1,1,0.0000,1,0
O00653,C0107,2025-09-16,2025-09,Online,South,Consumer,1233.00,60.0000,1173.0000,0.0000,1173.0000,5,0,1,1,1173.0000,0,0.0006254350185812318521205019732
O00654,C0021,2025-06-25,2025-06,Online,West,Business,2062.00,245.9000,1816.1000,0.0000,1816.1000,13,0,1,1,1816.1000,0,0.0009683312337982737993487158001
O00655,C0174,2025-10-27,2025-10,Store,South,Consumer,811.00,28.3500,782.6500,0.0000,782.6500,5,0,1,1,782.6500,0,0.0004173032542988926760972812185
O00656,C0265,2025-01-25,2025-01,Store,West,Consumer,536.00,26.8000,509.2000,0.0000,509.2000,4,0,1,1,509.2000,0,0.0002715017148009916957372204644
O00657,C0270,2025-10-15,2025-10,Store,East,Business,246.00,12.3000,233.7000,0.0000,233.7000,2,0,1,1,233.7000,0,0.0001246071303004551439390974519
O00659,C0003,2025-01-05,2025-01,Store,North,Business,1546.00,0.0000,1546.0000,392.0000,1154.0000,7,2,1,1,1154.0000,0.2857142857142857142857142857,0.0006153043575811948485482176275
O00661,C0062,2025-08-18,2025-08,Online,West,Business,2592.00,120.0000,2472.0000,188.0000,2284.0000,10,1,1,1,2284.0000,0.1,0.001217812090741290324163023450
O00662,C0185,2025-04-19,2025-04,Online,North,Consumer,1104.00,156.8000,947.2000,0.0000,947.2000,8,0,1,1,947.2000,0,0.0005050401104860552517719859071
O00663,C0195,2025-12-01,2025-12,Store,West,Business,947.00,111.4000,835.6000,0.0000,835.6000,9,0,1,1,835.6000,0,0.0004455358069279431676316210135
O00664,C0230,2025-10-01,2025-10,Store,East,Consumer,796.00,79.6000,716.4000,0.0000,716.4000,4,0,1,1,716.4000,0,0.0003819792389698162820623423816
O00665,C0240,2025-07-30,2025-07,Online,West,Business,2100.00,148.2000,1951.8000,0.0000,1951.8000,9,0,1,1,1951.8000,0,0.001040685481045906503809715048
O00666,C0153,2025-05-23,2025-05,Online,East,Business,792.00,107.6000,684.4000,0.0000,684.4000,3,0,1,1,684.4000,0,0.0003649170730750171181511266415
O00668,C0183,2025-08-14,2025-08,Store,East,Consumer,508.00,50.8000,457.2000,0.0000,457.2000,2,0,1,1,457.2000,0,0.0002437756952219430543814948867
O00669,C0270,2025-02-19,2025-02,Store,East,Business,2521.00,126.0500,2394.9500,1117.2000,1277.7500,9,4,1,1,1277.7500,0.4444444444444444444444444444,0.0006812869522524884902361222474
O00670,C0091,2025-09-20,2025-09,Store,North,Business,1955.00,256.0000,1699.0000,168.8000,1530.2000,8,1,1,1,1530.2000,0.125,0.0008158914453819275192794476721
O00671,C0009,2025-07-13,2025-07,Store,South,Business,3764.00,356.8000,3407.2000,855.0000,2552.2000,17,3,1,1,2552.2000,0.1764705882352941176470588235,0.001360814368647075816693900372
O00672,C0061,2025-01-22,2025-01,Online,East,Business,2140.00,310.4000,1829.6000,0.0000,1829.6000,13,0,1,1,1829.6000,0,0.0009755293350351421966237599404
O00673,C0101,2025-01-06,2025-01,Online,South,Business,733.00,9.7500,723.2500,0.0000,723.2500,5,0,1,1,723.2500,0,0.0003856316088566717280870870009
O00674,C0250,2025-08-14,2025-08,Online,West,Consumer,340.00,34.0000,306.0000,0.0000,306.0000,5,0,1,1,306.0000,0,0.0001631569613690170049010005147
O00675,C0080,2025-11-22,2025-11,Store,East,Consumer,525.00,12.3000,512.7000,0.0000,512.7000,4,0,1,1,512.7000,0,0.0002733678891957353542900096860
O00676,C0272,2025-11-16,2025-11,Store,West,Business,1785.00,90.0000,1695.0000,0.0000,1695.0000,7,0,1,1,1695.0000,0,0.0009037615997401432134222087336
O00677,C0266,2025-06-14,2025-06,Online,North,Business,1148.00,0.0000,1148.0000,0.0000,1148.0000,6,0,1,1,1148.0000,0,0.0006121052014759200053148646762
O00678,C0122,2025-12-11,2025-12,Store,North,Business,2180.00,98.0000,2082.0000,0.0000,2082.0000,9,0,1,1,2082.0000,0,0.001110107168530370601973474091
O00679,C0081,2025-11-08,2025-11,Store,North,Consumer,1112.00,196.4000,915.6000,0.0000,915.6000,7,0,1,1,915.6000,0,0.0004881912216649410774096603637
O00680,C0221,2025-09-22,2025-09,Online,West,Business,320.00,0.0000,320.0000,0.0000,320.0000,4,0,1,1,320.0000,0,0.0001706216589479916391121574010
O00681,C0262,2025-05-25,2025-05,Store,West,Business,3345.00,444.0000,2901.0000,0.0000,2901.0000,14,0,1,1,2901.0000,0,0.001546791976900386703326151939
O00682,C0266,2025-08-28,2025-08,Store,North,Business,1333.00,73.8000,1259.2000,0.0000,1259.2000,7,0,1,1,1259.2000,0,0.0006713962279603470999063393731
O00683,C0174,2025-10-22,2025-10,Store,South,Consumer,568.00,113.6000,454.4000,0.0000,454.4000,2,0,1,1,454.4000,0,0.0002422827557061481275392635095
O00684,C0230,2025-03-02,2025-03,Store,East,Consumer,2142.00,296.4500,1845.5500,0.0000,1845.5500,18,0,1,1,1845.5500,0,0.0009840337583483311548857565359
O00685,C0068,2025-01-22,2025-01,Online,West,Consumer,588.00,37.2000,550.8000,0.0000,550.8000,5,0,1,1,550.8000,0,0.0002936825304642306088218009265
O00686,C0227,2025-10-09,2025-10,Store,East,Consumer,1375.00,82.2000,1292.8000,0.0000,1292.8000,9,0,1,1,1292.8000,0,0.0006893115021498862220131159002
O00687,C0056,2025-06-19,2025-06,Online,North,Consumer,1094.00,85.5000,1008.5000,539.6000,468.9000,7,2,1,1,468.9000,0.2857142857142857142857142857,0.0002500140496272289986865331417
O00688,C0097,2025-09-09,2025-09,Store,West,Business,1533.00,80.4000,1452.6000,249.0000,1203.6000,7,1,1,1,1203.6000,0.1428571428571428571428571429,0.0006417507147181335526106020247
O00689,C0291,2025-05-25,2025-05,Online,North,Consumer,882.00,44.1000,837.9000,0.0000,837.9000,3,0,1,1,837.9000,0,0.0004467621501016318575377396448
O00690,C0219,2025-01-16,2025-01,Online,East,Consumer,2467.00,354.8000,2112.2000,0.0000,2112.2000,13,0,1,1,2112.2000,0,0.001126209587593587312914683945
O00691,C0254,2025-03-06,2025-03,Online,East,Business,815.00,60.0000,755.0000,0.0000,755.0000,4,0,1,1,755.0000,0,0.0004025604765804177735302463681
O00692,C0129,2025-02-11,2025-02,Store,North,Business,1919.00,145.7000,1773.3000,0.0000,1773.3000,9,0,1,1,1773.3000,0,0.0009455105869139799176174647477
O00694,C0154,2025-10-26,2025-10,Online,North,Business,954.00,67.0000,887.0000,0.0000,887.0000,6,0,1,1,887.0000,0,0.0004729419108964643246640112960
O00695,C0200,2025-11-18,2025-11,Store,West,Consumer,156.00,15.6000,140.4000,0.0000,140.4000,2,0,1,1,140.4000,0,0.00007486025286343133166045905971
O00697,C0114,2025-02-18,2025-02,Store,North,Business,842.00,92.1500,749.8500,0.0000,749.8500,9,0,1,1,749.8500,0,0.0003998145342567235330882850849
O00698,C0207,2025-11-10,2025-11,Store,South,Consumer,3406.00,206.5500,3199.4500,0.0000,3199.4500,14,0,1,1,3199.4500,0,0.001705923333503599530491849990
O00699,C0261,2025-10-28,2025-10,Store,West,Consumer,1765.00,61.0000,1704.0000,0.0000,1704.0000,10,0,1,1,1704.0000,0,0.0009085603338980554782722381605
O00700,C0114,2025-08-11,2025-08,Store,North,Business,284.00,56.8000,227.2000,0.0000,227.2000,1,0,1,1,227.2000,0,0.0001211413778530740637696317547
O00701,C0279,2025-04-11,2025-04,Store,South,Business,1178.00,113.6000,1064.4000,0.0000,1064.4000,7,0,1,1,1064.4000,0,0.0005675302930757571895968135552
O00702,C0112,2025-09-03,2025-09,Store,South,Business,806.00,161.2000,644.8000,0.0000,644.8000,6,0,1,1,644.8000,0,0.0003438026427802031528109971631
O00703,C0063,2025-08-22,2025-08,Online,West,Consumer,445.00,34.5500,410.4500,0.0000,410.4500,3,0,1,1,410.4500,0,0.0002188489372350099008549531414
O00704,C0037,2025-06-04,2025-06,Online,East,Business,1340.00,192.8000,1147.2000,0.0000,1147.2000,6,0,1,1,1147.2000,0,0.0006116786473285500262170842827
O00705,C0253,2025-06-07,2025-06,Online,North,Consumer,830.00,16.0000,814.0000,0.0000,814.0000,7,0,1,1,814.0000,0,0.0004340188449489537319915503889
O00706,C0229,2025-11-24,2025-11,Online,East,Consumer,1700.00,226.4000,1473.6000,0.0000,1473.6000,7,0,1,1,1473.6000,0,0.0007857127394555014981114848318
O00707,C0210,2025-09-10,2025-09,Store,North,Consumer,1580.00,108.4000,1471.6000,0.0000,1471.6000,9,0,1,1,1471.6000,0,0.0007846463540870765503670338480
O00709,C0164,2025-02-07,2025-02,Store,East,Consumer,1621.00,324.2000,1296.8000,0.0000,1296.8000,10,0,1,1,1296.8000,0,0.0006914442728867361175020178677
O00710,C0033,2025-03-11,2025-03,Online,South,Business,2411.00,52.7500,2358.2500,156.0000,2202.2500,11,2,1,1,2202.2500,0.1818181818181818181818181818,0.001174223588806920585108589489
O00711,C0177,2025-12-27,2025-12,Online,West,Business,588.00,58.8000,529.2000,0.0000,529.2000,3,0,1,1,529.2000,0,0.0002821655684852411731817303020
O00712,C0037,2025-08-31,2025-08,Store,East,Business,2289.00,160.2000,2128.8000,0.0000,2128.8000,11,0,1,1,2128.8000,0,0.001135060586151514379193627110
O00713,C0046,2025-09-28,2025-09,Online,West,Consumer,234.00,46.8000,187.2000,0.0000,187.2000,3,0,1,1,187.2000,0,0.00009981367048457510888061207961
O00714,C0121,2025-02-06,2025-02,Online,West,Business,1716.00,312.0000,1404.0000,168.8000,1235.2000,9,1,1,1,1235.2000,0.1111111111111111111111111111,0.0006585996035392477269729275680
O00715,C0085,2025-05-05,2025-05,Store,South,Consumer,642.00,120.6000,521.4000,0.0000,521.4000,4,0,1,1,521.4000,0,0.0002780066655483838769783714653
O00716,C0113,2025-07-15,2025-07,Store,South,Consumer,1479.00,295.8000,1183.2000,0.0000,1183.2000,9,0,1,1,1183.2000,0,0.0006308735839601990856172019903
O00717,C0124,2025-08-28,2025-08,Store,East,Consumer,1063.00,96.2000,966.8000,0.0000,966.8000,5,0,1,1,966.8000,0,0.0005154906870966197396676055479
O00718,C0259,2025-06-13,2025-06,Online,North,Business,615.00,30.7500,584.2500,0.0000,584.2500,11,0,1,1,584.2500,0,0.0003115178257511378598477436299
O00719,C0247,2025-07-17,2025-07,Online,North,Consumer,2009.00,256.0000,1753.0000,0.0000,1753.0000,15,0,1,1,1753.0000,0,0.0009346867754244666980112872626
O00720,C0046,2025-03-02,2025-03,Online,West,Consumer,1222.00,156.2000,1065.8000,0.0000,1065.8000,8,0,1,1,1065.8000,0,0.0005682767628336546530179292438
O00721,C0123,2025-11-25,2025-11,Online,East,Consumer,594.00,65.4500,528.5500,0.0000,528.5500,6,0,1,1,528.5500,0,0.0002818189932405030651647837322
O00722,C0260,2025-04-19,2025-04,Online,South,Consumer,676.00,67.6000,608.4000,0.0000,608.4000,8,0,1,1,608.4000,0,0.0003243944290748691038619892587
O00723,C0196,2025-12-11,2025-12,Online,West,Consumer,472.00,13.4000,458.6000,0.0000,458.6000,5,0,1,1,458.6000,0,0.0002445221649798405178026105754
O00724,C0058,2025-12-17,2025-12,Store,North,Consumer,2337.00,146.2500,2190.7500,0.0000,2190.7500,11,0,1,1,2190.7500,0,0.001168091872938477135577996332
O00725,C0036,2025-11-30,2025-11,Store,West,Consumer,188.00,18.8000,169.2000,0.0000,169.2000,1,0,1,1,169.2000,0,0.00009021620216875057918055322580
O00726,C0010,2025-02-20,2025-02,Store,West,Consumer,375.00,33.4500,341.5500,0.0000,341.5500,2,0,1,1,341.5500,0,0.0001821119612927704510586167510
O00727,C0264,2025-06-04,2025-06,Store,South,Business,80.00,8.0000,72.0000,0.0000,72.0000,1,0,1,1,72.0000,0,0.00003838987326329811880023541523
O00728,C0069,2025-05-06,2025-05,Store,South,Business,2202.00,183.6000,2018.4000,0.0000,2018.4000,12,0,1,1,2018.4000,0,0.001076196113814457263699932807
O00729,C0294,2025-09-08,2025-09,Store,South,Consumer,234.00,11.7000,222.3000,0.0000,222.3000,3,0,1,1,222.3000,0,0.0001185287337004329417957268445
O00730,C0278,2025-01-17,2025-01,Store,North,Consumer,3183.00,350.0000,2833.0000,572.4000,2260.6000,15,3,1,1,2260.6000,0.2,0.001205335381930718435552946940
O00731,C0062,2025-07-21,2025-07,Store,West,Business,281.00,37.6000,243.4000,0.0000,243.4000,2,0,1,1,243.4000,0,0.0001297790993373161404996847232
O00732,C0280,2025-10-01,2025-10,Store,North,Business,1771.00,295.4000,1475.6000,0.0000,1475.6000,9,0,1,1,1475.6000,0,0.0007867791248239264458559358155
O00733,C0188,2025-10-17,2025-10,Store,South,Business,2122.00,6.8000,2115.2000,0.0000,2115.2000,14,0,1,1,2115.2000,0,0.001127809165646224734531360421
O00734,C0040,2025-10-02,2025-10,Online,North,Consumer,2308.00,230.8000,2077.2000,207.9000,1869.3000,9,1,1,1,1869.3000,0.1111111111111111111111111111,0.0009966970845983774093511119680
O00735,C0123,2025-01-19,2025-01,Online,East,Consumer,1861.00,179.1000,1681.9000,0.0000,1681.9000,11,0,1,1,1681.9000,0,0.0008967767755769598056960547900
O00736,C0039,2025-06-19,2025-06,Store,North,Business,1566.00,227.8000,1338.2000,35.0000,1303.2000,8,1,1,1,1303.2000,0.125,0.0006948567060656959502842610157
O00737,C0161,2025-10-20,2025-10,Store,West,Consumer,1248.00,34.2000,1213.8000,0.0000,1213.8000,10,0,1,1,1213.8000,0,0.0006471892800971007861073020418
O00738,C0204,2025-10-14,2025-10,Store,South,Consumer,610.00,122.0000,488.0000,390.4000,97.6000,5,4,1,1,97.6000,0.8,0.00005203960597913744992920800732
O00739,C0153,2025-08-11,2025-08,Online,East,Business,422.00,42.2000,379.8000,0.0000,379.8000,2,0,1,1,379.8000,0,0.0002025065814638975766712418154
O00740,C0174,2025-05-21,2025-05,Online,South,Consumer,1355.00,108.4000,1246.6000,0.0000,1246.6000,5,0,1,1,1246.6000,0,0.0006646780001392699291162981754
O00741,C0108,2025-10-20,2025-10,Online,East,Business,1229.00,170.5500,1058.4500,430.4000,628.0500,5,2,1,1,628.0500,0.4,0.0003348716653196442154512201741
O00742,C0283,2025-07-15,2025-07,Online,East,Business,508.00,101.6000,406.4000,0.0000,406.4000,2,0,1,1,406.4000,0,0.0002166895068639493816724398993
O00743,C0285,2025-10-23,2025-10,Store,East,Consumer,531.00,47.4000,483.6000,358.8000,124.8000,4,2,1,1,124.8000,0.5,0.00006654244698971673925374138641
O00744,C0138,2025-08-15,2025-08,Store,South,Business,922.00,136.4000,785.6000,0.0000,785.6000,6,0,1,1,785.6000,0,0.0004188761727173194740203464196
O00745,C0079,2025-07-26,2025-07,Online,West,Business,390.00,39.0000,351.0000,0.0000,351.0000,5,0,1,1,351.0000,0,0.0001871506321585783291511476493
O00746,C0216,2025-07-31,2025-07,Store,North,Consumer,1491.00,24.6000,1466.4000,498.0000,968.4000,7,2,1,1,968.4000,0.2857142857142857142857142857,0.0005163437953913596978631663349
O00747,C0128,2025-07-22,2025-07,Online,West,Business,2523.00,28.4000,2494.6000,0.0000,2494.6000,10,0,1,1,2494.6000,0,0.001330102470036437321653712039
O00749,C0285,2025-08-13,2025-08,Store,East,Consumer,545.00,109.0000,436.0000,0.0000,436.0000,9,0,1,1,436.0000,0,0.0002324720103166386082903144589
O00751,C0023,2025-06-12,2025-06,Store,South,Consumer,1674.00,100.6500,1573.3500,0.0000,1573.3500,12,0,1,1,1573.3500,0,0.0008388987097056957668659776466
O00752,C0300,2025-07-12,2025-07,Online,West,Consumer,578.00,23.6500,554.3500,0.0000,554.3500,5,0,1,1,554.3500,0,0.0002955753644931848910682014227
O00753,C0268,2025-02-22,2025-02,Store,North,Consumer,2069.00,211.4000,1857.6000,0.0000,1857.6000,13,0,1,1,1857.6000,0,0.0009904587301930914650460737130
O00754,C0129,2025-03-11,2025-03,Online,North,Business,2679.00,71.3000,2607.7000,0.0000,2607.7000,13,0,1,1,2607.7000,0,0.001390406562620868116602415171
O00755,C0161,2025-08-20,2025-08,Store,West,Consumer,2439.00,219.3000,2219.7000,285.0000,1934.7000,13,1,1,1,1934.7000,0.07692307692307692307692307692,0.001031567886145873200594659137
O00756,C0091,2025-07-24,2025-07,Store,North,Business,1911.00,142.3000,1768.7000,122.0000,1646.7000,13,1,1,1,1646.7000,0.07692307692307692307692307692,0.0008780083930926807253937174759
O00757,C0010,2025-04-23,2025-04,Store,West,Consumer,2477.00,249.3000,2227.7000,0.0000,2227.7000,16,0,1,1,2227.7000,0,0.001187793342620128045156728257
O00758,C0168,2025-10-21,2025-10,Store,North,Business,615.00,30.7500,584.2500,0.0000,584.2500,5,0,1,1,584.2500,0,0.0003115178257511378598477436299
O00759,C0126,2025-12-23,2025-12,Online,South,Business,369.00,18.4500,350.5500,0.0000,350.5500,3,0,1,1,350.5500,0,0.0001869106954506827159086461779
O00760,C0259,2025-10-15,2025-10,Store,North,Business,1840.00,334.0000,1506.0000,0.0000,1506.0000,10,0,1,1,1506.0000,0,0.0008029881824239856515715907686
O00761,C0067,2025-12-20,2025-12,Store,East,Business,372.00,37.2000,334.8000,0.0000,334.8000,4,0,1,1,334.8000,0,0.0001785129106743362524210946808
O00762,C0245,2025-09-22,2025-09,Store,North,Consumer,1470.00,294.0000,1176.0000,0.0000,1176.0000,5,0,1,1,1176.0000,0,0.0006270345966338692737371784488
O00763,C0043,2025-11-27,2025-11,Online,West,Business,2252.00,0.0000,2252.0000,0.0000,2252.0000,9,0,1,1,2252.0000,0,0.001200749924846491160251807710
O00764,C0147,2025-08-24,2025-08,Store,East,Business,80.00,0.0000,80.0000,0.0000,80.0000,1,0,1,1,80.0000,0,0.00004265541473699790977803935026
O00765,C0196,2025-12-13,2025-12,Store,West,Consumer,254.00,0.0000,254.0000,0.0000,254.0000,1,0,1,1,254.0000,0,0.0001354309417899683635452749371
O00766,C0220,2025-12-01,2025-12,Online,North,Business,824.00,125.8000,698.2000,0.0000,698.2000,7,0,1,1,698.2000,0,0.0003722751321171492575878384294
O00767,C0132,2025-06-18,2025-06,Store,North,Consumer,336.00,46.2000,289.8000,0.0000,289.8000,4,0,1,1,289.8000,0,0.0001545192398847749281709475463
O00768,C0287,2025-08-13,2025-08,Store,South,Consumer,162.00,32.4000,129.6000,0.0000,129.6000,2,0,1,1,129.6000,0,0.00006910177187393661384042374742
O00769,C0107,2025-08-21,2025-08,Online,South,Consumer,1737.00,173.7000,1563.3000,352.8000,1210.5000,7,2,1,1,1210.5000,0.2857142857142857142857142857,0.0006454297442391996223289579186
O00770,C0265,2025-04-04,2025-04,Store,West,Consumer,211.00,10.5500,200.4500,0.0000,200.4500,1,0,1,1,200.4500,0,0.0001068784735503903876875998470
O00771,C0066,2025-07-14,2025-07,Online,North,Business,1257.00,132.6000,1124.4000,0.0000,1124.4000,10,0,1,1,1124.4000,0,0.0005995218541285056219303430679
O00772,C0289,2025-04-15,2025-04,Store,West,Business,2096.00,350.7000,1745.3000,279.3000,1466.0000,10,1,1,1,1466.0000,0.1,0.0007816604750554866966825710935
O00773,C0227,2025-10-03,2025-10,Online,East,Consumer,204.00,40.8000,163.2000,0.0000,163.2000,3,0,1,1,163.2000,0,0.00008701704606347573594720027453
O00775,C0030,2025-04-12,2025-04,Online,South,Business,3828.00,169.0000,3659.0000,196.0000,3463.0000,16,1,1,1,3463.0000,0.0625,0.001846446265427797019516878374
O00776,C0034,2025-02-08,2025-02,Online,East,Consumer,597.00,59.7000,537.3000,0.0000,537.3000,3,0,1,1,537.3000,0,0.0002864844292273622115467567862
O00777,C0029,2025-12-24,2025-12,Store,East,Consumer,500.00,25.6000,474.4000,0.0000,474.4000,4,0,1,1,474.4000,0,0.0002529466093903976049837733470
O00778,C0161,2025-04-14,2025-04,Store,West,Consumer,1929.00,237.6000,1691.4000,0.0000,1691.4000,10,0,1,1,1691.4000,0,0.0009018421060769783074821969629
O00780,C0080,2025-03-06,2025-03,Online,East,Consumer,762.00,76.2000,685.8000,0.0000,685.8000,3,0,1,1,685.8000,0,0.0003656635428329145815722423301
O00781,C0252,2025-01-01,2025-01,Online,West,Business,542.00,27.1000,514.9000,0.0000,514.9000,2,0,1,1,514.9000,0,0.0002745409131010027968089057681
O00782,C0042,2025-11-18,2025-11,Store,South,Consumer,2615.00,204.2500,2410.7500,0.0000,2410.7500,11,0,1,1,2410.7500,0,0.001285394263465221387467604545
O00783,C0183,2025-09-17,2025-09,Online,East,Consumer,1039.00,134.0000,905.0000,0.0000,905.0000,8,0,1,1,905.0000,0,0.0004825393792122888543640701498
O00784,C0167,2025-06-02,2025-06,Online,West,Consumer,1176.00,58.8000,1117.2000,0.0000,1117.2000,5,0,1,1,1117.2000,0,0.0005956828668021758100503195264
O00785,C0204,2025-09-28,2025-09,Online,South,Consumer,1231.00,192.8000,1038.2000,0.0000,1038.2000,10,0,1,1,1038.2000,0,0.0005535606447493903741445056680
O00786,C0064,2025-11-18,2025-11,Store,North,Business,1952.00,176.5000,1775.5000,0.0000,1775.5000,10,0,1,1,1775.5000,0,0.0009466836108192473601363608298
O00788,C0272,2025-12-15,2025-12,Store,West,Business,756.00,37.8000,718.2000,0.0000,718.2000,4,0,1,1,718.2000,0,0.0003829389858013987350323482670
O00789,C0066,2025-02-02,2025-02,Online,North,Business,1030.00,159.8000,870.2000,0.0000,870.2000,4,0,1,1,870.2000,0,0.0004639842738016947636106230325
O00790,C0090,2025-07-09,2025-07,Online,West,Business,366.00,0.0000,366.0000,123.0000,243.0000,4,1,1,1,243.0000,0.25,0.0001295658222636311509507945264
O00791,C0171,2025-12-29,2025-12,Store,South,Business,1007.00,40.4000,966.6000,249.0000,717.6000,9,1,1,1,717.6000,0.1111111111111111111111111111,0.0003826190701908712507090129718
O00792,C0195,2025-10-05,2025-10,Online,West,Business,1814.00,222.7000,1591.3000,183.3000,1408.0000,12,3,1,1,1408.0000,0.25,0.0007507352993711632120934925646
O00793,C0085,2025-06-19,2025-06,Online,South,Consumer,1592.00,227.6000,1364.4000,0.0000,1364.4000,12,0,1,1,1364.4000,0,0.0007274880983394993512644611187
O00794,C0192,2025-02-01,2025-02,Store,South,Business,80.00,16.0000,64.0000,0.0000,64.0000,1,0,1,1,64.0000,0,0.00003412433178959832782243148021
O00795,C0060,2025-09-16,2025-09,Online,South,Business,1276.00,122.9000,1153.1000,0.0000,1153.1000,5,0,1,1,1153.1000,0,0.0006148244841654036220632146848
O00796,C0201,2025-01-05,2025-01,Online,East,Consumer,312.00,31.2000,280.8000,0.0000,280.8000,4,0,1,1,280.8000,0,0.0001497205057268626633209181194
O00797,C0055,2025-09-10,2025-09,Online,East,Consumer,980.00,196.0000,784.0000,0.0000,784.0000,5,0,1,1,784.0000,0,0.0004180230644225795158247856325
O00798,C0100,2025-04-11,2025-04,Online,West,Consumer,2100.00,281.4000,1818.6000,0.0000,1818.6000,10,0,1,1,1818.6000,0,0.0009696642155088049840292795298
O00799,C0249,2025-01-11,2025-01,Store,North,Consumer,980.00,49.0000,931.0000,0.0000,931.0000,5,0,1,1,931.0000,0,0.0004964023890018131750419329386
O00800,C0107,2025-05-22,2025-05,Store,South,Consumer,803.00,116.9000,686.1000,0.0000,686.1000,8,0,1,1,686.1000,0,0.0003658235006381783237339099777
O00801,C0137,2025-07-30,2025-07,Store,South,Consumer,2547.00,342.9000,2204.1000,0.0000,2204.1000,12,0,1,1,2204.1000,0,0.001175209995272713661772206649
O00802,C0156,2025-12-08,2025-12,Online,South,Consumer,3190.00,344.9500,2845.0500,0.0000,2845.0500,16,0,1,1,2845.0500,0,0.001516959846218698790175135668
O00803,C0105,2025-02-25,2025-02,Store,South,Business,3005.00,571.7500,2433.2500,0.0000,2433.2500,13,0,1,1,2433.2500,0,0.001297391098860002049592678113
O00804,C0267,2025-12-09,2025-12,Store,West,Business,1847.00,85.2000,1761.8000,0.0000,1761.8000,8,0,1,1,1761.8000,0,0.0009393788710455364680868715911
O00805,C0241,2025-10-05,2025-10,Online,North,Consumer,402.00,0.0000,402.0000,0.0000,402.0000,3,0,1,1,402.0000,0,0.0002143434590534144966346477351
O00806,C0025,2025-08-05,2025-08,Online,East,Business,900.00,45.0000,855.0000,0.0000,855.0000,3,0,1,1,855.0000,0,0.0004558797450016651607527955559
O00807,C0180,2025-10-19,2025-10,Store,West,Consumer,105.00,21.0000,84.0000,56.0000,28.0000,3,2,1,1,28.0000,0.6666666666666666666666666667,0.00001492939515794926842231377259
O00808,C0159,2025-06-16,2025-06,Store,West,Business,1440.00,82.9500,1357.0500,0.0000,1357.0500,10,0,1,1,1357.0500,0,0.0007235691321105376683036037534
O00809,C0097,2025-05-17,2025-05,Online,West,Business,1470.00,294.0000,1176.0000,0.0000,1176.0000,5,0,1,1,1176.0000,0,0.0006270345966338692737371784488
O00810,C0101,2025-01-24,2025-01,Store,South,Business,664.00,82.0000,582.0000,0.0000,582.0000,4,0,1,1,582.0000,0,0.0003103181422116597936352362731
O00811,C0136,2025-06-13,2025-06,Store,West,Consumer,2014.00,140.4000,1873.6000,0.0000,1873.6000,13,0,1,1,1873.6000,0,0.0009989898131404910470016815831
O00812,C0264,2025-01-27,2025-01,Store,South,Business,1501.00,16.2000,1484.8000,64.8000,1420.0000,6,1,1,1,1420.0000,0.1666666666666666666666666667,0.0007571336115817128985601984671
O00813,C0119,2025-11-17,2025-11,Store,North,Business,335.00,1.7500,333.2500,0.0000,333.2500,2,0,1,1,333.2500,0,0.0001776864620138069179191451684
O00814,C0098,2025-11-28,2025-11,Online,West,Business,204.00,0.0000,204.0000,0.0000,204.0000,3,0,1,1,204.0000,0,0.0001087713075793446699340003432
O00815,C0180,2025-08-15,2025-08,Online,West,Consumer,930.00,33.5000,896.5000,0.0000,896.5000,9,0,1,1,896.5000,0,0.0004780072413964828264501534689
O00816,C0245,2025-06-26,2025-06,Store,North,Consumer,583.00,14.7000,568.3000,0.0000,568.3000,5,0,1,1,568.3000,0,0.0003030134024379489015857470344
O00817,C0258,2025-03-18,2025-03,Store,South,Business,670.00,107.2000,562.8000,134.0000,428.8000,5,1,1,1,428.8000,0.2,0.0002286330229903087964102909174
O00818,C0067,2025-10-10,2025-10,Store,East,Business,1176.00,117.6000,1058.4000,0.0000,1058.4000,9,0,1,1,1058.4000,0,0.0005643311369704823463634606039
O00820,C0286,2025-12-09,2025-12,Online,West,Business,3297.00,94.5000,3202.5000,0.0000,3202.5000,12,0,1,1,3202.5000,0,0.001707549571190447575802137740
O00821,C0180,2025-04-19,2025-04,Store,West,Consumer,1244.00,97.6000,1146.4000,0.0000,1146.4000,8,0,1,1,1146.4000,0,0.0006112520931811800471193038892
O00822,C0184,2025-11-01,2025-11,Store,West,Business,860.00,13.0000,847.0000,0.0000,847.0000,6,0,1,1,847.0000,0,0.0004516142035279653697749916209
O00823,C0067,2025-12-04,2025-12,Store,East,Business,160.00,0.0000,160.0000,0.0000,160.0000,2,0,1,1,160.0000,0,0.00008531082947399581955607870052
O00824,C0065,2025-03-21,2025-03,Store,East,Consumer,136.00,13.600,122.400,0.000,122.400,2,0,1,1,122.400,0,0.00006526278454760680196040020590
O00825,C0109,2025-07-14,2025-07,Store,West,Business,945.00,189.0000,756.0000,0.0000,756.0000,5,0,1,1,756.0000,0,0.0004030936692646302474024718600
O00826,C0235,2025-04-20,2025-04,Store,North,Business,1362.00,86.1500,1275.8500,0.0000,1275.8500,7,0,1,1,1275.8500,0,0.0006802738861524847898788938129
O00827,C0238,2025-07-31,2025-07,Store,East,Consumer,530.00,13.0000,517.0000,0.0000,517.0000,7,0,1,1,517.0000,0,0.0002756606177378489919405793011
O00828,C0075,2025-07-28,2025-07,Online,South,Business,1314.00,118.2000,1195.8000,0.0000,1195.8000,9,0,1,1,1195.8000,0,0.0006375918117812762564072431880
O00829,C0192,2025-11-21,2025-11,Online,South,Business,1994.00,196.0500,1797.9500,156.8000,1641.1500,14,1,1,1,1641.1500,0.07142857142857142857142857143,0.0008750491736953014954028659960
O00830,C0255,2025-06-24,2025-06,Online,South,Business,609.00,87.8000,521.2000,0.0000,521.2000,8,0,1,1,521.2000,0,0.0002779000270115413822039263669
O00831,C0089,2025-07-05,2025-07,Online,South,Business,2286.00,190.5000,2095.5000,0.0000,2095.5000,9,0,1,1,2095.5000,0,0.001117305269767238999248518231
O00832,C0095,2025-03-15,2025-03,Online,East,Consumer,2294.00,252.7500,2041.2500,258.4000,1782.8500,16,4,1,1,1782.8500,0.25,0.0009506025770482090430972181951
O00833,C0056,2025-04-29,2025-04,Store,North,Consumer,1554.00,43.5000,1510.5000,0.0000,1510.5000,10,0,1,1,1510.5000,0,0.0008053875495029417839966054821
O00835,C0145,2025-09-04,2025-09,Online,West,Business,130.00,13.000,117.000,0.000,117.000,2,0,1,1,117.000,0,0.00006238354405285944305038254976
O00836,C0291,2025-10-12,2025-10,Store,North,Consumer,3302.00,375.7500,2926.2500,0.0000,2926.2500,15,0,1,1,2926.2500,0,0.001560255092176751668599845609
O00838,C0224,2025-08-05,2025-08,Store,West,Consumer,2226.00,149.1000,2076.9000,0.0000,2076.9000,9,0,1,1,2076.9000,0,0.001107387885840886985225124082
O00839,C0217,2025-06-17,2025-06,Store,South,Business,1482.00,94.0000,1388.0000,0.0000,1388.0000,7,0,1,1,1388.0000,0,0.0007400714456869137346489827270
O00840,C0017,2025-11-22,2025-11,Store,South,Consumer,369.00,0.0000,369.0000,0.0000,369.0000,3,0,1,1,369.0000,0,0.0001967481004744028588512065031
O00841,C0141,2025-03-31,2025-03,Online,East,Consumer,188.00,0.0000,188.0000,0.0000,188.0000,1,0,1,1,188.0000,0,0.0001002402246319450879783924731
O00842,C0251,2025-11-01,2025-11,Store,North,Consumer,1893.00,120.0500,1772.9500,0.0000,1772.9500,10,0,1,1,1772.9500,0,0.0009453239694745055517621858255
O00843,C0062,2025-11-08,2025-11,Online,West,Business,1986.00,35.6000,1950.4000,0.0000,1950.4000,15,0,1,1,1950.4000,0,0.001039939011288009040388599359
O00844,C0026,2025-12-26,2025-12,Online,South,Consumer,2384.00,0.0000,2384.0000,188.0000,2196.0000,13,1,1,1,2196.0000,0.07692307692307692307692307692,0.001170891134530592623407180165
O00845,C0066,2025-12-05,2025-12,Online,North,Business,1546.00,309.2000,1236.8000,0.0000,1236.8000,7,0,1,1,1236.8000,0,0.0006594527118339876851684883550
O00846,C0227,2025-03-23,2025-03,Store,East,Consumer,523.00,44.5000,478.5000,0.0000,478.5000,3,0,1,1,478.5000,0,0.0002551326993956687478598978637
O00847,C0187,2025-04-18,2025-04,Online,North,Business,752.00,28.2000,723.8000,0.0000,723.8000,4,0,1,1,723.8000,0,0.0003859248648329885887168110215
O00848,C0101,2025-05-19,2025-05,Online,South,Business,246.00,12.3000,233.7000,0.0000,233.7000,2,0,1,1,233.7000,0,0.0001246071303004551439390974519
O00849,C0292,2025-02-25,2025-02,Store,East,Business,799.00,68.3500,730.6500,0.0000,730.6500,3,0,1,1,730.6500,0,0.0003895772347198440347415556408
O00850,C0011,2025-11-18,2025-11,Online,North,Business,1794.00,89.7000,1704.3000,0.0000,1704.3000,9,0,1,1,1704.3000,0,0.0009087202917033192204339058081
O00851,C0006,2025-09-19,2025-09,Store,East,Consumer,1555.00,217.0000,1338.0000,0.0000,1338.0000,10,0,1,1,1338.0000,0,0.0007134118114762900410377081331
O00853,C0151,2025-12-08,2025-12,Online,South,Business,366.00,0.0000,366.0000,0.0000,366.0000,3,0,1,1,366.0000,0,0.0001951485224217654372345300274
O00854,C0121,2025-09-02,2025-09,Online,West,Business,807.00,0.0000,807.0000,0.0000,807.0000,6,0,1,1,807.0000,0,0.0004302864961594664148859719457
O00855,C0244,2025-04-05,2025-04,Online,South,Consumer,1649.00,25.9500,1623.0500,0.0000,1623.0500,13,0,1,1,1623.0500,0,0.0008653983861110557183155845930
O00856,C0151,2025-05-04,2025-05,Store,South,Business,2983.00,395.0000,2588.0000,0.0000,2588.0000,12,0,1,1,2588.0000,0,0.001379902666741882381319572981
O00857,C0032,2025-06-01,2025-06,Online,North,Business,1972.00,100.3000,1871.7000,0.0000,1871.7000,10,0,1,1,1871.7000,0,0.0009979767470404873466444531485
O00858,C0091,2025-12-01,2025-12,Store,North,Business,1957.00,190.4500,1766.5500,0.0000,1766.5500,14,0,1,1,1766.5500,0,0.0009419115362955457189799426775
O00860,C0140,2025-01-08,2025-01,Online,East,Consumer,693.00,138.6000,554.4000,0.0000,554.4000,3,0,1,1,554.4000,0,0.0002956020241273955147618126973
O00861,C0102,2025-10-07,2025-10,Online,North,Consumer,982.00,52.9500,929.0500,0.0000,929.0500,8,0,1,1,929.0500,0,0.0004953626632675988509910932295
O00862,C0257,2025-09-04,2025-09,Online,North,Business,588.00,117.6000,470.4000,0.0000,470.4000,2,0,1,1,470.4000,0,0.0002508138386535477094948713795
O00863,C0047,2025-05-16,2025-05,Store,West,Consumer,374.00,45.4000,328.6000,264.6000,64.0000,2,1,1,1,64.0000,0.5,0.00003412433178959832782243148021
O00864,C0173,2025-02-17,2025-02,Store,West,Consumer,1040.00,9.4000,1030.6000,0.0000,1030.6000,4,0,1,1,1030.6000,0,0.0005495083803493755727155919297
O00865,C0226,2025-04-19,2025-04,Store,South,Business,752.00,37.6000,714.4000,0.0000,714.4000,4,0,1,1,714.4000,0,0.0003809128536013913343178913978
O00866,C0278,2025-05-28,2025-05,Online,North,Consumer,538.00,53.8000,484.2000,242.1000,242.1000,2,1,1,1,242.1000,0.5,0.0001290859488478399244657915837
O00867,C0194,2025-08-12,2025-08,Store,North,Consumer,1929.00,63.5000,1865.5000,0.0000,1865.5000,10,0,1,1,1865.5000,0,0.0009946709523983700086366550989
O00868,C0196,2025-05-23,2025-05,Online,West,Consumer,481.00,88.1000,392.9000,0.0000,392.9000,6,0,1,1,392.9000,0,0.0002094914056270809843973957590
O00869,C0210,2025-10-11,2025-10,Online,North,Consumer,1632.00,90.0000,1542.0000,0.0000,1542.0000,7,0,1,1,1542.0000,0,0.0008221831190556347109717084763
O00870,C0266,2025-06-08,2025-06,Store,North,Business,1644.00,196.5000,1447.5000,0.0000,1447.5000,6,0,1,1,1447.5000,0,0.0007717964103975559300463994938
O00871,C0017,2025-11-21,2025-11,Store,South,Consumer,268.00,53.6000,214.4000,0.0000,214.4000,2,0,1,1,214.4000,0,0.0001143165114951543982051454587
O00872,C0299,2025-09-04,2025-09,Store,North,Consumer,1369.00,83.3000,1285.7000,0.0000,1285.7000,12,0,1,1,1285.7000,0,0.0006855258340919776575203149079
O00873,C0063,2025-02-22,2025-02,Online,West,Consumer,3240.00,150.0000,3090.0000,0.0000,3090.0000,12,0,1,1,3090.0000,0,0.001647565394216544265176769904
O00874,C0207,2025-04-04,2025-04,Store,South,Consumer,975.00,170.7000,804.3000,0.0000,804.3000,5,0,1,1,804.3000,0,0.0004288468759120927354309631177
O00875,C0173,2025-01-11,2025-01,Online,West,Consumer,1895.00,251.0000,1644.0000,0.0000,1644.0000,15,0,1,1,1644.0000,0,0.0008765687728453070459387086478
O00876,C0122,2025-08-11,2025-08,Online,North,Business,3016.00,53.8000,2962.2000,196.0000,2766.2000,12,1,1,1,2766.2000,0.08333333333333333333333333333,0.001474917603068545225350155634
O00877,C0199,2025-09-07,2025-09,Store,North,Consumer,693.00,138.6000,554.4000,0.0000,554.4000,3,0,1,1,554.4000,0,0.0002956020241273955147618126973
O00878,C0011,2025-04-09,2025-04,Store,North,Business,726.00,135.4500,590.5500,0.0000,590.5500,7,0,1,1,590.5500,0,0.0003148769396616764452427642287
O00879,C0088,2025-11-10,2025-11,Store,West,Business,160.00,8.0000,152.0000,0.0000,152.0000,2,0,1,1,152.0000,0,0.00008104528800029602857827476549
O00880,C0128,2025-02-11,2025-02,Online,West,Business,122.00,24.4000,97.6000,0.0000,97.6000,1,0,1,1,97.6000,0,0.00005203960597913744992920800732
O00881,C0249,2025-08-29,2025-08,Online,North,Consumer,312.00,31.2000,280.8000,0.0000,280.8000,4,0,1,1,280.8000,0,0.0001497205057268626633209181194
O00882,C0230,2025-06-29,2025-06,Store,East,Consumer,566.00,38.5000,527.5000,0.0000,527.5000,3,0,1,1,527.5000,0,0.0002812591409220799675989469658
O00883,C0205,2025-05-31,2025-05,Store,West,Business,134.00,26.8000,107.2000,0.0000,107.2000,1,0,1,1,107.2000,0,0.00005715825574757719910257272935
O00885,C0099,2025-03-12,2025-03,Store,West,Consumer,294.00,14.7000,279.3000,279.3000,0.0000,1,1,1,1,0.0000,1,0
O00886,C0130,2025-02-26,2025-02,Online,West,Business,1695.00,197.2500,1497.7500,302.4000,1195.3500,11,2,1,1,1195.3500,0.1818181818181818181818181818,0.0006373518750733806431647417167
O00887,C0247,2025-07-13,2025-07,Online,North,Consumer,1751.00,131.6500,1619.3500,0.0000,1619.3500,6,0,1,1,1619.3500,0,0.0008634255731794695649883502730
O00888,C0224,2025-03-02,2025-03,Store,West,Consumer,2443.00,154.1500,2288.8500,482.6000,1806.2500,11,2,1,1,1806.2500,0.1818181818181818181818181818,0.0009630792858587809317072947051
O00889,C0177,2025-09-10,2025-09,Store,West,Business,492.00,0.00,492.00,0.00,492.00,4,0,1,1,492.00,0,0.0002623308006325371451349420041
O00890,C0107,2025-09-10,2025-09,Online,South,Consumer,1578.00,57.8000,1520.2000,0.0000,1520.2000,8,0,1,1,1520.2000,0,0.0008105595185398027805571927533
O00891,C0197,2025-06-17,2025-06,Store,East,Business,405.00,0.0000,405.0000,0.0000,405.0000,5,0,1,1,405.0000,0,0.0002159430371060519182513242107
O00892,C0104,2025-12-25,2025-12,Online,North,Business,2571.00,266.8000,2304.2000,0.0000,2304.2000,12,0,1,1,2304.2000,0,0.001228582582962382296381978386
O00893,C0191,2025-11-20,2025-11,Store,North,Consumer,398.00,0.0000,398.0000,0.0000,398.0000,2,0,1,1,398.0000,0,0.0002122106883165646011457457675
O00894,C0063,2025-12-20,2025-12,Store,West,Consumer,1745.00,68.3500,1676.6500,0.0000,1676.6500,11,0,1,1,1676.6500,0,0.0008939775139848443178668709577
O00895,C0029,2025-02-23,2025-02,Store,East,Consumer,462.00,46.2000,415.8000,0.0000,415.8000,2,0,1,1,415.8000,0,0.0002217015180955466360713595230
O00896,C0041,2025-02-28,2025-02,Store,West,Business,934.00,19.6000,914.4000,0.0000,914.4000,4,0,1,1,914.4000,0,0.0004875513904438861087629897735
O00897,C0075,2025-01-25,2025-01,Store,South,Business,2508.00,0.0000,2508.0000,271.0000,2237.0000,11,1,1,1,2237.0000,0.09090909090909090909090909091,0.001192752034583304052168425332
O00898,C0160,2025-01-04,2025-01,Online,West,Business,1518.00,300.1000,1217.9000,107.2000,1110.7000,9,1,1,1,1110.7000,0.1111111111111111111111111111,0.0005922171143547947298808538292
O00899,C0286,2025-12-10,2025-12,Store,West,Business,249.00,24.9000,224.1000,0.0000,224.1000,1,0,1,1,224.1000,0,0.0001194884805320153947657327299
O00900,C0243,2025-06-19,2025-06,Online,East,Business,272.00,0.0000,272.0000,0.0000,272.0000,4,0,1,1,272.0000,0,0.0001450284101057928932453337909
O00901,C0054,2025-08-12,2025-08,Store,East,Business,2792.00,64.6000,2727.4000,0.0000,2727.4000,16,0,1,1,2727.4000,0,0.001454229726921101239107806549
O00902,C0030,2025-06-23,2025-06,Online,South,Business,1452.00,69.0000,1383.0000,70.2000,1312.8000,9,1,1,1,1312.8000,0.1111111111111111111111111111,0.0006999753558341356994576257378
O00903,C0089,2025-06-05,2025-06,Online,South,Business,588.00,29.4000,558.6000,0.0000,558.6000,2,0,1,1,558.6000,0,0.0002978414334010879050251597632
O00904,C0182,2025-11-26,2025-11,Store,West,Business,378.00,0.00,378.00,0.00,378.00,2,0,1,1,378.00,0,0.0002015468346323151237012359300
O00905,C0149,2025-09-12,2025-09,Store,East,Business,1626.00,104.7000,1521.3000,0.0000,1521.3000,7,0,1,1,1521.3000,0,0.0008111460304924365018166407944
O00906,C0253,2025-10-28,2025-10,Online,North,Consumer,123.00,24.6000,98.4000,98.4000,0.0000,1,1,1,1,0.0000,1,0
O00908,C0008,2025-10-29,2025-10,Online,North,Consumer,1123.00,100.7000,1022.3000,0.0000,1022.3000,10,0,1,1,1022.3000,0,0.0005450828810704120395761203471
O00909,C0265,2025-07-23,2025-07,Online,West,Consumer,325.00,32.5000,292.5000,0.0000,292.5000,5,0,1,1,292.5000,0,0.0001559588601321486076259563744
O00910,C0062,2025-06-13,2025-06,Online,West,Business,348.00,4.0000,344.0000,0.0000,344.0000,3,0,1,1,344.0000,0,0.0001834182833690910120455692061
O00911,C0119,2025-10-16,2025-10,Online,North,Business,1576.00,104.6000,1471.4000,0.0000,1471.4000,17,0,1,1,1471.4000,0,0.0007845397155502340555925887497
O00912,C0036,2025-10-20,2025-10,Store,West,Consumer,1628.00,113.0500,1514.9500,379.8000,1135.1500,8,2,1,1,1135.1500,0.25,0.0006052536754837897160567671056
O00914,C0051,2025-02-14,2025-02,Online,West,Consumer,1277.00,198.9000,1078.1000,0.0000,1078.1000,10,0,1,1,1078.1000,0,0.0005748350328494680816463027939
O00915,C0225,2025-12-10,2025-12,Store,North,Consumer,2804.00,182.4000,2621.6000,0.0000,2621.6000,14,0,1,1,2621.6000,0,0.001397817940931421503426349508
O00916,C0124,2025-01-11,2025-01,Online,East,Consumer,980.00,49.0000,931.0000,0.0000,931.0000,5,0,1,1,931.0000,0,0.0004964023890018131750419329386
O00917,C0071,2025-12-29,2025-12,Store,West,Consumer,894.00,40.2000,853.8000,0.0000,853.8000,7,0,1,1,853.8000,0,0.0004552399137806101921061249656
O00918,C0235,2025-11-15,2025-11,Online,North,Business,1260.00,5.2500,1254.7500,0.0000,1254.7500,8,0,1,1,1254.7500,0,0.0006690235205156015911749359342
O00919,C0264,2025-05-02,2025-05,Online,South,Business,1335.00,0.0000,1335.0000,0.0000,1335.0000,10,0,1,1,1335.0000,0,0.0007118122334236526194210316575
O00920,C0214,2025-01-26,2025-01,Store,West,Business,1526.00,49.8000,1476.2000,0.0000,1476.2000,10,0,1,1,1476.2000,0,0.0007870990404344539301792711107
O00921,C0023,2025-07-15,2025-07,Store,South,Consumer,1355.00,0.0000,1355.0000,0.0000,1355.0000,7,0,1,1,1355.0000,0,0.0007224760871079020968655414950
O00922,C0235,2025-06-14,2025-06,Online,North,Business,1955.00,120.0000,1835.0000,0.0000,1835.0000,8,0,1,1,1835.0000,0,0.0009784085755298895555337775966
O00923,C0131,2025-10-29,2025-10,Store,West,Business,538.00,26.9000,511.1000,0.0000,511.1000,2,0,1,1,511.1000,0,0.0002725147809009953960944488990
O00924,C0203,2025-11-07,2025-11,Store,South,Business,1136.00,227.2000,908.8000,0.0000,908.8000,4,0,1,1,908.8000,0,0.0004845655114122962550785270190
O00925,C0005,2025-03-24,2025-03,Store,South,Business,1316.00,61.5000,1254.5000,0.0000,1254.5000,13,0,1,1,1254.5000,0,0.0006688902223445484727068795613
O00927,C0189,2025-01-03,2025-01,Online,North,Consumer,1492.00,104.0000,1388.0000,0.0000,1388.0000,6,0,1,1,1388.0000,0,0.0007400714456869137346489827270
O00928,C0175,2025-01-06,2025-01,Store,North,Consumer,988.00,68.0000,920.0000,0.0000,920.0000,11,0,1,1,920.0000,0,0.0004905372694754759624474525280
O00929,C0089,2025-06-25,2025-06,Online,South,Business,204.00,10.2000,193.8000,0.0000,193.8000,3,0,1,1,193.8000,0,0.0001033327422003774364373003260
O00930,C0103,2025-10-31,2025-10,Store,West,Consumer,657.00,13.9500,643.0500,0.0000,643.0500,5,0,1,1,643.0500,0,0.0003428695555828313235346025523
O00931,C0173,2025-07-01,2025-07,Online,West,Consumer,279.00,27.9000,251.1000,0.0000,251.1000,3,0,1,1,251.1000,0,0.0001338846830057521893158210106
O00932,C0143,2025-05-31,2025-05,Store,West,Business,300.00,0.0000,300.0000,0.0000,300.0000,1,0,1,1,300.0000,0,0.0001599578052637421616676475635
O00933,C0216,2025-01-18,2025-01,Store,North,Consumer,515.00,0.0000,515.0000,0.0000,515.0000,7,0,1,1,515.0000,0,0.0002745942323694240441961283173
O00934,C0095,2025-05-02,2025-05,Online,East,Consumer,1785.00,266.2000,1518.8000,0.0000,1518.8000,8,0,1,1,1518.8000,0,0.0008098130487819053171360770647
O00935,C0273,2025-12-04,2025-12,Store,South,Business,1265.00,229.5000,1035.5000,0.0000,1035.5000,10,0,1,1,1035.5000,0,0.0005521210245020166946894968399
O00936,C0182,2025-12-29,2025-12,Online,West,Business,1812.00,137.4000,1674.6000,0.0000,1674.6000,9,0,1,1,1674.6000,0,0.0008928844689822087464288086993
O00937,C0083,2025-07-20,2025-07,Online,West,Consumer,2248.00,249.8500,1998.1500,302.4000,1695.7500,12,2,1,1,1695.7500,0.1666666666666666666666666667,0.0009041614942533025688263778525
O00938,C0209,2025-06-02,2025-06,Store,West,Business,2572.00,121.8500,2450.1500,0.0000,2450.1500,12,0,1,1,2450.1500,0,0.001306402055223192858033288925
O00939,C0155,2025-02-23,2025-02,Store,South,Business,1897.00,54.2000,1842.8000,0.0000,1842.8000,7,0,1,1,1842.8000,0,0.0009825674784667468517371364332
O00940,C0223,2025-07-05,2025-07,Online,East,Consumer,563.00,84.2000,478.8000,0.0000,478.8000,4,0,1,1,478.8000,0,0.0002552926572009324900215655113
O00941,C0053,2025-12-13,2025-12,Store,West,Business,711.00,6.1500,704.8500,0.0000,704.8500,4,0,1,1,704.8500,0,0.0003758208634671622088381379504
O00942,C0128,2025-08-10,2025-08,Store,West,Business,830.00,55.1000,774.9000,0.0000,774.9000,10,0,1,1,774.9000,0,0.0004131710109962460035875336565
O00943,C0190,2025-08-07,2025-08,Online,North,Business,668.00,120.0000,548.0000,0.0000,548.0000,3,0,1,1,548.0000,0,0.0002921895909484356819795695493
O00944,C0061,2025-09-29,2025-09,Online,East,Business,404.00,40.4000,363.6000,0.0000,363.6000,4,0,1,1,363.6000,0,0.0001938688599796554999411888469
O00945,C0198,2025-03-03,2025-03,Online,West,Consumer,1352.00,93.0000,1259.0000,0.0000,1259.0000,6,0,1,1,1259.0000,0,0.0006712895894235046051318942747
O00946,C0159,2025-05-22,2025-05,Store,West,Business,243.00,0.0000,243.0000,0.0000,243.0000,3,0,1,1,243.0000,0,0.0001295658222636311509507945264
O00947,C0084,2025-12-20,2025-12,Store,West,Business,816.00,163.2000,652.8000,0.0000,652.8000,4,0,1,1,652.8000,0,0.0003480681842539029437888010981
O00948,C0147,2025-05-11,2025-05,Store,East,Business,369.00,0.0000,369.0000,369.0000,0.0000,3,3,1,1,0.0000,1,0
O00949,C0085,2025-11-08,2025-11,Store,South,Consumer,2886.00,373.9500,2512.0500,0.0000,2512.0500,12,0,1,1,2512.0500,0,0.001339406682375944990724046873
O00950,C0231,2025-11-09,2025-11,Online,West,Business,1978.00,66.6500,1911.3500,0.0000,1911.3500,12,0,1,1,1911.3500,0,0.001019117836969511935678193901
O00951,C0066,2025-02-18,2025-02,Store,North,Business,1648.00,39.8000,1608.2000,0.0000,1608.2000,7,0,1,1,1608.2000,0,0.0008574804747505004813130360386
O00952,C0093,2025-08-10,2025-08,Online,North,Consumer,2871.00,189.7500,2681.2500,0.0000,2681.2500,11,0,1,1,2681.2500,0,0.001429622884544695569904600099
O00954,C0186,2025-01-18,2025-01,Store,North,Consumer,1119.00,13.0000,1106.0000,175.0000,931.0000,11,5,1,1,931.0000,0.4545454545454545454545454545,0.0004964023890018131750419329386
O00955,C0014,2025-06-17,2025-06,Store,North,Business,1314.00,56.7000,1257.3000,0.0000,1257.3000,6,0,1,1,1257.3000,0,0.0006703831618603433995491109385
O00956,C0132,2025-06-02,2025-06,Store,North,Consumer,1010.00,70.6000,939.4000,0.0000,939.4000,6,0,1,1,939.4000,0,0.0005008812075491979555686270704
O00958,C0241,2025-06-05,2025-06,Online,North,Consumer,400.00,80.0000,320.0000,0.0000,320.0000,5,0,1,1,320.0000,0,0.0001706216589479916391121574010
O00959,C0235,2025-03-27,2025-03,Online,North,Business,840.00,106.2000,733.8000,0.0000,733.8000,9,0,1,1,733.8000,0,0.0003912567916751133274390659403
O00960,C0034,2025-09-09,2025-09,Online,East,Consumer,2684.00,190.3000,2493.7000,159.2000,2334.5000,15,1,1,1,2334.5000,0.06666666666666666666666666667,0.001244738321294020254710410790
O00961,C0179,2025-04-09,2025-04,Store,East,Consumer,2784.00,57.7500,2726.2500,0.0000,2726.2500,16,0,1,1,2726.2500,0,0.001453616555334256894154747233
O00962,C0195,2025-06-22,2025-06,Online,West,Business,2546.00,509.2000,2036.8000,0.0000,2036.8000,12,0,1,1,2036.8000,0,0.001086006859203966782948881858
O00963,C0126,2025-08-02,2025-08,Online,South,Business,2084.00,104.2000,1979.8000,0.0000,1979.8000,10,0,1,1,1979.8000,0,0.001055614876203855772232028821
O00964,C0139,2025-06-26,2025-06,Store,North,Business,390.00,39.0000,351.0000,280.8000,70.2000,5,4,1,1,70.2000,0.8,0.00003743012643171566583022952985
O00965,C0167,2025-11-25,2025-11,Online,West,Consumer,915.00,123.0000,792.0000,0.0000,792.0000,6,0,1,1,792.0000,0,0.0004222886058962793068025895676
O00966,C0275,2025-07-28,2025-07,Store,East,Business,366.00,36.6000,329.4000,0.0000,329.4000,3,0,1,1,329.4000,0,0.0001756336701795888935110770247
O00967,C0132,2025-03-03,2025-03,Online,North,Consumer,2189.00,202.9000,1986.1000,0.0000,1986.1000,10,0,1,1,1986.1000,0,0.001058973990114394357627049419
O00968,C0087,2025-08-24,2025-08,Store,North,Business,1379.00,62.2500,1316.7500,0.0000,1316.7500,6,0,1,1,1316.7500,0,0.0007020814669367749712529164307
O00969,C0149,2025-11-29,2025-11,Online,East,Business,481.00,80.0000,401.0000,0.0000,401.0000,6,0,1,1,401.0000,0,0.0002138102663692020227624222432
O00970,C0260,2025-03-31,2025-03,Online,South,Consumer,2060.00,69.5000,1990.5000,0.0000,1990.5000,10,0,1,1,1990.5000,0,0.001061320037924929242664841584
O00971,C0075,2025-09-02,2025-09,Store,South,Business,1726.00,116.3000,1609.7000,0.0000,1609.7000,8,0,1,1,1609.7000,0,0.0008582802637768191921213742764
O00972,C0071,2025-03-21,2025-03,Store,West,Consumer,2349.00,329.8500,2019.1500,0.0000,2019.1500,10,0,1,1,2019.1500,0,0.001076596008327616619104101926
O00973,C0135,2025-07-09,2025-07,Online,West,Consumer,1731.00,219.4000,1511.6000,0.0000,1511.6000,14,0,1,1,1511.6000,0,0.0008059740614555755052560535232
O00974,C0113,2025-06-17,2025-06,Online,South,Consumer,2155.00,208.9000,1946.1000,0.0000,1946.1000,11,0,1,1,1946.1000,0,0.001037646282745895402738029744
O00975,C0264,2025-07-13,2025-07,Store,South,Business,2170.00,228.5000,1941.5000,0.0000,1941.5000,10,0,1,1,1941.5000,0,0.001035193596398518022925792482
O00976,C0046,2025-09-12,2025-09,Store,West,Consumer,567.00,113.4000,453.6000,0.0000,453.6000,3,0,1,1,453.6000,0,0.0002418562015587781484414831160
O00977,C0170,2025-08-21,2025-08,Store,East,Business,1989.00,293.4000,1695.6000,0.0000,1695.6000,10,0,1,1,1695.6000,0,0.0009040815153506706977455440288
O00978,C0281,2025-01-01,2025-01,Online,North,Business,269.00,13.4500,255.5500,0.0000,255.5500,1,0,1,1,255.5500,0,0.0001362573904504976980472244495
O00979,C0168,2025-08-23,2025-08,Store,North,Business,1881.00,157.2000,1723.8000,0.0000,1723.8000,11,0,1,1,1723.8000,0,0.0009191175490454624609423028997
O00980,C0255,2025-03-16,2025-03,Store,South,Business,386.00,49.2000,336.8000,0.0000,336.8000,6,0,1,1,336.8000,0,0.0001795792960427612001655456646
O00981,C0174,2025-09-28,2025-09,Online,South,Consumer,1254.00,201.0000,1053.0000,0.0000,1053.0000,6,0,1,1,1053.0000,0,0.0005614518964757349874534429478
O00982,C0207,2025-10-19,2025-10,Online,South,Consumer,390.00,54.6000,335.4000,0.0000,335.4000,5,0,1,1,335.4000,0,0.0001788328262848637367444299760
O00983,C0064,2025-05-26,2025-05,Online,North,Business,2054.00,135.9500,1918.0500,0.0000,1918.0500,8,0,1,1,1918.0500,0,0.001022690227953735510622104697
O00984,C0034,2025-04-11,2025-04,Online,East,Consumer,2706.00,135.3000,2570.7000,0.0000,2570.7000,12,0,1,1,2570.7000,0,0.001370678433305006583330071971
O00985,C0214,2025-10-09,2025-10,Store,West,Business,2199.00,168.8000,2030.2000,0.0000,2030.2000,9,0,1,1,2030.2000,0,0.001082487787488164455392193611
O00986,C0072,2025-04-15,2025-04,Store,South,Business,1136.00,113.6000,1022.4000,0.0000,1022.4000,4,0,1,1,1022.4000,0,0.0005451362003388332869633428963
O00987,C0204,2025-07-10,2025-07,Store,South,Consumer,693.00,34.6500,658.3500,0.0000,658.3500,3,0,1,1,658.3500,0,0.0003510274036512821737796525780
O00988,C0134,2025-04-28,2025-04,Store,North,Consumer,402.00,26.8000,375.2000,0.0000,375.2000,3,0,1,1,375.2000,0,0.0002000538951165201968590045527
O00989,C0226,2025-08-03,2025-08,Store,South,Business,2139.00,83.7500,2055.2500,0.0000,2055.2500,15,0,1,1,2055.2500,0,0.001095844264227686925891442183
O00990,C0007,2025-03-28,2025-03,Online,North,Consumer,2965.00,282.5000,2682.5000,0.0000,2682.5000,14,0,1,1,2682.5000,0,0.001430289375399961162244881963
O00991,C0062,2025-06-26,2025-06,Online,West,Business,1169.00,107.2000,1061.8000,0.0000,1061.8000,7,0,1,1,1061.8000,0,0.0005661439920968047575290272763
O00993,C0090,2025-02-27,2025-02,Store,West,Business,279.00,52.3000,226.7000,0.0000,226.7000,3,0,1,1,226.7000,0,0.0001208747815109678268335190088
O00994,C0194,2025-12-25,2025-12,Store,North,Consumer,567.00,0.0000,567.0000,0.0000,567.0000,3,0,1,1,567.0000,0,0.0003023202519484726855518538950
O00995,C0109,2025-12-02,2025-12,Online,West,Business,980.00,68.6000,911.4000,0.0000,911.4000,4,0,1,1,911.4000,0,0.0004859518123912486871463132978
O00996,C0182,2025-03-11,2025-03,Store,West,Business,35.00,0.0000,35.0000,0.0000,35.0000,1,0,1,1,35.0000,0,0.00001866174394743658552789221574
O00997,C0079,2025-08-27,2025-08,Store,West,Business,462.00,92.4000,369.6000,0.0000,369.6000,2,0,1,1,369.6000,0,0.0001970680160849303431745417982
O00998,C0110,2025-06-20,2025-06,Online,West,Consumer,422.00,84.4000,337.6000,0.0000,337.6000,2,0,1,1,337.6000,0,0.0001800058501901311792633260581
O00999,C0233,2025-03-31,2025-03,Store,South,Business,240.00,0.0000,240.0000,0.0000,240.0000,3,0,1,1,240.0000,0,0.0001279662442109937293341180508
O01000,C0171,2025-08-03,2025-08,Online,South,Business,483.00,38.1000,444.9000,0.0000,444.9000,6,0,1,1,444.9000,0,0.0002372174252061296257531213366
O01001,C0256,2025-06-04,2025-06,Online,North,Consumer,826.00,89.4000,736.6000,54.4000,682.2000,5,1,1,1,682.2000,0.2,0.0003637440491697496756322305593
O01002,C0182,2025-06-01,2025-06,Store,West,Business,1072.00,112.1000,959.9000,0.0000,959.9000,11,0,1,1,959.9000,0,0.0005118116575755536699492496539
O01003,C0063,2025-06-09,2025-06,Store,West,Consumer,1245.00,124.5000,1120.5000,672.3000,448.2000,5,3,1,1,448.2000,0.6,0.0002389769610640307895314654598
O01004,C0267,2025-09-12,2025-09,Store,West,Business,788.00,52.4000,735.6000,0.0000,735.6000,8,0,1,1,735.6000,0,0.0003922165385066957804090718256
O01005,C0211,2025-06-01,2025-06,Online,North,Business,940.00,0.0000,940.0000,0.0000,940.0000,5,0,1,1,940.0000,0,0.0005012011231597254398919623656
O01006,C0186,2025-04-24,2025-04,Store,North,Consumer,1293.00,138.6000,1154.4000,0.0000,1154.4000,5,0,1,1,1154.4000,0,0.0006155176346548798380971078243
O01007,C0242,2025-10-07,2025-10,Store,South,Business,602.00,56.7000,545.3000,35.0000,510.3000,4,1,1,1,510.3000,0.25,0.0002720882267536254169966685055
O01008,C0180,2025-12-16,2025-12,Store,West,Consumer,320.00,16.0000,304.0000,0.0000,304.0000,4,0,1,1,304.0000,0,0.0001620905760005920571565495310
O01009,C0210,2025-02-26,2025-02,Online,North,Consumer,2190.00,54.2000,2135.8000,0.0000,2135.8000,13,0,1,1,2135.8000,0,0.001138792934941001696299205554
O01010,C0174,2025-06-22,2025-06,Store,South,Consumer,1765.00,179.0000,1586.0000,65.0000,1521.0000,11,1,1,1,1521.0000,0.09090909090909090909090909091,0.0008109860726871727596549731468
O01012,C0248,2025-07-07,2025-07,Online,East,Business,320.00,0.0000,320.0000,0.0000,320.0000,4,0,1,1,320.0000,0,0.0001706216589479916391121574010
O01013,C0260,2025-07-10,2025-07,Store,South,Consumer,1402.00,211.1000,1190.9000,0.0000,1190.9000,7,0,1,1,1190.9000,0,0.0006349791676286351344333382778
O01014,C0294,2025-09-10,2025-09,Store,South,Consumer,1797.00,0.0000,1797.0000,0.0000,1797.0000,8,0,1,1,1797.0000,0,0.0009581472535298155483892089052
O01015,C0233,2025-05-02,2025-05,Online,South,Business,1122.00,65.8000,1056.2000,0.0000,1056.2000,6,0,1,1,1056.2000,0,0.0005631581130652149038445645218
O01016,C0030,2025-12-13,2025-12,Online,South,Business,2706.00,262.7000,2443.3000,0.0000,2443.3000,11,0,1,1,2443.3000,0,0.001302749685336337412008544306
O01017,C0075,2025-12-19,2025-12,Online,South,Business,1872.00,334.2000,1537.8000,0.0000,1537.8000,9,0,1,1,1537.8000,0,0.0008199437097819423207083614104
O01018,C0003,2025-03-26,2025-03,Online,North,Business,1941.00,246.4500,1694.5500,0.0000,1694.5500,9,0,1,1,1694.5500,0,0.0009035216630322476001797072623
O01019,C0121,2025-07-03,2025-07,Online,West,Business,1594.00,0.0000,1594.0000,0.0000,1594.0000,9,0,1,1,1594.0000,0,0.0008499091386346833523274340539
O01020,C0242,2025-01-12,2025-01,Store,South,Business,2308.00,230.0000,2078.0000,0.0000,2078.0000,12,0,1,1,2078.0000,0,0.001107974397793520706484572123
O01021,C0201,2025-07-26,2025-07,Online,East,Consumer,2216.00,355.0000,1861.0000,0.0000,1861.0000,10,0,1,1,1861.0000,0,0.0009922715853194138762116403854
O01022,C0112,2025-07-03,2025-07,Online,South,Business,1174.00,108.3000,1065.7000,325.0000,740.7000,13,5,1,1,740.7000,0.3846153846153846153846153846,0.0003949358211961793971574218342
O01023,C0181,2025-01-14,2025-01,Store,West,Business,422.00,0.0000,422.0000,0.0000,422.0000,2,0,1,1,422.0000,0,0.0002250073127376639740791575726
O01025,C0060,2025-11-22,2025-11,Online,South,Business,538.00,0.0000,538.0000,0.0000,538.0000,2,0,1,1,538.0000,0,0.0002868576641063109432573146305
O01026,C0094,2025-10-19,2025-10,Store,West,Consumer,3398.00,314.3000,3083.7000,0.0000,3083.7000,13,0,1,1,3083.7000,0,0.001644206280306005679781749305
O01028,C0162,2025-11-27,2025-11,Online,South,Consumer,878.00,13.0000,865.0000,0.0000,865.0000,4,0,1,1,865.0000,0,0.0004612116718437898994750504747
O01029,C0017,2025-11-27,2025-11,Store,South,Consumer,1076.00,215.2000,860.8000,0.0000,860.8000,4,0,1,1,860.8000,0,0.0004589722625700975092117034088
O01030,C0157,2025-06-14,2025-06,Online,West,Business,2150.00,230.0000,1920.0000,0.0000,1920.0000,13,0,1,1,1920.0000,0,0.001023729953687949834672944406
O01031,C0230,2025-08-22,2025-08,Online,East,Consumer,834.00,96.8000,737.2000,0.0000,737.2000,7,0,1,1,737.2000,0,0.0003930696468014357386046326126
O01032,C0146,2025-04-06,2025-04,Store,South,Consumer,2320.00,232.0000,2088.0000,0.0000,2088.0000,10,0,1,1,2088.0000,0,0.001113306324635645445206827042
O01033,C0227,2025-04-11,2025-04,Online,East,Consumer,583.00,82.6000,500.4000,0.0000,500.4000,8,0,1,1,500.4000,0,0.0002668096191799219256616361359
O01034,C0002,2025-02-10,2025-02,Online,West,Consumer,542.00,27.1000,514.9000,0.0000,514.9000,2,0,1,1,514.9000,0,0.0002745409131010027968089057681
O01035,C0279,2025-05-02,2025-05,Online,South,Business,1200.00,240.0000,960.0000,0.0000,960.0000,4,0,1,1,960.0000,0,0.0005118649768439749173364722031
O01036,C0030,2025-04-09,2025-04,Store,South,Business,2168.00,161.9000,2006.1000,0.0000,2006.1000,19,0,1,1,2006.1000,0,0.001069637843798643835071559257
O01037,C0218,2025-11-25,2025-11,Store,East,Business,1416.00,252.0000,1164.0000,0.0000,1164.0000,12,0,1,1,1164.0000,0,0.0006206362844233195872704725463
O01038,C0123,2025-03-16,2025-03,Store,East,Consumer,1420.00,284.0000,1136.0000,0.0000,1136.0000,5,0,1,1,1136.0000,0,0.0006057068892653703188481587737
O01039,C0243,2025-03-20,2025-03,Store,East,Business,1663.00,34.2500,1628.7500,0.0000,1628.7500,14,0,1,1,1628.7500,0,0.0008684375844110668193872698967
O01040,C0079,2025-11-25,2025-11,Store,West,Business,784.00,39.2000,744.8000,0.0000,744.8000,4,0,1,1,744.8000,0,0.0003971219112014505400335463509
O01041,C0079,2025-03-03,2025-03,Online,West,Business,254.00,0.0000,254.0000,0.0000,254.0000,1,0,1,1,254.0000,0,0.0001354309417899683635452749371
O01042,C0196,2025-04-10,2025-04,Store,West,Consumer,399.00,22.3500,376.6500,0.0000,376.6500,5,0,1,1,376.6500,0,0.0002008270245086282839737315159
O01043,C0053,2025-07-05,2025-07,Store,West,Business,1335.00,117.6000,1217.4000,0.0000,1217.4000,5,0,1,1,1217.4000,0,0.0006491087737602656920473138126
O01044,C0101,2025-12-28,2025-12,Online,South,Business,766.00,153.2000,612.8000,0.0000,612.8000,7,0,1,1,612.8000,0,0.0003267404768854039888997814230
O01045,C0278,2025-08-21,2025-08,Store,North,Consumer,478.00,37.8500,440.1500,0.0000,440.1500,4,0,1,1,440.1500,0,0.0002346847599561203748600502502
O01046,C0292,2025-12-08,2025-12,Online,East,Business,1723.00,281.2000,1441.8000,0.0000,1441.8000,8,0,1,1,1441.8000,0,0.0007687572120975448289747141901
O01048,C0129,2025-08-31,2025-08,Store,North,Business,2090.00,411.5000,1678.5000,0.0000,1678.5000,11,0,1,1,1678.5000,0,0.0008949639204506373945304881176
O01049,C0045,2025-12-12,2025-12,Store,North,Consumer,378.00,75.6000,302.4000,0.0000,302.4000,2,0,1,1,302.4000,0,0.0001612374677058520989609887440
O01050,C0234,2025-05-27,2025-05,Store,West,Business,952.00,89.0500,862.9500,0.0000,862.9500,5,0,1,1,862.9500,0,0.0004601186268411543280369882163
O01051,C0037,2025-07-01,2025-07,Store,East,Business,1229.00,25.6000,1203.4000,0.0000,1203.4000,9,0,1,1,1203.4000,0,0.0006416440761812910578361569263
O01052,C0108,2025-09-13,2025-09,Online,East,Business,2678.00,107.0000,2571.0000,0.0000,2571.0000,13,0,1,1,2571.0000,0,0.001370838391110270325491739619
O01053,C0183,2025-01-15,2025-01,Online,East,Consumer,1545.00,122.2500,1422.7500,0.0000,1422.7500,6,0,1,1,1422.7500,0,0.0007585998914632972017088185698
O01054,C0219,2025-10-07,2025-10,Store,East,Consumer,1660.00,332.0000,1328.0000,203.2000,1124.8000,10,1,1,1,1124.8000,0.1,0.0005997351312021906114792332647
O01055,C0272,2025-04-05,2025-04,Store,West,Business,2177.00,140.5000,2036.5000,140.4000,1896.1000,14,2,1,1,1896.1000,0.1428571428571428571428571429,0.001010986648535271709126755150
O01056,C0007,2025-03-23,2025-03,Store,North,Consumer,1976.00,43.3000,1932.7000,219.6000,1713.1000,13,2,1,1,1713.1000,0.1538461538461538461538461538,0.0009134123873243889905094901366
O01057,C0074,2025-07-16,2025-07,Online,South,Business,1209.00,0.0000,1209.0000,0.0000,1209.0000,6,0,1,1,1209.0000,0,0.0006446299552128809115206196808
O01058,C0248,2025-08-01,2025-08,Online,East,Business,2428.00,81.3000,2346.7000,0.0000,2346.7000,11,0,1,1,2346.7000,0,0.001251243272041412435951561791
O01059,C0201,2025-07-28,2025-07,Online,East,Consumer,269.00,13.4500,255.5500,0.0000,255.5500,1,0,1,1,255.5500,0,0.0001362573904504976980472244495
O01060,C0105,2025-12-19,2025-12,Online,South,Business,1084.00,216.8000,867.2000,0.0000,867.2000,4,0,1,1,867.2000,0,0.0004623846957490573419939465568
O01061,C0288,2025-01-19,2025-01,Store,East,Consumer,2852.00,434.9000,2417.1000,1711.5000,705.6000,13,10,1,1,705.6000,0.7692307692307692307692307692,0.0003762207579803215642423070693
O01062,C0230,2025-07-02,2025-07,Online,East,Consumer,1490.00,86.6500,1403.3500,0.0000,1403.3500,10,0,1,1,1403.3500,0,0.0007482559533895752085876440273
O01063,C0129,2025-01-17,2025-01,Store,North,Business,1284.00,118.5000,1165.5000,0.0000,1165.5000,7,0,1,1,1165.5000,0,0.0006214360734496382980788107841
O01064,C0014,2025-07-15,2025-07,Online,North,Business,913.00,0.0000,913.0000,0.0000,913.0000,4,0,1,1,913.0000,0,0.0004868049206859886453418740848
O01065,C0196,2025-02-17,2025-02,Store,West,Consumer,2545.00,249.2000,2295.8000,61.7500,2234.0500,12,1,1,1,2234.0500,0.08333333333333333333333333333,0.001191179116164877254245360131
O01067,C0287,2025-06-13,2025-06,Store,South,Consumer,2519.00,305.4000,2213.6000,215.2000,1998.4000,14,1,1,1,1998.4000,0.07142857142857142857142857143,0.001065532260130207786255422969
O01068,C0197,2025-10-29,2025-10,Store,East,Business,320.00,32.000,288.000,0.000,288.000,4,0,1,1,288.000,0,0.0001535594930531924752009416609
O01069,C0162,2025-10-15,2025-10,Store,South,Consumer,1823.00,91.6000,1731.4000,658.3500,1073.0500,12,3,1,1,1073.0500,0.25,0.0005721424097941950885915640600
O01070,C0059,2025-10-26,2025-10,Store,South,Business,1324.00,110.9000,1213.1000,0.0000,1213.1000,12,0,1,1,1213.1000,0,0.0006468160452181520543967441975
O01072,C0196,2025-12-10,2025-12,Online,West,Consumer,1298.00,83.2000,1214.8000,0.0000,1214.8000,5,0,1,1,1214.8000,0,0.0006477224727813132599795275337
O01073,C0226,2025-07-07,2025-07,Online,South,Business,1241.00,40.0000,1201.0000,372.0000,829.0000,12,4,1,1,829.0000,0.3333333333333333333333333333,0.0004420167352121408400749327671
O01074,C0066,2025-07-15,2025-07,Store,North,Business,698.00,139.6000,558.4000,0.0000,558.4000,6,0,1,1,558.4000,0,0.0002977347948642454102507146648
O01075,C0088,2025-05-21,2025-05,Store,West,Business,1979.00,235.3000,1743.7000,0.0000,1743.7000,8,0,1,1,1743.7000,0,0.0009297280834612906909995901881
O01076,C0184,2025-09-02,2025-09,Online,West,Business,784.00,39.2000,744.8000,0.0000,744.8000,4,0,1,1,744.8000,0,0.0003971219112014505400335463509
O01077,C0099,2025-07-07,2025-07,Online,West,Consumer,1539.00,123.1500,1415.8500,350.5500,1065.3000,9,3,1,1,1065.3000,0.3333333333333333333333333333,0.0005680101664915484160818164979
O01078,C0300,2025-10-28,2025-10,Online,West,Consumer,2852.00,241.7500,2610.2500,0.0000,2610.2500,15,0,1,1,2610.2500,0,0.001391766203965609924976590175
O01079,C0289,2025-08-28,2025-08,Store,West,Business,360.00,63.9000,296.1000,0.0000,296.1000,4,0,1,1,296.1000,0,0.0001578783537953135135659681451
O01080,C0239,2025-04-20,2025-04,Store,South,Consumer,947.00,182.9000,764.1000,0.0000,764.1000,4,0,1,1,764.1000,0,0.0004074125300067512857674983442
O01081,C0239,2025-01-22,2025-01,Store,South,Consumer,811.00,141.1000,669.9000,240.0000,429.9000,5,1,1,1,429.9000,0.2,0.0002292195349429425176697389585
O01082,C0164,2025-01-31,2025-01,Online,East,Consumer,529.00,87.3500,441.6500,0.0000,441.6500,3,0,1,1,441.6500,0,0.0002354845489824390856683884880
O01083,C0127,2025-05-30,2025-05,Online,East,Business,471.00,53.4000,417.6000,0.0000,417.6000,5,0,1,1,417.6000,0,0.0002226612649271290890413654084
O01084,C0170,2025-05-21,2025-05,Store,East,Business,564.00,28.2000,535.8000,0.0000,535.8000,3,0,1,1,535.8000,0,0.0002856846402010435007384185484
O01085,C0068,2025-04-03,2025-04,Store,West,Consumer,2917.00,416.8000,2500.2000,318.4000,2181.8000,12,2,1,1,2181.8000,0.1666666666666666666666666667,0.001163319798414775494421578180
O01086,C0187,2025-06-04,2025-06,Store,North,Business,992.00,81.7000,910.3000,72.9000,837.4000,9,1,1,1,837.4000,0.1111111111111111111111111111,0.0004464955537595256206016268988
O01087,C0046,2025-12-19,2025-12,Store,West,Consumer,1933.00,174.9000,1758.1000,0.0000,1758.1000,9,0,1,1,1758.1000,0,0.0009374060581139503147596372711
O01088,C0216,2025-04-17,2025-04,Store,North,Consumer,2695.00,369.6000,2325.4000,150.4000,2175.0000,11,1,1,1,2175.0000,0.09090909090909090909090909091,0.001159694088162130672090444835
O01089,C0174,2025-11-05,2025-11,Online,South,Consumer,945.00,47.2500,897.7500,0.0000,897.7500,5,0,1,1,897.7500,0,0.0004786737322517484187904353337
O01090,C0276,2025-03-17,2025-03,Store,South,Business,1081.00,114.6000,966.4000,0.0000,966.4000,5,0,1,1,966.4000,0,0.0005152774100229347501187153511
O01091,C0060,2025-02-08,2025-02,Store,South,Business,369.00,73.8000,295.2000,0.0000,295.2000,3,0,1,1,295.2000,0,0.0001573984803795222870809652025
O01092,C0198,2025-12-19,2025-12,Store,West,Consumer,2317.00,188.6000,2128.4000,0.0000,2128.4000,13,0,1,1,2128.4000,0,0.001134847309077829389644736914
O01093,C0205,2025-04-16,2025-04,Store,West,Business,1715.00,253.4500,1461.5500,0.0000,1461.5500,10,0,1,1,1461.5500,0,0.0007792877676107411879511676547
O01094,C0259,2025-11-24,2025-11,Store,North,Business,2814.00,315.3000,2498.7000,0.0000,2498.7000,11,0,1,1,2498.7000,0,0.001332288560041708464529836556
O01095,C0122,2025-12-02,2025-12,Online,North,Business,1352.00,244.8000,1107.2000,76.0000,1031.2000,7,1,1,1,1031.2000,0.1428571428571428571428571429,0.0005498282959599030570389272249
O01096,C0213,2025-03-04,2025-03,Store,East,Business,2025.00,210.7500,1814.2500,0.0000,1814.2500,9,0,1,1,1814.2500,0,0.0009673448273324807226850986401
O01097,C0147,2025-06-03,2025-06,Store,East,Business,1011.00,65.5500,945.4500,0.0000,945.4500,10,0,1,1,945.4500,0,0.0005041070232886834224955912963
O01098,C0038,2025-03-24,2025-03,Store,South,Consumer,1528.00,192.6000,1335.4000,439.2000,896.2000,9,4,1,1,896.2000,0.4444444444444444444444444444,0.0004778472835912190842884858213
O01099,C0152,2025-10-29,2025-10,Online,West,Business,924.00,46.2000,877.8000,0.0000,877.8000,4,0,1,1,877.8000,0,0.0004680365382017095650395367707
O01100,C0035,2025-09-04,2025-09,Store,South,Business,122.00,24.4000,97.6000,0.0000,97.6000,1,0,1,1,97.6000,0,0.00005203960597913744992920800732
O01101,C0258,2025-07-08,2025-07,Store,South,Business,1255.00,44.8000,1210.2000,0.0000,1210.2000,5,0,1,1,1210.2000,0,0.0006452697864339358801672902711
O01102,C0039,2025-07-11,2025-07,Store,North,Business,1214.00,111.9500,1102.0500,0.0000,1102.0500,7,0,1,1,1102.0500,0,0.0005876049976363568308861033244
O01103,C0182,2025-10-22,2025-10,Online,West,Business,123.00,12.3000,110.7000,0.0000,110.7000,1,0,1,1,110.7000,0,0.00005902443014232085765536195092
O01104,C0045,2025-08-26,2025-08,Store,North,Consumer,1115.00,106.0000,1009.0000,0.0000,1009.0000,11,0,1,1,1009.0000,0,0.0005379914183703861370755213052
O01106,C0162,2025-04-10,2025-04,Store,South,Consumer,1047.00,28.3000,1018.7000,0.0000,1018.7000,12,0,1,1,1018.7000,0,0.0005431633874072471336361085764
O01107,C0265,2025-11-15,2025-11,Store,West,Consumer,2140.00,55.8000,2084.2000,0.0000,2084.2000,13,0,1,1,2084.2000,0,0.001111280192435638044492370173
O01108,C0283,2025-05-11,2025-05,Online,East,Business,1270.00,254.0000,1016.0000,0.0000,1016.0000,5,0,1,1,1016.0000,0,0.0005417237671598734541810997483
O01109,C0289,2025-12-26,2025-12,Online,West,Business,3765.00,105.6000,3659.4000,0.0000,3659.4000,16,0,1,1,3659.4000,0,0.001951165308607126888021964979
O01110,C0270,2025-01-06,2025-01,Online,East,Business,195.00,39.0000,156.0000,0.0000,156.0000,3,0,1,1,156.0000,0,0.00008317805873714592406717673301
O01111,C0036,2025-05-15,2025-05,Online,West,Consumer,2193.00,201.9000,1991.1000,0.0000,1991.1000,12,0,1,1,1991.1000,0,0.001061639953535456726988176879
O01112,C0221,2025-06-02,2025-06,Store,West,Business,1055.00,52.7500,1002.2500,0.0000,1002.2500,5,0,1,1,1002.2500,0,0.0005343923677519519384379992350
O01113,C0221,2025-05-03,2025-05,Store,West,Business,1397.00,159.2000,1237.8000,0.0000,1237.8000,7,0,1,1,1237.8000,0,0.0006599859045182001590407138469
O01114,C0156,2025-10-15,2025-10,Store,South,Consumer,2416.00,144.5500,2271.4500,1029.8000,1241.6500,14,4,1,1,1241.6500,0.2857142857142857142857142857,0.0006620386963524181834487819906
O01115,C0220,2025-03-09,2025-03,Store,North,Business,681.00,136.2000,544.8000,0.0000,544.8000,5,0,1,1,544.8000,0,0.0002904833743589557655884479753
O01116,C0258,2025-09-13,2025-09,Online,South,Business,390.00,39.0000,351.0000,0.0000,351.0000,5,0,1,1,351.0000,0,0.0001871506321585783291511476493
O01117,C0268,2025-08-03,2025-08,Store,North,Consumer,1048.00,190.7000,857.3000,0.0000,857.3000,7,0,1,1,857.3000,0,0.0004571060881753538506589141872
O01118,C0034,2025-08-02,2025-08,Store,East,Consumer,1267.00,59.7000,1207.3000,0.0000,1207.3000,8,0,1,1,1207.3000,0,0.0006437235276497197059378363446
O01119,C0066,2025-01-12,2025-01,Store,North,Business,2083.00,204.6500,1878.3500,0.0000,1878.3500,10,0,1,1,1878.3500,0,0.001001522478390500297894752670
O01120,C0059,2025-09-23,2025-09,Online,South,Business,2439.00,487.8000,1951.2000,0.0000,1951.2000,9,0,1,1,1951.2000,0,0.001040365565435379019486379753
O01121,C0150,2025-04-11,2025-04,Online,West,Business,1569.00,106.8000,1462.2000,170.1000,1292.1000,8,1,1,1,1292.1000,0.125,0.0006889382672709374903025580559
O01122,C0057,2025-05-13,2025-05,Store,South,Business,1982.00,65.6000,1916.4000,0.0000,1916.4000,11,0,1,1,1916.4000,0,0.001021810460024784928732932635
O01123,C0044,2025-04-30,2025-04,Store,West,Business,1096.00,54.8000,1041.2000,482.6000,558.6000,5,2,1,1,558.6000,0.4,0.0002978414334010879050251597632
O01124,C0296,2025-10-15,2025-10,Store,East,Business,2201.00,174.8000,2026.2000,0.0000,2026.2000,8,0,1,1,2026.2000,0,0.001080355016751314559903291644
O01125,C0283,2025-07-04,2025-07,Online,East,Business,270.00,33.0000,237.0000,0.0000,237.0000,6,0,1,1,237.0000,0,0.0001263666661583563077174415751
O01126,C0089,2025-08-20,2025-08,Online,South,Business,324.00,64.8000,259.2000,0.0000,259.2000,4,0,1,1,259.2000,0,0.0001382035437478732276808474948
O01128,C0181,2025-09-30,2025-09,Online,West,Business,1155.00,115.5000,1039.5000,0.0000,1039.5000,5,0,1,1,1039.5000,0,0.0005542537952388665901783988074
O01129,C0204,2025-02-28,2025-02,Store,South,Consumer,2820.00,3.5000,2816.5000,1084.0000,1732.5000,15,4,1,1,1732.5000,0.2666666666666666666666666667,0.0009237563253981109836306646791
O01130,C0238,2025-04-03,2025-04,Store,East,Consumer,996.00,99.6000,896.4000,0.0000,896.4000,4,0,1,1,896.4000,0,0.0004779539221280615790629309197
O01131,C0077,2025-01-24,2025-01,Store,West,Consumer,1567.00,216.8000,1350.2000,0.0000,1350.2000,10,0,1,1,1350.2000,0,0.0007199167622236822222788591340
O01132,C0227,2025-09-16,2025-09,Online,East,Consumer,498.00,24.9000,473.1000,0.0000,473.1000,2,0,1,1,473.1000,0,0.0002522534589009213889498802076
O01133,C0244,2025-05-08,2025-05,Store,South,Consumer,377.00,38.9500,338.0500,0.0000,338.0500,4,0,1,1,338.0500,0,0.0001802457868980267925058275294
O01134,C0182,2025-02-17,2025-02,Store,West,Business,2719.00,301.5500,2417.4500,0.0000,2417.4500,15,0,1,1,2417.4500,0,0.001288966654449444962411515341
O01135,C0058,2025-10-01,2025-10,Store,North,Consumer,1683.00,142.6000,1540.4000,0.0000,1540.4000,8,0,1,1,1540.4000,0,0.0008213300107608947527761476893
O01136,C0292,2025-10-09,2025-10,Store,East,Business,2927.00,171.2500,2755.7500,88.3500,2667.4000,11,1,1,1,2667.4000,0.09090909090909090909090909091,0.001422238165868352806774277036
O01137,C0285,2025-05-07,2025-05,Online,East,Consumer,1864.00,250.8000,1613.2000,0.0000,1613.2000,11,0,1,1,1613.2000,0,0.0008601464381715628506741634980
O01139,C0231,2025-11-11,2025-11,Online,West,Business,240.00,12.0000,228.0000,0.0000,228.0000,3,0,1,1,228.0000,0,0.0001215679320004440428674121482
O01140,C0030,2025-09-27,2025-09,Online,South,Business,1111.00,137.8000,973.2000,0.0000,973.2000,9,0,1,1,973.2000,0,0.0005189031202755795724498486959
O01141,C0186,2025-10-01,2025-10,Store,North,Consumer,1244.00,209.6000,1034.4000,0.0000,1034.4000,5,0,1,1,1034.4000,0,0.0005515345125493829734300487989
O01142,C0095,2025-05-28,2025-05,Online,East,Consumer,2854.00,515.4500,2338.5500,836.8500,1501.7000,12,4,1,1,1501.7000,0.3333333333333333333333333333,0.0008006954538818720139210211536
O01143,C0057,2025-09-01,2025-09,Online,South,Business,3127.00,188.7000,2938.3000,0.0000,2938.3000,15,0,1,1,2938.3000,0,0.001566680064021511978760162786
O01144,C0198,2025-10-23,2025-10,Store,West,Consumer,1287.00,40.5000,1246.5000,0.0000,1246.5000,8,0,1,1,1246.5000,0,0.0006646246808708486817290756262
O01145,C0131,2025-09-08,2025-09,Online,West,Business,1740.00,143.6000,1596.4000,0.0000,1596.4000,11,0,1,1,1596.4000,0,0.0008511888010767932896207752344
O01147,C0138,2025-10-17,2025-10,Store,South,Business,740.00,148.0000,592.0000,0.0000,592.0000,7,0,1,1,592.0000,0,0.0003156500690537845323574911919
O01148,C0038,2025-05-22,2025-05,Store,South,Consumer,211.00,42.2000,168.8000,0.0000,168.8000,1,0,1,1,168.8000,0,0.00009000292509506558963166302905
O01149,C0253,2025-10-13,2025-10,Online,North,Consumer,1088.00,112.8000,975.2000,0.0000,975.2000,10,0,1,1,975.2000,0,0.0005199695056440045201942996797
O01150,C0120,2025-06-22,2025-06,Online,South,Consumer,542.00,23.1000,518.9000,0.0000,518.9000,3,0,1,1,518.9000,0,0.0002766736838378526922978077356
O01151,C0155,2025-12-28,2025-12,Online,South,Business,2283.00,244.6000,2038.4000,548.3000,1490.1000,9,2,1,1,1490.1000,0.2222222222222222222222222222,0.0007945104187450073170032054478
O01153,C0239,2025-07-20,2025-07,Store,South,Consumer,865.00,133.0000,732.0000,0.0000,732.0000,10,0,1,1,732.0000,0,0.0003902970448435308744690600549
O01154,C0225,2025-12-09,2025-12,Online,North,Consumer,1675.00,17.5000,1657.5000,0.0000,1657.5000,10,0,1,1,1657.5000,0,0.0008837668740821754432137527882
O01155,C0197,2025-07-26,2025-07,Online,East,Business,2231.00,56.8000,2174.2000,0.0000,2174.2000,10,0,1,1,2174.2000,0,0.001159267534014760692992664442
O01156,C0081,2025-02-09,2025-02,Store,North,Consumer,933.00,58.6500,874.3500,0.0000,874.3500,6,0,1,1,874.3500,0,0.0004661970234411765301803588237
O01157,C0218,2025-08-24,2025-08,Store,East,Business,881.00,155.1000,725.9000,0.0000,725.9000,6,0,1,1,725.9000,0,0.0003870445694698347838484845544
O01158,C0120,2025-10-26,2025-10,Online,South,Consumer,294.00,58.8000,235.2000,0.0000,235.2000,1,0,1,1,235.2000,0,0.0001254069193267738547474356898
O01159,C0044,2025-08-15,2025-08,Online,West,Business,1940.00,105.2000,1834.8000,196.0000,1638.8000,12,1,1,1,1638.8000,0.08333333333333333333333333333,0.0008737961708874021818031360901
O01160,C0183,2025-06-27,2025-06,Online,East,Consumer,835.00,101.5500,733.4500,0.0000,733.4500,9,0,1,1,733.4500,0,0.0003910701742356389615837870181
O01161,C0224,2025-10-29,2025-10,Online,West,Consumer,1087.00,94.2000,992.8000,189.9000,802.9000,11,1,1,1,802.9000,0.09090909090909090909090909091,0.0004281004061541952720098474290
O01162,C0041,2025-05-01,2025-05,Store,West,Business,1335.00,201.9000,1133.1000,0.0000,1133.1000,9,0,1,1,1133.1000,0,0.0006041606304811541446187048472
O01163,C0151,2025-07-13,2025-07,Online,South,Business,1592.00,99.5000,1492.5000,0.0000,1492.5000,8,0,1,1,1492.5000,0,0.0007957900811871172542965466283
O01164,C0215,2025-07-12,2025-07,Store,North,Consumer,1128.00,40.8000,1087.2000,0.0000,1087.2000,7,0,1,1,1087.2000,0,0.0005796870862758015938835547700
O01165,C0081,2025-11-01,2025-11,Store,North,Consumer,3014.00,196.9500,2817.0500,0.0000,2817.0500,12,0,1,1,2817.0500,0,0.001502030451060749521752821896
O01166,C0120,2025-10-25,2025-10,Online,South,Consumer,271.00,27.1000,243.9000,0.0000,243.9000,1,0,1,1,243.9000,0,0.0001300456956794223774357974691
O01167,C0222,2025-12-09,2025-12,Store,East,Consumer,1029.00,0.0000,1029.0000,0.0000,1029.0000,8,0,1,1,1029.0000,0,0.0005486552720546356145200311427
O01168,C0178,2025-10-20,2025-10,Online,East,Consumer,958.00,74.7000,883.3000,0.0000,883.3000,6,0,1,1,883.3000,0,0.0004709690979648781713367769761
O01169,C0150,2025-11-07,2025-11,Online,West,Business,1931.00,170.8000,1760.2000,0.0000,1760.2000,10,0,1,1,1760.2000,0,0.0009385257627507965098913108041
O01171,C0176,2025-04-14,2025-04,Store,North,Consumer,2552.00,112.1000,2439.9000,0.0000,2439.9000,14,0,1,1,2439.9000,0,0.001300936830210015000842977634
O01172,C0116,2025-08-22,2025-08,Online,West,Business,2048.00,409.6000,1638.4000,0.0000,1638.4000,9,0,1,1,1638.4000,0,0.0008735828938137171922542458933
O01173,C0023,2025-10-01,2025-10,Online,South,Consumer,2302.00,460.4000,1841.6000,0.0000,1841.6000,8,0,1,1,1841.6000,0,0.0009819276472456918830904658430
O01174,C0219,2025-08-12,2025-08,Store,East,Consumer,588.00,58.8000,529.2000,0.0000,529.2000,2,0,1,1,529.2000,0,0.0002821655684852411731817303020
O01175,C0291,2025-05-03,2025-05,Store,North,Consumer,1362.00,0.0000,1362.0000,0.0000,1362.0000,7,0,1,1,1362.0000,0,0.0007262084358973894139711199382
O01176,C0122,2025-08-05,2025-08,Store,North,Business,1457.00,168.8000,1288.2000,0.0000,1288.2000,9,0,1,1,1288.2000,0,0.0006868588158025088422008786376
O01177,C0015,2025-08-24,2025-08,Online,West,Consumer,1333.00,104.0000,1229.0000,199.2000,1029.8000,5,1,1,1,1029.8000,0.2,0.0005490818262020055936178115362
O01178,C0013,2025-10-13,2025-10,Store,West,Business,499.00,34.9000,464.1000,0.0000,464.1000,3,0,1,1,464.1000,0,0.0002474547247430091240998507807
O01179,C0252,2025-04-18,2025-04,Online,West,Business,1737.00,146.0000,1591.0000,0.0000,1591.0000,8,0,1,1,1591.0000,0,0.0008483095605820459307107575783
O01180,C0009,2025-07-01,2025-07,Store,South,Business,488.00,24.4000,463.6000,0.0000,463.6000,4,0,1,1,463.6000,0,0.0002471881284009028871637380348
O01181,C0148,2025-12-07,2025-12,Online,East,Consumer,1880.00,49.0000,1831.0000,0.0000,1831.0000,8,0,1,1,1831.0000,0,0.0009762758047930396600448756291
O01182,C0216,2025-08-05,2025-08,Online,North,Consumer,778.00,77.8000,700.2000,0.0000,700.2000,7,0,1,1,700.2000,0,0.0003733415174855742053322894132
O01183,C0182,2025-10-23,2025-10,Store,West,Business,1518.00,136.6500,1381.3500,0.0000,1381.3500,14,0,1,1,1381.3500,0,0.0007365257143369007833986832060
O01184,C0106,2025-08-26,2025-08,Store,East,Business,1976.00,68.0000,1908.0000,468.0000,1440.0000,16,6,1,1,1440.0000,0.375,0.0007677974652659623760047083047
O01185,C0094,2025-10-28,2025-10,Online,West,Consumer,1284.00,76.2000,1207.8000,122.0000,1085.8000,9,1,1,1,1085.8000,0.1111111111111111111111111111,0.0005789406165179041304624390814
O01186,C0236,2025-06-13,2025-06,Store,West,Business,2674.00,173.8000,2500.2000,0.0000,2500.2000,14,0,1,1,2500.2000,0,0.001333088349068027175338174794
O01187,C0292,2025-06-09,2025-06,Store,East,Business,1500.00,75.0000,1425.0000,0.0000,1425.0000,5,0,1,1,1425.0000,0,0.0007597995750027752679213259265
O01188,C0088,2025-09-17,2025-09,Store,West,Business,2458.00,288.4000,2169.6000,0.0000,2169.6000,11,0,1,1,2169.6000,0,0.001156814847667383313180427179
O01189,C0146,2025-02-02,2025-02,Online,South,Consumer,1270.00,127.0000,1143.0000,0.0000,1143.0000,5,0,1,1,1143.0000,0,0.0006094392380548576359537372168
O01190,C0188,2025-04-03,2025-04,Online,South,Business,392.00,19.6000,372.4000,0.0000,372.4000,2,0,1,1,372.4000,0,0.0001985609556007252700167731755
O01191,C0176,2025-11-25,2025-11,Online,North,Consumer,1773.00,106.9500,1666.0500,0.0000,1666.0500,7,0,1,1,1666.0500,0,0.0008883256715321920948212807438
O01192,C0260,2025-08-26,2025-08,Online,South,Consumer,1028.00,125.2000,902.8000,0.0000,902.8000,8,0,1,1,902.8000,0,0.0004813663553070214118451740677
O01193,C0158,2025-08-07,2025-08,Online,East,Consumer,498.00,49.8000,448.2000,0.0000,448.2000,2,0,1,1,448.2000,0,0.0002389769610640307895314654598
O01194,C0119,2025-11-06,2025-11,Online,North,Business,186.00,9.3000,176.7000,0.0000,176.7000,2,0,1,1,176.7000,0,0.00009421514730034413322224441489
O01195,C0265,2025-04-13,2025-04,Online,West,Consumer,978.00,135.6000,842.4000,0.0000,842.4000,4,0,1,1,842.4000,0,0.0004491615171805879899627543582
O01196,C0087,2025-11-18,2025-11,Online,North,Business,1310.00,65.5000,1244.5000,0.0000,1244.5000,5,0,1,1,1244.5000,0,0.0006635582955024237339846246425
O01197,C0063,2025-09-05,2025-09,Store,West,Consumer,883.00,88.3000,794.7000,243.9000,550.8000,5,1,1,1,550.8000,0.2,0.0002936825304642306088218009265
O01198,C0138,2025-12-29,2025-12,Online,South,Business,1814.00,233.6000,1580.4000,0.0000,1580.4000,9,0,1,1,1580.4000,0,0.0008426577181293937076651673644
O01199,C0083,2025-05-04,2025-05,Store,West,Consumer,284.00,28.4000,255.6000,0.0000,255.6000,1,0,1,1,255.6000,0,0.0001362840500847083217408357241
O01200,C0171,2025-04-03,2025-04,Store,South,Business,1064.00,133.2000,930.8000,0.0000,930.8000,6,0,1,1,930.8000,0,0.0004962957504649706802674878403
O01201,C0183,2025-04-14,2025-04,Online,East,Consumer,1875.00,176.4000,1698.6000,0.0000,1698.6000,7,0,1,1,1698.6000,0,0.0009056810934033081193622205044
O01202,C0173,2025-08-28,2025-08,Online,West,Consumer,1013.00,110.3500,902.6500,0.0000,902.6500,7,0,1,1,902.6500,0,0.0004812863764043895407643402439
O01203,C0073,2025-09-11,2025-09,Online,South,Business,2058.00,29.4000,2028.6000,0.0000,2028.6000,7,0,1,1,2028.6000,0,0.001081634679193424497196632824
O01204,C0111,2025-01-31,2025-01,Online,South,Business,269.00,53.800,215.200,0.000,215.200,1,0,1,1,215.200,0,0.0001147430656425243773029258522
O01205,C0110,2025-03-13,2025-03,Online,West,Consumer,2443.00,201.7000,2241.3000,0.0000,2241.3000,10,0,1,1,2241.3000,0,0.001195044763125417689818994947
O01206,C0227,2025-10-31,2025-10,Store,East,Consumer,535.00,42.9500,492.0500,0.0000,492.0500,5,0,1,1,492.0500,0,0.0002623574602667477688285532787
O01207,C0152,2025-07-09,2025-07,Store,West,Business,588.00,117.6000,470.4000,0.0000,470.4000,2,0,1,1,470.4000,0,0.0002508138386535477094948713795
O01208,C0023,2025-07-26,2025-07,Online,South,Consumer,2287.00,227.3500,2059.6500,0.0000,2059.6500,13,0,1,1,2059.6500,0,0.001098190312038221810929234347
O01209,C0156,2025-06-18,2025-06,Store,South,Consumer,422.00,42.2000,379.8000,379.8000,0.0000,2,2,1,1,0.0000,1,0
O01210,C0139,2025-07-26,2025-07,Online,North,Business,564.00,31.8000,532.2000,62.4000,469.8000,7,1,1,1,469.8000,0.1428571428571428571428571429,0.0002504939230430202251715360844
O01211,C0158,2025-01-01,2025-01,Store,East,Consumer,1512.00,18.5500,1493.4500,0.0000,1493.4500,11,0,1,1,1493.4500,0,0.0007962966142371191044751608456
O01212,C0180,2025-10-03,2025-10,Store,West,Consumer,1032.00,185.3000,846.7000,0.0000,846.7000,6,0,1,1,846.7000,0,0.0004514542457227016276133239733
O01213,C0003,2025-01-15,2025-01,Online,North,Business,369.00,36.9000,332.1000,0.0000,332.1000,3,0,1,1,332.1000,0,0.0001770732904269625729660858528
O01214,C0261,2025-01-28,2025-01,Online,West,Consumer,1092.00,66.8000,1025.2000,109.8000,915.4000,10,1,1,1,915.4000,0.1,0.0004880845831280985826352152653
O01216,C0163,2025-05-22,2025-05,Store,South,Consumer,1396.00,116.0000,1280.0000,0.0000,1280.0000,8,0,1,1,1280.0000,0,0.0006824866357919665564486296042
O01217,C0179,2025-03-18,2025-03,Online,East,Consumer,1892.00,10.2000,1881.8000,0.0000,1881.8000,13,0,1,1,1881.8000,0,0.001003361993151033332753930616
O01218,C0006,2025-09-17,2025-09,Store,East,Consumer,2834.00,67.2500,2766.7500,0.0000,2766.7500,14,0,1,1,2766.7500,0,0.001475210859044862085979879654
O01219,C0139,2025-03-09,2025-03,Store,North,Business,269.00,0.0000,269.0000,0.0000,269.0000,1,0,1,1,269.0000,0,0.0001434288320531554716286573152
O01220,C0094,2025-01-07,2025-01,Store,West,Consumer,2444.00,271.6000,2172.4000,0.0000,2172.4000,14,0,1,1,2172.4000,0,0.001158307787183178240022658556
O01221,C0178,2025-07-26,2025-07,Online,East,Consumer,1214.00,75.2000,1138.8000,231.0000,907.8000,6,1,1,1,907.8000,0.1666666666666666666666666667,0.0004840323187280837812063015271
O01222,C0084,2025-07-31,2025-07,Online,West,Business,1096.00,109.6000,986.4000,0.0000,986.4000,5,0,1,1,986.4000,0,0.0005259412637071842275632251887
O01223,C0268,2025-12-14,2025-12,Online,North,Consumer,1724.00,115.6000,1608.4000,0.0000,1608.4000,7,0,1,1,1608.4000,0,0.0008575871132873429760874811370
O01224,C0076,2025-10-01,2025-10,Online,East,Consumer,3027.00,162.6000,2864.4000,0.0000,2864.4000,13,0,1,1,2864.4000,0,0.001527277124658210159602698936
O01225,C0214,2025-10-13,2025-10,Online,West,Business,1469.00,59.7000,1409.3000,284.0000,1125.3000,6,1,1,1,1125.3000,0.1666666666666666666666666667,0.0006000017275442968484153460106
O01226,C0295,2025-02-09,2025-02,Store,West,Business,1726.00,144.5000,1581.5000,0.0000,1581.5000,9,0,1,1,1581.5000,0,0.0008432442300820274289246154055
O01227,C0206,2025-10-28,2025-10,Store,West,Business,915.00,19.9500,895.0500,0.0000,895.0500,9,0,1,1,895.0500,0,0.0004772341120043747393354265056
O01228,C0105,2025-02-11,2025-02,Store,South,Business,1698.00,223.4000,1474.6000,0.0000,1474.6000,10,0,1,1,1474.6000,0,0.0007862459321397139719837103237
O01229,C0004,2025-06-04,2025-06,Online,North,Consumer,3020.00,171.8000,2848.2000,0.0000,2848.2000,12,0,1,1,2848.2000,0,0.001518639403173968082872645968
O01230,C0256,2025-08-21,2025-08,Online,North,Consumer,1215.00,90.7500,1124.2500,0.0000,1124.2500,7,0,1,1,1124.2500,0,0.0005994418752258737508495092441
O01231,C0112,2025-02-13,2025-02,Online,South,Business,3122.00,241.6000,2880.4000,0.0000,2880.4000,16,0,1,1,2880.4000,0,0.001535808207605609741558306806
O01232,C0271,2025-12-13,2025-12,Store,West,Consumer,271.00,13.5500,257.4500,0.0000,257.4500,1,0,1,1,257.4500,0,0.0001372704565505013984044528841
O01233,C0263,2025-08-16,2025-08,Online,East,Business,1726.00,160.4000,1565.6000,0.0000,1565.6000,7,0,1,1,1565.6000,0,0.0008347664664030490943562300846
O01234,C0152,2025-08-10,2025-08,Online,West,Business,2050.00,139.1000,1910.9000,1207.0000,703.9000,8,5,1,1,703.9000,0.625,0.0003753143304171603586595237331
O01235,C0256,2025-01-24,2025-01,Store,North,Consumer,1961.00,290.6000,1670.4000,0.0000,1670.4000,9,0,1,1,1670.4000,0,0.0008906450597085163561654616334
O01236,C0276,2025-02-02,2025-02,Online,South,Business,1340.00,87.1000,1252.9000,0.0000,1252.9000,7,0,1,1,1252.9000,0,0.0006680371140498085145113187743
O01238,C0129,2025-05-20,2025-05,Online,North,Business,1240.00,68.0000,1172.0000,0.0000,1172.0000,8,0,1,1,1172.0000,0,0.0006249018258970193782482764813
O01239,C0263,2025-05-16,2025-05,Online,East,Business,2212.00,164.0000,2048.0000,0.0000,2048.0000,10,0,1,1,2048.0000,0,0.001091978617267146490317807367
O01240,C0063,2025-12-09,2025-12,Store,West,Consumer,1752.00,207.6000,1544.4000,0.0000,1544.4000,13,0,1,1,1544.4000,0,0.0008234627814977446482650496568
O01241,C0017,2025-04-04,2025-04,Store,South,Consumer,615.00,0.0000,615.0000,0.0000,615.0000,5,0,1,1,615.0000,0,0.0003279135007906714314186775051
O01242,C0224,2025-10-23,2025-10,Online,West,Consumer,1930.00,219.8000,1710.2000,0.0000,1710.2000,8,0,1,1,1710.2000,0,0.0009118661285401728162800362102
O01243,C0079,2025-07-09,2025-07,Online,West,Business,1879.00,117.0500,1761.9500,0.0000,1761.9500,8,0,1,1,1761.9500,0,0.0009394588499481683391677054149
O01244,C0245,2025-11-05,2025-11,Online,North,Consumer,1074.00,31.2000,1042.8000,762.0000,280.8000,7,3,1,1,280.8000,0.4285714285714285714285714286,0.0001497205057268626633209181194
O01245,C0008,2025-11-23,2025-11,Store,North,Consumer,1750.00,57.6500,1692.3500,0.0000,1692.3500,11,0,1,1,1692.3500,0,0.0009023486391269801576608111802
O01246,C0251,2025-12-30,2025-12,Online,North,Consumer,93.00,9.3000,83.7000,0.0000,83.7000,1,0,1,1,83.7000,0,0.00004462822766858406310527367021
O01247,C0198,2025-08-21,2025-08,Store,West,Consumer,231.00,23.1000,207.9000,0.0000,207.9000,1,0,1,1,207.9000,0,0.0001108507590477733180356797615
O01248,C0278,2025-04-07,2025-04,Online,North,Consumer,2043.00,147.0000,1896.0000,0.0000,1896.0000,8,0,1,1,1896.0000,0,0.001010933329266850461739532601
O01249,C0226,2025-07-20,2025-07,Store,South,Business,1282.00,64.1000,1217.9000,189.0500,1028.8500,9,1,1,1,1028.8500,0.1111111111111111111111111111,0.0005485752931520037434391973189
O01250,C0172,2025-03-19,2025-03,Store,North,Consumer,1925.00,182.8000,1742.2000,0.0000,1742.2000,11,0,1,1,1742.2000,0,0.0009289282944349719801912519503
O01251,C0076,2025-08-10,2025-08,Store,East,Consumer,294.00,14.7000,279.3000,0.0000,279.3000,1,0,1,1,279.3000,0,0.0001489207167005439525125798816
O01252,C0119,2025-11-08,2025-11,Online,North,Business,143.00,7.1500,135.8500,0.0000,135.8500,2,0,1,1,135.8500,0,0.00007243422615026457554183307166
O01253,C0009,2025-07-18,2025-07,Store,South,Business,542.00,0.0000,542.0000,0.0000,542.0000,2,0,1,1,542.0000,0,0.0002889904348431608387462165980
O01254,C0048,2025-05-06,2025-05,Online,East,Consumer,1226.00,103.9000,1122.1000,0.0000,1122.1000,9,0,1,1,1122.1000,0,0.0005982955109548169320242244366
O01255,C0254,2025-07-27,2025-07,Store,East,Business,1058.00,59.0000,999.0000,109.8000,889.2000,10,1,1,1,889.2000,0.1,0.0004741149348017317671829073781
O01256,C0082,2025-09-01,2025-09,Online,North,Business,2999.00,266.7000,2732.3000,0.0000,2732.3000,13,0,1,1,2732.3000,0,0.001456842371073742361081711459
O01257,C0110,2025-12-20,2025-12,Online,West,Consumer,2531.00,262.1500,2268.8500,0.0000,2268.8500,13,0,1,1,2268.8500,0,0.001209734221575471344998807248
O01258,C0088,2025-06-06,2025-06,Online,West,Business,1363.00,54.2000,1308.8000,0.0000,1308.8000,10,0,1,1,1308.8000,0,0.0006978425850972858039687237703
O01259,C0110,2025-12-10,2025-12,Online,West,Consumer,769.00,89.3500,679.6500,0.0000,679.6500,3,0,1,1,679.6500,0,0.0003623844078250078672580555551
O01260,C0091,2025-01-31,2025-01,Online,North,Business,1084.00,108.4000,975.6000,0.0000,975.6000,4,0,1,1,975.6000,0,0.0005201827827176895097431898764
O01261,C0138,2025-10-08,2025-10,Online,South,Business,641.00,0.0000,641.0000,0.0000,641.0000,5,0,1,1,641.0000,0,0.0003417765105801957520965402940
O01262,C0030,2025-03-28,2025-03,Store,South,Business,1017.00,172.8000,844.2000,0.0000,844.2000,6,0,1,1,844.2000,0,0.0004501212640121704429327602436
O01263,C0199,2025-03-21,2025-03,Store,North,Consumer,2782.00,247.6500,2534.3500,1539.5000,994.8500,11,7,1,1,994.8500,0.6363636363636363636363636364,0.0005304467418887796317835305951
O01264,C0269,2025-02-01,2025-02,Store,East,Business,1363.00,123.7000,1239.3000,0.0000,1239.3000,5,0,1,1,1239.3000,0,0.0006607856935445188698490520847
O01265,C0210,2025-12-06,2025-12,Store,North,Consumer,390.00,16.2500,373.7500,0.0000,373.7500,6,0,1,1,373.7500,0,0.0001992807657244121097442775895
O01266,C0087,2025-04-17,2025-04,Store,North,Business,1270.00,194.0000,1076.0000,0.0000,1076.0000,7,0,1,1,1076.0000,0,0.0005737153282126218865146292610
O01267,C0222,2025-03-15,2025-03,Store,East,Consumer,859.00,78.0000,781.0000,0.0000,781.0000,6,0,1,1,781.0000,0,0.0004164234863699420942081091569
O01268,C0192,2025-12-13,2025-12,Online,South,Business,1370.00,4.0500,1365.9500,0.0000,1365.9500,7,0,1,1,1365.9500,0,0.0007283145470000286857664106311
O01269,C0225,2025-06-09,2025-06,Online,North,Consumer,512.00,64.6000,447.4000,0.0000,447.4000,3,0,1,1,447.4000,0,0.0002385504069166608104336850663
O01272,C0194,2025-11-14,2025-11,Store,North,Consumer,1722.00,280.4000,1441.6000,0.0000,1441.6000,11,0,1,1,1441.6000,0,0.0007686505735607023342002690917
O01273,C0145,2025-12-18,2025-12,Store,West,Business,597.00,59.7000,537.3000,0.0000,537.3000,3,0,1,1,537.3000,0,0.0002864844292273622115467567862
O01274,C0099,2025-06-03,2025-06,Online,West,Consumer,1689.00,69.3000,1619.7000,0.0000,1619.7000,7,0,1,1,1619.7000,0,0.0008636121906189439308436291952
O01275,C0129,2025-09-12,2025-09,Online,North,Business,500.00,17.0000,483.0000,0.0000,483.0000,7,0,1,1,483.0000,0,0.0002575320664746248802849125772
O01276,C0013,2025-02-09,2025-02,Online,West,Business,613.00,75.3000,537.7000,0.0000,537.7000,15,0,1,1,537.7000,0,0.0002866977063010472010956469829
O01277,C0004,2025-02-16,2025-02,Store,North,Consumer,1420.00,71.0000,1349.0000,0.0000,1349.0000,5,0,1,1,1349.0000,0,0.0007192769310026272536321885438
O01278,C0139,2025-10-06,2025-10,Store,North,Business,271.00,27.1000,243.9000,0.0000,243.9000,1,0,1,1,243.9000,0,0.0001300456956794223774357974691
O01279,C0036,2025-05-20,2025-05,Store,West,Consumer,1401.00,20.2500,1380.7500,0.0000,1380.7500,9,0,1,1,1380.7500,0,0.0007362057987263732990753479109
O01281,C0171,2025-09-08,2025-09,Store,South,Business,726.00,0.0000,726.0000,0.0000,726.0000,3,0,1,1,726.0000,0,0.0003870978887382560312357071036
O01282,C0132,2025-06-10,2025-06,Online,North,Consumer,465.00,0.0000,465.0000,465.0000,0.0000,5,5,1,1,0.0000,1,0
O01283,C0094,2025-04-07,2025-04,Store,West,Consumer,670.00,67.0000,603.0000,0.0000,603.0000,5,0,1,1,603.0000,0,0.0003215151885801217449519716026
O01284,C0063,2025-06-07,2025-06,Store,West,Consumer,1405.00,130.5500,1274.4500,687.8000,586.6500,10,4,1,1,586.6500,0.4,0.0003127974881932477971410848104
O01285,C0241,2025-10-25,2025-10,Online,North,Consumer,449.00,51.4000,397.6000,52.0000,345.6000,7,1,1,1,345.6000,0.1428571428571428571428571429,0.0001842713916638309702411299931
O01286,C0027,2025-10-15,2025-10,Store,North,Consumer,244.00,24.4000,219.6000,0.0000,219.6000,2,0,1,1,219.6000,0,0.0001170891134530592623407180165
O01287,C0168,2025-04-23,2025-04,Store,North,Business,542.00,108.4000,433.6000,0.0000,433.6000,2,0,1,1,433.6000,0,0.0002311923478745286709969732784
O01288,C0292,2025-10-18,2025-10,Store,East,Business,498.00,24.9000,473.1000,0.0000,473.1000,2,0,1,1,473.1000,0,0.0002522534589009213889498802076
O01289,C0217,2025-04-06,2025-04,Store,South,Business,2557.00,289.8000,2267.2000,0.0000,2267.2000,16,0,1,1,2267.2000,0,0.001208854453646520763109635186
O01290,C0252,2025-10-06,2025-10,Online,West,Business,1303.00,207.0000,1096.0000,361.8000,734.2000,9,3,1,1,734.2000,0.3333333333333333333333333333,0.0003914700687487983169879561370
O01291,C0125,2025-09-18,2025-09,Online,South,Business,1263.00,0.0000,1263.0000,0.0000,1263.0000,7,0,1,1,1263.0000,0,0.0006734223601603545006207962422
O01292,C0159,2025-02-09,2025-02,Store,West,Business,940.00,94.0000,846.0000,0.0000,846.0000,5,0,1,1,846.0000,0,0.0004510810108437528959027661290
O01293,C0197,2025-04-08,2025-04,Store,East,Business,1931.00,224.9500,1706.0500,0.0000,1706.0500,13,0,1,1,1706.0500,0,0.0009096533789006910497103004189
O01294,C0071,2025-02-02,2025-02,Store,West,Consumer,35.00,1.7500,33.2500,0.0000,33.2500,1,0,1,1,33.2500,0,0.00001772865675006475625149760495
O01295,C0162,2025-06-10,2025-06,Store,South,Consumer,1076.00,53.8000,1022.2000,0.0000,1022.2000,4,0,1,1,1022.2000,0,0.0005450295618019907921888977979
O01296,C0293,2025-01-06,2025-01,Online,North,Business,1481.00,50.6500,1430.3500,338.4000,1091.9500,8,2,1,1,1091.9500,0.25,0.0005822197515258108447766258565
O01299,C0251,2025-10-17,2025-10,Online,North,Consumer,309.00,17.5000,291.5000,0.0000,291.5000,6,0,1,1,291.5000,0,0.0001554256674479361337537308825
O01300,C0061,2025-02-09,2025-02,Store,East,Business,70.00,0.0000,70.0000,0.0000,70.0000,2,0,1,1,70.0000,0,0.00003732348789487317105578443148
O01301,C0090,2025-12-04,2025-12,Store,West,Business,162.00,0.0000,162.0000,0.0000,162.0000,2,0,1,1,162.0000,0,0.00008637721484242076730052968428
O01302,C0227,2025-03-24,2025-03,Store,East,Consumer,588.00,0.0000,588.0000,0.0000,588.0000,3,0,1,1,588.0000,0,0.0003135172983169346368685892244
O01303,C0059,2025-05-02,2025-05,Store,South,Business,2076.00,250.5000,1825.5000,285.0000,1540.5000,13,1,1,1,1540.5000,0.07692307692307692307692307692,0.0008213833300293160001633702384
O01304,C0277,2025-11-06,2025-11,Online,West,Consumer,2485.00,175.3000,2309.7000,0.0000,2309.7000,14,0,1,1,2309.7000,0,0.001231515142725550902679218591
O01305,C0069,2025-11-04,2025-11,Online,South,Business,68.00,0.0000,68.0000,0.0000,68.0000,1,0,1,1,68.0000,0,0.00003625710252644822331133344772
O01306,C0040,2025-08-05,2025-08,Store,North,Consumer,70.00,3.5000,66.5000,0.0000,66.5000,2,0,1,1,66.5000,0,0.00003545731350012951250299520990
O01307,C0013,2025-05-27,2025-05,Store,West,Business,996.00,199.2000,796.8000,0.0000,796.8000,4,0,1,1,796.8000,0,0.0004248479307804991813892719286
O01308,C0193,2025-10-26,2025-10,Online,East,Consumer,1410.00,252.0000,1158.0000,536.0000,622.0000,11,5,1,1,622.0000,0.4545454545454545454545454545,0.0003316458495801587485242559483
O01309,C0092,2025-02-22,2025-02,Online,East,Consumer,1592.00,186.1000,1405.9000,0.0000,1405.9000,8,0,1,1,1405.9000,0,0.0007496155947343170169618190316
O01310,C0140,2025-10-25,2025-10,Store,East,Consumer,1994.00,134.7000,1859.3000,0.0000,1859.3000,8,0,1,1,1859.3000,0,0.0009913651577562526706288570492
O01311,C0162,2025-07-15,2025-07,Store,South,Consumer,1235.00,157.4500,1077.5500,0.0000,1077.5500,7,0,1,1,1077.5500,0,0.0005745417768731512210165787734
O01312,C0246,2025-10-20,2025-10,Store,South,Consumer,284.00,28.4000,255.6000,0.0000,255.6000,1,0,1,1,255.6000,0,0.0001362840500847083217408357241
O01313,C0287,2025-03-02,2025-03,Online,South,Consumer,231.00,46.2000,184.8000,0.0000,184.8000,1,0,1,1,184.8000,0,0.00009853400804246517158727089910
O01314,C0008,2025-08-30,2025-08,Online,North,Consumer,2343.00,248.9000,2094.1000,312.0000,1782.1000,17,4,1,1,1782.1000,0.2352941176470588235294117647,0.0009502026825350496876930490762
O01315,C0233,2025-09-19,2025-09,Store,South,Business,2729.00,72.6000,2656.4000,1406.2000,1250.2000,14,6,1,1,1250.2000,0.4285714285714285714285714286,0.0006665974938024348350563099462
O01317,C0110,2025-07-24,2025-07,Online,West,Consumer,284.00,0.0000,284.0000,0.0000,284.0000,1,0,1,1,284.0000,0,0.0001514267223163425797120396934
O01319,C0029,2025-12-07,2025-12,Online,East,Consumer,2067.00,173.1500,1893.8500,0.0000,1893.8500,12,0,1,1,1893.8500,0,0.001009786964995793642914247794
O01320,C0277,2025-03-19,2025-03,Online,West,Consumer,820.00,45.8000,774.2000,0.0000,774.2000,8,0,1,1,774.2000,0,0.0004127977761172972718769758121
O01321,C0078,2025-04-27,2025-04,Online,West,Consumer,2278.00,64.1000,2213.9000,279.3000,1934.6000,12,1,1,1,1934.6000,0.08333333333333333333333333333,0.001031514566877451953207436588
O01322,C0276,2025-09-09,2025-09,Store,South,Business,2056.00,158.6000,1897.4000,0.0000,1897.4000,13,0,1,1,1897.4000,0,0.001011679799024747925160648290
O01323,C0071,2025-01-04,2025-01,Online,West,Consumer,567.00,56.7000,510.3000,0.0000,510.3000,3,0,1,1,510.3000,0,0.0002720882267536254169966685055
O01324,C0122,2025-06-05,2025-06,Online,North,Business,784.00,156.8000,627.2000,0.0000,627.2000,4,0,1,1,627.2000,0,0.0003344184515380636126598285060
O01325,C0198,2025-06-03,2025-06,Online,West,Consumer,1249.00,124.9000,1124.1000,0.0000,1124.1000,6,0,1,1,1124.1000,0,0.0005993618963232418797686754203
O01326,C0204,2025-08-19,2025-08,Store,South,Consumer,1488.00,241.2000,1246.8000,0.0000,1246.8000,7,0,1,1,1246.8000,0,0.0006647846386761124238907432738
O01327,C0205,2025-05-13,2025-05,Online,West,Business,1492.00,111.7000,1380.3000,0.0000,1380.3000,9,0,1,1,1380.3000,0,0.0007359658620184776858328464395
O01328,C0058,2025-08-03,2025-08,Store,North,Consumer,1056.00,152.7000,903.3000,0.0000,903.3000,9,0,1,1,903.3000,0,0.0004816329516491276487812868136
O01329,C0079,2025-02-15,2025-02,Store,West,Business,1138.00,168.8000,969.2000,0.0000,969.2000,5,0,1,1,969.2000,0,0.0005167703495387296769609467284
O01331,C0155,2025-08-13,2025-08,Online,South,Business,1355.00,271.0000,1084.0000,0.0000,1084.0000,5,0,1,1,1084.0000,0,0.0005779808696863216774924331960
O01332,C0048,2025-09-02,2025-09,Online,East,Consumer,670.00,33.5000,636.5000,0.0000,636.5000,5,0,1,1,636.5000,0,0.0003393771435012396196715255805
O01333,C0028,2025-07-16,2025-07,Store,West,Consumer,1922.00,271.0000,1651.0000,0.0000,1651.0000,8,0,1,1,1651.0000,0,0.0008803011216347943630442870910
O01334,C0128,2025-08-16,2025-08,Store,West,Business,369.00,36.9000,332.1000,0.0000,332.1000,3,0,1,1,332.1000,0,0.0001770732904269625729660858528
O01335,C0053,2025-02-08,2025-02,Online,West,Business,249.00,24.9000,224.1000,0.0000,224.1000,1,0,1,1,224.1000,0,0.0001194884805320153947657327299
O01336,C0242,2025-09-12,2025-09,Online,South,Business,240.00,12.0000,228.0000,0.0000,228.0000,3,0,1,1,228.0000,0,0.0001215679320004440428674121482
O01337,C0175,2025-08-19,2025-08,Store,North,Consumer,600.00,0.0000,600.0000,0.0000,600.0000,2,0,1,1,600.0000,0,0.0003199156105274843233352951269
O01339,C0028,2025-10-02,2025-10,Online,West,Consumer,1182.00,59.1000,1122.9000,0.0000,1122.9000,6,0,1,1,1122.9000,0,0.0005987220651021869111220048301
O01340,C0184,2025-06-24,2025-06,Store,West,Business,2429.00,121.4000,2307.6000,0.0000,2307.6000,12,0,1,1,2307.6000,0,0.001230395438088704707547545058
O01341,C0225,2025-01-28,2025-01,Store,North,Consumer,1055.00,52.7500,1002.2500,0.0000,1002.2500,5,0,1,1,1002.2500,0,0.0005343923677519519384379992350
O01342,C0225,2025-03-15,2025-03,Online,North,Consumer,1096.00,29.4000,1066.6000,0.0000,1066.6000,4,0,1,1,1066.6000,0,0.0005687033169810246321157096373
O01344,C0119,2025-10-18,2025-10,Online,North,Business,2353.00,128.5000,2224.5000,0.0000,2224.5000,13,0,1,1,2224.5000,0,0.001186087126030648128765606683
O01345,C0027,2025-01-20,2025-01,Store,North,Consumer,1241.00,58.4500,1182.5500,0.0000,1182.5500,10,0,1,1,1182.5500,0,0.0006305270087154609776002554206
O01346,C0133,2025-10-03,2025-10,Store,South,Consumer,2508.00,167.1000,2340.9000,0.0000,2340.9000,16,0,1,1,2340.9000,0,0.001248150754472980087492653938
O01347,C0047,2025-07-22,2025-07,Store,West,Consumer,449.00,39.6500,409.3500,0.0000,409.3500,7,0,1,1,409.3500,0,0.0002182624252823761795955051004
O01348,C0009,2025-07-24,2025-07,Store,South,Business,1374.00,190.0500,1183.9500,0.0000,1183.9500,11,0,1,1,1183.9500,0,0.0006312734784733584410213711093
O01349,C0297,2025-07-25,2025-07,Online,East,Business,2816.00,274.6000,2541.4000,0.0000,2541.4000,16,0,1,1,2541.4000,0,0.001355055887657581098873865059
O01350,C0184,2025-11-20,2025-11,Store,West,Business,175.00,17.5000,157.5000,63.0000,94.5000,5,2,1,1,94.5000,0.4,0.00005038670865807878092530898249
O01351,C0255,2025-09-07,2025-09,Store,South,Business,1239.00,117.6000,1121.4000,0.0000,1121.4000,7,0,1,1,1121.4000,0,0.0005979222760758682003136665923
O01352,C0230,2025-04-26,2025-04,Store,East,Consumer,2566.00,342.3000,2223.7000,0.0000,2223.7000,11,0,1,1,2223.7000,0,0.001185660571883278149667826290
O01353,C0023,2025-03-08,2025-03,Online,South,Consumer,610.00,0.0000,610.0000,0.0000,610.0000,5,0,1,1,610.0000,0,0.0003252475373696090620575500457
O01354,C0296,2025-09-03,2025-09,Online,East,Business,3855.00,363.8000,3491.2000,0.0000,3491.2000,18,0,1,1,3491.2000,0,0.001861482299122588782713637245
O01355,C0009,2025-05-13,2025-05,Online,South,Business,538.00,107.6000,430.4000,0.0000,430.4000,2,0,1,1,430.4000,0,0.0002294861312850487546058517044
O01356,C0161,2025-02-01,2025-02,Store,West,Consumer,943.00,146.7500,796.2500,0.0000,796.2500,9,0,1,1,796.2500,0,0.0004245546748041823207595479081
O01357,C0257,2025-07-18,2025-07,Store,North,Business,1741.00,27.1000,1713.9000,0.0000,1713.9000,6,0,1,1,1713.9000,0,0.0009138389414717589696072705301
O01359,C0191,2025-12-19,2025-12,Online,North,Consumer,2360.00,193.0000,2167.0000,0.0000,2167.0000,9,0,1,1,2167.0000,0,0.001155428546688430881112640900
O01360,C0142,2025-06-08,2025-06,Online,West,Business,376.00,0.0000,376.0000,0.0000,376.0000,2,0,1,1,376.0000,0,0.0002004804492638901759567849462
O01361,C0050,2025-07-27,2025-07,Online,North,Business,546.00,27.3000,518.7000,0.0000,518.7000,5,0,1,1,518.7000,0,0.0002765670453010101975233626372
O01362,C0245,2025-05-09,2025-05,Online,North,Consumer,542.00,108.4000,433.6000,0.0000,433.6000,2,0,1,1,433.6000,0,0.0002311923478745286709969732784
O01363,C0300,2025-11-25,2025-11,Online,West,Consumer,1793.00,37.3500,1755.6500,0.0000,1755.6500,8,0,1,1,1755.6500,0,0.0009360997360376297537726848160
O01364,C0117,2025-08-03,2025-08,Store,North,Consumer,394.00,19.7000,374.3000,0.0000,374.3000,6,0,1,1,374.3000,0,0.0001995740217007289703740016100
O01365,C0163,2025-07-31,2025-07,Store,South,Consumer,1962.00,143.9000,1818.1000,1453.5000,364.6000,11,8,1,1,364.6000,0.7272727272727272727272727273,0.0001944020526638679738134143388
O01366,C0216,2025-10-26,2025-10,Online,North,Consumer,2088.00,154.3500,1933.6500,0.0000,1933.6500,14,0,1,1,1933.6500,0,0.001031008033827450103028822370
O01367,C0035,2025-04-02,2025-04,Online,South,Business,1355.00,67.7500,1287.2500,0.0000,1287.2500,5,0,1,1,1287.2500,0,0.0006863522827525069920222644203
O01368,C0060,2025-08-22,2025-08,Store,South,Business,1706.00,209.4000,1496.6000,193.8000,1302.8000,14,3,1,1,1302.8000,0.2142857142857142857142857143,0.0006946434289920109607353708190
O01369,C0220,2025-12-22,2025-12,Online,North,Business,243.00,12.1500,230.8500,0.0000,230.8500,3,0,1,1,230.8500,0,0.0001230875311504495934032548001
O01371,C0095,2025-02-05,2025-02,Store,East,Consumer,1856.00,281.2000,1574.8000,570.0000,1004.8000,10,2,1,1,1004.8000,0.2,0.0005357520090966937468121742393
O01373,C0047,2025-06-22,2025-06,Online,West,Consumer,1278.00,95.3000,1182.7000,0.0000,1182.7000,12,0,1,1,1182.7000,0,0.0006306069876180928486810892444
O01374,C0147,2025-09-21,2025-09,Store,East,Business,1543.00,27.3500,1515.6500,747.0000,768.6500,9,3,1,1,768.6500,0.3333333333333333333333333333,0.0004098385567199180418861243322
O01375,C0005,2025-04-27,2025-04,Online,South,Business,941.00,40.2000,900.8000,0.0000,900.8000,9,0,1,1,900.8000,0,0.0004802999699385964641007230839
O01376,C0054,2025-05-16,2025-05,Online,East,Business,1707.00,225.9000,1481.1000,168.8000,1312.3000,9,1,1,1,1312.3000,0.1111111111111111111111111111,0.0006997087594920294625215129918
O01378,C0198,2025-07-04,2025-07,Online,West,Consumer,1053.00,94.0500,958.9500,0.0000,958.9500,5,0,1,1,958.9500,0,0.0005113051245255518197706354366
O01379,C0045,2025-04-04,2025-04,Store,North,Consumer,1019.00,130.0000,889.0000,0.0000,889.0000,9,0,1,1,889.0000,0,0.0004740082962648892724084622798
O01380,C0270,2025-01-11,2025-01,Online,East,Business,525.00,29.4000,495.6000,0.0000,495.6000,2,0,1,1,495.6000,0,0.0002642502942957020510749537749
O01381,C0001,2025-06-08,2025-06,Store,East,Business,105.00,10.5000,94.5000,0.0000,94.5000,3,0,1,1,94.5000,0,0.00005038670865807878092530898249
O01382,C0075,2025-04-25,2025-04,Store,South,Business,1912.00,72.2000,1839.8000,0.0000,1839.8000,14,0,1,1,1839.8000,0,0.0009809679004141094301204599576
O01383,C0146,2025-07-21,2025-07,Store,South,Consumer,1086.00,122.4000,963.6000,93.0000,870.6000,5,1,1,1,870.6000,0.2,0.0004641975508753797531595132292
O01384,C0085,2025-02-21,2025-02,Online,South,Consumer,2206.00,280.4000,1925.6000,0.0000,1925.6000,14,0,1,1,1925.6000,0,0.001026715832719539688357407161
O01385,C0033,2025-04-12,2025-04,Store,South,Business,540.00,14.5500,525.4500,33.2500,492.2000,6,1,1,1,492.2000,0.1666666666666666666666666667,0.0002624374391693796399093871025
O01386,C0247,2025-11-10,2025-11,Store,North,Consumer,1529.00,148.3000,1380.7000,76.9500,1303.7500,11,1,1,1,1303.7500,0.09090909090909090909090909091,0.0006951499620420128109139850363
O01387,C0266,2025-06-26,2025-06,Online,North,Business,744.00,51.1500,692.8500,0.0000,692.8500,6,0,1,1,692.8500,0,0.0003694225512566125223714320478
O01388,C0038,2025-01-31,2025-01,Online,South,Consumer,1084.00,108.400,975.600,0.000,975.600,4,0,1,1,975.600,0,0.0005201827827176895097431898764
O01389,C0018,2025-10-09,2025-10,Online,North,Consumer,134.00,13.4000,120.6000,0.0000,120.6000,1,0,1,1,120.6000,0,0.00006430303771602434899039432052
O01390,C0279,2025-02-17,2025-02,Store,South,Business,1470.00,294.0000,1176.0000,0.0000,1176.0000,5,0,1,1,1176.0000,0,0.0006270345966338692737371784488
O01391,C0029,2025-01-08,2025-01,Store,East,Consumer,196.00,9.8000,186.2000,0.0000,186.2000,1,0,1,1,186.2000,0,0.00009928047780036263500838658773
O01392,C0169,2025-07-07,2025-07,Store,North,Consumer,2283.00,213.0000,2070.0000,0.0000,2070.0000,10,0,1,1,2070.0000,0,0.001103708856319820915506768188
O01393,C0183,2025-09-14,2025-09,Online,East,Consumer,808.00,113.6000,694.4000,0.0000,694.4000,5,0,1,1,694.4000,0,0.0003702489999171418568733815603
O01395,C0215,2025-02-02,2025-02,Store,North,Consumer,2585.00,229.1000,2355.9000,372.4000,1983.5000,14,2,1,1,1983.5000,0.1428571428571428571428571429,0.001057587689135441925559263141
O01398,C0264,2025-06-10,2025-06,Online,South,Business,1614.00,152.4000,1461.6000,0.0000,1461.6000,6,0,1,1,1461.6000,0,0.0007793144272449518116447789292
O01399,C0141,2025-08-12,2025-08,Online,East,Consumer,130.00,26.0000,104.0000,0.0000,104.0000,2,0,1,1,104.0000,0,0.00005545203915809728271145115534
O01400,C0147,2025-12-29,2025-12,Online,East,Business,2554.00,290.3000,2263.7000,0.0000,2263.7000,9,0,1,1,2263.7000,0,0.001206988279251777104556845965
O01401,C0053,2025-02-06,2025-02,Store,West,Business,1661.00,96.6000,1564.4000,307.8000,1256.6000,11,4,1,1,1256.6000,0.3636363636363636363636363636,0.0006700099269813946678385530942
O01402,C0278,2025-04-16,2025-04,Online,North,Consumer,369.00,18.4500,350.5500,0.0000,350.5500,3,0,1,1,350.5500,0,0.0001869106954506827159086461779
O01403,C0071,2025-02-20,2025-02,Store,West,Consumer,80.00,8.000,72.000,72.000,0.000,1,1,1,1,0.000,1,0E+1
O01404,C0045,2025-03-26,2025-03,Online,North,Consumer,240.00,48.0000,192.0000,0.0000,192.0000,3,0,1,1,192.0000,0,0.0001023729953687949834672944406
O01406,C0269,2025-11-10,2025-11,Store,East,Business,774.00,43.9500,730.0500,233.7000,496.3500,7,2,1,1,496.3500,0.2857142857142857142857142857,0.0002646501888088614064791228938
O01407,C0007,2025-07-31,2025-07,Store,North,Consumer,450.00,70.4000,379.6000,0.0000,379.6000,2,0,1,1,379.6000,0,0.0002023999429270550818967967170
O01408,C0053,2025-03-29,2025-03,Store,West,Business,1946.00,364.8000,1581.2000,186.8000,1394.4000,10,2,1,1,1394.4000,0.2,0.0007434838788658735674312258750
O01410,C0090,2025-05-15,2025-05,Online,West,Business,1618.00,80.9000,1537.1000,511.1000,1026.0000,6,2,1,1,1026.0000,0.3333333333333333333333333333,0.0005470556940019981929033546671
O01411,C0092,2025-10-07,2025-10,Online,East,Consumer,1457.00,66.1000,1390.9000,0.0000,1390.9000,12,0,1,1,1390.9000,0,0.0007416177044711299088784366535
O01412,C0156,2025-12-11,2025-12,Online,South,Consumer,1522.00,137.7000,1384.3000,0.0000,1384.3000,11,0,1,1,1384.3000,0,0.0007380986327553275813217484071
O01413,C0206,2025-10-02,2025-10,Store,West,Business,708.00,127.6000,580.4000,0.0000,580.4000,6,0,1,1,580.4000,0,0.0003094650339169198354396754861
O01414,C0018,2025-12-14,2025-12,Online,North,Consumer,813.00,162.6000,650.4000,0.0000,650.4000,3,0,1,1,650.4000,0,0.0003467885218117930064954599176
O01415,C0204,2025-02-16,2025-02,Store,South,Consumer,1323.00,0.0000,1323.0000,0.0000,1323.0000,7,0,1,1,1323.0000,0,0.0007054139212131029329543257549
O01416,C0173,2025-08-26,2025-08,Online,West,Consumer,727.00,105.2000,621.8000,0.0000,621.8000,8,0,1,1,621.8000,0,0.0003315392110433162537498108499
O01417,C0138,2025-04-29,2025-04,Store,South,Business,1345.00,67.2500,1277.7500,0.0000,1277.7500,5,0,1,1,1277.7500,0,0.0006812869522524884902361222474
O01418,C0222,2025-05-06,2025-05,Store,East,Consumer,807.00,0.0000,807.0000,0.0000,807.0000,3,0,1,1,807.0000,0,0.0004302864961594664148859719457
O01419,C0086,2025-02-09,2025-02,Online,North,Business,536.00,26.8000,509.2000,0.0000,509.2000,4,0,1,1,509.2000,0,0.0002715017148009916957372204644
O01421,C0026,2025-02-12,2025-02,Store,South,Consumer,402.00,0.0000,402.0000,0.0000,402.0000,3,0,1,1,402.0000,0,0.0002143434590534144966346477351
O01422,C0224,2025-09-14,2025-09,Store,West,Consumer,366.00,48.6000,317.4000,0.0000,317.4000,4,0,1,1,317.4000,0,0.0001692353579690392070443711222
O01423,C0264,2025-01-27,2025-01,Online,South,Business,648.00,108.6000,539.4000,0.0000,539.4000,6,0,1,1,539.4000,0,0.0002876041338642084066784303191
O01424,C0049,2025-07-02,2025-07,Store,North,Consumer,312.00,0.0000,312.0000,0.0000,312.0000,4,0,1,1,312.0000,0,0.0001663561174742918481343534660
O01425,C0050,2025-07-06,2025-07,Store,North,Business,398.00,39.8000,358.2000,0.0000,358.2000,2,0,1,1,358.2000,0,0.0001909896194849081410311711908
O01426,C0179,2025-10-19,2025-10,Online,East,Consumer,3388.00,257.6000,3130.4000,264.6000,2865.8000,12,1,1,1,2865.8000,0.08333333333333333333333333333,0.001528023594416107623023814625
O01427,C0041,2025-11-10,2025-11,Online,West,Business,303.00,3.5000,299.5000,0.0000,299.5000,3,0,1,1,299.5000,0,0.0001596912089216359247315348175
O01428,C0076,2025-12-28,2025-12,Store,East,Consumer,2666.00,364.8000,2301.2000,570.0000,1731.2000,10,2,1,1,1731.2000,0.2,0.0009230631749086347675967715396
O01429,C0062,2025-03-03,2025-03,Store,West,Business,756.00,56.7000,699.3000,0.0000,699.3000,4,0,1,1,699.3000,0,0.0003728616440697829788472864705
O01431,C0293,2025-09-15,2025-09,Store,North,Business,3095.00,155.8000,2939.2000,228.6000,2710.6000,13,1,1,1,2710.6000,0.07692307692307692307692307692,0.001445272089826331678054418285
O01432,C0195,2025-04-23,2025-04,Online,West,Business,1440.00,288.0000,1152.0000,0.0000,1152.0000,7,0,1,1,1152.0000,0,0.0006142379722127699008037666437
O01433,C0265,2025-01-17,2025-01,Online,West,Consumer,249.00,49.8000,199.2000,199.2000,0.0000,1,1,1,1,0.0000,1,0
O01435,C0070,2025-03-18,2025-03,Online,West,Business,1500.00,39.2500,1460.7500,236.5500,1224.2000,15,1,1,1,1224.2000,0.06666666666666666666666666667,0.0006527344840129105143784471574
O01436,C0229,2025-05-17,2025-05,Online,East,Consumer,361.00,36.1000,324.9000,0.0000,324.9000,3,0,1,1,324.9000,0,0.0001732343031006327610860623112
O01437,C0094,2025-12-08,2025-12,Online,West,Consumer,3027.00,442.8000,2584.2000,0.0000,2584.2000,11,0,1,1,2584.2000,0,0.001377876534541874980605116112
O01438,C0264,2025-04-01,2025-04,Store,South,Business,1910.00,135.8500,1774.1500,0.0000,1774.1500,10,0,1,1,1774.1500,0,0.0009459638006955605204088564158
O01439,C0177,2025-08-07,2025-08,Store,West,Business,1666.00,161.8500,1504.1500,236.5500,1267.6000,9,1,1,1,1267.6000,0.1111111111111111111111111111,0.0006758750465077318804330335049
O01440,C0106,2025-01-16,2025-01,Store,East,Business,2535.00,79.5000,2455.5000,463.6000,1991.9000,15,4,1,1,1991.9000,0.2666666666666666666666666667,0.001062066507682826706085957272
O01441,C0208,2025-11-23,2025-11,Online,East,Business,1449.00,62.1000,1386.9000,0.0000,1386.9000,9,0,1,1,1386.9000,0,0.0007394849337342800133895346859
O01442,C0240,2025-09-10,2025-09,Online,West,Business,3122.00,529.4500,2592.5500,0.0000,2592.5500,14,0,1,1,2592.5500,0,0.001382328693455049137438198969
O01443,C0043,2025-05-31,2025-05,Online,West,Business,767.00,63.3000,703.7000,0.0000,703.7000,4,0,1,1,703.7000,0,0.0003752076918803178638850786347
O01444,C0046,2025-06-11,2025-06,Online,West,Consumer,1867.00,156.7500,1710.2500,0.0000,1710.2500,8,0,1,1,1710.2500,0,0.0009118927881743834399736474848
O01445,C0056,2025-10-09,2025-10,Store,North,Consumer,1919.00,107.5000,1811.5000,207.9000,1603.6000,7,1,1,1,1603.6000,0.1428571428571428571428571429,0.0008550277884031231015007987760
O01446,C0190,2025-10-30,2025-10,Store,North,Business,244.00,24.4000,219.6000,0.0000,219.6000,2,0,1,1,219.6000,0,0.0001170891134530592623407180165
O01447,C0249,2025-12-29,2025-12,Online,North,Consumer,492.00,24.6000,467.4000,233.7000,233.7000,4,2,1,1,233.7000,0.5,0.0001246071303004551439390974519
O01448,C0052,2025-08-21,2025-08,Online,North,Consumer,370.00,27.2000,342.8000,0.0000,342.8000,5,0,1,1,342.8000,0,0.0001827784521480360433988986159
O01449,C0252,2025-01-11,2025-01,Store,West,Business,2097.00,344.2000,1752.8000,0.0000,1752.8000,9,0,1,1,1752.8000,0,0.0009345801368876242032368421642
O01450,C0251,2025-04-06,2025-04,Online,North,Consumer,2370.00,270.4000,2099.6000,0.0000,2099.6000,14,0,1,1,2099.6000,0,0.001119491359772510142124642748
O01451,C0266,2025-10-29,2025-10,Online,North,Business,1345.00,67.2500,1277.7500,0.0000,1277.7500,5,0,1,1,1277.7500,0,0.0006812869522524884902361222474
O01453,C0262,2025-09-03,2025-09,Online,West,Business,1551.00,40.6500,1510.3500,0.0000,1510.3500,10,0,1,1,1510.3500,0,0.0008053075706003099129157716583
O01454,C0083,2025-04-04,2025-04,Online,West,Consumer,234.00,46.8000,187.2000,187.2000,0.0000,3,3,1,1,0.0000,1,0
O01455,C0285,2025-08-22,2025-08,Store,East,Consumer,1855.00,107.6000,1747.4000,271.0000,1476.4000,7,1,1,1,1476.4000,0.1428571428571428571428571429,0.0007872056789712964249537162090
O01456,C0219,2025-06-30,2025-06,Store,East,Consumer,1976.00,289.6000,1686.4000,0.0000,1686.4000,10,0,1,1,1686.4000,0,0.0008991761426559159381210695035
O01457,C0248,2025-06-19,2025-06,Store,East,Business,1824.00,45.0000,1779.0000,0.0000,1779.0000,7,0,1,1,1779.0000,0,0.0009485497852139910186891500514
O01458,C0038,2025-11-25,2025-11,Online,South,Consumer,1726.00,214.9000,1511.1000,0.0000,1511.1000,13,0,1,1,1511.1000,0,0.0008057074651134692683199407772
O01459,C0158,2025-04-10,2025-04,Online,East,Consumer,340.00,17.0000,323.0000,193.8000,129.2000,5,3,1,1,129.2000,0.6,0.00006888849480025162429153355067
O01460,C0109,2025-09-10,2025-09,Online,West,Business,969.00,42.6500,926.3500,0.0000,926.3500,5,0,1,1,926.3500,0,0.0004939230430202251715360844014
O01461,C0100,2025-04-24,2025-04,Store,West,Consumer,2787.00,248.5000,2538.5000,0.0000,2538.5000,15,0,1,1,2538.5000,0,0.001353509628873364924644411133
O01462,C0256,2025-11-22,2025-11,Online,North,Consumer,1254.00,46.8000,1207.2000,199.0000,1008.2000,7,1,1,1,1008.2000,0.1428571428571428571428571429,0.0005375648642230161579777409117
O01463,C0004,2025-11-23,2025-11,Online,North,Consumer,2692.00,195.7000,2496.3000,0.0000,2496.3000,13,0,1,1,2496.3000,0,0.001331008897599598527236495376
O01464,C0120,2025-01-15,2025-01,Store,South,Consumer,588.00,58.8000,529.2000,0.0000,529.2000,2,0,1,1,529.2000,0,0.0002821655684852411731817303020
O01465,C0031,2025-07-28,2025-07,Online,South,Consumer,940.00,0.0000,940.0000,0.0000,940.0000,5,0,1,1,940.0000,0,0.0005012011231597254398919623656
O01466,C0193,2025-07-16,2025-07,Store,East,Consumer,3463.00,79.3000,3383.7000,0.0000,3383.7000,15,0,1,1,3383.7000,0,0.001804164085569747841449396868
O01467,C0011,2025-01-29,2025-01,Online,North,Business,325.00,16.2500,308.7500,0.0000,308.7500,5,0,1,1,308.7500,0,0.0001646232412506013080496206174
O01468,C0239,2025-05-12,2025-05,Online,South,Consumer,940.00,0.0000,940.0000,0.0000,940.0000,5,0,1,1,940.0000,0,0.0005012011231597254398919623656
O01470,C0115,2025-01-15,2025-01,Store,North,Consumer,1059.00,105.9000,953.1000,0.0000,953.1000,7,0,1,1,953.1000,0,0.0005081859473229088476181163092
O01471,C0144,2025-01-01,2025-01,Store,North,Consumer,1128.00,78.2000,1049.8000,0.0000,1049.8000,10,0,1,1,1049.8000,0,0.0005597456798862550710623213738
O01473,C0077,2025-12-28,2025-12,Online,West,Consumer,1216.00,121.6000,1094.4000,0.0000,1094.4000,8,0,1,1,1094.4000,0,0.0005835260736021314057635783116
O01474,C0142,2025-09-14,2025-09,Store,West,Business,1320.00,142.5000,1177.5000,0.0000,1177.5000,11,0,1,1,1177.5000,0,0.0006278343856601879845455166866
O01476,C0108,2025-11-19,2025-11,Store,East,Business,1616.00,140.8500,1475.1500,0.0000,1475.1500,12,0,1,1,1475.1500,0,0.0007865391881160308326134343442
O01477,C0264,2025-04-06,2025-04,Store,South,Business,900.00,180.0000,720.0000,0.0000,720.0000,3,0,1,1,720.0000,0,0.0003838987326329811880023541523
O01478,C0160,2025-08-17,2025-08,Store,West,Business,938.00,160.8000,777.2000,0.0000,777.2000,7,0,1,1,777.2000,0,0.0004143973541699346934936522878
O01479,C0051,2025-06-04,2025-06,Online,West,Consumer,2380.00,235.2000,2144.8000,0.0000,2144.8000,9,0,1,1,2144.8000,0,0.001143591669098913961149234980
O01480,C0282,2025-09-07,2025-09,Online,East,Business,883.00,21.2500,861.7500,0.0000,861.7500,6,0,1,1,861.7500,0,0.0004594787956200993593903176261
O01481,C0233,2025-12-09,2025-12,Store,South,Business,2735.00,313.3000,2421.7000,0.0000,2421.7000,16,0,1,1,2421.7000,0,0.001291232723357347976368473682
O01483,C0178,2025-08-23,2025-08,Online,East,Consumer,807.00,161.4000,645.6000,0.0000,645.6000,3,0,1,1,645.6000,0,0.0003442291969275731319087775566
O01484,C0055,2025-02-14,2025-02,Store,East,Consumer,1420.00,0.0000,1420.0000,0.0000,1420.0000,5,0,1,1,1420.0000,0,0.0007571336115817128985601984671
O01485,C0081,2025-01-14,2025-01,Online,North,Consumer,538.00,0.0000,538.0000,0.0000,538.0000,2,0,1,1,538.0000,0,0.0002868576641063109432573146305
O01486,C0074,2025-02-13,2025-02,Store,South,Business,405.00,0.0000,405.0000,0.0000,405.0000,5,0,1,1,405.0000,0,0.0002159430371060519182513242107
O01487,C0165,2025-05-03,2025-05,Online,West,Consumer,268.00,0.0000,268.0000,268.0000,0.0000,2,2,1,1,0.0000,1,0
O01488,C0120,2025-08-05,2025-08,Online,South,Consumer,1695.00,298.5000,1396.5000,0.0000,1396.5000,11,0,1,1,1396.5000,0,0.0007446035835027197625628994080
O01489,C0294,2025-07-31,2025-07,Online,South,Consumer,2114.00,259.4500,1854.5500,224.1000,1630.4500,13,1,1,1,1630.4500,0.07692307692307692307692307692,0.0008693440119742280249700532329
O01490,C0053,2025-10-10,2025-10,Online,West,Business,390.00,0.0000,390.0000,0.0000,390.0000,5,0,1,1,390.0000,0,0.0002079451468428648101679418325
O01491,C0193,2025-06-07,2025-06,Store,East,Consumer,928.00,63.4000,864.6000,306.0000,558.6000,7,5,1,1,558.6000,0.7142857142857142857142857143,0.0002978414334010879050251597632
O01492,C0032,2025-07-01,2025-07,Store,North,Business,1862.00,266.9000,1595.1000,0.0000,1595.1000,8,0,1,1,1595.1000,0,0.0008504956505873170735868820950
O01493,C0121,2025-06-22,2025-06,Online,West,Business,1923.00,83.9500,1839.0500,0.0000,1839.0500,14,0,1,1,1839.0500,0,0.0009805680059009500747162908387
O01494,C0044,2025-09-27,2025-09,Store,West,Business,378.00,18.9000,359.1000,0.0000,359.1000,2,0,1,1,359.1000,0,0.0001914694929006993675161741335
O01495,C0137,2025-03-09,2025-03,Store,South,Consumer,1892.00,227.8500,1664.1500,109.8000,1554.3500,11,1,1,1,1554.3500,0.09090909090909090909090909091,0.0008287680487056587632936933010
O01496,C0067,2025-12-13,2025-12,Store,East,Business,2540.00,253.1000,2286.9000,0.0000,2286.9000,10,0,1,1,2286.9000,0,0.001219358349525506498392477376
O01497,C0248,2025-02-14,2025-02,Online,East,Business,3087.00,324.0000,2763.0000,0.0000,2763.0000,12,0,1,1,2763.0000,0,0.001473211386479065308959034060
O01498,C0030,2025-11-07,2025-11,Online,South,Business,874.00,43.7000,830.3000,0.0000,830.3000,4,0,1,1,830.3000,0,0.0004427098857016170561088259065
O01500,C0183,2025-10-17,2025-10,Store,East,Consumer,456.00,33.3000,422.7000,0.0000,422.7000,5,0,1,1,422.7000,0,0.0002253805476166127057897154169
O01501,C0226,2025-12-16,2025-12,Online,South,Business,1638.00,163.8000,1474.2000,0.0000,1474.2000,7,0,1,1,1474.2000,0,0.0007860326550660289824348201269
O01502,C0212,2025-12-12,2025-12,Online,East,Consumer,2044.00,81.2000,1962.8000,0.0000,1962.8000,15,0,1,1,1962.8000,0,0.001046550600572243716404195459
O01504,C0102,2025-01-20,2025-01,Store,North,Consumer,175.00,17.5000,157.5000,0.0000,157.5000,5,0,1,1,157.5000,0,0.00008397784776346463487551497082
O01505,C0239,2025-02-01,2025-02,Online,South,Consumer,1001.00,35.1000,965.9000,0.0000,965.9000,12,0,1,1,965.9000,0,0.0005150108136808285131826026052
O01506,C0129,2025-04-17,2025-04,Online,North,Business,188.00,18.8000,169.2000,0.0000,169.2000,1,0,1,1,169.2000,0,0.00009021620216875057918055322580
O01507,C0236,2025-05-16,2025-05,Online,West,Business,2055.00,182.4000,1872.6000,0.0000,1872.6000,12,0,1,1,1872.6000,0,0.0009984566204562785731294560912
O01508,C0140,2025-11-20,2025-11,Store,East,Consumer,130.00,26.0000,104.0000,0.0000,104.0000,2,0,1,1,104.0000,0,0.00005545203915809728271145115534
O01509,C0007,2025-01-29,2025-01,Store,North,Consumer,2207.00,422.8000,1784.2000,215.2000,1569.0000,11,1,1,1,1569.0000,0.09090909090909090909090909091,0.0008365793215293715055217967570
O01510,C0142,2025-11-19,2025-11,Store,West,Business,1836.00,166.6500,1669.3500,150.4000,1518.9500,15,1,1,1,1518.9500,0.06666666666666666666666666667,0.0008098930276845371882169108885
O01511,C0012,2025-07-05,2025-07,Online,West,Consumer,260.00,26.0000,234.0000,58.5000,175.5000,4,1,1,1,175.5000,0.25,0.00009357531607928916457557382463
O01512,C0073,2025-02-06,2025-02,Store,South,Business,860.00,86.0000,774.0000,0.0000,774.0000,6,0,1,1,774.0000,0,0.0004126911375804547771025307138
O01513,C0179,2025-01-25,2025-01,Online,East,Consumer,928.00,101.9500,826.0500,0.0000,826.0500,8,0,1,1,826.0500,0,0.0004404438167937140421518675660
O01514,C0007,2025-04-06,2025-04,Store,North,Consumer,518.00,28.0000,490.0000,0.0000,490.0000,6,0,1,1,490.0000,0,0.0002612644152641121973904910203
O01515,C0265,2025-01-04,2025-01,Online,West,Consumer,1992.00,187.0000,1805.0000,352.8000,1452.2000,13,2,1,1,1452.2000,0.1538461538461538461538461538,0.0007743024160133545572458593056
O01516,C0024,2025-02-24,2025-02,Store,South,Business,1296.00,129.6000,1166.4000,0.0000,1166.4000,6,0,1,1,1166.4000,0,0.0006219159468654295245638137268
O01517,C0054,2025-07-26,2025-07,Online,East,Business,378.00,37.8000,340.2000,0.0000,340.2000,2,0,1,1,340.2000,0,0.0001813921511690836113311123370
O01519,C0156,2025-09-26,2025-09,Online,South,Consumer,465.00,23.2500,441.7500,0.0000,441.7500,5,0,1,1,441.7500,0,0.0002355378682508603330556110372
O01520,C0084,2025-12-05,2025-12,Online,West,Business,902.00,36.6000,865.4000,0.0000,865.4000,7,0,1,1,865.4000,0,0.0004614249489174748890239406714
O01522,C0291,2025-07-03,2025-07,Store,North,Consumer,68.00,0.0000,68.0000,0.0000,68.0000,1,0,1,1,68.0000,0,0.00003625710252644822331133344772
O01523,C0142,2025-03-12,2025-03,Online,West,Business,997.00,156.8000,840.2000,0.0000,840.2000,5,0,1,1,840.2000,0,0.0004479884932753205474438582761
O01524,C0153,2025-04-02,2025-04,Online,East,Business,2232.00,237.5500,1994.4500,0.0000,1994.4500,15,0,1,1,1994.4500,0,0.001063426149027568514460132277
O01525,C0282,2025-06-14,2025-06,Online,East,Business,272.00,27.2000,244.8000,0.0000,244.8000,4,0,1,1,244.8000,0,0.0001305255690952136039208004118
O01526,C0279,2025-10-08,2025-10,Online,South,Business,462.00,46.2000,415.8000,415.8000,0.0000,2,2,1,1,0.0000,1,0
O01527,C0031,2025-08-26,2025-08,Store,South,Consumer,231.00,23.1000,207.9000,0.0000,207.9000,1,0,1,1,207.9000,0,0.0001108507590477733180356797615
O01528,C0089,2025-12-02,2025-12,Online,South,Business,1264.00,63.2000,1200.8000,0.0000,1200.8000,9,0,1,1,1200.8000,0,0.0006402577752023386257683706474
O01529,C0036,2025-10-05,2025-10,Store,West,Consumer,1694.00,192.3000,1501.7000,0.0000,1501.7000,8,0,1,1,1501.7000,0,0.0008006954538818720139210211536
O01531,C0141,2025-04-14,2025-04,Online,East,Consumer,1321.00,80.0000,1241.0000,0.0000,1241.0000,9,0,1,1,1241.0000,0,0.0006616921211076800754318354209
O01533,C0211,2025-06-05,2025-06,Online,North,Business,904.00,0.0000,904.0000,633.0000,271.0000,4,3,1,1,271.0000,0.75,0.0001444952174215804193731082990
O01534,C0267,2025-07-28,2025-07,Online,West,Business,1298.00,129.8000,1168.2000,0.0000,1168.2000,7,0,1,1,1168.2000,0,0.0006228756936970119775338196122
O01535,C0040,2025-12-23,2025-12,Online,North,Consumer,3667.00,366.7000,3300.3000,0.0000,3300.3000,19,0,1,1,3300.3000,0,0.001759695815706427520505790846
O01536,C0285,2025-08-25,2025-08,Store,East,Consumer,3223.00,96.4000,3126.6000,0.0000,3126.6000,18,0,1,1,3126.6000,0,0.001667080246458720808900222907
O01537,C0132,2025-07-23,2025-07,Online,North,Consumer,1884.00,31.9500,1852.0500,996.0000,856.0500,10,4,1,1,856.0500,0.4,0.0004564395973200882583186323224
O01538,C0081,2025-10-16,2025-10,Store,North,Consumer,2057.00,175.5000,1881.5000,0.0000,1881.5000,13,0,1,1,1881.5000,0,0.001003202035345769590592262969
O01539,C0149,2025-07-25,2025-07,Online,East,Business,1708.00,207.2000,1500.8000,242.1000,1258.7000,7,1,1,1,1258.7000,0.1428571428571428571428571429,0.0006711296316182408629702266272
O01540,C0116,2025-10-04,2025-10,Store,West,Business,1479.00,92.8500,1386.1500,0.0000,1386.1500,9,0,1,1,1386.1500,0,0.0007390850392211206579853655670
O01541,C0177,2025-06-25,2025-06,Online,West,Business,1923.00,135.5000,1787.5000,0.0000,1787.5000,8,0,1,1,1787.5000,0,0.0009530819230297970466030667324
O01542,C0184,2025-10-21,2025-10,Online,West,Business,2833.00,225.1000,2607.9000,0.0000,2607.9000,15,0,1,1,2607.9000,0,0.001390513201157710611376860269
O01543,C0269,2025-12-04,2025-12,Store,East,Business,978.00,68.4000,909.6000,0.0000,909.6000,7,0,1,1,909.6000,0,0.0004849920655596662341763074125
O01544,C0221,2025-08-22,2025-08,Store,West,Business,600.00,0.0000,600.0000,0.0000,600.0000,2,0,1,1,600.0000,0,0.0003199156105274843233352951269
O01545,C0228,2025-05-18,2025-05,Online,East,Business,1574.00,314.8000,1259.2000,0.0000,1259.2000,6,0,1,1,1259.2000,0,0.0006713962279603470999063393731
O01546,C0191,2025-03-07,2025-03,Online,North,Consumer,3285.00,427.2000,2857.8000,0.0000,2857.8000,13,0,1,1,2857.8000,0,0.001523758052942407832046010690
O01547,C0197,2025-09-19,2025-09,Online,East,Business,2906.00,57.7500,2848.2500,756.0000,2092.2500,14,4,1,1,2092.2500,0.2857142857142857142857142857,0.001115572393543548459163785382
O01548,C0015,2025-11-11,2025-11,Store,West,Consumer,469.00,84.5000,384.5000,0.0000,384.5000,3,0,1,1,384.5000,0,0.0002050125870796962038707016272
O01549,C0209,2025-10-02,2025-10,Online,West,Business,246.00,12.3000,233.7000,0.0000,233.7000,2,0,1,1,233.7000,0,0.0001246071303004551439390974519
O01550,C0109,2025-11-14,2025-11,Online,West,Business,3756.00,229.3000,3526.7000,0.0000,3526.7000,15,0,1,1,3526.7000,0,0.001880410639412131605177642207
O01551,C0197,2025-08-18,2025-08,Online,East,Business,1641.00,114.3500,1526.6500,0.0000,1526.6500,11,0,1,1,1526.6500,0,0.0008139986113529732370330471759
O01552,C0070,2025-11-23,2025-11,Store,West,Business,1533.00,47.2500,1485.7500,0.0000,1485.7500,8,0,1,1,1485.7500,0,0.0007921910305686830556590245581
O01553,C0253,2025-10-12,2025-10,Online,North,Consumer,447.00,63.1500,383.8500,0.0000,383.8500,9,0,1,1,383.8500,0,0.0002046660118349580958537550575
O01554,C0046,2025-06-02,2025-06,Online,West,Consumer,134.00,13.4000,120.6000,0.0000,120.6000,1,0,1,1,120.6000,0,0.00006430303771602434899039432052
O01555,C0104,2025-01-30,2025-01,Store,North,Business,1472.00,61.8000,1410.2000,0.0000,1410.2000,9,0,1,1,1410.2000,0,0.0007519083232764306546123886467
O01556,C0217,2025-02-23,2025-02,Store,South,Business,122.00,0.0000,122.0000,0.0000,122.0000,1,0,1,1,122.0000,0,0.00006504950747392181241151000915
O01557,C0139,2025-07-04,2025-07,Online,North,Business,506.00,32.5500,473.4500,0.0000,473.4500,5,0,1,1,473.4500,0,0.0002524400763403957548051591298
O01558,C0257,2025-02-08,2025-02,Store,North,Business,1651.00,246.6000,1404.4000,0.0000,1404.4000,8,0,1,1,1404.4000,0,0.0007488158057079983061534807938
O01559,C0099,2025-03-07,2025-03,Online,West,Consumer,254.00,50.8000,203.2000,0.0000,203.2000,1,0,1,1,203.2000,0,0.0001083447534319746908362199497
O01560,C0294,2025-11-11,2025-11,Online,South,Consumer,2454.00,355.8000,2098.2000,0.0000,2098.2000,9,0,1,1,2098.2000,0,0.001118744890014612678703527059
O01561,C0047,2025-04-21,2025-04,Store,West,Consumer,1936.00,302.0000,1634.0000,0.0000,1634.0000,7,0,1,1,1634.0000,0,0.0008712368460031823072164537291
O01562,C0294,2025-04-21,2025-04,Store,South,Consumer,1270.00,127.0000,1143.0000,0.0000,1143.0000,5,0,1,1,1143.0000,0,0.0006094392380548576359537372168
O01563,C0130,2025-03-12,2025-03,Store,West,Business,2145.00,94.5000,2050.5000,0.0000,2050.5000,9,0,1,1,2050.5000,0,0.001093311598977677674998371096
O01564,C0291,2025-06-07,2025-06,Store,North,Consumer,2728.00,252.9000,2475.1000,199.0000,2276.1000,12,1,1,1,2276.1000,0.08333333333333333333333333333,0.001213599868536011780572442064
O01565,C0192,2025-12-04,2025-12,Store,South,Business,1356.00,49.0000,1307.0000,188.0000,1119.0000,7,1,1,1,1119.0000,0.1428571428571428571428571429,0.0005966426136337582630203254118
O01566,C0017,2025-07-01,2025-07,Store,South,Consumer,1289.00,182.8000,1106.2000,0.0000,1106.2000,10,0,1,1,1106.2000,0,0.0005898177472758385974558391157
O01567,C0102,2025-06-28,2025-06,Store,North,Consumer,1473.00,209.5000,1263.5000,0.0000,1263.5000,8,0,1,1,1263.5000,0,0.0006736889565024607375569089882
O01568,C0027,2025-06-12,2025-06,Online,North,Consumer,1112.00,145.2000,966.8000,0.0000,966.8000,14,0,1,1,966.8000,0,0.0005154906870966197396676055479
O01569,C0119,2025-08-18,2025-08,Online,North,Business,2187.00,251.1000,1935.9000,547.2000,1388.7000,11,3,1,1,1388.7000,0.2727272727272727272727272727,0.0007404446805658624663595405713
O01570,C0146,2025-07-15,2025-07,Store,South,Consumer,2574.00,233.1000,2340.9000,0.0000,2340.9000,12,0,1,1,2340.9000,0,0.001248150754472980087492653938
O01571,C0092,2025-12-30,2025-12,Online,East,Consumer,758.00,78.0000,680.0000,0.0000,680.0000,8,0,1,1,680.0000,0,0.0003625710252644822331133344772
O01572,C0079,2025-11-15,2025-11,Store,West,Business,2034.00,197.3000,1836.7000,0.0000,1836.7000,10,0,1,1,1836.7000,0,0.0009793150030930507611165609328
O01573,C0268,2025-11-01,2025-11,Online,North,Consumer,1254.00,101.9000,1152.1000,0.0000,1152.1000,10,0,1,1,1152.1000,0,0.0006142912914811911481909891929
O01574,C0294,2025-11-24,2025-11,Online,South,Consumer,1794.00,298.5000,1495.5000,0.0000,1495.5000,13,0,1,1,1495.5000,0,0.0007973896592397546759132231039
O01575,C0215,2025-11-04,2025-11,Store,North,Consumer,2299.00,114.9500,2184.0500,0.0000,2184.0500,12,0,1,1,2184.0500,0,0.001164519481954253560634085537
O01577,C0136,2025-08-19,2025-08,Store,West,Consumer,1585.00,68.7000,1516.3000,558.6000,957.7000,8,2,1,1,957.7000,0.25,0.0005106386336702862274303535718
O01578,C0047,2025-10-28,2025-10,Online,West,Consumer,2825.00,213.0000,2612.0000,658.3500,1953.6500,12,3,1,1,1953.6500,0.25,0.001041671887511699580473332208
O01579,C0205,2025-03-09,2025-03,Store,West,Business,254.00,25.4000,228.6000,228.6000,0.0000,1,1,1,1,0.0000,1,0
O01580,C0223,2025-12-03,2025-12,Store,East,Consumer,186.00,9.3000,176.7000,0.0000,176.7000,2,0,1,1,176.7000,0,0.00009421514730034413322224441489
O01581,C0203,2025-08-15,2025-08,Online,South,Business,1531.00,56.9000,1474.1000,0.0000,1474.1000,10,0,1,1,1474.1000,0,0.0007859793357976077350475975777
O01582,C0182,2025-08-09,2025-08,Online,West,Business,2585.00,245.8000,2339.2000,0.0000,2339.2000,10,0,1,1,2339.2000,0,0.001247244326909818881909870602
O01583,C0134,2025-03-25,2025-03,Online,North,Consumer,1258.00,51.3000,1206.7000,94.5000,1112.2000,14,3,1,1,1112.2000,0.2142857142857142857142857143,0.0005930169033811134406891920670
O01584,C0240,2025-02-25,2025-02,Online,West,Business,914.00,27.1000,886.9000,0.0000,886.9000,6,0,1,1,886.9000,0,0.0004728885916280430772767887468
O01585,C0051,2025-11-26,2025-11,Online,West,Consumer,249.00,0.0000,249.0000,0.0000,249.0000,1,0,1,1,249.0000,0,0.0001327649783689059941841474777
O01586,C0267,2025-10-22,2025-10,Store,West,Business,2344.00,249.9000,2094.1000,0.0000,2094.1000,13,0,1,1,2094.1000,0,0.001116558800009341535827402542
O01587,C0141,2025-04-25,2025-04,Store,East,Consumer,1415.00,269.0000,1146.0000,70.0000,1076.0000,7,2,1,1,1076.0000,0.2857142857142857142857142857,0.0005737153282126218865146292610
O01588,C0227,2025-02-18,2025-02,Store,East,Consumer,3293.00,482.2000,2810.8000,433.6000,2377.2000,12,2,1,1,2377.2000,0.1666666666666666666666666667,0.001267505648909892889054439293
O01589,C0026,2025-08-15,2025-08,Online,South,Consumer,1803.00,40.3500,1762.6500,0.0000,1762.6500,7,0,1,1,1762.6500,0,0.0009398320848271170708782632592
O01590,C0019,2025-01-21,2025-01,Store,North,Business,1478.00,152.6000,1325.4000,199.2000,1126.2000,6,1,1,1,1126.2000,0.1666666666666666666666666667,0.0006004816009600880749003489533
O01591,C0131,2025-07-18,2025-07,Online,West,Business,1420.00,237.0000,1183.0000,0.0000,1183.0000,7,0,1,1,1183.0000,0,0.0006307669454233565908427568920
O01592,C0212,2025-08-14,2025-08,Store,East,Consumer,366.00,18.3000,347.7000,0.0000,347.7000,3,0,1,1,347.7000,0,0.0001853910963006771653728035261
O01595,C0059,2025-06-23,2025-06,Store,South,Business,2425.00,111.9500,2313.0500,0.0000,2313.0500,11,0,1,1,2313.0500,0,0.001233301338217662690151173989
O01596,C0158,2025-10-24,2025-10,Online,East,Consumer,1481.00,101.9000,1379.1000,0.0000,1379.1000,12,0,1,1,1379.1000,0,0.0007353260307974227171861758493
O01597,C0031,2025-10-31,2025-10,Online,South,Consumer,1604.00,96.4000,1507.6000,0.0000,1507.6000,9,0,1,1,1507.6000,0,0.0008038412907187256097671515556
O01598,C0143,2025-02-28,2025-02,Online,West,Business,402.00,40.2000,361.8000,0.0000,361.8000,3,0,1,1,361.8000,0,0.0001929091131480730469711829616
O01599,C0084,2025-09-28,2025-09,Store,West,Business,1120.00,68.3000,1051.7000,0.0000,1051.7000,7,0,1,1,1051.7000,0,0.0005607587459862587714195498084
O01600,C0233,2025-04-14,2025-04,Online,South,Business,1115.00,149.7500,965.2500,31.5000,933.7500,11,1,1,1,933.7500,0.09090909090909090909090909091,0.0004978686688833974781905530413
O01601,C0244,2025-05-26,2025-05,Online,South,Consumer,762.00,152.4000,609.6000,0.0000,609.6000,3,0,1,1,609.6000,0,0.0003250342602959240725086598490
O01602,C0277,2025-03-26,2025-03,Store,West,Consumer,1735.00,63.5000,1671.5000,0.0000,1671.5000,10,0,1,1,1671.5000,0,0.0008912315716611500774249096745
O01603,C0157,2025-06-21,2025-06,Store,West,Business,1113.00,101.8500,1011.1500,0.0000,1011.1500,5,0,1,1,1011.1500,0,0.0005391377826414429559008061127
O01604,C0144,2025-06-04,2025-06,Store,North,Consumer,70.00,3.5000,66.5000,0.0000,66.5000,2,0,1,1,66.5000,0,0.00003545731350012951250299520990
O01605,C0219,2025-10-26,2025-10,Online,East,Consumer,454.00,53.6000,400.4000,0.0000,400.4000,4,0,1,1,400.4000,0,0.0002134903507586745384390869481
O01606,C0175,2025-04-01,2025-04,Store,North,Consumer,2717.00,235.2000,2481.8000,0.0000,2481.8000,10,0,1,1,2481.8000,0,0.001323277603678517656089225743
O01608,C0189,2025-10-15,2025-10,Online,North,Consumer,1355.00,0.0000,1355.0000,0.0000,1355.0000,5,0,1,1,1355.0000,0,0.0007224760871079020968655414950
O01609,C0075,2025-09-02,2025-09,Store,South,Business,1218.00,0.0000,1218.0000,0.0000,1218.0000,6,0,1,1,1218.0000,0,0.0006494286893707931763706491077
O01610,C0080,2025-02-12,2025-02,Store,East,Consumer,3183.00,587.7000,2595.3000,0.0000,2595.3000,14,0,1,1,2595.3000,0,0.001383794973336633440586819072
O01612,C0054,2025-08-11,2025-08,Online,East,Business,140.00,14.0000,126.0000,0.0000,126.0000,4,0,1,1,126.0000,0,0.00006718227821077170790041197666
O01613,C0263,2025-09-02,2025-09,Online,East,Business,2429.00,134.5000,2294.5000,0.0000,2294.5000,9,0,1,1,2294.5000,0,0.001223410613925521299821391115
O01614,C0076,2025-08-24,2025-08,Store,East,Consumer,1287.00,203.2000,1083.8000,0.0000,1083.8000,5,0,1,1,1083.8000,0,0.0005778742311494791827179880976
O01615,C0080,2025-07-24,2025-07,Online,East,Consumer,3707.00,375.7500,3331.2500,784.0000,2547.2500,18,5,1,1,2547.2500,0.2777777777777777777777777778,0.001358175064860224071026384187
O01616,C0161,2025-09-27,2025-09,Store,West,Consumer,995.00,49.7500,945.2500,0.0000,945.2500,5,0,1,1,945.2500,0,0.0005040003847518409277211461979
O01617,C0072,2025-07-18,2025-07,Store,South,Business,3574.00,230.3000,3343.7000,470.4000,2873.3000,16,3,1,1,2873.3000,0.1875,0.001532022539547701177065505814
O01618,C0119,2025-12-18,2025-12,Online,North,Business,854.00,61.1500,792.8500,76.0000,716.8500,10,1,1,1,716.8500,0.1,0.0003822191756777118953048438529
O01619,C0095,2025-02-03,2025-02,Online,East,Consumer,1279.00,81.7500,1197.2500,128.0000,1069.2500,10,2,1,1,1069.2500,0.2,0.0005701162775941876878771071908
O01620,C0296,2025-02-17,2025-02,Store,East,Business,1344.00,85.2000,1258.8000,511.2000,747.6000,7,2,1,1,747.6000,0.2857142857142857142857142857,0.0003986148507172454668757777282
O01621,C0134,2025-01-05,2025-01,Online,North,Consumer,1393.00,234.6000,1158.4000,0.0000,1158.4000,9,0,1,1,1158.4000,0,0.0006176504053917297335860097918
O01622,C0162,2025-12-15,2025-12,Store,South,Consumer,657.00,89.5500,567.4500,0.0000,567.4500,5,0,1,1,567.4500,0,0.0003025601886563682987943553663
O01623,C0050,2025-11-15,2025-11,Store,North,Business,1180.00,87.0000,1093.0000,0.0000,1093.0000,9,0,1,1,1093.0000,0,0.0005827796038442339423424626229
O01624,C0116,2025-11-12,2025-11,Online,West,Business,156.00,0.0000,156.0000,156.0000,0.0000,2,2,1,1,0.0000,1,0
O01625,C0114,2025-01-05,2025-01,Online,North,Business,719.00,80.0000,639.0000,0.0000,639.0000,8,0,1,1,639.0000,0,0.0003407101252117708043520893102
O01626,C0218,2025-08-14,2025-08,Store,East,Business,762.00,152.4000,609.6000,0.0000,609.6000,3,0,1,1,609.6000,0,0.0003250342602959240725086598490
O01627,C0274,2025-04-26,2025-04,Store,North,Business,1128.00,10.2000,1117.8000,0.0000,1117.8000,7,0,1,1,1117.8000,0,0.0005960027824127032943736548215
O01628,C0167,2025-01-04,2025-01,Store,West,Consumer,492.00,24.6000,467.4000,0.0000,467.4000,4,0,1,1,467.4000,0,0.0002492142606009102878781949039
O01629,C0240,2025-01-14,2025-01,Store,West,Business,135.00,7.0000,128.0000,0.0000,128.0000,3,0,1,1,128.0000,0,0.00006824866357919665564486296042
O01630,C0111,2025-06-07,2025-06,Online,South,Business,2259.00,382.6000,1876.4000,93.0000,1783.4000,13,1,1,1,1783.4000,0.07692307692307692307692307692,0.0009508958330245259037269422157
O01631,C0015,2025-06-04,2025-06,Store,West,Consumer,575.00,50.7000,524.3000,72.9000,451.4000,6,1,1,1,451.4000,0.1666666666666666666666666667,0.0002406831776535107059225870338
O01632,C0087,2025-04-23,2025-04,Online,North,Business,1579.00,78.9500,1500.0500,0.0000,1500.0500,8,0,1,1,1500.0500,0,0.0007998156859529214320318490920
O01633,C0237,2025-02-04,2025-02,Store,South,Consumer,3322.00,238.8000,3083.2000,1366.4000,1716.8000,14,6,1,1,1716.8000,0.4285714285714285714285714286,0.0009153852002559751438367244566
O01634,C0151,2025-06-25,2025-06,Store,South,Business,398.00,19.9000,378.1000,0.0000,378.1000,2,0,1,1,378.1000,0,0.0002016001539007363710884584792
O01635,C0199,2025-04-08,2025-04,Online,North,Consumer,1799.00,240.3500,1558.6500,0.0000,1558.6500,14,0,1,1,1558.6500,0,0.0008310607772477724009442629160
O01636,C0097,2025-05-03,2025-05,Online,West,Business,693.00,69.3000,623.7000,0.0000,623.7000,3,0,1,1,623.7000,0,0.0003325522771433199541070392845
O01637,C0221,2025-11-22,2025-11,Store,West,Business,2160.00,216.8000,1943.2000,0.0000,1943.2000,8,0,1,1,1943.2000,0,0.001036100023961679228508575818
O01638,C0051,2025-09-22,2025-09,Store,West,Consumer,1087.00,16.0000,1071.0000,0.0000,1071.0000,8,0,1,1,1071.0000,0,0.0005710493647915595171535018016
O01639,C0001,2025-09-30,2025-09,Store,East,Business,538.00,53.8000,484.2000,0.0000,484.2000,2,0,1,1,484.2000,0,0.0002581718976956798489315831674
O01640,C0071,2025-05-02,2025-05,Store,West,Consumer,2592.00,367.9500,2224.0500,62.4000,2161.6500,15,1,1,1,2161.6500,0.06666666666666666666666666667,0.001152575965827894145896234519
O01641,C0147,2025-08-29,2025-08,Online,East,Business,1297.00,179.8000,1117.2000,0.0000,1117.2000,8,0,1,1,1117.2000,0,0.0005956828668021758100503195264
O01642,C0219,2025-01-05,2025-01,Online,East,Consumer,1405.00,68.2000,1336.8000,0.0000,1336.8000,10,0,1,1,1336.8000,0,0.0007127719802552350723910375428
O01643,C0008,2025-06-11,2025-06,Store,North,Consumer,567.00,113.4000,453.6000,0.0000,453.6000,3,0,1,1,453.6000,0,0.0002418562015587781484414831160
O01644,C0272,2025-04-14,2025-04,Store,West,Business,2088.00,171.6500,1916.3500,109.8000,1806.5500,10,1,1,1,1806.5500,0.1,0.0009632392436640446738689623527
O01645,C0224,2025-11-12,2025-11,Store,West,Consumer,1991.00,109.8000,1881.2000,0.0000,1881.2000,10,0,1,1,1881.2000,0,0.001003042077540505848430595321
O01646,C0298,2025-01-24,2025-01,Store,North,Business,1620.00,104.2500,1515.7500,219.4500,1296.3000,10,1,1,1,1296.3000,0.1,0.0006911776765446298805659051218
O01648,C0050,2025-06-28,2025-06,Online,North,Business,1594.00,284.1500,1309.8500,0.0000,1309.8500,9,0,1,1,1309.8500,0,0.0006984024374157089015345605367
O01649,C0043,2025-06-15,2025-06,Online,West,Business,2711.00,339.7000,2371.3000,1283.6000,1087.7000,14,6,1,1,1087.7000,0.4285714285714285714285714286,0.0005799536826179078308196675160
O01650,C0283,2025-08-21,2025-08,Online,East,Business,136.00,13.6000,122.4000,0.0000,122.4000,2,0,1,1,122.4000,0,0.00006526278454760680196040020590
O01651,C0281,2025-06-08,2025-06,Online,North,Business,715.00,0.0000,715.0000,0.0000,715.0000,6,0,1,1,715.0000,0,0.0003812327692119188186412266929
O01652,C0273,2025-10-15,2025-10,Store,South,Business,2969.00,445.0500,2523.9500,0.0000,2523.9500,12,0,1,1,2523.9500,0,0.001345751675318073429803530226
O01653,C0199,2025-01-16,2025-01,Store,North,Consumer,2482.00,113.7000,2368.3000,0.0000,2368.3000,13,0,1,1,2368.3000,0,0.001262760234020401871591632415
O01654,C0177,2025-11-19,2025-11,Online,West,Business,1421.00,67.0000,1354.0000,0.0000,1354.0000,12,0,1,1,1354.0000,0,0.0007219428944236896229933160031
O01655,C0244,2025-09-25,2025-09,Store,South,Consumer,2867.00,289.0000,2578.0000,0.0000,2578.0000,14,0,1,1,2578.0000,0,0.001374570739899757642597318062
O01656,C0169,2025-12-23,2025-12,Online,North,Consumer,844.00,0.0000,844.0000,844.0000,0.0000,4,4,1,1,0.0000,1,0
O01657,C0092,2025-09-28,2025-09,Online,East,Consumer,2696.00,141.7000,2554.3000,0.0000,2554.3000,12,0,1,1,2554.3000,0,0.001361934073283922011825573905
O01658,C0133,2025-01-14,2025-01,Online,South,Consumer,1020.00,128.8000,891.2000,0.0000,891.2000,6,0,1,1,891.2000,0,0.0004751813201701567149273583619
O01659,C0282,2025-04-15,2025-04,Store,East,Business,770.00,30.5000,739.5000,0.0000,739.5000,7,0,1,1,739.5000,0,0.0003942959899751244285107512440
O01660,C0167,2025-03-07,2025-03,Online,West,Consumer,705.00,141.0000,564.0000,0.0000,564.0000,6,0,1,1,564.0000,0,0.0003007206738958352639351774193
O01662,C0047,2025-09-02,2025-09,Store,West,Consumer,785.00,26.8000,758.2000,249.0000,509.2000,5,1,1,1,509.2000,0.2,0.0002715017148009916957372204644
O01663,C0298,2025-05-18,2025-05,Online,North,Business,465.00,23.2500,441.7500,0.0000,441.7500,5,0,1,1,441.7500,0,0.0002355378682508603330556110372
O01664,C0245,2025-01-29,2025-01,Store,North,Consumer,1398.00,60.0000,1338.0000,0.0000,1338.0000,8,0,1,1,1338.0000,0,0.0007134118114762900410377081331
O01665,C0195,2025-02-25,2025-02,Online,West,Business,1238.00,56.8000,1181.2000,402.0000,779.2000,7,3,1,1,779.2000,0.4285714285714285714285714286,0.0004154637395383596412381032715
O01666,C0224,2025-01-30,2025-01,Store,West,Consumer,240.00,48.0000,192.0000,0.0000,192.0000,3,0,1,1,192.0000,0,0.0001023729953687949834672944406
O01668,C0193,2025-03-16,2025-03,Online,East,Consumer,1936.00,114.2000,1821.8000,0.0000,1821.8000,9,0,1,1,1821.8000,0,0.0009713704320982849004204011038
O01669,C0094,2025-04-22,2025-04,Store,West,Consumer,1176.00,117.6000,1058.4000,0.0000,1058.4000,4,0,1,1,1058.4000,0,0.0005643311369704823463634606039
O01670,C0291,2025-06-08,2025-06,Store,North,Consumer,372.00,0.0000,372.0000,0.0000,372.0000,4,0,1,1,372.0000,0,0.0001983476785270402804678829787
O01671,C0190,2025-05-08,2025-05,Online,North,Business,2676.00,304.2000,2371.8000,0.0000,2371.8000,15,0,1,1,2371.8000,0,0.001264626408415145530144421637
O01672,C0072,2025-12-14,2025-12,Store,South,Business,93.00,0.0000,93.0000,93.0000,0.0000,1,1,1,1,0.0000,1,0
O01673,C0152,2025-05-07,2025-05,Store,West,Business,3151.00,325.4000,2825.6000,0.0000,2825.6000,13,0,1,1,2825.6000,0,0.001506589248510766173360349851
O01674,C0071,2025-07-17,2025-07,Store,West,Consumer,518.00,28.4000,489.6000,255.6000,234.0000,4,1,1,1,234.0000,0.25,0.0001247670881057188861007650995
O01675,C0080,2025-03-02,2025-03,Store,East,Consumer,249.00,24.9000,224.1000,0.0000,224.1000,1,0,1,1,224.1000,0,0.0001194884805320153947657327299
O01676,C0275,2025-12-26,2025-12,Store,East,Business,1414.00,39.8000,1374.2000,0.0000,1374.2000,6,0,1,1,1374.2000,0,0.0007327133866447815952122709391
O01677,C0048,2025-04-12,2025-04,Online,East,Consumer,558.00,111.6000,446.4000,0.0000,446.4000,7,0,1,1,446.4000,0,0.0002380172142324483365614595745
O01678,C0087,2025-01-19,2025-01,Online,North,Business,1148.00,62.0500,1085.9500,83.7000,1002.2500,6,1,1,1,1002.2500,0.1666666666666666666666666667,0.0005343923677519519384379992350
O01679,C0200,2025-09-30,2025-09,Online,West,Consumer,1236.00,80.8500,1155.1500,64.8000,1090.3500,10,1,1,1,1090.3500,0.1,0.0005813666432310708865810650694
O01681,C0024,2025-02-12,2025-02,Online,South,Business,324.00,0.0000,324.0000,0.0000,324.0000,4,0,1,1,324.0000,0,0.0001727544296848415346010593686
O01682,C0227,2025-03-14,2025-03,Online,East,Consumer,1256.00,151.0000,1105.0000,0.0000,1105.0000,6,0,1,1,1105.0000,0,0.0005891779160547836288091685255
O01684,C0206,2025-09-12,2025-09,Online,West,Business,1524.00,90.4000,1433.6000,0.0000,1433.6000,10,0,1,1,1433.6000,0,0.0007643850320870025432224651567
O01685,C0111,2025-04-09,2025-04,Online,South,Business,1593.00,26.9000,1566.1000,0.0000,1566.1000,7,0,1,1,1566.1000,0,0.0008350330627451553312923428305
O01686,C0023,2025-07-07,2025-07,Online,South,Consumer,1173.00,48.6000,1124.4000,0.0000,1124.4000,7,0,1,1,1124.4000,0,0.0005995218541285056219303430679
O01687,C0139,2025-11-20,2025-11,Online,North,Business,80.00,8.0000,72.0000,0.0000,72.0000,1,0,1,1,72.0000,0,0.00003838987326329811880023541523
O01688,C0259,2025-07-11,2025-07,Online,North,Business,762.00,76.200,685.800,0.000,685.800,3,0,1,1,685.800,0,0.0003656635428329145815722423301
O01689,C0257,2025-09-12,2025-09,Online,North,Business,724.00,117.6000,606.4000,0.0000,606.4000,4,0,1,1,606.4000,0,0.0003233280437064441561175382750
O01690,C0140,2025-05-26,2025-05,Online,East,Consumer,1737.00,246.4500,1490.5500,0.0000,1490.5500,13,0,1,1,1490.5500,0,0.0007947503554529029302457069191
O01691,C0182,2025-01-14,2025-01,Store,West,Business,977.00,58.7000,918.3000,0.0000,918.3000,8,0,1,1,918.3000,0,0.0004896308419123147568646691918
O01692,C0169,2025-09-08,2025-09,Online,North,Consumer,1996.00,132.2000,1863.8000,0.0000,1863.8000,13,0,1,1,1863.8000,0,0.0009937645248352088030538717627
O01693,C0128,2025-06-22,2025-06,Store,West,Business,2888.00,176.0000,2712.0000,0.0000,2712.0000,13,0,1,1,2712.0000,0,0.001446018559584229141475533974
O01694,C0093,2025-10-08,2025-10,Online,North,Consumer,568.00,56.8000,511.2000,255.6000,255.6000,2,1,1,1,255.6000,0.5,0.0001362840500847083217408357241
O01696,C0240,2025-01-14,2025-01,Online,West,Business,617.00,123.4000,493.6000,0.0000,493.6000,5,0,1,1,493.6000,0,0.0002631839089272771033305027911
O01697,C0022,2025-06-01,2025-06,Online,East,Consumer,830.00,60.8000,769.2000,0.0000,769.2000,9,0,1,1,769.2000,0,0.0004101318126962349025158483527
O01698,C0016,2025-10-06,2025-10,Online,East,Consumer,1877.00,68.8000,1808.2000,0.0000,1808.2000,11,0,1,1,1808.2000,0,0.0009641190115929952557581344142
O01699,C0066,2025-12-03,2025-12,Store,North,Business,1300.00,203.2000,1096.8000,0.0000,1096.8000,5,0,1,1,1096.8000,0,0.0005848057360442413430569194921
O01700,C0282,2025-11-04,2025-11,Online,East,Business,3301.00,439.7000,2861.3000,0.0000,2861.3000,14,0,1,1,2861.3000,0,0.001525624227337151490598799911
O01702,C0208,2025-08-15,2025-08,Online,East,Business,406.00,35.0000,371.0000,0.0000,371.0000,6,0,1,1,371.0000,0,0.0001978144858428278065956574868
O01703,C0071,2025-07-30,2025-07,Online,West,Consumer,593.00,21.0000,572.0000,0.0000,572.0000,7,0,1,1,572.0000,0,0.0003049862153695350549129813544
O01704,C0058,2025-09-20,2025-09,Online,North,Consumer,933.00,58.6500,874.3500,0.0000,874.3500,6,0,1,1,874.3500,0,0.0004661970234411765301803588237
O01705,C0169,2025-06-11,2025-06,Online,North,Consumer,924.00,46.2000,877.8000,0.0000,877.8000,4,0,1,1,877.8000,0,0.0004680365382017095650395367707
O01706,C0221,2025-05-12,2025-05,Online,West,Business,1711.00,310.1500,1400.8500,753.2500,647.6000,8,4,1,1,647.6000,0.5,0.0003452955822959980796532285404
O01707,C0086,2025-11-23,2025-11,Online,North,Business,2037.00,358.2000,1678.8000,0.0000,1678.8000,11,0,1,1,1678.8000,0,0.0008951238782559011366921557652
O01708,C0062,2025-01-01,2025-01,Online,West,Business,1186.00,161.6000,1024.4000,0.0000,1024.4000,8,0,1,1,1024.4000,0,0.0005462025857072582347077938801
O01709,C0100,2025-12-05,2025-12,Store,West,Consumer,2460.00,402.0000,2058.0000,0.0000,2058.0000,13,0,1,1,2058.0000,0,0.001097310544109271229040062285
O01710,C0172,2025-11-27,2025-11,Online,North,Consumer,1844.00,53.8000,1790.2000,0.0000,1790.2000,8,0,1,1,1790.2000,0,0.0009545215432771707260580755604
O01711,C0275,2025-06-02,2025-06,Online,East,Business,515.00,66.1000,448.9000,0.0000,448.9000,3,0,1,1,448.9000,0,0.0002393501959429795212420233041
O01712,C0083,2025-03-02,2025-03,Store,West,Consumer,588.00,117.6000,470.4000,0.0000,470.4000,2,0,1,1,470.4000,0,0.0002508138386535477094948713795
O01713,C0119,2025-02-04,2025-02,Store,North,Business,243.00,12.1500,230.8500,0.0000,230.8500,3,0,1,1,230.8500,0,0.0001230875311504495934032548001
O01714,C0285,2025-09-12,2025-09,Online,East,Consumer,2248.00,47.0000,2201.0000,0.0000,2201.0000,13,0,1,1,2201.0000,0,0.001173557097951654992768307624
O01715,C0075,2025-12-02,2025-12,Store,South,Business,747.00,74.7000,672.3000,0.0000,672.3000,3,0,1,1,672.3000,0,0.0003584654415960461842971981897
O01716,C0183,2025-03-09,2025-03,Online,East,Consumer,610.00,84.4000,525.6000,124.8000,400.8000,5,2,1,1,400.8000,0.4,0.0002137036278323595279879771448
O01717,C0180,2025-10-18,2025-10,Online,West,Consumer,2610.00,252.5500,2357.4500,0.0000,2357.4500,11,0,1,1,2357.4500,0,0.001256975093396696530077985828
O01718,C0192,2025-04-02,2025-04,Online,South,Business,234.00,46.8000,187.2000,0.0000,187.2000,3,0,1,1,187.2000,0,0.00009981367048457510888061207961
O01719,C0214,2025-05-09,2025-05,Online,West,Business,204.00,10.2000,193.8000,0.0000,193.8000,3,0,1,1,193.8000,0,0.0001033327422003774364373003260
O01720,C0268,2025-11-14,2025-11,Store,North,Consumer,796.00,39.8000,756.2000,0.0000,756.2000,4,0,1,1,756.2000,0,0.0004032003078014727421769169583
O01722,C0271,2025-12-17,2025-12,Online,West,Consumer,1444.00,144.4000,1299.6000,0.0000,1299.6000,9,0,1,1,1299.6000,0,0.0006929372124025310443442492450
O01723,C0158,2025-10-01,2025-10,Online,East,Consumer,1447.00,214.7000,1232.3000,0.0000,1232.3000,9,0,1,1,1232.3000,0,0.0006570533447550315527434736416
O01724,C0254,2025-01-31,2025-01,Online,East,Business,3039.00,473.3000,2565.7000,0.0000,2565.7000,14,0,1,1,2565.7000,0,0.001368012469883944213968944512
O01725,C0157,2025-12-17,2025-12,Online,West,Business,670.00,0.0000,670.0000,268.0000,402.0000,5,2,1,1,402.0000,0.4,0.0002143434590534144966346477351
O01726,C0245,2025-09-08,2025-09,Online,North,Consumer,211.00,10.5500,200.4500,0.0000,200.4500,1,0,1,1,200.4500,0,0.0001068784735503903876875998470
O01727,C0149,2025-04-01,2025-04,Store,East,Business,376.00,75.2000,300.8000,0.0000,300.8000,2,0,1,1,300.8000,0,0.0001603843594111121407654279570
O01728,C0262,2025-05-05,2025-05,Store,West,Business,1320.00,75.7500,1244.2500,228.6000,1015.6500,6,1,1,1,1015.6500,0.1666666666666666666666666667,0.0005415371497203990883258208261
O01729,C0133,2025-02-13,2025-02,Store,South,Consumer,853.00,146.3000,706.7000,72.9000,633.8000,8,1,1,1,633.8000,0.125,0.0003379375232538659402165167524
O01730,C0077,2025-06-20,2025-06,Store,West,Consumer,2706.00,262.2000,2443.8000,0.0000,2443.8000,12,0,1,1,2443.8000,0,0.001303016281678443648944657052
O01731,C0202,2025-08-25,2025-08,Store,South,Business,3493.00,316.1500,3176.8500,0.0000,3176.8500,14,0,1,1,3176.8500,0,0.001693873178840397620979553873
O01732,C0182,2025-03-18,2025-03,Store,West,Business,1394.00,199.2000,1194.8000,0.0000,1194.8000,6,0,1,1,1194.8000,0,0.0006370586190970637825350176961
O01733,C0192,2025-08-27,2025-08,Online,South,Business,661.00,105.1000,555.9000,0.0000,555.9000,6,0,1,1,555.9000,0,0.0002964018131537142255701509351
O01734,C0172,2025-07-29,2025-07,Online,North,Consumer,2118.00,46.2000,2071.8000,0.0000,2071.8000,12,0,1,1,2071.8000,0,0.001104668603151403368476774073
O01735,C0299,2025-02-13,2025-02,Online,North,Consumer,890.00,13.4000,876.6000,0.0000,876.6000,5,0,1,1,876.6000,0,0.0004673967069806545963928661805
O01736,C0192,2025-02-27,2025-02,Online,South,Business,2153.00,119.7500,2033.2500,0.0000,2033.2500,12,0,1,1,2033.2500,0,0.001084114025175012500702481361
O01737,C0286,2025-05-11,2025-05,Online,West,Business,988.00,177.2000,810.8000,0.0000,810.8000,7,0,1,1,810.8000,0,0.0004323126283594738156004288149
O01738,C0212,2025-03-11,2025-03,Store,East,Consumer,1380.00,183.9000,1196.1000,0.0000,1196.1000,7,0,1,1,1196.1000,0,0.0006377517695865399985689108356
O01739,C0293,2025-10-09,2025-10,Store,North,Business,2606.00,170.6000,2435.4000,268.0000,2167.4000,15,2,1,1,2167.4000,0.1333333333333333333333333333,0.001155641823762115870661531097
O01740,C0168,2025-03-17,2025-03,Store,North,Business,787.00,26.9000,760.1000,0.0000,760.1000,3,0,1,1,760.1000,0,0.0004052797592699013902785963767
O01741,C0184,2025-03-22,2025-03,Online,West,Business,397.00,30.4000,366.6000,0.0000,366.6000,3,0,1,1,366.6000,0,0.0001954684380322929215578653226
O01742,C0214,2025-09-24,2025-09,Store,West,Business,1118.00,177.4000,940.6000,426.4000,514.2000,8,3,1,1,514.2000,0.375,0.0002741676782220540650983479238
O01743,C0226,2025-06-15,2025-06,Store,South,Business,1953.00,202.2000,1750.8000,203.2000,1547.6000,10,1,1,1,1547.6000,0.1,0.0008251689980872245646561712308
O01744,C0191,2025-07-22,2025-07,Online,North,Consumer,762.00,76.2000,685.8000,0.0000,685.8000,3,0,1,1,685.8000,0,0.0003656635428329145815722423301
O01746,C0237,2025-05-04,2025-05,Store,South,Consumer,415.00,55.8000,359.2000,68.0000,291.2000,5,1,1,1,291.2000,0.2,0.0001552657096426723915920632349
O01747,C0138,2025-07-09,2025-07,Store,South,Business,2243.00,96.8000,2146.2000,0.0000,2146.2000,13,0,1,1,2146.2000,0,0.001144338138856811424570350669
O01750,C0124,2025-11-23,2025-11,Store,East,Consumer,927.00,118.3500,808.6500,219.4500,589.2000,9,1,1,1,589.2000,0.1111111111111111111111111111,0.0003141571295379896055152598147
O01751,C0041,2025-06-28,2025-06,Store,West,Business,1012.00,141.4000,870.6000,0.0000,870.6000,8,0,1,1,870.6000,0,0.0004641975508753797531595132292
O01752,C0267,2025-07-06,2025-07,Store,West,Business,1457.00,71.5500,1385.4500,0.0000,1385.4500,9,0,1,1,1385.4500,0,0.0007387118043421719262748077227
O01753,C0227,2025-09-20,2025-09,Online,East,Consumer,1043.00,0.0000,1043.0000,0.0000,1043.0000,5,0,1,1,1043.0000,0,0.0005561199696336102487311880290
O01754,C0287,2025-12-18,2025-12,Store,South,Consumer,473.00,20.2500,452.7500,0.0000,452.7500,6,0,1,1,452.7500,0,0.0002414029877771975456500914479
O01755,C0232,2025-06-30,2025-06,Online,East,Business,1514.00,48.8000,1465.2000,0.0000,1465.2000,7,0,1,1,1465.2000,0,0.0007812339209081167175847907000
O01756,C0202,2025-11-30,2025-11,Online,South,Business,1849.00,53.6000,1795.4000,0.0000,1795.4000,11,0,1,1,1795.4000,0,0.0009572941452350755901936481182
O01757,C0127,2025-05-10,2025-05,Store,East,Business,844.00,0.0000,844.0000,0.0000,844.0000,4,0,1,1,844.0000,0,0.0004500146254753279481583151452
O01759,C0288,2025-11-05,2025-11,Store,East,Consumer,2457.00,231.7000,2225.3000,511.2000,1714.1000,14,2,1,1,1714.1000,0.1428571428571428571428571429,0.0009139455800086014643817156285
O01760,C0174,2025-10-08,2025-10,Online,South,Consumer,382.00,9.8000,372.2000,0.0000,372.2000,3,0,1,1,372.2000,0,0.0001984543170638827752423280771
O01761,C0058,2025-01-17,2025-01,Store,North,Consumer,793.00,158.6000,634.4000,0.0000,634.4000,5,0,1,1,634.4000,0,0.0003382574388643934245398520476
O01762,C0141,2025-07-10,2025-07,Online,East,Consumer,268.00,26.8000,241.2000,0.0000,241.2000,2,0,1,1,241.2000,0,0.0001286060754320486979807886410
O01763,C0293,2025-04-18,2025-04,Store,North,Business,3096.00,151.2000,2944.8000,0.0000,2944.8000,12,0,1,1,2944.8000,0,0.001570145816468893058929628483
O01764,C0127,2025-02-18,2025-02,Online,East,Business,1735.00,46.7500,1688.2500,0.0000,1688.2500,8,0,1,1,1688.2500,0,0.0009001625491217090147846866635
O01765,C0097,2025-01-15,2025-01,Online,West,Business,1706.00,212.2000,1493.8000,0.0000,1493.8000,12,0,1,1,1493.8000,0,0.0007964832316765934703304397677
O01767,C0131,2025-09-03,2025-09,Store,West,Business,2430.00,47.8000,2382.2000,0.0000,2382.2000,12,0,1,1,2382.2000,0,0.001270171612330955258415566752
O01768,C0300,2025-03-05,2025-03,Online,West,Consumer,1311.00,59.4500,1251.5500,0.0000,1251.5500,10,0,1,1,1251.5500,0,0.0006673173039261216747838143602
O01769,C0270,2025-09-15,2025-09,Online,East,Business,957.00,108.6000,848.4000,285.0000,563.4000,6,1,1,1,563.4000,0.1666666666666666666666666667,0.0003004007582853077796118421242
O01770,C0292,2025-01-17,2025-01,Online,East,Business,1924.00,269.5000,1654.5000,0.0000,1654.5000,14,0,1,1,1654.5000,0,0.0008821672960295380215970763126
O01771,C0086,2025-11-25,2025-11,Store,North,Business,1270.00,254.0000,1016.0000,0.0000,1016.0000,5,0,1,1,1016.0000,0,0.0005417237671598734541810997483
O01772,C0108,2025-11-17,2025-11,Store,East,Business,2492.00,453.2000,2038.8000,0.0000,2038.8000,13,0,1,1,2038.8000,0,0.001087073244572391730693332841
O01773,C0283,2025-07-13,2025-07,Online,East,Business,1465.00,93.7500,1371.2500,0.0000,1371.2500,12,0,1,1,1371.2500,0,0.0007311404682263547972892057380
O01774,C0138,2025-05-21,2025-05,Online,South,Business,925.00,66.1500,858.8500,179.1000,679.7500,7,1,1,1,679.7500,0.1428571428571428571428571429,0.0003624377270934291146452781042
O01775,C0265,2025-01-01,2025-01,Online,West,Consumer,2098.00,126.0500,1971.9500,0.0000,1971.9500,12,0,1,1,1971.9500,0,0.001051429313632787852335058709
O01776,C0288,2025-01-09,2025-01,Online,East,Consumer,2964.00,383.7000,2580.3000,0.0000,2580.3000,14,0,1,1,2580.3000,0,0.001375797083073446332503436693
O01777,C0098,2025-12-27,2025-12,Store,West,Business,68.00,0.0000,68.0000,0.0000,68.0000,1,0,1,1,68.0000,0,0.00003625710252644822331133344772
O01778,C0201,2025-09-15,2025-09,Online,East,Consumer,3026.00,71.0000,2955.0000,0.0000,2955.0000,12,0,1,1,2955.0000,0,0.001575584381847860292426328500
O01779,C0297,2025-03-10,2025-03,Online,East,Business,767.00,33.0000,734.0000,0.0000,734.0000,4,0,1,1,734.0000,0,0.0003913634302119558222135110386
O01780,C0245,2025-11-24,2025-11,Store,North,Consumer,1449.00,71.1000,1377.9000,0.0000,1377.9000,10,0,1,1,1377.9000,0,0.0007346861995763677485395052590
O01781,C0074,2025-12-09,2025-12,Store,South,Business,1946.00,171.6000,1774.4000,169.2000,1605.2000,10,1,1,1,1605.2000,0.1,0.0008558808966978630596963595630
O01782,C0119,2025-08-01,2025-08,Store,North,Business,1941.00,240.1500,1700.8500,0.0000,1700.8500,10,0,1,1,1700.8500,0,0.0009068807769427861855747278611
O01783,C0016,2025-06-19,2025-06,Online,East,Consumer,568.00,28.4000,539.6000,0.0000,539.6000,2,0,1,1,539.6000,0,0.0002877107724010509014528754175
O01784,C0233,2025-08-28,2025-08,Online,South,Business,465.00,93.0000,372.0000,0.0000,372.0000,5,0,1,1,372.0000,0,0.0001983476785270402804678829787
O01785,C0097,2025-01-29,2025-01,Store,West,Business,231.00,46.200,184.800,0.000,184.800,1,0,1,1,184.800,0,0.00009853400804246517158727089910
O01786,C0055,2025-10-20,2025-10,Store,East,Consumer,402.00,80.4000,321.6000,321.6000,0.0000,3,3,1,1,0.0000,1,0
O01787,C0289,2025-11-12,2025-11,Store,West,Business,1493.00,123.4000,1369.6000,0.0000,1369.6000,11,0,1,1,1369.6000,0,0.0007302607002974042154000336764
O01788,C0244,2025-05-11,2025-05,Online,South,Consumer,1132.00,125.9000,1006.1000,0.0000,1006.1000,7,0,1,1,1006.1000,0,0.0005364451595861699628460673787
O01789,C0029,2025-09-24,2025-09,Online,East,Consumer,539.00,23.9000,515.1000,195.0000,320.1000,6,3,1,1,320.1000,0.5,0.0001706749782164128864993799502
O01790,C0082,2025-04-07,2025-04,Online,North,Business,1591.00,79.5500,1511.4500,254.6000,1256.8500,8,2,1,1,1256.8500,0.25,0.0006701432251524477863066094672
O01791,C0204,2025-12-20,2025-12,Store,South,Consumer,2179.00,179.8000,1999.2000,224.1000,1775.1000,10,1,1,1,1775.1000,0.1,0.0009464703337455623705874706331
O01792,C0031,2025-11-15,2025-11,Store,South,Consumer,1838.00,283.3000,1554.7000,0.0000,1554.7000,12,0,1,1,1554.7000,0,0.0008289546661451331291489722231
O01793,C0088,2025-03-05,2025-03,Store,West,Business,2143.00,67.3500,2075.6500,0.0000,2075.6500,9,0,1,1,2075.6500,0,0.001106721394985621392884842217
O01794,C0022,2025-08-28,2025-08,Online,East,Consumer,857.00,59.7000,797.3000,130.0000,667.3000,7,2,1,1,667.3000,0.2857142857142857142857142857,0.0003557994781749838149360707304
O01795,C0183,2025-10-27,2025-10,Store,East,Consumer,1039.00,13.4000,1025.6000,0.0000,1025.6000,8,0,1,1,1025.6000,0,0.0005468424169283132033544644703
O01797,C0293,2025-08-09,2025-08,Online,North,Business,2927.00,281.6000,2645.4000,0.0000,2645.4000,15,0,1,1,2645.4000,0,0.001410507926815678381585316215
O01798,C0262,2025-08-21,2025-08,Online,West,Business,1095.00,69.3000,1025.7000,0.0000,1025.7000,6,0,1,1,1025.7000,0,0.0005468957361967344507416870195
O01799,C0288,2025-10-24,2025-10,Store,East,Consumer,766.00,66.5000,699.5000,0.0000,699.5000,5,0,1,1,699.5000,0,0.0003729682826066254736217315688
O01800,C0194,2025-02-13,2025-02,Online,North,Consumer,2448.00,176.2000,2271.8000,186.2000,2085.6000,9,1,1,1,2085.6000,0.1111111111111111111111111111,0.001112026662193535507913485861
